дата,торговый_день,secid,оборот_руб
2021-09-30,2021-09-30,ABRD,2768340
2021-09-30,2021-09-30,ACKO,1365768
2021-09-30,2021-09-30,AFKS,1426545782.1
2021-09-30,2021-09-30,AFLT,1248184833
2021-09-30,2021-09-30,AGRO,2275281872.6
2021-09-30,2021-09-30,AKRN,63449974
2021-09-30,2021-09-30,ALBK,452245
2021-09-30,2021-09-30,ALNU,0
2021-09-30,2021-09-30,ALRS,3035448681
2021-09-30,2021-09-30,AMEZ,190872233
2021-09-30,2021-09-30,APTK,5680534.48
2021-09-30,2021-09-30,AQUA,39818035
2021-09-30,2021-09-30,ARSA,189460
2021-09-30,2021-09-30,ASSB,54111.5
2021-09-30,2021-09-30,AVAN,131490
2021-09-30,2021-09-30,BANE,14621439
2021-09-30,2021-09-30,BANEP,90929303.5
2021-09-30,2021-09-30,BELU,46104444
2021-09-30,2021-09-30,BISV,0
2021-09-30,2021-09-30,BISVP,18805
2021-09-30,2021-09-30,BLNG,33907270
2021-09-30,2021-09-30,BRZL,664301
2021-09-30,2021-09-30,BSPB,78033505.8
2021-09-30,2021-09-30,BSPBP,323415
2021-09-30,2021-09-30,CBOM,536320449
2021-09-30,2021-09-30,CHEP,0
2021-09-30,2021-09-30,CHGZ,55412
2021-09-30,2021-09-30,CHKZ,165920
2021-09-30,2021-09-30,CHMF,2101538907
2021-09-30,2021-09-30,CHMK,81878370
2021-09-30,2021-09-30,CNTL,1220434
2021-09-30,2021-09-30,CNTLP,2840738
2021-09-30,2021-09-30,DERZP,0
2021-09-30,2021-09-30,DIOD,1519864
2021-09-30,2021-09-30,DSKY,1209663265.2
2021-09-30,2021-09-30,DVEC,6557860
2021-09-30,2021-09-30,DZRD,6560
2021-09-30,2021-09-30,DZRDP,12010
2021-09-30,2021-09-30,EELT,430272.6
2021-09-30,2021-09-30,ELTZ,165054
2021-09-30,2021-09-30,EM44,0
2021-09-30,2021-09-30,ENPG,104306501
2021-09-30,2021-09-30,ENRU,61066661
2021-09-30,2021-09-30,ETLN,81849913.48
2021-09-30,2021-09-30,FEES,185190798.4
2021-09-30,2021-09-30,FESH,79550516
2021-09-30,2021-09-30,FIVE,909093344.5
2021-09-30,2021-09-30,FIXP,126003511.4
2021-09-30,2021-09-30,FLOT,63712459.8
2021-09-30,2021-09-30,GAZA,542845
2021-09-30,2021-09-30,GAZAP,36145
2021-09-30,2021-09-30,GAZC,0
2021-09-30,2021-09-30,GAZP,25381992617.6
2021-09-30,2021-09-30,GAZS,0
2021-09-30,2021-09-30,GAZT,0
2021-09-30,2021-09-30,GCHE,63577214.5
2021-09-30,2021-09-30,GEMA,3771778.5
2021-09-30,2021-09-30,GEMC,43977559.21
2021-09-30,2021-09-30,GLTR,219696714.5
2021-09-30,2021-09-30,GMKN,9292291738
2021-09-30,2021-09-30,GTRK,3977228.5
2021-09-30,2021-09-30,GTSS,0
2021-09-30,2021-09-30,HHRU,88872344
2021-09-30,2021-09-30,HIMC,0
2021-09-30,2021-09-30,HIMCP,9083467
2021-09-30,2021-09-30,HMSG,85690
2021-09-30,2021-09-30,HYDR,175390931.9
2021-09-30,2021-09-30,IGST,1863404
2021-09-30,2021-09-30,IGSTP,805960
2021-09-30,2021-09-30,INGR,12977512
2021-09-30,2021-09-30,IRAO,2221919314.3
2021-09-30,2021-09-30,IRGZ,13913650
2021-09-30,2021-09-30,IRKT,398444
2021-09-30,2021-09-30,ISKJ,24374470.5
2021-09-30,2021-09-30,JNOS,524940
2021-09-30,2021-09-30,JNOSP,1429520
2021-09-30,2021-09-30,KAZT,6785360
2021-09-30,2021-09-30,KAZTP,1554874
2021-09-30,2021-09-30,KBSB,702700
2021-09-30,2021-09-30,KCHE,0
2021-09-30,2021-09-30,KCHEP,0
2021-09-30,2021-09-30,KGKC,39318
2021-09-30,2021-09-30,KGKCP,177372
2021-09-30,2021-09-30,KLSB,922127
2021-09-30,2021-09-30,KMAZ,7312344
2021-09-30,2021-09-30,KMEZ,141557
2021-09-30,2021-09-30,KMTZ,0
2021-09-30,2021-09-30,KOGK,3907800
2021-09-30,2021-09-30,KRKN,379350
2021-09-30,2021-09-30,KRKNP,5306680
2021-09-30,2021-09-30,KRKO,0
2021-09-30,2021-09-30,KRKOP,208418
2021-09-30,2021-09-30,KROT,228460
2021-09-30,2021-09-30,KROTP,662590
2021-09-30,2021-09-30,KRSB,273763
2021-09-30,2021-09-30,KRSBP,17018
2021-09-30,2021-09-30,KSGR,0
2021-09-30,2021-09-30,KTSB,73936
2021-09-30,2021-09-30,KTSBP,31540
2021-09-30,2021-09-30,KUBE,96947
2021-09-30,2021-09-30,KUNF,0
2021-09-30,2021-09-30,KUZB,454776.6
2021-09-30,2021-09-30,KZMS,0
2021-09-30,2021-09-30,KZOS,3863070
2021-09-30,2021-09-30,KZOSP,5064510.4
2021-09-30,2021-09-30,LIFE,15680033
2021-09-30,2021-09-30,LKOH,9905758039.5
2021-09-30,2021-09-30,LNTA,17405952.3
2021-09-30,2021-09-30,LNZL,36092350
2021-09-30,2021-09-30,LNZLP,76166250
2021-09-30,2021-09-30,LPSB,235100
2021-09-30,2021-09-30,LSNG,2119287
2021-09-30,2021-09-30,LSNGP,11764559
2021-09-30,2021-09-30,LSRG,95411970.4
2021-09-30,2021-09-30,LVHK,9753696
2021-09-30,2021-09-30,MAGE,69796
2021-09-30,2021-09-30,MAGEP,163277
2021-09-30,2021-09-30,MAGN,1768076763.2
2021-09-30,2021-09-30,MAIL,378199951.2
2021-09-30,2021-09-30,MDMG,21800109.9
2021-09-30,2021-09-30,MFGS,237025
2021-09-30,2021-09-30,MFGSP,203535
2021-09-30,2021-09-30,MFON,0
2021-09-30,2021-09-30,MGNT,3064634229
2021-09-30,2021-09-30,MGNZ,164950
2021-09-30,2021-09-30,MGTS,12035775
2021-09-30,2021-09-30,MGTSP,35817218
2021-09-30,2021-09-30,MISB,60510
2021-09-30,2021-09-30,MISBP,64320
2021-09-30,2021-09-30,MOEX,1714578922.6
2021-09-30,2021-09-30,MORI,0
2021-09-30,2021-09-30,MRKC,7215292.4
2021-09-30,2021-09-30,MRKK,69615.2
2021-09-30,2021-09-30,MRKP,9218466
2021-09-30,2021-09-30,MRKS,26693590
2021-09-30,2021-09-30,MRKU,459872
2021-09-30,2021-09-30,MRKV,1621565.5
2021-09-30,2021-09-30,MRKY,495138.5
2021-09-30,2021-09-30,MRKZ,478416.5
2021-09-30,2021-09-30,MRSB,57480
2021-09-30,2021-09-30,MSNG,17193847.5
2021-09-30,2021-09-30,MSRS,1742630.5
2021-09-30,2021-09-30,MSTT,1928981
2021-09-30,2021-09-30,MTLR,2410557553.68
2021-09-30,2021-09-30,MTLRP,324764424
2021-09-30,2021-09-30,MTSS,832007421.5
2021-09-30,2021-09-30,MVID,48597415.5
2021-09-30,2021-09-30,NAUK,66198
2021-09-30,2021-09-30,NFAZ,1099278
2021-09-30,2021-09-30,NKHP,863050
2021-09-30,2021-09-30,NKNC,29404730
2021-09-30,2021-09-30,NKNCP,96096762.2
2021-09-30,2021-09-30,NKSH,439018
2021-09-30,2021-09-30,NLMK,2077939291.8
2021-09-30,2021-09-30,NMTP,33172449
2021-09-30,2021-09-30,NNSB,1268875
2021-09-30,2021-09-30,NNSBP,142591
2021-09-30,2021-09-30,NPOF,0
2021-09-30,2021-09-30,NSVZ,1585480
2021-09-30,2021-09-30,NVTK,5452495423
2021-09-30,2021-09-30,OGKB,36152419
2021-09-30,2021-09-30,OKEY,2304424
2021-09-30,2021-09-30,OMZZP,284720
2021-09-30,2021-09-30,ORUP,2526817.4
2021-09-30,2021-09-30,OZON,692913560
2021-09-30,2021-09-30,PAZA,79220
2021-09-30,2021-09-30,PHOR,523580590
2021-09-30,2021-09-30,PIKK,3111786281.8
2021-09-30,2021-09-30,PLZL,2088035334
2021-09-30,2021-09-30,PMSB,786225
2021-09-30,2021-09-30,PMSBP,577478
2021-09-30,2021-09-30,POGR,216435643.5
2021-09-30,2021-09-30,POLY,3102599321.2
2021-09-30,2021-09-30,PRMB,332000
2021-09-30,2021-09-30,QIWI,25725704.5
2021-09-30,2021-09-30,RASP,858706089.4
2021-09-30,2021-09-30,RAVN,120235
2021-09-30,2021-09-30,RBCM,3461876
2021-09-30,2021-09-30,RDRB,2240
2021-09-30,2021-09-30,RGSS,1376360.8
2021-09-30,2021-09-30,RKKE,209590
2021-09-30,2021-09-30,RNFT,44197465.4
2021-09-30,2021-09-30,ROLO,10029897.5
2021-09-30,2021-09-30,ROSB,335200
2021-09-30,2021-09-30,ROSN,6353545344.65
2021-09-30,2021-09-30,ROST,389016
2021-09-30,2021-09-30,RSTI,138897450.9
2021-09-30,2021-09-30,RSTIP,2173578
2021-09-30,2021-09-30,RTGZ,105300
2021-09-30,2021-09-30,RTKM,266173292.5
2021-09-30,2021-09-30,RTKMP,12514739.5
2021-09-30,2021-09-30,RTSB,323146
2021-09-30,2021-09-30,RTSBP,2221700
2021-09-30,2021-09-30,RUAL,1296301616.4
2021-09-30,2021-09-30,RUGR,1573420.7
2021-09-30,2021-09-30,RUSI,263018
2021-09-30,2021-09-30,RUSP,0
2021-09-30,2021-09-30,RZSB,895720
2021-09-30,2021-09-30,SAGO,237176
2021-09-30,2021-09-30,SAGOP,53200
2021-09-30,2021-09-30,SARE,3830
2021-09-30,2021-09-30,SAREP,4326
2021-09-30,2021-09-30,SBER,28126964094.4
2021-09-30,2021-09-30,SBERP,2018869944.5
2021-09-30,2021-09-30,SELG,17084201
2021-09-30,2021-09-30,SELGP,2687135
2021-09-30,2021-09-30,SFIN,177452
2021-09-30,2021-09-30,SGZH,95049260.3
2021-09-30,2021-09-30,SIBN,637377018
2021-09-30,2021-09-30,SLEN,943642
2021-09-30,2021-09-30,SMLT,1303013186.6
2021-09-30,2021-09-30,SNGS,4290513103.5
2021-09-30,2021-09-30,SNGSP,2000098398.5
2021-09-30,2021-09-30,STSB,140786
2021-09-30,2021-09-30,STSBP,709779
2021-09-30,2021-09-30,SVAV,3252730
2021-09-30,2021-09-30,TASB,179100
2021-09-30,2021-09-30,TASBP,249545
2021-09-30,2021-09-30,TATN,2635345895.7
2021-09-30,2021-09-30,TATNP,441522348.5
2021-09-30,2021-09-30,TCSG,2842460081.6
2021-09-30,2021-09-30,TGKA,42688353.8
2021-09-30,2021-09-30,TGKB,640980
2021-09-30,2021-09-30,TGKBP,176658
2021-09-30,2021-09-30,TGKD,10112114
2021-09-30,2021-09-30,TGKDP,281295
2021-09-30,2021-09-30,TGKN,350440
2021-09-30,2021-09-30,TNSE,2835
2021-09-30,2021-09-30,TORS,11130
2021-09-30,2021-09-30,TORSP,325155
2021-09-30,2021-09-30,TRCN,0
2021-09-30,2021-09-30,TRFM,0
2021-09-30,2021-09-30,TRMK,72256014.6
2021-09-30,2021-09-30,TRNFP,251457400
2021-09-30,2021-09-30,TTLK,10634597
2021-09-30,2021-09-30,TUZA,159375
2021-09-30,2021-09-30,UCSS,40710
2021-09-30,2021-09-30,UKUZ,52665220
2021-09-30,2021-09-30,UNAC,9138468
2021-09-30,2021-09-30,UNKL,4266190
2021-09-30,2021-09-30,UPRO,118028107
2021-09-30,2021-09-30,URKA,0
2021-09-30,2021-09-30,URKZ,2674580
2021-09-30,2021-09-30,USBN,2252119
2021-09-30,2021-09-30,UTAR,158417
2021-09-30,2021-09-30,UWGN,15776792.5
2021-09-30,2021-09-30,VGSB,100385
2021-09-30,2021-09-30,VGSBP,118030
2021-09-30,2021-09-30,VJGZ,8392890
2021-09-30,2021-09-30,VJGZP,23617160
2021-09-30,2021-09-30,VLHZ,3943448
2021-09-30,2021-09-30,VRSB,377486
2021-09-30,2021-09-30,VRSBP,374180
2021-09-30,2021-09-30,VSMO,71832860
2021-09-30,2021-09-30,VSYD,61350
2021-09-30,2021-09-30,VSYDP,456660
2021-09-30,2021-09-30,VTBR,3648927742.25
2021-09-30,2021-09-30,WTCM,363514
2021-09-30,2021-09-30,WTCMP,128038
2021-09-30,2021-09-30,YAKG,27511390
2021-09-30,2021-09-30,YKEN,227035
2021-09-30,2021-09-30,YKENP,99925
2021-09-30,2021-09-30,YNDX,2904093157.4
2021-09-30,2021-09-30,YRSB,62760
2021-09-30,2021-09-30,YRSBP,30525
2021-09-30,2021-09-30,ZILL,938575
2021-09-30,2021-09-30,ZVEZ,59370
2021-10-31,2021-10-29,ABRD,19750320
2021-10-31,2021-10-29,ACKO,176290
2021-10-31,2021-10-29,AFKS,623817314.8
2021-10-31,2021-10-29,AFLT,760281416.4
2021-10-31,2021-10-29,AGRO,211106435.6
2021-10-31,2021-10-29,AKRN,57793276
2021-10-31,2021-10-29,ALNU,0
2021-10-31,2021-10-29,ALRS,3196937494.7
2021-10-31,2021-10-29,AMEZ,8325713.5
2021-10-31,2021-10-29,APTK,1770480.08
2021-10-31,2021-10-29,AQUA,11023085
2021-10-31,2021-10-29,ARSA,432110
2021-10-31,2021-10-29,ASSB,132161.5
2021-10-31,2021-10-29,AVAN,299980
2021-10-31,2021-10-29,BANE,11104154.5
2021-10-31,2021-10-29,BANEP,72230546.5
2021-10-31,2021-10-29,BELU,296526679
2021-10-31,2021-10-29,BISV,0
2021-10-31,2021-10-29,BISVP,37591
2021-10-31,2021-10-29,BLNG,3624005
2021-10-31,2021-10-29,BRZL,478122
2021-10-31,2021-10-29,BSPB,64026857.3
2021-10-31,2021-10-29,BSPBP,244600
2021-10-31,2021-10-29,CBOM,712190526.1
2021-10-31,2021-10-29,CHEP,0
2021-10-31,2021-10-29,CHGZ,264476
2021-10-31,2021-10-29,CHKZ,230540
2021-10-31,2021-10-29,CHMF,1716401671.6
2021-10-31,2021-10-29,CHMK,1373685
2021-10-31,2021-10-29,CNTL,487054
2021-10-31,2021-10-29,CNTLP,1066812
2021-10-31,2021-10-29,DERZP,0
2021-10-31,2021-10-29,DIOD,718098
2021-10-31,2021-10-29,DSKY,177143282.8
2021-10-31,2021-10-29,DVEC,50820298
2021-10-31,2021-10-29,DZRD,0
2021-10-31,2021-10-29,DZRDP,22230
2021-10-31,2021-10-29,EELT,462606.6
2021-10-31,2021-10-29,ELTZ,351325.5
2021-10-31,2021-10-29,EM44,0
2021-10-31,2021-10-29,ENPG,201117479
2021-10-31,2021-10-29,ENRU,43988714.4
2021-10-31,2021-10-29,ETLN,42051913.22
2021-10-31,2021-10-29,FEES,266764656
2021-10-31,2021-10-29,FESH,37467014
2021-10-31,2021-10-29,FIVE,566791415
2021-10-31,2021-10-29,FIXP,113677678.3
2021-10-31,2021-10-29,FLOT,67551811.4
2021-10-31,2021-10-29,GAZA,366500
2021-10-31,2021-10-29,GAZAP,549300
2021-10-31,2021-10-29,GAZC,0
2021-10-31,2021-10-29,GAZP,26198915753.5
2021-10-31,2021-10-29,GAZS,0
2021-10-31,2021-10-29,GAZT,0
2021-10-31,2021-10-29,GCHE,27754311
2021-10-31,2021-10-29,GEMA,381836
2021-10-31,2021-10-29,GEMC,43611889.21
2021-10-31,2021-10-29,GLTR,171375121
2021-10-31,2021-10-29,GMKN,4316442892
2021-10-31,2021-10-29,GTRK,1026160.5
2021-10-31,2021-10-29,GTSS,0
2021-10-31,2021-10-29,HHRU,83115303
2021-10-31,2021-10-29,HIMC,0
2021-10-31,2021-10-29,HIMCP,730023
2021-10-31,2021-10-29,HMSG,935770
2021-10-31,2021-10-29,HYDR,361654231.1
2021-10-31,2021-10-29,IGST,1588848
2021-10-31,2021-10-29,IGSTP,2748258
2021-10-31,2021-10-29,INGR,5945100
2021-10-31,2021-10-29,IRAO,976643797.55
2021-10-31,2021-10-29,IRGZ,3038542
2021-10-31,2021-10-29,IRKT,1565600
2021-10-31,2021-10-29,ISKJ,9944090.7
2021-10-31,2021-10-29,JNOS,469330
2021-10-31,2021-10-29,JNOSP,275626
2021-10-31,2021-10-29,KAZT,16085458
2021-10-31,2021-10-29,KAZTP,1937954
2021-10-31,2021-10-29,KBSB,118990
2021-10-31,2021-10-29,KCHE,16550855
2021-10-31,2021-10-29,KCHEP,765360
2021-10-31,2021-10-29,KGKC,150934
2021-10-31,2021-10-29,KGKCP,28232
2021-10-31,2021-10-29,KLSB,4124922
2021-10-31,2021-10-29,KMAZ,29299028
2021-10-31,2021-10-29,KMEZ,456637
2021-10-31,2021-10-29,KMTZ,0
2021-10-31,2021-10-29,KOGK,265800
2021-10-31,2021-10-29,KRKN,12250
2021-10-31,2021-10-29,KRKNP,1878280
2021-10-31,2021-10-29,KRKO,0
2021-10-31,2021-10-29,KRKOP,24410
2021-10-31,2021-10-29,KROT,10097665
2021-10-31,2021-10-29,KROTP,2114720
2021-10-31,2021-10-29,KRSB,1125161
2021-10-31,2021-10-29,KRSBP,291980
2021-10-31,2021-10-29,KSGR,0
2021-10-31,2021-10-29,KTSB,6084
2021-10-31,2021-10-29,KTSBP,16900
2021-10-31,2021-10-29,KUBE,371554
2021-10-31,2021-10-29,KUZB,1023376.2
2021-10-31,2021-10-29,KZMS,0
2021-10-31,2021-10-29,KZOS,8467968
2021-10-31,2021-10-29,KZOSP,7450343.9
2021-10-31,2021-10-29,LIFE,84323177
2021-10-31,2021-10-29,LKOH,9457263055.5
2021-10-31,2021-10-29,LNTA,20094001.3
2021-10-31,2021-10-29,LNZL,15518270
2021-10-31,2021-10-29,LNZLP,5576185
2021-10-31,2021-10-29,LPSB,26254445
2021-10-31,2021-10-29,LSNG,39144021
2021-10-31,2021-10-29,LSNGP,17345279.5
2021-10-31,2021-10-29,LSRG,73886238.8
2021-10-31,2021-10-29,LVHK,83495
2021-10-31,2021-10-29,MAGE,404148
2021-10-31,2021-10-29,MAGEP,3525114
2021-10-31,2021-10-29,MAGN,2486582002.95
2021-10-31,2021-10-29,MAIL,1004966977.4
2021-10-31,2021-10-29,MDMG,48592349.2
2021-10-31,2021-10-29,MFGS,108030
2021-10-31,2021-10-29,MFGSP,470800
2021-10-31,2021-10-29,MFON,0
2021-10-31,2021-10-29,MGNT,2144367759.5
2021-10-31,2021-10-29,MGNZ,1717530
2021-10-31,2021-10-29,MGTS,65340
2021-10-31,2021-10-29,MGTSP,582914
2021-10-31,2021-10-29,MISB,99560
2021-10-31,2021-10-29,MISBP,187130
2021-10-31,2021-10-29,MOEX,1177670170.7
2021-10-31,2021-10-29,MORI,0
2021-10-31,2021-10-29,MRKC,15190201
2021-10-31,2021-10-29,MRKK,189075
2021-10-31,2021-10-29,MRKP,17022501
2021-10-31,2021-10-29,MRKS,3761470
2021-10-31,2021-10-29,MRKU,3926638
2021-10-31,2021-10-29,MRKV,2903014.5
2021-10-31,2021-10-29,MRKY,2176238.5
2021-10-31,2021-10-29,MRKZ,1939383.5
2021-10-31,2021-10-29,MRSB,2916900
2021-10-31,2021-10-29,MSNG,29451198.5
2021-10-31,2021-10-29,MSRS,19451555.5
2021-10-31,2021-10-29,MSTT,298612
2021-10-31,2021-10-29,MTLR,1075096564.94
2021-10-31,2021-10-29,MTLRP,537650286
2021-10-31,2021-10-29,MTSS,1367626872.5
2021-10-31,2021-10-29,MVID,63372133.5
2021-10-31,2021-10-29,NAUK,386472
2021-10-31,2021-10-29,NFAZ,2415360
2021-10-31,2021-10-29,NKHP,815205
2021-10-31,2021-10-29,NKNC,8242716.5
2021-10-31,2021-10-29,NKNCP,26431083
2021-10-31,2021-10-29,NKSH,399490
2021-10-31,2021-10-29,NLMK,1898450167.8
2021-10-31,2021-10-29,NMTP,17872134
2021-10-31,2021-10-29,NNSB,66285
2021-10-31,2021-10-29,NNSBP,145395
2021-10-31,2021-10-29,NPOF,0
2021-10-31,2021-10-29,NSVZ,2436430
2021-10-31,2021-10-29,NVTK,3091960442.8
2021-10-31,2021-10-29,OGKB,98575817.6
2021-10-31,2021-10-29,OKEY,1407475
2021-10-31,2021-10-29,OMZZP,138000
2021-10-31,2021-10-29,ORUP,10369595.6
2021-10-31,2021-10-29,OZON,632634586.5
2021-10-31,2021-10-29,PAZA,1483100
2021-10-31,2021-10-29,PHOR,1945557251
2021-10-31,2021-10-29,PIKK,568221907.2
2021-10-31,2021-10-29,PLZL,2032634204.5
2021-10-31,2021-10-29,PMSB,298677
2021-10-31,2021-10-29,PMSBP,798710
2021-10-31,2021-10-29,POGR,205775681
2021-10-31,2021-10-29,POLY,1791706994.5
2021-10-31,2021-10-29,PRMB,121000
2021-10-31,2021-10-29,QIWI,42655887.5
2021-10-31,2021-10-29,RASP,484784092.2
2021-10-31,2021-10-29,RAVN,16625
2021-10-31,2021-10-29,RBCM,920384.6
2021-10-31,2021-10-29,RDRB,2280
2021-10-31,2021-10-29,RENI,91887987.9
2021-10-31,2021-10-29,RGSS,569607.8
2021-10-31,2021-10-29,RKKE,643670
2021-10-31,2021-10-29,RNFT,54456101.6
2021-10-31,2021-10-29,ROLO,7700246.5
2021-10-31,2021-10-29,ROSB,26154
2021-10-31,2021-10-29,ROSN,2787785987.8
2021-10-31,2021-10-29,ROST,49788
2021-10-31,2021-10-29,RSTI,198769801
2021-10-31,2021-10-29,RSTIP,6368908
2021-10-31,2021-10-29,RTGZ,347000
2021-10-31,2021-10-29,RTKM,185099607.7
2021-10-31,2021-10-29,RTKMP,12286393
2021-10-31,2021-10-29,RTSB,2195734
2021-10-31,2021-10-29,RTSBP,1143630
2021-10-31,2021-10-29,RUAL,3090614823.45
2021-10-31,2021-10-29,RUGR,6130988.34
2021-10-31,2021-10-29,RUSI,9196
2021-10-31,2021-10-29,RUSP,0
2021-10-31,2021-10-29,RZSB,1006170
2021-10-31,2021-10-29,SAGO,1166060
2021-10-31,2021-10-29,SAGOP,673150
2021-10-31,2021-10-29,SARE,2041660
2021-10-31,2021-10-29,SAREP,902816
2021-10-31,2021-10-29,SBER,19154550770.8
2021-10-31,2021-10-29,SBERP,2241691188.9
2021-10-31,2021-10-29,SELG,11742819
2021-10-31,2021-10-29,SELGP,5056015
2021-10-31,2021-10-29,SFIN,1578306
2021-10-31,2021-10-29,SGZH,322443527.7
2021-10-31,2021-10-29,SIBN,363802260.5
2021-10-31,2021-10-29,SLEN,1343299
2021-10-31,2021-10-29,SMLT,140015447.6
2021-10-31,2021-10-29,SNGS,1638704314.5
2021-10-31,2021-10-29,SNGSP,620832055
2021-10-31,2021-10-29,STSB,117667
2021-10-31,2021-10-29,STSBP,173340
2021-10-31,2021-10-29,SVAV,5465850
2021-10-31,2021-10-29,TASB,1266160
2021-10-31,2021-10-29,TASBP,251380
2021-10-31,2021-10-29,TATN,1646730145.3
2021-10-31,2021-10-29,TATNP,852630125.2
2021-10-31,2021-10-29,TCSG,1572932926
2021-10-31,2021-10-29,TGKA,29386458.4
2021-10-31,2021-10-29,TGKB,3392925
2021-10-31,2021-10-29,TGKBP,216310
2021-10-31,2021-10-29,TGKD,3192229
2021-10-31,2021-10-29,TGKDP,102781.5
2021-10-31,2021-10-29,TGKN,1987080
2021-10-31,2021-10-29,TNSE,9775
2021-10-31,2021-10-29,TORS,159650
2021-10-31,2021-10-29,TORSP,161640
2021-10-31,2021-10-29,TRCN,0
2021-10-31,2021-10-29,TRFM,0
2021-10-31,2021-10-29,TRMK,68849078
2021-10-31,2021-10-29,TRNFP,345922750
2021-10-31,2021-10-29,TTLK,1440769
2021-10-31,2021-10-29,TUZA,15505
2021-10-31,2021-10-29,UCSS,163940
2021-10-31,2021-10-29,UKUZ,2392096
2021-10-31,2021-10-29,UNAC,4559182
2021-10-31,2021-10-29,UNKL,2682060
2021-10-31,2021-10-29,UPRO,94213998
2021-10-31,2021-10-29,URKA,0
2021-10-31,2021-10-29,URKZ,134500
2021-10-31,2021-10-29,USBN,855855
2021-10-31,2021-10-29,UTAR,255932
2021-10-31,2021-10-29,UWGN,17099524.8
2021-10-31,2021-10-29,VGSB,465070
2021-10-31,2021-10-29,VGSBP,586185
2021-10-31,2021-10-29,VJGZ,403558
2021-10-31,2021-10-29,VJGZP,758720
2021-10-31,2021-10-29,VLHZ,1451953
2021-10-31,2021-10-29,VRSB,47983616
2021-10-31,2021-10-29,VRSBP,712720
2021-10-31,2021-10-29,VSMO,26122320
2021-10-31,2021-10-29,VSYD,66070
2021-10-31,2021-10-29,VSYDP,219100
2021-10-31,2021-10-29,VTBR,4921929489.9
2021-10-31,2021-10-29,WTCM,125000
2021-10-31,2021-10-29,WTCMP,152196
2021-10-31,2021-10-29,YAKG,2948397
2021-10-31,2021-10-29,YKEN,802410
2021-10-31,2021-10-29,YKENP,187300
2021-10-31,2021-10-29,YNDX,6436054607.2
2021-10-31,2021-10-29,YRSB,117520
2021-10-31,2021-10-29,YRSBP,136050
2021-10-31,2021-10-29,ZILL,1273675
2021-10-31,2021-10-29,ZVEZ,101940
2021-11-30,2021-11-30,ABRD,3544335
2021-11-30,2021-11-30,ACKO,188084
2021-11-30,2021-11-30,AFKS,719174109.8
2021-11-30,2021-11-30,AFLT,1166890039.2
2021-11-30,2021-11-30,AGRO,371398079.4
2021-11-30,2021-11-30,AKRN,111661486
2021-11-30,2021-11-30,ALNU,0
2021-11-30,2021-11-30,ALRS,7596388813.4
2021-11-30,2021-11-30,AMEZ,22191678
2021-11-30,2021-11-30,APTK,12482130.26
2021-11-30,2021-11-30,AQUA,15956040
2021-11-30,2021-11-30,ARSA,379260
2021-11-30,2021-11-30,ASSB,50662.5
2021-11-30,2021-11-30,AVAN,115565
2021-11-30,2021-11-30,BANE,14267183.5
2021-11-30,2021-11-30,BANEP,66664691
2021-11-30,2021-11-30,BELU,80323268
2021-11-30,2021-11-30,BISV,0
2021-11-30,2021-11-30,BISVP,9729
2021-11-30,2021-11-30,BLNG,1032553
2021-11-30,2021-11-30,BRZL,231073
2021-11-30,2021-11-30,BSPB,53324111.9
2021-11-30,2021-11-30,BSPBP,75620
2021-11-30,2021-11-30,CBOM,450141637.8
2021-11-30,2021-11-30,CHEP,0
2021-11-30,2021-11-30,CHGZ,134940
2021-11-30,2021-11-30,CHKZ,968480
2021-11-30,2021-11-30,CHMF,4840244480.8
2021-11-30,2021-11-30,CHMK,1560990
2021-11-30,2021-11-30,CIAN,57056688.6
2021-11-30,2021-11-30,CNTL,694184
2021-11-30,2021-11-30,CNTLP,779226
2021-11-30,2021-11-30,DERZP,0
2021-11-30,2021-11-30,DIOD,678342
2021-11-30,2021-11-30,DSKY,410143549.6
2021-11-30,2021-11-30,DVEC,33064579
2021-11-30,2021-11-30,DZRD,52510
2021-11-30,2021-11-30,DZRDP,97740
2021-11-30,2021-11-30,EELT,4056847.4
2021-11-30,2021-11-30,ELTZ,126719
2021-11-30,2021-11-30,EM44,0
2021-11-30,2021-11-30,ENPG,208108169
2021-11-30,2021-11-30,ENRU,27485824
2021-11-30,2021-11-30,ETLN,74148921.54
2021-11-30,2021-11-30,FEES,859445840.2
2021-11-30,2021-11-30,FESH,8803054
2021-11-30,2021-11-30,FIVE,1728341434.5
2021-11-30,2021-11-30,FIXP,125735215
2021-11-30,2021-11-30,FLOT,66671922
2021-11-30,2021-11-30,GAZA,253325
2021-11-30,2021-11-30,GAZAP,41100
2021-11-30,2021-11-30,GAZC,0
2021-11-30,2021-11-30,GAZP,43953663452.1
2021-11-30,2021-11-30,GAZS,0
2021-11-30,2021-11-30,GAZT,0
2021-11-30,2021-11-30,GCHE,24266653.5
2021-11-30,2021-11-30,GEMA,1505324.5
2021-11-30,2021-11-30,GEMC,349806780.6
2021-11-30,2021-11-30,GLTR,302271897
2021-11-30,2021-11-30,GMKN,8963171762
2021-11-30,2021-11-30,GTRK,2228651.5
2021-11-30,2021-11-30,GTSS,0
2021-11-30,2021-11-30,HHRU,298145676
2021-11-30,2021-11-30,HIMC,0
2021-11-30,2021-11-30,HIMCP,1270195
2021-11-30,2021-11-30,HMSG,422410
2021-11-30,2021-11-30,HYDR,594682353.1
2021-11-30,2021-11-30,IGST,3365989
2021-11-30,2021-11-30,IGSTP,1113395
2021-11-30,2021-11-30,INGR,26268833
2021-11-30,2021-11-30,IRAO,2518088248.2
2021-11-30,2021-11-30,IRGZ,621670
2021-11-30,2021-11-30,IRKT,2670782
2021-11-30,2021-11-30,ISKJ,124958301
2021-11-30,2021-11-30,JNOS,1101775
2021-11-30,2021-11-30,JNOSP,1506672
2021-11-30,2021-11-30,KAZT,14251450
2021-11-30,2021-11-30,KAZTP,985746
2021-11-30,2021-11-30,KBSB,7630
2021-11-30,2021-11-30,KCHE,642905
2021-11-30,2021-11-30,KCHEP,36760
2021-11-30,2021-11-30,KGKC,7020
2021-11-30,2021-11-30,KGKCP,8406
2021-11-30,2021-11-30,KLSB,2514357
2021-11-30,2021-11-30,KMAZ,22887089
2021-11-30,2021-11-30,KMEZ,214498
2021-11-30,2021-11-30,KMTZ,0
2021-11-30,2021-11-30,KOGK,822400
2021-11-30,2021-11-30,KRKN,283300
2021-11-30,2021-11-30,KRKNP,7362060
2021-11-30,2021-11-30,KRKO,0
2021-11-30,2021-11-30,KRKOP,827516
2021-11-30,2021-11-30,KROT,133265
2021-11-30,2021-11-30,KROTP,15915
2021-11-30,2021-11-30,KRSB,184678
2021-11-30,2021-11-30,KRSBP,1226204
2021-11-30,2021-11-30,KSGR,0
2021-11-30,2021-11-30,KTSB,71718
2021-11-30,2021-11-30,KTSBP,230945
2021-11-30,2021-11-30,KUBE,437722
2021-11-30,2021-11-30,KUZB,639091
2021-11-30,2021-11-30,KZMS,0
2021-11-30,2021-11-30,KZOS,5660459
2021-11-30,2021-11-30,KZOSP,1905106
2021-11-30,2021-11-30,LIFE,12262127
2021-11-30,2021-11-30,LKOH,17924129598
2021-11-30,2021-11-30,LNTA,71293577.5
2021-11-30,2021-11-30,LNZL,3586720
2021-11-30,2021-11-30,LNZLP,4632645
2021-11-30,2021-11-30,LPSB,472080
2021-11-30,2021-11-30,LSNG,4951406
2021-11-30,2021-11-30,LSNGP,16088122
2021-11-30,2021-11-30,LSRG,126755616
2021-11-30,2021-11-30,LVHK,875530
2021-11-30,2021-11-30,MAGE,1042301
2021-11-30,2021-11-30,MAGEP,498389
2021-11-30,2021-11-30,MAGN,2485700422.3
2021-11-30,2021-11-30,MAIL,1116711240.2
2021-11-30,2021-11-30,MDMG,37338016.4
2021-11-30,2021-11-30,MFGS,54350
2021-11-30,2021-11-30,MFGSP,34915
2021-11-30,2021-11-30,MFON,0
2021-11-30,2021-11-30,MGNT,3435103329
2021-11-30,2021-11-30,MGNZ,653010
2021-11-30,2021-11-30,MGTS,171845
2021-11-30,2021-11-30,MGTSP,462456
2021-11-30,2021-11-30,MISB,169120
2021-11-30,2021-11-30,MISBP,523800
2021-11-30,2021-11-30,MOEX,2909464849.8
2021-11-30,2021-11-30,MORI,0
2021-11-30,2021-11-30,MRKC,10898248.4
2021-11-30,2021-11-30,MRKK,200144.4
2021-11-30,2021-11-30,MRKP,6119538
2021-11-30,2021-11-30,MRKS,1304335
2021-11-30,2021-11-30,MRKU,857878
2021-11-30,2021-11-30,MRKV,1397852.5
2021-11-30,2021-11-30,MRKY,549702.5
2021-11-30,2021-11-30,MRKZ,8064530.5
2021-11-30,2021-11-30,MRSB,2737960
2021-11-30,2021-11-30,MSNG,29537948.5
2021-11-30,2021-11-30,MSRS,3516987.5
2021-11-30,2021-11-30,MSTT,75453
2021-11-30,2021-11-30,MTLR,540973810.01
2021-11-30,2021-11-30,MTLRP,547194043.5
2021-11-30,2021-11-30,MTSS,1296080550.5
2021-11-30,2021-11-30,MVID,130319768.9
2021-11-30,2021-11-30,NAUK,337926
2021-11-30,2021-11-30,NFAZ,1616034
2021-11-30,2021-11-30,NKHP,419875
2021-11-30,2021-11-30,NKNC,16725018.5
2021-11-30,2021-11-30,NKNCP,13812160.6
2021-11-30,2021-11-30,NKSH,17512
2021-11-30,2021-11-30,NLMK,5016284774.4
2021-11-30,2021-11-30,NMTP,186695422.5
2021-11-30,2021-11-30,NNSB,123150
2021-11-30,2021-11-30,NNSBP,28969
2021-11-30,2021-11-30,NPOF,0
2021-11-30,2021-11-30,NSVZ,275830
2021-11-30,2021-11-30,NVTK,4058924905.6
2021-11-30,2021-11-30,OGKB,203017667.2
2021-11-30,2021-11-30,OKEY,9908633.9
2021-11-30,2021-11-30,OMZZP,10873435
2021-11-30,2021-11-30,ORUP,2982343.2
2021-11-30,2021-11-30,OZON,1719728871
2021-11-30,2021-11-30,PAZA,110900
2021-11-30,2021-11-30,PHOR,886900247
2021-11-30,2021-11-30,PIKK,345943895.1
2021-11-30,2021-11-30,PLZL,5605457253.5
2021-11-30,2021-11-30,PMSB,622243
2021-11-30,2021-11-30,PMSBP,1322106
2021-11-30,2021-11-30,POGR,228230409
2021-11-30,2021-11-30,POLY,5589327900.1
2021-11-30,2021-11-30,PRMB,0
2021-11-30,2021-11-30,QIWI,94534327.5
2021-11-30,2021-11-30,RASP,342614764.8
2021-11-30,2021-11-30,RAVN,2058225
2021-11-30,2021-11-30,RBCM,1379652.4
2021-11-30,2021-11-30,RDRB,58640
2021-11-30,2021-11-30,RENI,150048363.3
2021-11-30,2021-11-30,RGSS,13064953
2021-11-30,2021-11-30,RKKE,337060
2021-11-30,2021-11-30,RNFT,23779723.2
2021-11-30,2021-11-30,ROLO,4362688
2021-11-30,2021-11-30,ROSB,10084
2021-11-30,2021-11-30,ROSN,5985073055.5
2021-11-30,2021-11-30,ROST,4905120
2021-11-30,2021-11-30,RSTI,160674095.4
2021-11-30,2021-11-30,RSTIP,2262636
2021-11-30,2021-11-30,RTGZ,0
2021-11-30,2021-11-30,RTKM,255517276
2021-11-30,2021-11-30,RTKMP,13668994
2021-11-30,2021-11-30,RTSB,67676
2021-11-30,2021-11-30,RTSBP,73400
2021-11-30,2021-11-30,RUAL,23636582112.15
2021-11-30,2021-11-30,RUGR,403597.44
2021-11-30,2021-11-30,RUSI,31270
2021-11-30,2021-11-30,RUSP,0
2021-11-30,2021-11-30,RZSB,121936
2021-11-30,2021-11-30,SAGO,4205958
2021-11-30,2021-11-30,SAGOP,1519940
2021-11-30,2021-11-30,SARE,198826
2021-11-30,2021-11-30,SAREP,189586
2021-11-30,2021-11-30,SBER,31025495218.6
2021-11-30,2021-11-30,SBERP,2442546890.7
2021-11-30,2021-11-30,SELG,15477543
2021-11-30,2021-11-30,SELGP,7125290
2021-11-30,2021-11-30,SFIN,8518198
2021-11-30,2021-11-30,SFTL,31251934.06
2021-11-30,2021-11-30,SGZH,976035597.4
2021-11-30,2021-11-30,SIBN,451041466.5
2021-11-30,2021-11-30,SLEN,1283360.5
2021-11-30,2021-11-30,SMLT,131434480.8
2021-11-30,2021-11-30,SNGS,5502496324.5
2021-11-30,2021-11-30,SNGSP,2459648168.5
2021-11-30,2021-11-30,SPBE,187513125
2021-11-30,2021-11-30,STSB,135587.5
2021-11-30,2021-11-30,STSBP,150417
2021-11-30,2021-11-30,SVAV,4258770
2021-11-30,2021-11-30,TASB,95750
2021-11-30,2021-11-30,TASBP,110395
2021-11-30,2021-11-30,TATN,4370228847.2
2021-11-30,2021-11-30,TATNP,609135461
2021-11-30,2021-11-30,TCSG,6909031761.4
2021-11-30,2021-11-30,TGKA,13613623.8
2021-11-30,2021-11-30,TGKB,559325
2021-11-30,2021-11-30,TGKBP,339796
2021-11-30,2021-11-30,TGKD,9234354.5
2021-11-30,2021-11-30,TGKDP,1114311
2021-11-30,2021-11-30,TGKN,746550
2021-11-30,2021-11-30,TNSE,86450
2021-11-30,2021-11-30,TORS,31850
2021-11-30,2021-11-30,TORSP,30035
2021-11-30,2021-11-30,TRCN,0
2021-11-30,2021-11-30,TRFM,0
2021-11-30,2021-11-30,TRMK,99932487.4
2021-11-30,2021-11-30,TRNFP,340724050
2021-11-30,2021-11-30,TTLK,1025915.5
2021-11-30,2021-11-30,TUZA,933525
2021-11-30,2021-11-30,UCSS,111850
2021-11-30,2021-11-30,UKUZ,1784226
2021-11-30,2021-11-30,UNAC,2725881.5
2021-11-30,2021-11-30,UNKL,74060
2021-11-30,2021-11-30,UPRO,462657784
2021-11-30,2021-11-30,URKA,0
2021-11-30,2021-11-30,URKZ,33740
2021-11-30,2021-11-30,USBN,417756
2021-11-30,2021-11-30,UTAR,42311
2021-11-30,2021-11-30,UWGN,24175003.6
2021-11-30,2021-11-30,VEON-RX,4118151.2
2021-11-30,2021-11-30,VGSB,7524885
2021-11-30,2021-11-30,VGSBP,12116200
2021-11-30,2021-11-30,VJGZ,148288
2021-11-30,2021-11-30,VJGZP,10109819
2021-11-30,2021-11-30,VLHZ,549381
2021-11-30,2021-11-30,VRSB,4443094
2021-11-30,2021-11-30,VRSBP,443060
2021-11-30,2021-11-30,VSMO,82161620
2021-11-30,2021-11-30,VSYD,41425
2021-11-30,2021-11-30,VSYDP,257120
2021-11-30,2021-11-30,VTBR,4062546773.9
2021-11-30,2021-11-30,WTCM,26028
2021-11-30,2021-11-30,WTCMP,76004
2021-11-30,2021-11-30,YAKG,936154.5
2021-11-30,2021-11-30,YKEN,108070
2021-11-30,2021-11-30,YKENP,105150
2021-11-30,2021-11-30,YNDX,8824695136.6
2021-11-30,2021-11-30,YRSB,73820
2021-11-30,2021-11-30,YRSBP,920
2021-11-30,2021-11-30,ZILL,496015
2021-11-30,2021-11-30,ZVEZ,257345
2021-12-31,2021-12-30,ABRD,4772995
2021-12-31,2021-12-30,ACKO,0
2021-12-31,2021-12-30,AFKS,821175562.1
2021-12-31,2021-12-30,AFLT,266589928.6
2021-12-31,2021-12-30,AGRO,107302937.6
2021-12-31,2021-12-30,AKRN,77813490
2021-12-31,2021-12-30,ALRS,2486722848.9
2021-12-31,2021-12-30,AMEZ,4680561
2021-12-31,2021-12-30,APTK,7610283.36
2021-12-31,2021-12-30,AQUA,25471595
2021-12-31,2021-12-30,ARSA,75190
2021-12-31,2021-12-30,ASSB,104222
2021-12-31,2021-12-30,AVAN,405545
2021-12-31,2021-12-30,BANE,5433120.5
2021-12-31,2021-12-30,BANEP,70467521.5
2021-12-31,2021-12-30,BELU,34078570
2021-12-31,2021-12-30,BISV,0
2021-12-31,2021-12-30,BISVP,11536352
2021-12-31,2021-12-30,BLNG,1037362.5
2021-12-31,2021-12-30,BRZL,406490
2021-12-31,2021-12-30,BSPB,48659149.1
2021-12-31,2021-12-30,BSPBP,267770
2021-12-31,2021-12-30,CBOM,249621168.4
2021-12-31,2021-12-30,CHEP,0
2021-12-31,2021-12-30,CHGZ,2540042
2021-12-31,2021-12-30,CHKZ,244660
2021-12-31,2021-12-30,CHMF,1371444900.6
2021-12-31,2021-12-30,CHMK,1020455
2021-12-31,2021-12-30,CIAN,47325328.6
2021-12-31,2021-12-30,CNTL,13046418
2021-12-31,2021-12-30,CNTLP,8977804
2021-12-31,2021-12-30,DERZP,0
2021-12-31,2021-12-30,DIOD,163254
2021-12-31,2021-12-30,DSKY,140756372.8
2021-12-31,2021-12-30,DVEC,2155407
2021-12-31,2021-12-30,DZRD,0
2021-12-31,2021-12-30,DZRDP,8210
2021-12-31,2021-12-30,EELT,8203.4
2021-12-31,2021-12-30,ELTZ,98163.5
2021-12-31,2021-12-30,EM44,0
2021-12-31,2021-12-30,ENPG,140210274
2021-12-31,2021-12-30,ENRU,12490107.2
2021-12-31,2021-12-30,ETLN,50870925.44
2021-12-31,2021-12-30,FEES,186489392.8
2021-12-31,2021-12-30,FESH,6624426
2021-12-31,2021-12-30,FIVE,1271730387.5
2021-12-31,2021-12-30,FIXP,167121233.2
2021-12-31,2021-12-30,FLOT,482417246.6
2021-12-31,2021-12-30,GAZA,311220
2021-12-31,2021-12-30,GAZAP,28290
2021-12-31,2021-12-30,GAZC,0
2021-12-31,2021-12-30,GAZP,13942836363.1
2021-12-31,2021-12-30,GAZS,0
2021-12-31,2021-12-30,GAZT,0
2021-12-31,2021-12-30,GCHE,6766603
2021-12-31,2021-12-30,GEMA,3981017
2021-12-31,2021-12-30,GEMC,40267703.3
2021-12-31,2021-12-30,GLTR,273503315.5
2021-12-31,2021-12-30,GMKN,4125421788
2021-12-31,2021-12-30,GTRK,2414895
2021-12-31,2021-12-30,GTSS,0
2021-12-31,2021-12-30,HHRU,51407398
2021-12-31,2021-12-30,HIMC,0
2021-12-31,2021-12-30,HIMCP,360234
2021-12-31,2021-12-30,HMSG,233420
2021-12-31,2021-12-30,HYDR,347797739.9
2021-12-31,2021-12-30,IGST,1130559
2021-12-31,2021-12-30,IGSTP,268083
2021-12-31,2021-12-30,INGR,11768136
2021-12-31,2021-12-30,IRAO,1033081059.95
2021-12-31,2021-12-30,IRGZ,1031956
2021-12-31,2021-12-30,IRKT,2121638
2021-12-31,2021-12-30,ISKJ,25738854.9
2021-12-31,2021-12-30,JNOS,112145
2021-12-31,2021-12-30,JNOSP,194976
2021-12-31,2021-12-30,KAZT,4873498
2021-12-31,2021-12-30,KAZTP,769978
2021-12-31,2021-12-30,KBSB,118950
2021-12-31,2021-12-30,KCHE,103630
2021-12-31,2021-12-30,KCHEP,137690
2021-12-31,2021-12-30,KGKC,395164
2021-12-31,2021-12-30,KGKCP,651460
2021-12-31,2021-12-30,KLSB,1255858
2021-12-31,2021-12-30,KMAZ,5481276
2021-12-31,2021-12-30,KMEZ,91088
2021-12-31,2021-12-30,KMTZ,0
2021-12-31,2021-12-30,KOGK,302600
2021-12-31,2021-12-30,KRKN,451050
2021-12-31,2021-12-30,KRKNP,1900000
2021-12-31,2021-12-30,KRKO,0
2021-12-31,2021-12-30,KRKOP,89469
2021-12-31,2021-12-30,KROT,788720
2021-12-31,2021-12-30,KROTP,77845
2021-12-31,2021-12-30,KRSB,208291
2021-12-31,2021-12-30,KRSBP,135058
2021-12-31,2021-12-30,KSGR,0
2021-12-31,2021-12-30,KTSB,11118
2021-12-31,2021-12-30,KTSBP,236315
2021-12-31,2021-12-30,KUBE,8671
2021-12-31,2021-12-30,KUZB,1235751.6
2021-12-31,2021-12-30,KZMS,0
2021-12-31,2021-12-30,KZOS,14566608
2021-12-31,2021-12-30,KZOSP,60612135.2
2021-12-31,2021-12-30,LENT,7617281.2
2021-12-31,2021-12-30,LIFE,8215248
2021-12-31,2021-12-30,LKOH,5033022870
2021-12-31,2021-12-30,LNTA,16898755.5
2021-12-31,2021-12-30,LNZL,3134330
2021-12-31,2021-12-30,LNZLP,2864820
2021-12-31,2021-12-30,LPSB,224670
2021-12-31,2021-12-30,LSNG,3080338
2021-12-31,2021-12-30,LSNGP,19478100.5
2021-12-31,2021-12-30,LSRG,105983980.8
2021-12-31,2021-12-30,LVHK,352069
2021-12-31,2021-12-30,MAGE,649200
2021-12-31,2021-12-30,MAGEP,232206
2021-12-31,2021-12-30,MAGN,1369014399.4
2021-12-31,2021-12-30,MDMG,25211435
2021-12-31,2021-12-30,MFGS,15805
2021-12-31,2021-12-30,MFGSP,16355
2021-12-31,2021-12-30,MFON,0
2021-12-31,2021-12-30,MGNT,1471873012
2021-12-31,2021-12-30,MGNZ,364840
2021-12-31,2021-12-30,MGTS,172325
2021-12-31,2021-12-30,MGTSP,3763808
2021-12-31,2021-12-30,MISB,21780
2021-12-31,2021-12-30,MISBP,23940
2021-12-31,2021-12-30,MOEX,812900817.6
2021-12-31,2021-12-30,MORI,0
2021-12-31,2021-12-30,MRKC,10965374.6
2021-12-31,2021-12-30,MRKK,1116728.6
2021-12-31,2021-12-30,MRKP,51777718
2021-12-31,2021-12-30,MRKS,5195760
2021-12-31,2021-12-30,MRKU,1322224
2021-12-31,2021-12-30,MRKV,9532456.5
2021-12-31,2021-12-30,MRKY,491563
2021-12-31,2021-12-30,MRKZ,715556.5
2021-12-31,2021-12-30,MRSB,130620
2021-12-31,2021-12-30,MSNG,26246971.5
2021-12-31,2021-12-30,MSRS,4788234
2021-12-31,2021-12-30,MSTT,469216
2021-12-31,2021-12-30,MTLR,294246530.64
2021-12-31,2021-12-30,MTLRP,196032695.5
2021-12-31,2021-12-30,MTSS,336571545.5
2021-12-31,2021-12-30,MVID,144869620.2
2021-12-31,2021-12-30,NAUK,419196
2021-12-31,2021-12-30,NFAZ,545196
2021-12-31,2021-12-30,NKHP,657275
2021-12-31,2021-12-30,NKNC,5550749
2021-12-31,2021-12-30,NKNCP,19028493.2
2021-12-31,2021-12-30,NKSH,583070
2021-12-31,2021-12-30,NLMK,1336646167.4
2021-12-31,2021-12-30,NMTP,29240630.5
2021-12-31,2021-12-30,NNSB,4549995
2021-12-31,2021-12-30,NNSBP,2796035
2021-12-31,2021-12-30,NPOF,0
2021-12-31,2021-12-30,NSVZ,586195
2021-12-31,2021-12-30,NVTK,1835679930.4
2021-12-31,2021-12-30,OGKB,72141676.4
2021-12-31,2021-12-30,OKEY,4637478.8
2021-12-31,2021-12-30,OMZZP,129435
2021-12-31,2021-12-30,ORUP,4039207.8
2021-12-31,2021-12-30,OZON,946309577
2021-12-31,2021-12-30,PAZA,2870540
2021-12-31,2021-12-30,PHOR,537401371
2021-12-31,2021-12-30,PIKK,718517088.6
2021-12-31,2021-12-30,PLZL,1449006956.5
2021-12-31,2021-12-30,PMSB,640568
2021-12-31,2021-12-30,PMSBP,529504
2021-12-31,2021-12-30,POGR,120267556.5
2021-12-31,2021-12-30,POLY,1720459868
2021-12-31,2021-12-30,POSI,25951755.2
2021-12-31,2021-12-30,PRMB,0
2021-12-31,2021-12-30,QIWI,86624877
2021-12-31,2021-12-30,RASP,451333308.2
2021-12-31,2021-12-30,RAVN,1319540
2021-12-31,2021-12-30,RBCM,247009.6
2021-12-31,2021-12-30,RDRB,2407160
2021-12-31,2021-12-30,RENI,49294907.6
2021-12-31,2021-12-30,RGSS,900286.4
2021-12-31,2021-12-30,RKKE,119540
2021-12-31,2021-12-30,RNFT,32846495.2
2021-12-31,2021-12-30,ROLO,3159252.5
2021-12-31,2021-12-30,ROSB,14350
2021-12-31,2021-12-30,ROSN,2048558235.65
2021-12-31,2021-12-30,ROST,103986
2021-12-31,2021-12-30,RSTI,126859346.5
2021-12-31,2021-12-30,RSTIP,8449063
2021-12-31,2021-12-30,RTGZ,186400
2021-12-31,2021-12-30,RTKM,219189441.1
2021-12-31,2021-12-30,RTKMP,65531944.5
2021-12-31,2021-12-30,RTSB,110918
2021-12-31,2021-12-30,RTSBP,344760
2021-12-31,2021-12-30,RUAL,898985650.1
2021-12-31,2021-12-30,RUGR,624921.64
2021-12-31,2021-12-30,RUSI,599325
2021-12-31,2021-12-30,RUSP,0
2021-12-31,2021-12-30,RZSB,421332
2021-12-31,2021-12-30,SAGO,361708
2021-12-31,2021-12-30,SAGOP,0
2021-12-31,2021-12-30,SARE,6970
2021-12-31,2021-12-30,SAREP,93582
2021-12-31,2021-12-30,SBER,12484601229.1
2021-12-31,2021-12-30,SBERP,2075350387
2021-12-31,2021-12-30,SELG,4213524
2021-12-31,2021-12-30,SFIN,3003348
2021-12-31,2021-12-30,SFTL,37727905.19
2021-12-31,2021-12-30,SGZH,326589183.9
2021-12-31,2021-12-30,SIBN,772433304
2021-12-31,2021-12-30,SLEN,651325.5
2021-12-31,2021-12-30,SMLT,117574448.2
2021-12-31,2021-12-30,SNGS,1134310535
2021-12-31,2021-12-30,SNGSP,722419872.5
2021-12-31,2021-12-30,SPBE,9144022.1
2021-12-31,2021-12-30,STSB,15139.5
2021-12-31,2021-12-30,STSBP,517487.5
2021-12-31,2021-12-30,SVAV,3259560
2021-12-31,2021-12-30,SVET,120065.6
2021-12-31,2021-12-30,TASB,10570
2021-12-31,2021-12-30,TASBP,71425
2021-12-31,2021-12-30,TATN,886862081.8
2021-12-31,2021-12-30,TATNP,367545737.5
2021-12-31,2021-12-30,TCSG,2458344348.8
2021-12-31,2021-12-30,TGKA,21213297.8
2021-12-31,2021-12-30,TGKB,1157565
2021-12-31,2021-12-30,TGKBP,53672
2021-12-31,2021-12-30,TGKD,2731558
2021-12-31,2021-12-30,TGKDP,61805.5
2021-12-31,2021-12-30,TGKN,1867510
2021-12-31,2021-12-30,TNSE,7280
2021-12-31,2021-12-30,TORS,2797790
2021-12-31,2021-12-30,TORSP,4502415
2021-12-31,2021-12-30,TRCN,0
2021-12-31,2021-12-30,TRFM,0
2021-12-31,2021-12-30,TRMK,28630251.4
2021-12-31,2021-12-30,TRNFP,152027850
2021-12-31,2021-12-30,TTLK,2056457.5
2021-12-31,2021-12-30,TUZA,1013655
2021-12-31,2021-12-30,UCSS,286330
2021-12-31,2021-12-30,UKUZ,1125186
2021-12-31,2021-12-30,UNAC,1006838.5
2021-12-31,2021-12-30,UNKL,357110
2021-12-31,2021-12-30,UPRO,138315760
2021-12-31,2021-12-30,URKA,0
2021-12-31,2021-12-30,URKZ,293120
2021-12-31,2021-12-30,USBN,669614
2021-12-31,2021-12-30,UTAR,3859348
2021-12-31,2021-12-30,VEON-RX,6394712.6
2021-12-31,2021-12-30,VGSB,567315
2021-12-31,2021-12-30,VGSBP,21830
2021-12-31,2021-12-30,VJGZ,938094
2021-12-31,2021-12-30,VJGZP,2386398
2021-12-31,2021-12-30,VKCO,338826956.6
2021-12-31,2021-12-30,VLHZ,287323
2021-12-31,2021-12-30,VRSB,4088816
2021-12-31,2021-12-30,VRSBP,199320
2021-12-31,2021-12-30,VSMO,94874660
2021-12-31,2021-12-30,VSYD,132200
2021-12-31,2021-12-30,VSYDP,85840
2021-12-31,2021-12-30,VTBR,1481475346.5
2021-12-31,2021-12-30,WTCM,101740
2021-12-31,2021-12-30,WTCMP,66534
2021-12-31,2021-12-30,YAKG,1508935
2021-12-31,2021-12-30,YKEN,66900
2021-12-31,2021-12-30,YKENP,39120
2021-12-31,2021-12-30,YNDX,3396970778.6
2021-12-31,2021-12-30,YRSB,8240
2021-12-31,2021-12-30,YRSBP,19005
2021-12-31,2021-12-30,ZILL,1127545
2021-12-31,2021-12-30,ZVEZ,79115
2022-01-31,2022-01-31,ABRD,3293520
2022-01-31,2022-01-31,ACKO,0
2022-01-31,2022-01-31,AFKS,1230552886.4
2022-01-31,2022-01-31,AFLT,840203866
2022-01-31,2022-01-31,AGRO,210716630.4
2022-01-31,2022-01-31,AKRN,126016714
2022-01-31,2022-01-31,ALRS,5001184884.8
2022-01-31,2022-01-31,AMEZ,88386148.5
2022-01-31,2022-01-31,APTK,1449882.08
2022-01-31,2022-01-31,AQUA,20623010
2022-01-31,2022-01-31,ARSA,377900
2022-01-31,2022-01-31,ASSB,57256.5
2022-01-31,2022-01-31,AVAN,111025
2022-01-31,2022-01-31,BANE,14388484.5
2022-01-31,2022-01-31,BANEP,56919704
2022-01-31,2022-01-31,BELU,101949958
2022-01-31,2022-01-31,BISV,0
2022-01-31,2022-01-31,BISVP,1139122
2022-01-31,2022-01-31,BLNG,2333065.5
2022-01-31,2022-01-31,BRZL,73932
2022-01-31,2022-01-31,BSPB,74489562.3
2022-01-31,2022-01-31,BSPBP,108145
2022-01-31,2022-01-31,CBOM,1528877337.4
2022-01-31,2022-01-31,CHEP,0
2022-01-31,2022-01-31,CHGZ,1155140
2022-01-31,2022-01-31,CHKZ,505060
2022-01-31,2022-01-31,CHMF,1902890313.6
2022-01-31,2022-01-31,CHMK,241300
2022-01-31,2022-01-31,CIAN,94430560.4
2022-01-31,2022-01-31,CNTL,6652688
2022-01-31,2022-01-31,CNTLP,12226258
2022-01-31,2022-01-31,DERZP,0
2022-01-31,2022-01-31,DIOD,113291
2022-01-31,2022-01-31,DSKY,471631636.6
2022-01-31,2022-01-31,DVEC,3482338
2022-01-31,2022-01-31,DZRD,0
2022-01-31,2022-01-31,DZRDP,9470
2022-01-31,2022-01-31,EELT,81883.4
2022-01-31,2022-01-31,ELTZ,32578
2022-01-31,2022-01-31,EM44,0
2022-01-31,2022-01-31,ENPG,254251555.5
2022-01-31,2022-01-31,ENRU,9880242.4
2022-01-31,2022-01-31,ETLN,28244745.72
2022-01-31,2022-01-31,FEES,320124865.6
2022-01-31,2022-01-31,FESH,13815911
2022-01-31,2022-01-31,FIVE,1058612227.5
2022-01-31,2022-01-31,FIXP,112921865.5
2022-01-31,2022-01-31,FLOT,17518975.9
2022-01-31,2022-01-31,GAZA,52350
2022-01-31,2022-01-31,GAZAP,680365
2022-01-31,2022-01-31,GAZC,0
2022-01-31,2022-01-31,GAZP,23307105681.9
2022-01-31,2022-01-31,GAZS,0
2022-01-31,2022-01-31,GAZT,0
2022-01-31,2022-01-31,GCHE,10851747.5
2022-01-31,2022-01-31,GEMA,347626
2022-01-31,2022-01-31,GEMC,32723045.35
2022-01-31,2022-01-31,GLTR,139862521
2022-01-31,2022-01-31,GMKN,6847915126
2022-01-31,2022-01-31,GTRK,722962
2022-01-31,2022-01-31,GTSS,0
2022-01-31,2022-01-31,HHRU,153850611
2022-01-31,2022-01-31,HIMC,0
2022-01-31,2022-01-31,HIMCP,671357
2022-01-31,2022-01-31,HMSG,14735
2022-01-31,2022-01-31,HYDR,213325097.7
2022-01-31,2022-01-31,IGST,174788
2022-01-31,2022-01-31,IGSTP,222336
2022-01-31,2022-01-31,INGR,22806006
2022-01-31,2022-01-31,IRAO,512987993.95
2022-01-31,2022-01-31,IRGZ,2926006
2022-01-31,2022-01-31,IRKT,679670
2022-01-31,2022-01-31,ISKJ,25917182.1
2022-01-31,2022-01-31,JNOS,50785
2022-01-31,2022-01-31,JNOSP,128830
2022-01-31,2022-01-31,KAZT,5821710
2022-01-31,2022-01-31,KAZTP,815186
2022-01-31,2022-01-31,KBSB,128235
2022-01-31,2022-01-31,KCHE,17465
2022-01-31,2022-01-31,KCHEP,14980
2022-01-31,2022-01-31,KGKC,44716
2022-01-31,2022-01-31,KGKCP,29480
2022-01-31,2022-01-31,KLSB,405645
2022-01-31,2022-01-31,KMAZ,6487191
2022-01-31,2022-01-31,KMEZ,103884
2022-01-31,2022-01-31,KMTZ,0
2022-01-31,2022-01-31,KOGK,472200
2022-01-31,2022-01-31,KRKN,187150
2022-01-31,2022-01-31,KRKNP,1937360
2022-01-31,2022-01-31,KRKO,0
2022-01-31,2022-01-31,KRKOP,466015
2022-01-31,2022-01-31,KROT,377695
2022-01-31,2022-01-31,KROTP,91350
2022-01-31,2022-01-31,KRSB,192814
2022-01-31,2022-01-31,KRSBP,51960
2022-01-31,2022-01-31,KSGR,0
2022-01-31,2022-01-31,KTSB,32706
2022-01-31,2022-01-31,KTSBP,54325
2022-01-31,2022-01-31,KUBE,235580
2022-01-31,2022-01-31,KUZB,416745
2022-01-31,2022-01-31,KZMS,0
2022-01-31,2022-01-31,KZOS,2173617
2022-01-31,2022-01-31,KZOSP,4690101.9
2022-01-31,2022-01-31,LENT,8938894
2022-01-31,2022-01-31,LIFE,14122584
2022-01-31,2022-01-31,LKOH,8854018619.5
2022-01-31,2022-01-31,LNTA,25725328
2022-01-31,2022-01-31,LNZL,3676520
2022-01-31,2022-01-31,LNZLP,4261400
2022-01-31,2022-01-31,LPSB,609505
2022-01-31,2022-01-31,LSNG,2982715
2022-01-31,2022-01-31,LSNGP,17945226
2022-01-31,2022-01-31,LSRG,33983821
2022-01-31,2022-01-31,LVHK,331082
2022-01-31,2022-01-31,MAGE,239194
2022-01-31,2022-01-31,MAGEP,147258
2022-01-31,2022-01-31,MAGN,2050460539.35
2022-01-31,2022-01-31,MDMG,26538306.8
2022-01-31,2022-01-31,MFGS,1315210
2022-01-31,2022-01-31,MFGSP,1627770
2022-01-31,2022-01-31,MFON,0
2022-01-31,2022-01-31,MGNT,1443594581.5
2022-01-31,2022-01-31,MGNZ,137570
2022-01-31,2022-01-31,MGTS,115145
2022-01-31,2022-01-31,MGTSP,1259158
2022-01-31,2022-01-31,MISB,16560
2022-01-31,2022-01-31,MISBP,33470
2022-01-31,2022-01-31,MOEX,1386122182.7
2022-01-31,2022-01-31,MORI,0
2022-01-31,2022-01-31,MRKC,11103236.8
2022-01-31,2022-01-31,MRKK,31907.6
2022-01-31,2022-01-31,MRKP,21114041
2022-01-31,2022-01-31,MRKS,2929410
2022-01-31,2022-01-31,MRKU,565186
2022-01-31,2022-01-31,MRKV,1569378.5
2022-01-31,2022-01-31,MRKY,230808.5
2022-01-31,2022-01-31,MRKZ,922193.5
2022-01-31,2022-01-31,MRSB,193350
2022-01-31,2022-01-31,MSNG,18339883.5
2022-01-31,2022-01-31,MSRS,1562827
2022-01-31,2022-01-31,MSTT,190028
2022-01-31,2022-01-31,MTLR,585841380.76
2022-01-31,2022-01-31,MTLRP,242249275
2022-01-31,2022-01-31,MTSS,1390108304.5
2022-01-31,2022-01-31,MVID,641668534
2022-01-31,2022-01-31,NAUK,127526
2022-01-31,2022-01-31,NFAZ,2646282
2022-01-31,2022-01-31,NKHP,249805
2022-01-31,2022-01-31,NKNC,4930171
2022-01-31,2022-01-31,NKNCP,14477862.2
2022-01-31,2022-01-31,NKSH,236326
2022-01-31,2022-01-31,NLMK,1640200933.2
2022-01-31,2022-01-31,NMTP,11021731
2022-01-31,2022-01-31,NNSB,24085
2022-01-31,2022-01-31,NNSBP,151981
2022-01-31,2022-01-31,NPOF,0
2022-01-31,2022-01-31,NSVZ,287810
2022-01-31,2022-01-31,NVTK,3131847565.8
2022-01-31,2022-01-31,OGKB,60845765.9
2022-01-31,2022-01-31,OKEY,3252589.5
2022-01-31,2022-01-31,OMZZP,115885
2022-01-31,2022-01-31,ORUP,32805277.6
2022-01-31,2022-01-31,OZON,2599902947
2022-01-31,2022-01-31,PAZA,455380
2022-01-31,2022-01-31,PHOR,889255845
2022-01-31,2022-01-31,PIKK,1624263613.6
2022-01-31,2022-01-31,PLZL,2202493029
2022-01-31,2022-01-31,PMSB,1081134
2022-01-31,2022-01-31,PMSBP,270280
2022-01-31,2022-01-31,POGR,142934204.5
2022-01-31,2022-01-31,POLY,2981000499.2
2022-01-31,2022-01-31,POSI,11603901.6
2022-01-31,2022-01-31,PRMB,281000
2022-01-31,2022-01-31,QIWI,28031695.5
2022-01-31,2022-01-31,RASP,439407566.8
2022-01-31,2022-01-31,RAVN,26010
2022-01-31,2022-01-31,RBCM,456750
2022-01-31,2022-01-31,RDRB,25960
2022-01-31,2022-01-31,RENI,42067458
2022-01-31,2022-01-31,RGSS,329337.6
2022-01-31,2022-01-31,RKKE,429730
2022-01-31,2022-01-31,RNFT,45219893.2
2022-01-31,2022-01-31,ROLO,2989616
2022-01-31,2022-01-31,ROSB,6002
2022-01-31,2022-01-31,ROSN,4035815429.8
2022-01-31,2022-01-31,ROST,277714
2022-01-31,2022-01-31,RSTI,168831929.6
2022-01-31,2022-01-31,RSTIP,2606727
2022-01-31,2022-01-31,RTGZ,152300
2022-01-31,2022-01-31,RTKM,227948475.8
2022-01-31,2022-01-31,RTKMP,13318777.5
2022-01-31,2022-01-31,RTSB,43434
2022-01-31,2022-01-31,RTSBP,20600
2022-01-31,2022-01-31,RUAL,1121571171.85
2022-01-31,2022-01-31,RUGR,1025647.36
2022-01-31,2022-01-31,RUSI,1925539
2022-01-31,2022-01-31,RUSP,0
2022-01-31,2022-01-31,RZSB,686182
2022-01-31,2022-01-31,SAGO,48982
2022-01-31,2022-01-31,SAGOP,0
2022-01-31,2022-01-31,SARE,51558
2022-01-31,2022-01-31,SAREP,3026
2022-01-31,2022-01-31,SBER,41439465846.6
2022-01-31,2022-01-31,SBERP,3444489472.5
2022-01-31,2022-01-31,SELG,8172748
2022-01-31,2022-01-31,SFIN,2624330
2022-01-31,2022-01-31,SFTL,32509910.94
2022-01-31,2022-01-31,SGZH,196233856.6
2022-01-31,2022-01-31,SIBN,351263462.5
2022-01-31,2022-01-31,SLEN,649853
2022-01-31,2022-01-31,SMLT,39755066
2022-01-31,2022-01-31,SNGS,1601085316
2022-01-31,2022-01-31,SNGSP,915725028
2022-01-31,2022-01-31,SPBE,233423921.2
2022-01-31,2022-01-31,STSB,64166
2022-01-31,2022-01-31,STSBP,254391
2022-01-31,2022-01-31,SVAV,1925640
2022-01-31,2022-01-31,SVET,40369.5
2022-01-31,2022-01-31,TASB,166535
2022-01-31,2022-01-31,TASBP,338980
2022-01-31,2022-01-31,TATN,2546077365.4
2022-01-31,2022-01-31,TATNP,784838504
2022-01-31,2022-01-31,TCSG,3510443831
2022-01-31,2022-01-31,TGKA,27616746.4
2022-01-31,2022-01-31,TGKB,840640
2022-01-31,2022-01-31,TGKBP,218525
2022-01-31,2022-01-31,TGKD,2815463
2022-01-31,2022-01-31,TGKDP,328584.5
2022-01-31,2022-01-31,TGKN,6017800
2022-01-31,2022-01-31,TNSE,68895
2022-01-31,2022-01-31,TORS,0
2022-01-31,2022-01-31,TORSP,79980
2022-01-31,2022-01-31,TRCN,0
2022-01-31,2022-01-31,TRFM,0
2022-01-31,2022-01-31,TRMK,49153917.8
2022-01-31,2022-01-31,TRNFP,349384950
2022-01-31,2022-01-31,TTLK,3613037
2022-01-31,2022-01-31,TUZA,430000
2022-01-31,2022-01-31,UCSS,20630
2022-01-31,2022-01-31,UKUZ,235290
2022-01-31,2022-01-31,UNAC,1637378
2022-01-31,2022-01-31,UNKL,289860
2022-01-31,2022-01-31,UPRO,185619294
2022-01-31,2022-01-31,URKA,0
2022-01-31,2022-01-31,URKZ,247220
2022-01-31,2022-01-31,USBN,7486327
2022-01-31,2022-01-31,UTAR,26709761
2022-01-31,2022-01-31,VEON-RX,14982341.6
2022-01-31,2022-01-31,VGSB,4504960
2022-01-31,2022-01-31,VGSBP,1177730
2022-01-31,2022-01-31,VJGZ,309594
2022-01-31,2022-01-31,VJGZP,296255
2022-01-31,2022-01-31,VKCO,1782620553
2022-01-31,2022-01-31,VLHZ,3026826.5
2022-01-31,2022-01-31,VRSB,1107348
2022-01-31,2022-01-31,VRSBP,110640
2022-01-31,2022-01-31,VSMO,34324480
2022-01-31,2022-01-31,VSYD,85975
2022-01-31,2022-01-31,VSYDP,64400
2022-01-31,2022-01-31,VTBR,4135855666.6
2022-01-31,2022-01-31,WTCM,135806
2022-01-31,2022-01-31,WTCMP,186712
2022-01-31,2022-01-31,YAKG,12114392.5
2022-01-31,2022-01-31,YKEN,323790
2022-01-31,2022-01-31,YKENP,23085
2022-01-31,2022-01-31,YNDX,9554218141.8
2022-01-31,2022-01-31,YRSB,3700
2022-01-31,2022-01-31,YRSBP,875
2022-01-31,2022-01-31,ZILL,1122180
2022-01-31,2022-01-31,ZVEZ,57645
2022-02-28,2022-02-25,ABRD,8068765
2022-02-28,2022-02-25,ACKO,0
2022-02-28,2022-02-25,AFKS,1609438956.5
2022-02-28,2022-02-25,AFLT,1005428739.8
2022-02-28,2022-02-25,AGRO,364467277.8
2022-02-28,2022-02-25,AKRN,105627176
2022-02-28,2022-02-25,ALRS,6168122976.7
2022-02-28,2022-02-25,AMEZ,14437066
2022-02-28,2022-02-25,APTK,13874568.9
2022-02-28,2022-02-25,AQUA,20329465
2022-02-28,2022-02-25,ARSA,1084350
2022-02-28,2022-02-25,ASSB,252992.5
2022-02-28,2022-02-25,AVAN,259475
2022-02-28,2022-02-25,BANE,13211461
2022-02-28,2022-02-25,BANEP,211492340
2022-02-28,2022-02-25,BELU,78999313
2022-02-28,2022-02-25,BISV,0
2022-02-28,2022-02-25,BISVP,349830
2022-02-28,2022-02-25,BLNG,2723849
2022-02-28,2022-02-25,BRZL,1118841
2022-02-28,2022-02-25,BSPB,77707377.5
2022-02-28,2022-02-25,BSPBP,534025
2022-02-28,2022-02-25,CBOM,368443432.8
2022-02-28,2022-02-25,CHEP,0
2022-02-28,2022-02-25,CHGZ,392944
2022-02-28,2022-02-25,CHKZ,688200
2022-02-28,2022-02-25,CHMF,2774358937
2022-02-28,2022-02-25,CHMK,6599330
2022-02-28,2022-02-25,CIAN,41758062.6
2022-02-28,2022-02-25,CNTL,2325320
2022-02-28,2022-02-25,CNTLP,1071804
2022-02-28,2022-02-25,DERZP,0
2022-02-28,2022-02-25,DIOD,822775
2022-02-28,2022-02-25,DSKY,799081947.8
2022-02-28,2022-02-25,DVEC,1682342
2022-02-28,2022-02-25,DZRD,11265
2022-02-28,2022-02-25,DZRDP,65090
2022-02-28,2022-02-25,EELT,156101.4
2022-02-28,2022-02-25,ELTZ,88425
2022-02-28,2022-02-25,EM44,0
2022-02-28,2022-02-25,ENPG,477807163
2022-02-28,2022-02-25,ENRU,35154544
2022-02-28,2022-02-25,ETLN,61463701.96
2022-02-28,2022-02-25,FEES,387122101.6
2022-02-28,2022-02-25,FESH,45052116
2022-02-28,2022-02-25,FIVE,1506853391.5
2022-02-28,2022-02-25,FIXP,240394272.9
2022-02-28,2022-02-25,FLOT,57819670.2
2022-02-28,2022-02-25,GAZA,712920
2022-02-28,2022-02-25,GAZAP,545375
2022-02-28,2022-02-25,GAZC,0
2022-02-28,2022-02-25,GAZP,46878977855.9
2022-02-28,2022-02-25,GAZS,0
2022-02-28,2022-02-25,GAZT,0
2022-02-28,2022-02-25,GCHE,24046069
2022-02-28,2022-02-25,GEMA,882357
2022-02-28,2022-02-25,GEMC,13072258.8
2022-02-28,2022-02-25,GLTR,356641196.5
2022-02-28,2022-02-25,GMKN,9188224688
2022-02-28,2022-02-25,GTRK,580126
2022-02-28,2022-02-25,GTSS,0
2022-02-28,2022-02-25,HHRU,108381532
2022-02-28,2022-02-25,HIMC,0
2022-02-28,2022-02-25,HIMCP,1893728
2022-02-28,2022-02-25,HMSG,1045765
2022-02-28,2022-02-25,HYDR,565477889.9
2022-02-28,2022-02-25,IGST,2033306
2022-02-28,2022-02-25,IGSTP,2824594
2022-02-28,2022-02-25,INGR,16289442
2022-02-28,2022-02-25,IRAO,1570384087
2022-02-28,2022-02-25,IRGZ,0
2022-02-28,2022-02-25,IRKT,2645318
2022-02-28,2022-02-25,ISKJ,43945382.4
2022-02-28,2022-02-25,JNOS,182815
2022-02-28,2022-02-25,JNOSP,318590
2022-02-28,2022-02-25,KAZT,8272368
2022-02-28,2022-02-25,KAZTP,3001042
2022-02-28,2022-02-25,KBSB,31115
2022-02-28,2022-02-25,KCHE,86135
2022-02-28,2022-02-25,KCHEP,25070
2022-02-28,2022-02-25,KGKC,18936
2022-02-28,2022-02-25,KGKCP,247268
2022-02-28,2022-02-25,KLSB,1847705
2022-02-28,2022-02-25,KMAZ,15158853
2022-02-28,2022-02-25,KMEZ,98925
2022-02-28,2022-02-25,KMTZ,0
2022-02-28,2022-02-25,KOGK,2751800
2022-02-28,2022-02-25,KRKN,640100
2022-02-28,2022-02-25,KRKNP,10121860
2022-02-28,2022-02-25,KRKO,0
2022-02-28,2022-02-25,KRKOP,29410
2022-02-28,2022-02-25,KROT,870330
2022-02-28,2022-02-25,KROTP,54190
2022-02-28,2022-02-25,KRSB,496666
2022-02-28,2022-02-25,KRSBP,180406
2022-02-28,2022-02-25,KSGR,0
2022-02-28,2022-02-25,KTSB,124284
2022-02-28,2022-02-25,KTSBP,148605
2022-02-28,2022-02-25,KUBE,180857
2022-02-28,2022-02-25,KUZB,355516.9
2022-02-28,2022-02-25,KZMS,0
2022-02-28,2022-02-25,KZOS,5621053
2022-02-28,2022-02-25,KZOSP,8834243.5
2022-02-28,2022-02-25,LENT,7236028.5
2022-02-28,2022-02-25,LIFE,8684894.5
2022-02-28,2022-02-25,LKOH,10098149463
2022-02-28,2022-02-25,LNTA,30986659.1
2022-02-28,2022-02-25,LNZL,10201250
2022-02-28,2022-02-25,LNZLP,7473340
2022-02-28,2022-02-25,LPSB,75705
2022-02-28,2022-02-25,LSNG,4008009
2022-02-28,2022-02-25,LSNGP,84379209.5
2022-02-28,2022-02-25,LSRG,60287846.4
2022-02-28,2022-02-25,LVHK,430842
2022-02-28,2022-02-25,MAGE,232774
2022-02-28,2022-02-25,MAGEP,499418
2022-02-28,2022-02-25,MAGN,2276751243.4
2022-02-28,2022-02-25,MDMG,29138292.3
2022-02-28,2022-02-25,MFGS,90270
2022-02-28,2022-02-25,MFGSP,280760
2022-02-28,2022-02-25,MFON,0
2022-02-28,2022-02-25,MGNT,4118134779.5
2022-02-28,2022-02-25,MGNZ,8463110
2022-02-28,2022-02-25,MGTS,106135
2022-02-28,2022-02-25,MGTSP,3420098
2022-02-28,2022-02-25,MISB,58300
2022-02-28,2022-02-25,MISBP,74500
2022-02-28,2022-02-25,MOEX,2354775852.3
2022-02-28,2022-02-25,MORI,0
2022-02-28,2022-02-25,MRKC,32743249.2
2022-02-28,2022-02-25,MRKK,228618.8
2022-02-28,2022-02-25,MRKP,35322723
2022-02-28,2022-02-25,MRKS,2095740
2022-02-28,2022-02-25,MRKU,2423268
2022-02-28,2022-02-25,MRKV,6668866.5
2022-02-28,2022-02-25,MRKY,1155284.5
2022-02-28,2022-02-25,MRKZ,9974529
2022-02-28,2022-02-25,MRSB,201070
2022-02-28,2022-02-25,MSNG,22412719.5
2022-02-28,2022-02-25,MSRS,9273881.5
2022-02-28,2022-02-25,MSTT,567549
2022-02-28,2022-02-25,MTLR,1791402416.95
2022-02-28,2022-02-25,MTLRP,1098203919
2022-02-28,2022-02-25,MTSS,1371082276.5
2022-02-28,2022-02-25,MVID,323581215.2
2022-02-28,2022-02-25,NAUK,522830
2022-02-28,2022-02-25,NFAZ,4008955
2022-02-28,2022-02-25,NKHP,699485
2022-02-28,2022-02-25,NKNC,9312423.5
2022-02-28,2022-02-25,NKNCP,104263443.6
2022-02-28,2022-02-25,NKSH,195060
2022-02-28,2022-02-25,NLMK,3932198659.4
2022-02-28,2022-02-25,NMTP,37635012
2022-02-28,2022-02-25,NNSB,17800
2022-02-28,2022-02-25,NNSBP,48409
2022-02-28,2022-02-25,NPOF,0
2022-02-28,2022-02-25,NSVZ,347735
2022-02-28,2022-02-25,NVTK,2577262253.2
2022-02-28,2022-02-25,OGKB,128268279.2
2022-02-28,2022-02-25,OKEY,4159465.7
2022-02-28,2022-02-25,OMZZP,115415
2022-02-28,2022-02-25,OZON,1430965565
2022-02-28,2022-02-25,PAZA,77000
2022-02-28,2022-02-25,PHOR,1300758080
2022-02-28,2022-02-25,PIKK,930952019
2022-02-28,2022-02-25,PLZL,3125863146
2022-02-28,2022-02-25,PMSB,1086889
2022-02-28,2022-02-25,PMSBP,524620
2022-02-28,2022-02-25,POGR,208977801.5
2022-02-28,2022-02-25,POLY,2909588875.5
2022-02-28,2022-02-25,POSI,10622902.4
2022-02-28,2022-02-25,PRMB,75000
2022-02-28,2022-02-25,QIWI,95013865
2022-02-28,2022-02-25,RASP,1920716176.5
2022-02-28,2022-02-25,RAVN,36415
2022-02-28,2022-02-25,RBCM,377120
2022-02-28,2022-02-25,RDRB,2085220
2022-02-28,2022-02-25,RENI,4190353.4
2022-02-28,2022-02-25,RGSS,743151.2
2022-02-28,2022-02-25,RKKE,743130
2022-02-28,2022-02-25,RNFT,86034147
2022-02-28,2022-02-25,ROLO,6352735
2022-02-28,2022-02-25,ROSB,630192
2022-02-28,2022-02-25,ROSN,10316499575.3
2022-02-28,2022-02-25,ROST,164908
2022-02-28,2022-02-25,RSTI,230698372.8
2022-02-28,2022-02-25,RSTIP,12256470
2022-02-28,2022-02-25,RTGZ,0
2022-02-28,2022-02-25,RTKM,438438778
2022-02-28,2022-02-25,RTKMP,30391194
2022-02-28,2022-02-25,RTSB,95408
2022-02-28,2022-02-25,RTSBP,59470
2022-02-28,2022-02-25,RUAL,2918118456.3
2022-02-28,2022-02-25,RUGR,1930420.7
2022-02-28,2022-02-25,RUSI,322214
2022-02-28,2022-02-25,RUSP,0
2022-02-28,2022-02-25,RZSB,1258880
2022-02-28,2022-02-25,SAGO,633276
2022-02-28,2022-02-25,SAGOP,352520
2022-02-28,2022-02-25,SARE,231982
2022-02-28,2022-02-25,SAREP,40086
2022-02-28,2022-02-25,SBER,51769813725.2
2022-02-28,2022-02-25,SBERP,4254657628.2
2022-02-28,2022-02-25,SELG,21279115
2022-02-28,2022-02-25,SFIN,1775018
2022-02-28,2022-02-25,SFTL,31964911
2022-02-28,2022-02-25,SGZH,307632654.4
2022-02-28,2022-02-25,SIBN,398256569
2022-02-28,2022-02-25,SLEN,372401
2022-02-28,2022-02-25,SMLT,127944113
2022-02-28,2022-02-25,SNGS,1526070539.5
2022-02-28,2022-02-25,SNGSP,1828703787.5
2022-02-28,2022-02-25,SPBE,38593633.2
2022-02-28,2022-02-25,STSB,80149.5
2022-02-28,2022-02-25,STSBP,484813
2022-02-28,2022-02-25,SVAV,4800685
2022-02-28,2022-02-25,SVET,295919.15
2022-02-28,2022-02-25,TASB,76505
2022-02-28,2022-02-25,TASBP,270245
2022-02-28,2022-02-25,TATN,1477112331.1
2022-02-28,2022-02-25,TATNP,448599293.6
2022-02-28,2022-02-25,TCSG,8690252805
2022-02-28,2022-02-25,TGKA,50249800
2022-02-28,2022-02-25,TGKB,4953515
2022-02-28,2022-02-25,TGKBP,351768
2022-02-28,2022-02-25,TGKD,10085050.5
2022-02-28,2022-02-25,TGKDP,2201916
2022-02-28,2022-02-25,TGKN,3523880
2022-02-28,2022-02-25,TNSE,12580
2022-02-28,2022-02-25,TORS,40430
2022-02-28,2022-02-25,TORSP,35125
2022-02-28,2022-02-25,TRCN,0
2022-02-28,2022-02-25,TRFM,0
2022-02-28,2022-02-25,TRMK,51389485.4
2022-02-28,2022-02-25,TRNFP,781331150
2022-02-28,2022-02-25,TTLK,7303600.5
2022-02-28,2022-02-25,TUZA,630710
2022-02-28,2022-02-25,UCSS,27400
2022-02-28,2022-02-25,UKUZ,1239888
2022-02-28,2022-02-25,UNAC,6315505.5
2022-02-28,2022-02-25,UNKL,922790
2022-02-28,2022-02-25,UPRO,194270672
2022-02-28,2022-02-25,URKA,0
2022-02-28,2022-02-25,URKZ,1047200
2022-02-28,2022-02-25,USBN,889201
2022-02-28,2022-02-25,UTAR,885895
2022-02-28,2022-02-25,VEON-RX,3240083.5
2022-02-28,2022-02-25,VGSB,179045
2022-02-28,2022-02-25,VGSBP,117260
2022-02-28,2022-02-25,VJGZ,355264
2022-02-28,2022-02-25,VJGZP,638681
2022-02-28,2022-02-25,VKCO,1058084399.6
2022-02-28,2022-02-25,VLHZ,2167398
2022-02-28,2022-02-25,VRSB,1519504
2022-02-28,2022-02-25,VRSBP,166040
2022-02-28,2022-02-25,VSMO,47673220
2022-02-28,2022-02-25,VSYD,196220
2022-02-28,2022-02-25,VSYDP,151880
2022-02-28,2022-02-25,VTBR,4460680826.2
2022-02-28,2022-02-25,WTCM,78856
2022-02-28,2022-02-25,WTCMP,91318
2022-02-28,2022-02-25,YAKG,8494112.5
2022-02-28,2022-02-25,YKEN,123680
2022-02-28,2022-02-25,YKENP,53855
2022-02-28,2022-02-25,YNDX,12013241254.8
2022-02-28,2022-02-25,YRSB,165200
2022-02-28,2022-02-25,YRSBP,20665
2022-02-28,2022-02-25,ZILL,2968340
2022-02-28,2022-02-25,ZVEZ,310525
2022-03-31,2022-03-31,ABRD,13557580
2022-03-31,2022-03-31,ACKO,0
2022-03-31,2022-03-31,AFKS,1070786112.3
2022-03-31,2022-03-31,AFLT,1539353930.4
2022-03-31,2022-03-31,AGRO,432567899
2022-03-31,2022-03-31,AKRN,359836300
2022-03-31,2022-03-31,ALRS,1058114251.4
2022-03-31,2022-03-31,AMEZ,13918146
2022-03-31,2022-03-31,APTK,10128170.44
2022-03-31,2022-03-31,AQUA,18377950.5
2022-03-31,2022-03-31,ARSA,3494410
2022-03-31,2022-03-31,ASSB,228839
2022-03-31,2022-03-31,AVAN,325485
2022-03-31,2022-03-31,BANE,13077538
2022-03-31,2022-03-31,BANEP,82301159
2022-03-31,2022-03-31,BELU,51227203
2022-03-31,2022-03-31,BISV,0
2022-03-31,2022-03-31,BISVP,1034775
2022-03-31,2022-03-31,BLNG,2908092.5
2022-03-31,2022-03-31,BRZL,1033937
2022-03-31,2022-03-31,BSPB,48883453.2
2022-03-31,2022-03-31,BSPBP,992245
2022-03-31,2022-03-31,CBOM,268428662.8
2022-03-31,2022-03-31,CHEP,0
2022-03-31,2022-03-31,CHGZ,1625004
2022-03-31,2022-03-31,CHKZ,365500
2022-03-31,2022-03-31,CHMF,1284702788.6
2022-03-31,2022-03-31,CHMK,4377970
2022-03-31,2022-03-31,CIAN,39462569
2022-03-31,2022-03-31,CNTL,2008142
2022-03-31,2022-03-31,CNTLP,2041064
2022-03-31,2022-03-31,DERZP,0
2022-03-31,2022-03-31,DIOD,1074343
2022-03-31,2022-03-31,DSKY,231660612.2
2022-03-31,2022-03-31,DVEC,2828978
2022-03-31,2022-03-31,DZRD,54195
2022-03-31,2022-03-31,DZRDP,138480
2022-03-31,2022-03-31,EELT,446854.8
2022-03-31,2022-03-31,ELTZ,136210.5
2022-03-31,2022-03-31,EM44,0
2022-03-31,2022-03-31,ENPG,449332849.5
2022-03-31,2022-03-31,ENRU,73369055
2022-03-31,2022-03-31,ETLN,25433095.98
2022-03-31,2022-03-31,FEES,148841485.2
2022-03-31,2022-03-31,FESH,27406398
2022-03-31,2022-03-31,FIVE,495968183
2022-03-31,2022-03-31,FIXP,217856971.5
2022-03-31,2022-03-31,FLOT,155456647.3
2022-03-31,2022-03-31,GAZA,1176625
2022-03-31,2022-03-31,GAZAP,1001540
2022-03-31,2022-03-31,GAZC,0
2022-03-31,2022-03-31,GAZP,19803292468.6
2022-03-31,2022-03-31,GAZS,0
2022-03-31,2022-03-31,GAZT,0
2022-03-31,2022-03-31,GCHE,40519757.5
2022-03-31,2022-03-31,GEMA,2606262.5
2022-03-31,2022-03-31,GEMC,8827369
2022-03-31,2022-03-31,GLTR,102389124.4
2022-03-31,2022-03-31,GMKN,2119000288
2022-03-31,2022-03-31,GTRK,2195029.5
2022-03-31,2022-03-31,GTSS,0
2022-03-31,2022-03-31,HHRU,73323449
2022-03-31,2022-03-31,HIMC,0
2022-03-31,2022-03-31,HIMCP,1454266
2022-03-31,2022-03-31,HMSG,11422425
2022-03-31,2022-03-31,HYDR,151023053.2
2022-03-31,2022-03-31,IGST,988226
2022-03-31,2022-03-31,IGSTP,1474980
2022-03-31,2022-03-31,INGR,5996820
2022-03-31,2022-03-31,IRAO,760608913.15
2022-03-31,2022-03-31,IRGZ,0
2022-03-31,2022-03-31,IRKT,29038804
2022-03-31,2022-03-31,ISKJ,138475581.8
2022-03-31,2022-03-31,JNOS,258480
2022-03-31,2022-03-31,JNOSP,563208
2022-03-31,2022-03-31,KAZT,63206906
2022-03-31,2022-03-31,KAZTP,21331966
2022-03-31,2022-03-31,KBSB,135400
2022-03-31,2022-03-31,KCHE,218965
2022-03-31,2022-03-31,KCHEP,108340
2022-03-31,2022-03-31,KGKC,41528
2022-03-31,2022-03-31,KGKCP,146950
2022-03-31,2022-03-31,KLSB,5629915
2022-03-31,2022-03-31,KMAZ,39100630
2022-03-31,2022-03-31,KMEZ,139624
2022-03-31,2022-03-31,KMTZ,0
2022-03-31,2022-03-31,KOGK,2785200
2022-03-31,2022-03-31,KRKN,1861450
2022-03-31,2022-03-31,KRKNP,7121160
2022-03-31,2022-03-31,KRKO,0
2022-03-31,2022-03-31,KRKOP,140952
2022-03-31,2022-03-31,KROT,3214450
2022-03-31,2022-03-31,KROTP,1064350
2022-03-31,2022-03-31,KRSB,551819
2022-03-31,2022-03-31,KRSBP,307898
2022-03-31,2022-03-31,KSGR,0
2022-03-31,2022-03-31,KTSB,818534
2022-03-31,2022-03-31,KTSBP,619130
2022-03-31,2022-03-31,KUBE,474862
2022-03-31,2022-03-31,KUZB,669410
2022-03-31,2022-03-31,KZMS,0
2022-03-31,2022-03-31,KZOS,7610517
2022-03-31,2022-03-31,KZOSP,17140466.5
2022-03-31,2022-03-31,LENT,22371692.5
2022-03-31,2022-03-31,LIFE,17376515
2022-03-31,2022-03-31,LKOH,2501517955.5
2022-03-31,2022-03-31,LNTA,63473105.9
2022-03-31,2022-03-31,LNZL,5715320
2022-03-31,2022-03-31,LNZLP,13552305
2022-03-31,2022-03-31,LPSB,436955
2022-03-31,2022-03-31,LSNG,7345392
2022-03-31,2022-03-31,LSNGP,58313699
2022-03-31,2022-03-31,LSRG,53161899.4
2022-03-31,2022-03-31,LVHK,3218476
2022-03-31,2022-03-31,MAGE,343588
2022-03-31,2022-03-31,MAGEP,792830
2022-03-31,2022-03-31,MAGN,1406287872.8
2022-03-31,2022-03-31,MDMG,20400142.9
2022-03-31,2022-03-31,MFGS,189860
2022-03-31,2022-03-31,MFGSP,221675
2022-03-31,2022-03-31,MFON,0
2022-03-31,2022-03-31,MGNT,1310043806.5
2022-03-31,2022-03-31,MGNZ,15797320
2022-03-31,2022-03-31,MGTS,176075
2022-03-31,2022-03-31,MGTSP,4829894
2022-03-31,2022-03-31,MISB,69260
2022-03-31,2022-03-31,MISBP,20130
2022-03-31,2022-03-31,MOEX,786785368.3
2022-03-31,2022-03-31,MORI,0
2022-03-31,2022-03-31,MRKC,29514153.6
2022-03-31,2022-03-31,MRKK,496647.2
2022-03-31,2022-03-31,MRKP,40025253
2022-03-31,2022-03-31,MRKS,3170700
2022-03-31,2022-03-31,MRKU,1708886
2022-03-31,2022-03-31,MRKV,16298646.5
2022-03-31,2022-03-31,MRKY,1075580.5
2022-03-31,2022-03-31,MRKZ,22104776.5
2022-03-31,2022-03-31,MRSB,1525980
2022-03-31,2022-03-31,MSNG,31381606
2022-03-31,2022-03-31,MSRS,7150195.5
2022-03-31,2022-03-31,MSTT,926600.5
2022-03-31,2022-03-31,MTLR,792884260.52
2022-03-31,2022-03-31,MTLRP,471983585
2022-03-31,2022-03-31,MTSS,905231279.5
2022-03-31,2022-03-31,MVID,208850740
2022-03-31,2022-03-31,NAUK,4136704
2022-03-31,2022-03-31,NFAZ,27313405
2022-03-31,2022-03-31,NKHP,7646815
2022-03-31,2022-03-31,NKNC,15826124.5
2022-03-31,2022-03-31,NKNCP,41436496.8
2022-03-31,2022-03-31,NKSH,1170568
2022-03-31,2022-03-31,NLMK,1134166199.8
2022-03-31,2022-03-31,NMTP,69404319
2022-03-31,2022-03-31,NNSB,70580
2022-03-31,2022-03-31,NNSBP,132821
2022-03-31,2022-03-31,NPOF,0
2022-03-31,2022-03-31,NSVZ,1301270
2022-03-31,2022-03-31,NVTK,1123081840.8
2022-03-31,2022-03-31,OGKB,93685306.7
2022-03-31,2022-03-31,OKEY,75387222.5
2022-03-31,2022-03-31,OMZZP,159360
2022-03-31,2022-03-31,OZON,1646419609
2022-03-31,2022-03-31,PAZA,473520
2022-03-31,2022-03-31,PHOR,1550155983
2022-03-31,2022-03-31,PIKK,472240878.2
2022-03-31,2022-03-31,PLZL,1067332675.5
2022-03-31,2022-03-31,PMSB,743868
2022-03-31,2022-03-31,PMSBP,551928
2022-03-31,2022-03-31,POGR,161971466.5
2022-03-31,2022-03-31,POLY,624824914.1
2022-03-31,2022-03-31,POSI,122681073
2022-03-31,2022-03-31,PRMB,0
2022-03-31,2022-03-31,QIWI,73920098.5
2022-03-31,2022-03-31,RASP,608948954
2022-03-31,2022-03-31,RAVN,0
2022-03-31,2022-03-31,RBCM,1428356
2022-03-31,2022-03-31,RDRB,119940
2022-03-31,2022-03-31,RENI,112505266.1
2022-03-31,2022-03-31,RGSS,3260081.6
2022-03-31,2022-03-31,RKKE,1200420
2022-03-31,2022-03-31,RNFT,60542750.4
2022-03-31,2022-03-31,ROLO,8385230
2022-03-31,2022-03-31,ROSB,416056
2022-03-31,2022-03-31,ROSN,3189263009.9
2022-03-31,2022-03-31,ROST,11976924
2022-03-31,2022-03-31,RSTI,212066223.5
2022-03-31,2022-03-31,RSTIP,19053380
2022-03-31,2022-03-31,RTGZ,1186200
2022-03-31,2022-03-31,RTKM,173737674.3
2022-03-31,2022-03-31,RTKMP,41373614.5
2022-03-31,2022-03-31,RTSB,358306
2022-03-31,2022-03-31,RTSBP,337664
2022-03-31,2022-03-31,RUAL,722478479.3
2022-03-31,2022-03-31,RUGR,109046348.6
2022-03-31,2022-03-31,RUSI,672799
2022-03-31,2022-03-31,RUSP,0
2022-03-31,2022-03-31,RZSB,705256
2022-03-31,2022-03-31,SAGO,483416
2022-03-31,2022-03-31,SAGOP,101432
2022-03-31,2022-03-31,SARE,149646
2022-03-31,2022-03-31,SAREP,44474
2022-03-31,2022-03-31,SBER,16669448877.5
2022-03-31,2022-03-31,SBERP,1288317617.9
2022-03-31,2022-03-31,SELG,40971652.2
2022-03-31,2022-03-31,SFIN,1546522
2022-03-31,2022-03-31,SFTL,84197329.4
2022-03-31,2022-03-31,SGZH,420681882.7
2022-03-31,2022-03-31,SIBN,190285918.6
2022-03-31,2022-03-31,SLEN,604191.5
2022-03-31,2022-03-31,SMLT,769581976.5
2022-03-31,2022-03-31,SNGS,940008559
2022-03-31,2022-03-31,SNGSP,685599605.5
2022-03-31,2022-03-31,SPBE,50157206.2
2022-03-31,2022-03-31,STSB,213504.5
2022-03-31,2022-03-31,STSBP,235788
2022-03-31,2022-03-31,SVAV,3136780
2022-03-31,2022-03-31,SVET,1338441.3
2022-03-31,2022-03-31,TASB,761084
2022-03-31,2022-03-31,TASBP,300300
2022-03-31,2022-03-31,TATN,600273022
2022-03-31,2022-03-31,TATNP,354554220.3
2022-03-31,2022-03-31,TCSG,2358170840.5
2022-03-31,2022-03-31,TGKA,39401743
2022-03-31,2022-03-31,TGKB,5223730
2022-03-31,2022-03-31,TGKBP,424061
2022-03-31,2022-03-31,TGKD,139662977
2022-03-31,2022-03-31,TGKDP,859787
2022-03-31,2022-03-31,TGKN,7032370
2022-03-31,2022-03-31,TNSE,34420
2022-03-31,2022-03-31,TORS,45210
2022-03-31,2022-03-31,TORSP,67525
2022-03-31,2022-03-31,TRCN,0
2022-03-31,2022-03-31,TRFM,0
2022-03-31,2022-03-31,TRMK,74813433
2022-03-31,2022-03-31,TRNFP,204181000
2022-03-31,2022-03-31,TTLK,10100432
2022-03-31,2022-03-31,TUZA,2462810
2022-03-31,2022-03-31,UCSS,393800
2022-03-31,2022-03-31,UKUZ,1236748
2022-03-31,2022-03-31,UNAC,32356309.5
2022-03-31,2022-03-31,UNKL,10420850
2022-03-31,2022-03-31,UPRO,174354217
2022-03-31,2022-03-31,URKA,0
2022-03-31,2022-03-31,URKZ,257080
2022-03-31,2022-03-31,USBN,1630216
2022-03-31,2022-03-31,UTAR,2544573
2022-03-31,2022-03-31,VEON-RX,6110146.5
2022-03-31,2022-03-31,VGSB,225780
2022-03-31,2022-03-31,VGSBP,120590
2022-03-31,2022-03-31,VJGZ,1930733
2022-03-31,2022-03-31,VJGZP,1447309
2022-03-31,2022-03-31,VKCO,1460417529.8
2022-03-31,2022-03-31,VLHZ,638128
2022-03-31,2022-03-31,VRSB,6687838
2022-03-31,2022-03-31,VRSBP,155762
2022-03-31,2022-03-31,VSMO,27084080
2022-03-31,2022-03-31,VSYD,302020
2022-03-31,2022-03-31,VSYDP,835200
2022-03-31,2022-03-31,VTBR,3452642015.95
2022-03-31,2022-03-31,WTCM,931680
2022-03-31,2022-03-31,WTCMP,718918
2022-03-31,2022-03-31,YAKG,4364126
2022-03-31,2022-03-31,YKEN,1164500
2022-03-31,2022-03-31,YKENP,415375
2022-03-31,2022-03-31,YNDX,3755740168.2
2022-03-31,2022-03-31,YRSB,47160
2022-03-31,2022-03-31,YRSBP,157385
2022-03-31,2022-03-31,ZILL,2876495
2022-03-31,2022-03-31,ZVEZ,435605
2022-04-30,2022-04-29,ABRD,13704640
2022-04-30,2022-04-29,ACKO,0
2022-04-30,2022-04-29,AFKS,143591972.3
2022-04-30,2022-04-29,AFLT,236918797
2022-04-30,2022-04-29,AGRO,42103893.6
2022-04-30,2022-04-29,AKRN,41208048
2022-04-30,2022-04-29,ALRS,271193992
2022-04-30,2022-04-29,AMEZ,13974945
2022-04-30,2022-04-29,APTK,5327083.04
2022-04-30,2022-04-29,AQUA,8103824.5
2022-04-30,2022-04-29,ARSA,217278
2022-04-30,2022-04-29,ASSB,68136
2022-04-30,2022-04-29,AVAN,16855
2022-04-30,2022-04-29,BANE,3673146
2022-04-30,2022-04-29,BANEP,25474759
2022-04-30,2022-04-29,BELU,14594933
2022-04-30,2022-04-29,BISV,0
2022-04-30,2022-04-29,BISVP,619975
2022-04-30,2022-04-29,BLNG,614423.5
2022-04-30,2022-04-29,BRZL,1910209
2022-04-30,2022-04-29,BSPB,28035753.4
2022-04-30,2022-04-29,BSPBP,585770
2022-04-30,2022-04-29,CBOM,354026573.8
2022-04-30,2022-04-29,CHGZ,67832
2022-04-30,2022-04-29,CHKZ,34640
2022-04-30,2022-04-29,CHMF,314801850
2022-04-30,2022-04-29,CHMK,5568940
2022-04-30,2022-04-29,CIAN,8161379
2022-04-30,2022-04-29,CNTL,153558
2022-04-30,2022-04-29,CNTLP,354492
2022-04-30,2022-04-29,DERZP,0
2022-04-30,2022-04-29,DIOD,1140731
2022-04-30,2022-04-29,DSKY,58127810
2022-04-30,2022-04-29,DVEC,3218671
2022-04-30,2022-04-29,DZRD,533040
2022-04-30,2022-04-29,DZRDP,2193950
2022-04-30,2022-04-29,EELT,67970.8
2022-04-30,2022-04-29,ELTZ,128844
2022-04-30,2022-04-29,EM44,0
2022-04-30,2022-04-29,ENPG,36317445
2022-04-30,2022-04-29,ENRU,11239974
2022-04-30,2022-04-29,ETLN,18333102.64
2022-04-30,2022-04-29,FEES,31557165.4
2022-04-30,2022-04-29,FESH,46516435
2022-04-30,2022-04-29,FIVE,45288012.5
2022-04-30,2022-04-29,FIXP,12220397.3
2022-04-30,2022-04-29,FLOT,9533734.2
2022-04-30,2022-04-29,GAZA,72160
2022-04-30,2022-04-29,GAZAP,69875
2022-04-30,2022-04-29,GAZC,0
2022-04-30,2022-04-29,GAZP,10522782313.1
2022-04-30,2022-04-29,GAZS,0
2022-04-30,2022-04-29,GAZT,0
2022-04-30,2022-04-29,GCHE,11032855.5
2022-04-30,2022-04-29,GEMA,558799
2022-04-30,2022-04-29,GEMC,1600725.4
2022-04-30,2022-04-29,GLTR,21978746.6
2022-04-30,2022-04-29,GMKN,1118667444
2022-04-30,2022-04-29,GTRK,24683643
2022-04-30,2022-04-29,GTSS,0
2022-04-30,2022-04-29,HHRU,1530636
2022-04-30,2022-04-29,HIMC,0
2022-04-30,2022-04-29,HIMCP,307552
2022-04-30,2022-04-29,HMSG,137340
2022-04-30,2022-04-29,HYDR,110492930.6
2022-04-30,2022-04-29,IGST,377406
2022-04-30,2022-04-29,IGSTP,616826
2022-04-30,2022-04-29,INGR,8095284
2022-04-30,2022-04-29,IRAO,259396391.7
2022-04-30,2022-04-29,IRGZ,0
2022-04-30,2022-04-29,IRKT,1692726
2022-04-30,2022-04-29,ISKJ,27357159.8
2022-04-30,2022-04-29,JNOS,189995
2022-04-30,2022-04-29,JNOSP,353838
2022-04-30,2022-04-29,KAZT,5585284
2022-04-30,2022-04-29,KAZTP,1951308
2022-04-30,2022-04-29,KBSB,23480
2022-04-30,2022-04-29,KCHE,115390
2022-04-30,2022-04-29,KCHEP,29650
2022-04-30,2022-04-29,KGKC,1970
2022-04-30,2022-04-29,KGKCP,22438
2022-04-30,2022-04-29,KLSB,1057302
2022-04-30,2022-04-29,KMAZ,4747649
2022-04-30,2022-04-29,KMEZ,183043
2022-04-30,2022-04-29,KMTZ,0
2022-04-30,2022-04-29,KOGK,237200
2022-04-30,2022-04-29,KRKN,473850
2022-04-30,2022-04-29,KRKNP,8811480
2022-04-30,2022-04-29,KRKO,0
2022-04-30,2022-04-29,KRKOP,14115
2022-04-30,2022-04-29,KROT,178910
2022-04-30,2022-04-29,KROTP,138680
2022-04-30,2022-04-29,KRSB,1519392
2022-04-30,2022-04-29,KRSBP,411434
2022-04-30,2022-04-29,KSGR,0
2022-04-30,2022-04-29,KTSB,18544
2022-04-30,2022-04-29,KTSBP,11945
2022-04-30,2022-04-29,KUBE,94126
2022-04-30,2022-04-29,KUZB,366562.8
2022-04-30,2022-04-29,KZMS,0
2022-04-30,2022-04-29,KZOS,628348
2022-04-30,2022-04-29,KZOSP,1889520.4
2022-04-30,2022-04-29,LENT,3322710
2022-04-30,2022-04-29,LIFE,12788344.5
2022-04-30,2022-04-29,LKOH,3959317350.5
2022-04-30,2022-04-29,LNZL,92656970
2022-04-30,2022-04-29,LNZLP,51009980
2022-04-30,2022-04-29,LPSB,283195
2022-04-30,2022-04-29,LSNG,7797616
2022-04-30,2022-04-29,LSNGP,44591069.5
2022-04-30,2022-04-29,LSRG,13652264.4
2022-04-30,2022-04-29,LVHK,400693
2022-04-30,2022-04-29,MAGE,663039
2022-04-30,2022-04-29,MAGEP,295023
2022-04-30,2022-04-29,MAGN,366444941.55
2022-04-30,2022-04-29,MDMG,9844502.7
2022-04-30,2022-04-29,MFGS,55005
2022-04-30,2022-04-29,MFGSP,20655
2022-04-30,2022-04-29,MFON,0
2022-04-30,2022-04-29,MGNT,1157580265.5
2022-04-30,2022-04-29,MGNZ,809290
2022-04-30,2022-04-29,MGTS,63660
2022-04-30,2022-04-29,MGTSP,1055002
2022-04-30,2022-04-29,MISB,107810
2022-04-30,2022-04-29,MISBP,10190
2022-04-30,2022-04-29,MOEX,168676560.9
2022-04-30,2022-04-29,MORI,0
2022-04-30,2022-04-29,MRKC,10148701.2
2022-04-30,2022-04-29,MRKK,26603.6
2022-04-30,2022-04-29,MRKP,4389491
2022-04-30,2022-04-29,MRKS,939955
2022-04-30,2022-04-29,MRKU,7991700
2022-04-30,2022-04-29,MRKV,1124699
2022-04-30,2022-04-29,MRKY,340276
2022-04-30,2022-04-29,MRKZ,2314955.5
2022-04-30,2022-04-29,MRSB,152720
2022-04-30,2022-04-29,MSNG,7814727.5
2022-04-30,2022-04-29,MSRS,780618
2022-04-30,2022-04-29,MSTT,167691
2022-04-30,2022-04-29,MTLR,356873754.5
2022-04-30,2022-04-29,MTLRP,158923147.5
2022-04-30,2022-04-29,MTSS,230451497
2022-04-30,2022-04-29,MVID,49586706.3
2022-04-30,2022-04-29,NAUK,149894
2022-04-30,2022-04-29,NFAZ,360700
2022-04-30,2022-04-29,NKHP,2771900
2022-04-30,2022-04-29,NKNC,3510071.5
2022-04-30,2022-04-29,NKNCP,19374809.4
2022-04-30,2022-04-29,NKSH,368096
2022-04-30,2022-04-29,NLMK,282804142.2
2022-04-30,2022-04-29,NMTP,9976199
2022-04-30,2022-04-29,NNSB,14845
2022-04-30,2022-04-29,NNSBP,70201
2022-04-30,2022-04-29,NPOF,0
2022-04-30,2022-04-29,NSVZ,266115
2022-04-30,2022-04-29,NVTK,1163873732.6
2022-04-30,2022-04-29,OGKB,15245668
2022-04-30,2022-04-29,OKEY,3799414.7
2022-04-30,2022-04-29,OMZZP,271510
2022-04-30,2022-04-29,OZON,121087549.5
2022-04-30,2022-04-29,PAZA,22480
2022-04-30,2022-04-29,PHOR,532437588
2022-04-30,2022-04-29,PIKK,625991790.4
2022-04-30,2022-04-29,PLZL,546970752.5
2022-04-30,2022-04-29,PMSB,3643117
2022-04-30,2022-04-29,PMSBP,2160278
2022-04-30,2022-04-29,POGR,46161236.5
2022-04-30,2022-04-29,POLY,168326442.2
2022-04-30,2022-04-29,POSI,29557326.4
2022-04-30,2022-04-29,PRMB,451400
2022-04-30,2022-04-29,QIWI,6298846
2022-04-30,2022-04-29,RASP,129302476
2022-04-30,2022-04-29,RAVN,0
2022-04-30,2022-04-29,RBCM,700013.6
2022-04-30,2022-04-29,RDRB,627140
2022-04-30,2022-04-29,RENI,1156428.4
2022-04-30,2022-04-29,RGSS,2110171.2
2022-04-30,2022-04-29,RKKE,1338940
2022-04-30,2022-04-29,RNFT,31385068.2
2022-04-30,2022-04-29,ROLO,6788282
2022-04-30,2022-04-29,ROSB,0
2022-04-30,2022-04-29,ROSN,1178206609.25
2022-04-30,2022-04-29,ROST,508764
2022-04-30,2022-04-29,RSTI,10009364.9
2022-04-30,2022-04-29,RSTIP,3618816
2022-04-30,2022-04-29,RTGZ,665200
2022-04-30,2022-04-29,RTKM,30543447.6
2022-04-30,2022-04-29,RTKMP,6265843
2022-04-30,2022-04-29,RTSB,1287826
2022-04-30,2022-04-29,RTSBP,175502
2022-04-30,2022-04-29,RUAL,172279362.55
2022-04-30,2022-04-29,RUGR,8497161.54
2022-04-30,2022-04-29,RUSI,482340
2022-04-30,2022-04-29,RUSP,0
2022-04-30,2022-04-29,RZSB,1029462
2022-04-30,2022-04-29,SAGO,837558
2022-04-30,2022-04-29,SAGOP,527482
2022-04-30,2022-04-29,SARE,306468
2022-04-30,2022-04-29,SAREP,53544
2022-04-30,2022-04-29,SBER,11075903085.1
2022-04-30,2022-04-29,SBERP,506649474.9
2022-04-30,2022-04-29,SELG,49130508.7
2022-04-30,2022-04-29,SFIN,198410
2022-04-30,2022-04-29,SFTL,2311752.3
2022-04-30,2022-04-29,SGZH,76359184.7
2022-04-30,2022-04-29,SIBN,99836329.35
2022-04-30,2022-04-29,SLEN,41445.5
2022-04-30,2022-04-29,SMLT,177739339.5
2022-04-30,2022-04-29,SNGS,182069326
2022-04-30,2022-04-29,SNGSP,143594773.5
2022-04-30,2022-04-29,SPBE,32008288.6
2022-04-30,2022-04-29,STSB,162801.5
2022-04-30,2022-04-29,STSBP,50285
2022-04-30,2022-04-29,SVAV,8619345
2022-04-30,2022-04-29,SVET,10582453.65
2022-04-30,2022-04-29,TASB,60845.5
2022-04-30,2022-04-29,TASBP,70575
2022-04-30,2022-04-29,TATN,280196331.7
2022-04-30,2022-04-29,TATNP,151035355.1
2022-04-30,2022-04-29,TCSG,1703351772
2022-04-30,2022-04-29,TGKA,7001259.4
2022-04-30,2022-04-29,TGKB,14086410
2022-04-30,2022-04-29,TGKBP,2403232
2022-04-30,2022-04-29,TGKD,2206082
2022-04-30,2022-04-29,TGKDP,879067.5
2022-04-30,2022-04-29,TGKN,667350
2022-04-30,2022-04-29,TNSE,43730
2022-04-30,2022-04-29,TORS,5540
2022-04-30,2022-04-29,TORSP,37005
2022-04-30,2022-04-29,TRCN,0
2022-04-30,2022-04-29,TRFM,0
2022-04-30,2022-04-29,TRMK,8690521.4
2022-04-30,2022-04-29,TRNFP,31929400
2022-04-30,2022-04-29,TTLK,3495364.5
2022-04-30,2022-04-29,TUZA,192715
2022-04-30,2022-04-29,UCSS,10495
2022-04-30,2022-04-29,UKUZ,365826
2022-04-30,2022-04-29,UNAC,2866233.5
2022-04-30,2022-04-29,UNKL,382630
2022-04-30,2022-04-29,UPRO,128864346
2022-04-30,2022-04-29,URKA,0
2022-04-30,2022-04-29,URKZ,114080
2022-04-30,2022-04-29,USBN,634371
2022-04-30,2022-04-29,UTAR,1501685
2022-04-30,2022-04-29,VEON-RX,3186045
2022-04-30,2022-04-29,VGSB,50420
2022-04-30,2022-04-29,VGSBP,58435
2022-04-30,2022-04-29,VJGZ,239249
2022-04-30,2022-04-29,VJGZP,128650
2022-04-30,2022-04-29,VKCO,326516925.8
2022-04-30,2022-04-29,VLHZ,686352
2022-04-30,2022-04-29,VRSB,11808848
2022-04-30,2022-04-29,VRSBP,920100
2022-04-30,2022-04-29,VSMO,28474060
2022-04-30,2022-04-29,VSYD,119470
2022-04-30,2022-04-29,VSYDP,31920
2022-04-30,2022-04-29,VTBR,2044059244
2022-04-30,2022-04-29,WTCM,1733190
2022-04-30,2022-04-29,WTCMP,5703318
2022-04-30,2022-04-29,YAKG,849678.5
2022-04-30,2022-04-29,YKEN,65630
2022-04-30,2022-04-29,YKENP,13025
2022-04-30,2022-04-29,YNDX,701053298.8
2022-04-30,2022-04-29,YRSB,71280
2022-04-30,2022-04-29,YRSBP,101160
2022-04-30,2022-04-29,ZILL,2065740
2022-04-30,2022-04-29,ZVEZ,97850
2022-05-31,2022-05-31,ABRD,2513360
2022-05-31,2022-05-31,ACKO,0
2022-05-31,2022-05-31,AFKS,149665331.1
2022-05-31,2022-05-31,AFLT,70071117.6
2022-05-31,2022-05-31,AGRO,55646120.4
2022-05-31,2022-05-31,AKRN,38797118
2022-05-31,2022-05-31,ALRS,208253236
2022-05-31,2022-05-31,AMEZ,6743210
2022-05-31,2022-05-31,APTK,1580360.46
2022-05-31,2022-05-31,AQUA,61496589
2022-05-31,2022-05-31,ARSA,13186
2022-05-31,2022-05-31,ASSB,48129.5
2022-05-31,2022-05-31,AVAN,142890
2022-05-31,2022-05-31,BANE,6459212.5
2022-05-31,2022-05-31,BANEP,93187697.5
2022-05-31,2022-05-31,BELU,10634202
2022-05-31,2022-05-31,BISV,0
2022-05-31,2022-05-31,BISVP,255942
2022-05-31,2022-05-31,BLNG,103663.5
2022-05-31,2022-05-31,BRZL,193417
2022-05-31,2022-05-31,BSPB,5795051.7
2022-05-31,2022-05-31,BSPBP,185415
2022-05-31,2022-05-31,CBOM,495600033
2022-05-31,2022-05-31,CHGZ,210906
2022-05-31,2022-05-31,CHKZ,157900
2022-05-31,2022-05-31,CHMF,397036322.8
2022-05-31,2022-05-31,CHMK,465320
2022-05-31,2022-05-31,CIAN,4592360.6
2022-05-31,2022-05-31,CNTL,43983826
2022-05-31,2022-05-31,CNTLP,48480332
2022-05-31,2022-05-31,DERZP,0
2022-05-31,2022-05-31,DIOD,1169772
2022-05-31,2022-05-31,DSKY,86237417.6
2022-05-31,2022-05-31,DVEC,1175240
2022-05-31,2022-05-31,DZRD,61250
2022-05-31,2022-05-31,DZRDP,53480
2022-05-31,2022-05-31,EELT,106654.8
2022-05-31,2022-05-31,ELTZ,111897.5
2022-05-31,2022-05-31,EM44,0
2022-05-31,2022-05-31,ENPG,39741970.5
2022-05-31,2022-05-31,ENRU,7052780
2022-05-31,2022-05-31,ETLN,4245967.88
2022-05-31,2022-05-31,FEES,167228913.8
2022-05-31,2022-05-31,FESH,44947421
2022-05-31,2022-05-31,FIVE,55653843.5
2022-05-31,2022-05-31,FIXP,15690411.2
2022-05-31,2022-05-31,FLOT,12810471.8
2022-05-31,2022-05-31,GAZA,38515
2022-05-31,2022-05-31,GAZAP,147995
2022-05-31,2022-05-31,GAZC,0
2022-05-31,2022-05-31,GAZP,5838208140.5
2022-05-31,2022-05-31,GAZS,0
2022-05-31,2022-05-31,GAZT,0
2022-05-31,2022-05-31,GCHE,8815967
2022-05-31,2022-05-31,GEMA,183240.5
2022-05-31,2022-05-31,GEMC,5094066.2
2022-05-31,2022-05-31,GLTR,40507758.8
2022-05-31,2022-05-31,GMKN,758995006
2022-05-31,2022-05-31,GTRK,525917
2022-05-31,2022-05-31,GTSS,0
2022-05-31,2022-05-31,HHRU,11422855
2022-05-31,2022-05-31,HIMC,0
2022-05-31,2022-05-31,HIMCP,155313
2022-05-31,2022-05-31,HMSG,156445
2022-05-31,2022-05-31,HYDR,66023117.3
2022-05-31,2022-05-31,IGST,115312
2022-05-31,2022-05-31,IGSTP,198306
2022-05-31,2022-05-31,INGR,17318265
2022-05-31,2022-05-31,IRAO,341190007.75
2022-05-31,2022-05-31,IRGZ,0
2022-05-31,2022-05-31,IRKT,4224648
2022-05-31,2022-05-31,ISKJ,7521388.4
2022-05-31,2022-05-31,JNOS,162765
2022-05-31,2022-05-31,JNOSP,187844
2022-05-31,2022-05-31,KAZT,5535432
2022-05-31,2022-05-31,KAZTP,1107608
2022-05-31,2022-05-31,KBSB,121095
2022-05-31,2022-05-31,KCHE,23540
2022-05-31,2022-05-31,KCHEP,0
2022-05-31,2022-05-31,KGKC,2726
2022-05-31,2022-05-31,KGKCP,123554
2022-05-31,2022-05-31,KLSB,329063
2022-05-31,2022-05-31,KMAZ,3045130
2022-05-31,2022-05-31,KMEZ,927738
2022-05-31,2022-05-31,KMTZ,0
2022-05-31,2022-05-31,KOGK,383600
2022-05-31,2022-05-31,KRKN,110650
2022-05-31,2022-05-31,KRKNP,11011980
2022-05-31,2022-05-31,KRKO,0
2022-05-31,2022-05-31,KRKOP,228693
2022-05-31,2022-05-31,KROT,842610
2022-05-31,2022-05-31,KROTP,414990
2022-05-31,2022-05-31,KRSB,11895725
2022-05-31,2022-05-31,KRSBP,5945816
2022-05-31,2022-05-31,KSGR,0
2022-05-31,2022-05-31,KTSB,1180
2022-05-31,2022-05-31,KTSBP,8445
2022-05-31,2022-05-31,KUBE,30094
2022-05-31,2022-05-31,KUZB,366138.9
2022-05-31,2022-05-31,KZMS,0
2022-05-31,2022-05-31,KZOS,1277021
2022-05-31,2022-05-31,KZOSP,1971239.9
2022-05-31,2022-05-31,LENT,3190467
2022-05-31,2022-05-31,LIFE,2596881.5
2022-05-31,2022-05-31,LKOH,1248218857.5
2022-05-31,2022-05-31,LNZL,1993560
2022-05-31,2022-05-31,LNZLP,5731880
2022-05-31,2022-05-31,LPSB,76275
2022-05-31,2022-05-31,LSNG,2164903
2022-05-31,2022-05-31,LSNGP,48055760
2022-05-31,2022-05-31,LSRG,16674692
2022-05-31,2022-05-31,LVHK,733564
2022-05-31,2022-05-31,MAGE,27418
2022-05-31,2022-05-31,MAGEP,100548
2022-05-31,2022-05-31,MAGN,410175949.55
2022-05-31,2022-05-31,MDMG,11316304.2
2022-05-31,2022-05-31,MFGS,49945
2022-05-31,2022-05-31,MFGSP,153270
2022-05-31,2022-05-31,MFON,0
2022-05-31,2022-05-31,MGNT,486062938.5
2022-05-31,2022-05-31,MGNZ,1641800
2022-05-31,2022-05-31,MGTS,22805
2022-05-31,2022-05-31,MGTSP,416416
2022-05-31,2022-05-31,MISB,845920
2022-05-31,2022-05-31,MISBP,361760
2022-05-31,2022-05-31,MOEX,124993878.3
2022-05-31,2022-05-31,MORI,0
2022-05-31,2022-05-31,MRKC,8424982
2022-05-31,2022-05-31,MRKK,651076.8
2022-05-31,2022-05-31,MRKP,20708454
2022-05-31,2022-05-31,MRKS,606600
2022-05-31,2022-05-31,MRKU,2798706
2022-05-31,2022-05-31,MRKV,1490040.5
2022-05-31,2022-05-31,MRKY,150608.5
2022-05-31,2022-05-31,MRKZ,3619595
2022-05-31,2022-05-31,MRSB,317220
2022-05-31,2022-05-31,MSNG,49454300.5
2022-05-31,2022-05-31,MSRS,5847335
2022-05-31,2022-05-31,MSTT,306932.5
2022-05-31,2022-05-31,MTLR,329025078.47
2022-05-31,2022-05-31,MTLRP,993216206
2022-05-31,2022-05-31,MTSS,273466808.5
2022-05-31,2022-05-31,MVID,79174972.3
2022-05-31,2022-05-31,NAUK,140988
2022-05-31,2022-05-31,NFAZ,865420
2022-05-31,2022-05-31,NKHP,8595895
2022-05-31,2022-05-31,NKNC,3318306
2022-05-31,2022-05-31,NKNCP,7254870.8
2022-05-31,2022-05-31,NKSH,231756
2022-05-31,2022-05-31,NLMK,176154238.2
2022-05-31,2022-05-31,NMTP,12329038.5
2022-05-31,2022-05-31,NNSB,103700
2022-05-31,2022-05-31,NNSBP,242416
2022-05-31,2022-05-31,NPOF,0
2022-05-31,2022-05-31,NSVZ,423975
2022-05-31,2022-05-31,NVTK,611718976.6
2022-05-31,2022-05-31,OGKB,813773762.6
2022-05-31,2022-05-31,OKEY,1007426.7
2022-05-31,2022-05-31,OMZZP,84140
2022-05-31,2022-05-31,OZON,292066161
2022-05-31,2022-05-31,PAZA,826500
2022-05-31,2022-05-31,PHOR,234575904
2022-05-31,2022-05-31,PIKK,44115832.4
2022-05-31,2022-05-31,PLZL,264639722
2022-05-31,2022-05-31,PMSB,1332251
2022-05-31,2022-05-31,PMSBP,756436
2022-05-31,2022-05-31,POGR,31080327
2022-05-31,2022-05-31,POLY,249056156.2
2022-05-31,2022-05-31,POSI,18655967.8
2022-05-31,2022-05-31,PRMB,76800
2022-05-31,2022-05-31,QIWI,22173368.5
2022-05-31,2022-05-31,RASP,62033069
2022-05-31,2022-05-31,RAVN,0
2022-05-31,2022-05-31,RBCM,584030.8
2022-05-31,2022-05-31,RDRB,21560
2022-05-31,2022-05-31,RENI,1398962.5
2022-05-31,2022-05-31,RGSS,241663.2
2022-05-31,2022-05-31,RKKE,149750
2022-05-31,2022-05-31,RNFT,7747580.8
2022-05-31,2022-05-31,ROLO,3363232
2022-05-31,2022-05-31,ROSB,4801518
2022-05-31,2022-05-31,ROSN,1011884134.15
2022-05-31,2022-05-31,ROST,92392
2022-05-31,2022-05-31,RSTI,56716561.2
2022-05-31,2022-05-31,RSTIP,17744359
2022-05-31,2022-05-31,RTGZ,25500
2022-05-31,2022-05-31,RTKM,35344394.7
2022-05-31,2022-05-31,RTKMP,12239159
2022-05-31,2022-05-31,RTSB,445266
2022-05-31,2022-05-31,RTSBP,313201
2022-05-31,2022-05-31,RUAL,454926822.05
2022-05-31,2022-05-31,RUGR,5129221.72
2022-05-31,2022-05-31,RUSI,1222004
2022-05-31,2022-05-31,RUSP,0
2022-05-31,2022-05-31,RZSB,2791368
2022-05-31,2022-05-31,SAGO,20454
2022-05-31,2022-05-31,SAGOP,7200
2022-05-31,2022-05-31,SARE,84494
2022-05-31,2022-05-31,SAREP,11000
2022-05-31,2022-05-31,SBER,3557831216.3
2022-05-31,2022-05-31,SBERP,576238154.8
2022-05-31,2022-05-31,SELG,15018617
2022-05-31,2022-05-31,SFIN,1524214
2022-05-31,2022-05-31,SFTL,2140788.5
2022-05-31,2022-05-31,SGZH,284708881.1
2022-05-31,2022-05-31,SIBN,70215277.85
2022-05-31,2022-05-31,SLEN,21683
2022-05-31,2022-05-31,SMLT,117609358.5
2022-05-31,2022-05-31,SNGS,513356999
2022-05-31,2022-05-31,SNGSP,250526338
2022-05-31,2022-05-31,SPBE,18004663.3
2022-05-31,2022-05-31,STSB,69779
2022-05-31,2022-05-31,STSBP,423064
2022-05-31,2022-05-31,SVAV,377165
2022-05-31,2022-05-31,SVET,4117538.5
2022-05-31,2022-05-31,TASB,11743
2022-05-31,2022-05-31,TASBP,38760
2022-05-31,2022-05-31,TATN,165248552
2022-05-31,2022-05-31,TATNP,48693560.3
2022-05-31,2022-05-31,TCSG,258094100.5
2022-05-31,2022-05-31,TGKA,293129928.8
2022-05-31,2022-05-31,TGKB,3672715
2022-05-31,2022-05-31,TGKBP,293532
2022-05-31,2022-05-31,TGKD,1313493.5
2022-05-31,2022-05-31,TGKDP,61482
2022-05-31,2022-05-31,TGKN,1148210
2022-05-31,2022-05-31,TNSE,1636695
2022-05-31,2022-05-31,TORS,13780
2022-05-31,2022-05-31,TORSP,1970
2022-05-31,2022-05-31,TRCN,0
2022-05-31,2022-05-31,TRFM,0
2022-05-31,2022-05-31,TRMK,15185034.6
2022-05-31,2022-05-31,TRNFP,48583650
2022-05-31,2022-05-31,TTLK,3766905.5
2022-05-31,2022-05-31,TUZA,23570
2022-05-31,2022-05-31,UCSS,235060
2022-05-31,2022-05-31,UKUZ,62428
2022-05-31,2022-05-31,UNAC,835035
2022-05-31,2022-05-31,UNKL,198360
2022-05-31,2022-05-31,UPRO,46037471
2022-05-31,2022-05-31,URKA,0
2022-05-31,2022-05-31,URKZ,126880
2022-05-31,2022-05-31,USBN,129191
2022-05-31,2022-05-31,UTAR,232539
2022-05-31,2022-05-31,VEON-RX,809246.5
2022-05-31,2022-05-31,VGSB,32060
2022-05-31,2022-05-31,VGSBP,3565
2022-05-31,2022-05-31,VJGZ,157415
2022-05-31,2022-05-31,VJGZP,1126514
2022-05-31,2022-05-31,VKCO,71330198.6
2022-05-31,2022-05-31,VLHZ,290897.5
2022-05-31,2022-05-31,VRSB,1420650
2022-05-31,2022-05-31,VRSBP,2065876
2022-05-31,2022-05-31,VSMO,13347880
2022-05-31,2022-05-31,VSYD,84400
2022-05-31,2022-05-31,VSYDP,486200
2022-05-31,2022-05-31,VTBR,272639363.75
2022-05-31,2022-05-31,WTCM,214122
2022-05-31,2022-05-31,WTCMP,136930
2022-05-31,2022-05-31,YAKG,359763.5
2022-05-31,2022-05-31,YKEN,281955
2022-05-31,2022-05-31,YKENP,151185
2022-05-31,2022-05-31,YNDX,239656744.2
2022-05-31,2022-05-31,YRSB,91020
2022-05-31,2022-05-31,YRSBP,65940
2022-05-31,2022-05-31,ZILL,1217050
2022-05-31,2022-05-31,ZVEZ,221640
2022-06-30,2022-06-30,ABRD,5592035
2022-06-30,2022-06-30,ACKO,0
2022-06-30,2022-06-30,AFKS,915307672.7
2022-06-30,2022-06-30,AFLT,345352146.6
2022-06-30,2022-06-30,AGRO,82504134
2022-06-30,2022-06-30,AKRN,308680136
2022-06-30,2022-06-30,ALRS,679360349
2022-06-30,2022-06-30,AMEZ,24125537.5
2022-06-30,2022-06-30,APTK,2011551.66
2022-06-30,2022-06-30,AQUA,11387807
2022-06-30,2022-06-30,ARSA,580732
2022-06-30,2022-06-30,ASSB,67760.5
2022-06-30,2022-06-30,AVAN,207470
2022-06-30,2022-06-30,BANE,18693581.5
2022-06-30,2022-06-30,BANEP,247354776.5
2022-06-30,2022-06-30,BELU,38327506
2022-06-30,2022-06-30,BISV,0
2022-06-30,2022-06-30,BISVP,1220495
2022-06-30,2022-06-30,BLNG,1082454.5
2022-06-30,2022-06-30,BRZL,315039
2022-06-30,2022-06-30,BSPB,33809467.1
2022-06-30,2022-06-30,BSPBP,147040
2022-06-30,2022-06-30,CBOM,373887263.9
2022-06-30,2022-06-30,CHGZ,795528
2022-06-30,2022-06-30,CHKZ,135420
2022-06-30,2022-06-30,CHMF,1030624910.6
2022-06-30,2022-06-30,CHMK,996015
2022-06-30,2022-06-30,CIAN,5663715.2
2022-06-30,2022-06-30,CNTL,8712506
2022-06-30,2022-06-30,CNTLP,20465782
2022-06-30,2022-06-30,DERZP,0
2022-06-30,2022-06-30,DIOD,3779240
2022-06-30,2022-06-30,DSKY,99289366.2
2022-06-30,2022-06-30,DVEC,4318923
2022-06-30,2022-06-30,DZRD,22450
2022-06-30,2022-06-30,DZRDP,318780
2022-06-30,2022-06-30,EELT,1830969.8
2022-06-30,2022-06-30,ELTZ,526060
2022-06-30,2022-06-30,EM44,0
2022-06-30,2022-06-30,ENPG,108964184
2022-06-30,2022-06-30,ENRU,22902223
2022-06-30,2022-06-30,ETLN,20378456.62
2022-06-30,2022-06-30,FEES,140660390.6
2022-06-30,2022-06-30,FESH,48546507
2022-06-30,2022-06-30,FIVE,128148835
2022-06-30,2022-06-30,FIXP,21465216.9
2022-06-30,2022-06-30,FLOT,30773050.5
2022-06-30,2022-06-30,GAZA,400815
2022-06-30,2022-06-30,GAZAP,669995
2022-06-30,2022-06-30,GAZC,0
2022-06-30,2022-06-30,GAZP,69716321208.5
2022-06-30,2022-06-30,GAZS,0
2022-06-30,2022-06-30,GAZT,0
2022-06-30,2022-06-30,GCHE,18525454
2022-06-30,2022-06-30,GEMA,335696.5
2022-06-30,2022-06-30,GEMC,6186044.7
2022-06-30,2022-06-30,GLTR,40402884.55
2022-06-30,2022-06-30,GMKN,2436942812
2022-06-30,2022-06-30,GTRK,878546
2022-06-30,2022-06-30,GTSS,0
2022-06-30,2022-06-30,HHRU,3654692
2022-06-30,2022-06-30,HIMC,0
2022-06-30,2022-06-30,HIMCP,1327390
2022-06-30,2022-06-30,HMSG,444920
2022-06-30,2022-06-30,HYDR,146458497.3
2022-06-30,2022-06-30,IGST,9689704
2022-06-30,2022-06-30,IGSTP,2264454
2022-06-30,2022-06-30,INGR,60524965
2022-06-30,2022-06-30,IRAO,615690809.05
2022-06-30,2022-06-30,IRGZ,0
2022-06-30,2022-06-30,IRKT,135095034
2022-06-30,2022-06-30,ISKJ,21406339.6
2022-06-30,2022-06-30,JNOS,51895
2022-06-30,2022-06-30,JNOSP,151854
2022-06-30,2022-06-30,KAZT,12333352
2022-06-30,2022-06-30,KAZTP,2410682
2022-06-30,2022-06-30,KBSB,480000
2022-06-30,2022-06-30,KCHE,31725
2022-06-30,2022-06-30,KCHEP,160620
2022-06-30,2022-06-30,KGKC,3454
2022-06-30,2022-06-30,KGKCP,24046
2022-06-30,2022-06-30,KLSB,462026
2022-06-30,2022-06-30,KMAZ,9798637
2022-06-30,2022-06-30,KMEZ,124690
2022-06-30,2022-06-30,KMTZ,2381725.4
2022-06-30,2022-06-30,KOGK,1353000
2022-06-30,2022-06-30,KRKN,109000
2022-06-30,2022-06-30,KRKNP,7844200
2022-06-30,2022-06-30,KRKO,0
2022-06-30,2022-06-30,KRKOP,178950
2022-06-30,2022-06-30,KROT,339115
2022-06-30,2022-06-30,KROTP,36600
2022-06-30,2022-06-30,KRSB,773756
2022-06-30,2022-06-30,KRSBP,465140
2022-06-30,2022-06-30,KSGR,0
2022-06-30,2022-06-30,KTSB,52942
2022-06-30,2022-06-30,KTSBP,48845
2022-06-30,2022-06-30,KUBE,83881
2022-06-30,2022-06-30,KUZB,1009221.9
2022-06-30,2022-06-30,KZMS,0
2022-06-30,2022-06-30,KZOS,4688202
2022-06-30,2022-06-30,KZOSP,4371254.2
2022-06-30,2022-06-30,LENT,9424438
2022-06-30,2022-06-30,LIFE,22044225.5
2022-06-30,2022-06-30,LKOH,2977542713.5
2022-06-30,2022-06-30,LNZL,4333280
2022-06-30,2022-06-30,LNZLP,3355800
2022-06-30,2022-06-30,LPSB,731550
2022-06-30,2022-06-30,LSNG,3180892
2022-06-30,2022-06-30,LSNGP,64467308.5
2022-06-30,2022-06-30,LSRG,176372948.8
2022-06-30,2022-06-30,LVHK,158805
2022-06-30,2022-06-30,MAGE,172087
2022-06-30,2022-06-30,MAGEP,396362
2022-06-30,2022-06-30,MAGN,593270972.45
2022-06-30,2022-06-30,MDMG,13730111.1
2022-06-30,2022-06-30,MFGS,159880
2022-06-30,2022-06-30,MFGSP,92445
2022-06-30,2022-06-30,MFON,0
2022-06-30,2022-06-30,MGNT,752670248
2022-06-30,2022-06-30,MGNZ,789670
2022-06-30,2022-06-30,MGTS,145935
2022-06-30,2022-06-30,MGTSP,1603294
2022-06-30,2022-06-30,MISB,1675640
2022-06-30,2022-06-30,MISBP,3411970
2022-06-30,2022-06-30,MOEX,436350647.4
2022-06-30,2022-06-30,MORI,0
2022-06-30,2022-06-30,MRKC,24561221.4
2022-06-30,2022-06-30,MRKK,46306678.8
2022-06-30,2022-06-30,MRKP,45305138
2022-06-30,2022-06-30,MRKS,1467145
2022-06-30,2022-06-30,MRKU,5234634
2022-06-30,2022-06-30,MRKV,1963168
2022-06-30,2022-06-30,MRKY,2050959.5
2022-06-30,2022-06-30,MRKZ,7182127
2022-06-30,2022-06-30,MRSB,125330
2022-06-30,2022-06-30,MSNG,63523797
2022-06-30,2022-06-30,MSRS,33480744
2022-06-30,2022-06-30,MSTT,880649
2022-06-30,2022-06-30,MTLR,478096339.53
2022-06-30,2022-06-30,MTLRP,216072222
2022-06-30,2022-06-30,MTSS,694237950
2022-06-30,2022-06-30,MVID,98356873.7
2022-06-30,2022-06-30,NAUK,731630
2022-06-30,2022-06-30,NFAZ,2179650
2022-06-30,2022-06-30,NKHP,1857980
2022-06-30,2022-06-30,NKNC,5757855.5
2022-06-30,2022-06-30,NKNCP,17527449.2
2022-06-30,2022-06-30,NKSH,1242358
2022-06-30,2022-06-30,NLMK,523753937.2
2022-06-30,2022-06-30,NMTP,33280352
2022-06-30,2022-06-30,NNSB,826225
2022-06-30,2022-06-30,NNSBP,185056
2022-06-30,2022-06-30,NPOF,0
2022-06-30,2022-06-30,NSVZ,1471275
2022-06-30,2022-06-30,NVTK,3028788426.6
2022-06-30,2022-06-30,OGKB,495879540.8
2022-06-30,2022-06-30,OKEY,3861706
2022-06-30,2022-06-30,OMZZP,24280
2022-06-30,2022-06-30,OZON,153859132
2022-06-30,2022-06-30,PAZA,260960
2022-06-30,2022-06-30,PHOR,1657636517
2022-06-30,2022-06-30,PIKK,1064948853.7
2022-06-30,2022-06-30,PLZL,926105149
2022-06-30,2022-06-30,PMSB,1483277
2022-06-30,2022-06-30,PMSBP,945934
2022-06-30,2022-06-30,POGR,38751448
2022-06-30,2022-06-30,POLY,553477355
2022-06-30,2022-06-30,POSI,41828472
2022-06-30,2022-06-30,PRMB,152200
2022-06-30,2022-06-30,QIWI,16270414.5
2022-06-30,2022-06-30,RASP,208419749
2022-06-30,2022-06-30,RBCM,882014
2022-06-30,2022-06-30,RDRB,661960
2022-06-30,2022-06-30,RENI,5392995.9
2022-06-30,2022-06-30,RGSS,639901.8
2022-06-30,2022-06-30,RKKE,734020
2022-06-30,2022-06-30,RNFT,23064158
2022-06-30,2022-06-30,ROLO,4083883
2022-06-30,2022-06-30,ROSB,606802
2022-06-30,2022-06-30,ROSN,3574482917.55
2022-06-30,2022-06-30,ROST,257308
2022-06-30,2022-06-30,RSTI,89503521.8
2022-06-30,2022-06-30,RSTIP,2963996
2022-06-30,2022-06-30,RTGZ,147300
2022-06-30,2022-06-30,RTKM,153559467.7
2022-06-30,2022-06-30,RTKMP,24102832
2022-06-30,2022-06-30,RTSB,170590
2022-06-30,2022-06-30,RTSBP,410449
2022-06-30,2022-06-30,RUAL,319956502.05
2022-06-30,2022-06-30,RUGR,13731733.78
2022-06-30,2022-06-30,RUSI,212563
2022-06-30,2022-06-30,RZSB,1787812
2022-06-30,2022-06-30,SAGO,804266
2022-06-30,2022-06-30,SAGOP,849672
2022-06-30,2022-06-30,SARE,897210
2022-06-30,2022-06-30,SAREP,59894
2022-06-30,2022-06-30,SBER,11774451572.6
2022-06-30,2022-06-30,SBERP,1635858369
2022-06-30,2022-06-30,SELG,65418743
2022-06-30,2022-06-30,SFIN,2204814
2022-06-30,2022-06-30,SFTL,2684417.7
2022-06-30,2022-06-30,SGZH,191619873.9
2022-06-30,2022-06-30,SIBN,248372322.6
2022-06-30,2022-06-30,SLEN,804545
2022-06-30,2022-06-30,SMLT,456174894
2022-06-30,2022-06-30,SNGS,1100674025.5
2022-06-30,2022-06-30,SNGSP,683043963.5
2022-06-30,2022-06-30,SPBE,52602889.5
2022-06-30,2022-06-30,STSB,231410.5
2022-06-30,2022-06-30,STSBP,6681919.5
2022-06-30,2022-06-30,SVAV,2531000
2022-06-30,2022-06-30,SVET,6125449.6
2022-06-30,2022-06-30,TASB,638052.5
2022-06-30,2022-06-30,TASBP,1160735
2022-06-30,2022-06-30,TATN,434758417.4
2022-06-30,2022-06-30,TATNP,173448235.7
2022-06-30,2022-06-30,TCSG,590179899.5
2022-06-30,2022-06-30,TGKA,104028823
2022-06-30,2022-06-30,TGKB,7403585
2022-06-30,2022-06-30,TGKBP,1454323
2022-06-30,2022-06-30,TGKD,1538277
2022-06-30,2022-06-30,TGKDP,1251264
2022-06-30,2022-06-30,TGKN,880060
2022-06-30,2022-06-30,TNSE,580400
2022-06-30,2022-06-30,TORS,73360
2022-06-30,2022-06-30,TORSP,20500
2022-06-30,2022-06-30,TRCN,0
2022-06-30,2022-06-30,TRFM,0
2022-06-30,2022-06-30,TRMK,38697723
2022-06-30,2022-06-30,TRNFP,260005600
2022-06-30,2022-06-30,TTLK,5283981
2022-06-30,2022-06-30,TUZA,323625
2022-06-30,2022-06-30,UCSS,133725
2022-06-30,2022-06-30,UKUZ,1301554
2022-06-30,2022-06-30,UNAC,16976780
2022-06-30,2022-06-30,UNKL,419970
2022-06-30,2022-06-30,UPRO,329325257
2022-06-30,2022-06-30,URKA,0
2022-06-30,2022-06-30,URKZ,94920
2022-06-30,2022-06-30,USBN,423571
2022-06-30,2022-06-30,UTAR,1219289
2022-06-30,2022-06-30,VEON-RX,3139232
2022-06-30,2022-06-30,VGSB,585880
2022-06-30,2022-06-30,VGSBP,1391775
2022-06-30,2022-06-30,VJGZ,157065
2022-06-30,2022-06-30,VJGZP,876394
2022-06-30,2022-06-30,VKCO,224536889
2022-06-30,2022-06-30,VLHZ,1033618.5
2022-06-30,2022-06-30,VRSB,2041330
2022-06-30,2022-06-30,VRSBP,4107142
2022-06-30,2022-06-30,VSMO,70712100
2022-06-30,2022-06-30,VSYD,45635
2022-06-30,2022-06-30,VSYDP,74980
2022-06-30,2022-06-30,VTBR,1048966525.05
2022-06-30,2022-06-30,WTCM,21760
2022-06-30,2022-06-30,WTCMP,187436
2022-06-30,2022-06-30,YAKG,2730001.5
2022-06-30,2022-06-30,YKEN,208855
2022-06-30,2022-06-30,YKENP,75545
2022-06-30,2022-06-30,YNDX,799136636
2022-06-30,2022-06-30,YRSB,47660
2022-06-30,2022-06-30,YRSBP,3320
2022-06-30,2022-06-30,ZILL,4131660
2022-06-30,2022-06-30,ZVEZ,592440
2022-07-31,2022-07-29,ABRD,1492525
2022-07-31,2022-07-29,ACKO,0
2022-07-31,2022-07-29,AFKS,702114751.1
2022-07-31,2022-07-29,AFLT,119206349.8
2022-07-31,2022-07-29,AGRO,35891667
2022-07-31,2022-07-29,AKRN,17579352
2022-07-31,2022-07-29,ALRS,392147988.8
2022-07-31,2022-07-29,AMEZ,8226906.5
2022-07-31,2022-07-29,APTK,954921.04
2022-07-31,2022-07-29,AQUA,20532902
2022-07-31,2022-07-29,ARSA,886460
2022-07-31,2022-07-29,ASSB,59539
2022-07-31,2022-07-29,AVAN,103915
2022-07-31,2022-07-29,BANE,7699004
2022-07-31,2022-07-29,BANEP,35195986.5
2022-07-31,2022-07-29,BELU,44920462
2022-07-31,2022-07-29,BISV,0
2022-07-31,2022-07-29,BISVP,583970
2022-07-31,2022-07-29,BLNG,494082.5
2022-07-31,2022-07-29,BRZL,292974
2022-07-31,2022-07-29,BSPB,14631028.8
2022-07-31,2022-07-29,BSPBP,245930
2022-07-31,2022-07-29,CBOM,362954383.7
2022-07-31,2022-07-29,CHGZ,249026
2022-07-31,2022-07-29,CHKZ,10740
2022-07-31,2022-07-29,CHMF,471593353.8
2022-07-31,2022-07-29,CHMK,2443635
2022-07-31,2022-07-29,CIAN,109977064.4
2022-07-31,2022-07-29,CNTL,236118
2022-07-31,2022-07-29,CNTLP,3501758
2022-07-31,2022-07-29,DERZP,0
2022-07-31,2022-07-29,DIOD,212212
2022-07-31,2022-07-29,DSKY,59559457.2
2022-07-31,2022-07-29,DVEC,4702966
2022-07-31,2022-07-29,DZRD,20300
2022-07-31,2022-07-29,DZRDP,112200
2022-07-31,2022-07-29,EELT,76481
2022-07-31,2022-07-29,ELTZ,1302431
2022-07-31,2022-07-29,EM44,0
2022-07-31,2022-07-29,ENPG,34649135
2022-07-31,2022-07-29,ENRU,6693698.8
2022-07-31,2022-07-29,ETLN,23171891.82
2022-07-31,2022-07-29,FEES,96125502.8
2022-07-31,2022-07-29,FESH,62301687
2022-07-31,2022-07-29,FIVE,92409699
2022-07-31,2022-07-29,FIXP,40758874.4
2022-07-31,2022-07-29,FLOT,19889356.6
2022-07-31,2022-07-29,GAZA,45110
2022-07-31,2022-07-29,GAZAP,70410
2022-07-31,2022-07-29,GAZC,0
2022-07-31,2022-07-29,GAZP,2761271661.3
2022-07-31,2022-07-29,GAZS,0
2022-07-31,2022-07-29,GAZT,0
2022-07-31,2022-07-29,GCHE,15643973
2022-07-31,2022-07-29,GEMA,972798.5
2022-07-31,2022-07-29,GEMC,15854534.6
2022-07-31,2022-07-29,GLTR,20390688.55
2022-07-31,2022-07-29,GMKN,2191717976
2022-07-31,2022-07-29,GTRK,1693369.5
2022-07-31,2022-07-29,GTSS,0
2022-07-31,2022-07-29,HHRU,116307740
2022-07-31,2022-07-29,HIMC,0
2022-07-31,2022-07-29,HIMCP,515833
2022-07-31,2022-07-29,HMSG,337270
2022-07-31,2022-07-29,HYDR,122536957.9
2022-07-31,2022-07-29,IGST,78794
2022-07-31,2022-07-29,IGSTP,281964
2022-07-31,2022-07-29,INGR,724041
2022-07-31,2022-07-29,IRAO,149524609.7
2022-07-31,2022-07-29,IRGZ,0
2022-07-31,2022-07-29,IRKT,39424984
2022-07-31,2022-07-29,ISKJ,143117426.2
2022-07-31,2022-07-29,JNOS,138960
2022-07-31,2022-07-29,JNOSP,18886
2022-07-31,2022-07-29,KAZT,32954964
2022-07-31,2022-07-29,KAZTP,877280
2022-07-31,2022-07-29,KBSB,239890
2022-07-31,2022-07-29,KCHE,11170
2022-07-31,2022-07-29,KCHEP,6220
2022-07-31,2022-07-29,KGKC,4774
2022-07-31,2022-07-29,KGKCP,2594
2022-07-31,2022-07-29,KLSB,236283
2022-07-31,2022-07-29,KMAZ,5500704
2022-07-31,2022-07-29,KMEZ,72222
2022-07-31,2022-07-29,KMTZ,115564.1
2022-07-31,2022-07-29,KOGK,582600
2022-07-31,2022-07-29,KRKN,136950
2022-07-31,2022-07-29,KRKNP,1171640
2022-07-31,2022-07-29,KRKO,0
2022-07-31,2022-07-29,KRKOP,17337
2022-07-31,2022-07-29,KROT,247295
2022-07-31,2022-07-29,KROTP,75360
2022-07-31,2022-07-29,KRSB,139778
2022-07-31,2022-07-29,KRSBP,27136
2022-07-31,2022-07-29,KSGR,0
2022-07-31,2022-07-29,KTSB,1792
2022-07-31,2022-07-29,KTSBP,0
2022-07-31,2022-07-29,KUBE,789997
2022-07-31,2022-07-29,KUZB,71898.4
2022-07-31,2022-07-29,KZMS,0
2022-07-31,2022-07-29,KZOS,11348397
2022-07-31,2022-07-29,KZOSP,3587285
2022-07-31,2022-07-29,LENT,71994763.5
2022-07-31,2022-07-29,LIFE,6474695
2022-07-31,2022-07-29,LKOH,1062685598
2022-07-31,2022-07-29,LNZL,7600030
2022-07-31,2022-07-29,LNZLP,6394915
2022-07-31,2022-07-29,LPSB,49635
2022-07-31,2022-07-29,LSNG,1120665
2022-07-31,2022-07-29,LSNGP,8746005.5
2022-07-31,2022-07-29,LSRG,48313431
2022-07-31,2022-07-29,LVHK,233276
2022-07-31,2022-07-29,MAGE,1439768
2022-07-31,2022-07-29,MAGEP,583333
2022-07-31,2022-07-29,MAGN,537022475.05
2022-07-31,2022-07-29,MDMG,66576590.9
2022-07-31,2022-07-29,MFGS,28100
2022-07-31,2022-07-29,MFGSP,19690
2022-07-31,2022-07-29,MFON,0
2022-07-31,2022-07-29,MGNT,1217498108.5
2022-07-31,2022-07-29,MGNZ,2180150
2022-07-31,2022-07-29,MGTS,30865
2022-07-31,2022-07-29,MGTSP,215566
2022-07-31,2022-07-29,MISB,228150
2022-07-31,2022-07-29,MISBP,26050
2022-07-31,2022-07-29,MOEX,98091115.3
2022-07-31,2022-07-29,MORI,0
2022-07-31,2022-07-29,MRKC,5807272.6
2022-07-31,2022-07-29,MRKK,216472.2
2022-07-31,2022-07-29,MRKP,5171021
2022-07-31,2022-07-29,MRKS,1177420
2022-07-31,2022-07-29,MRKU,2174646
2022-07-31,2022-07-29,MRKV,1438099
2022-07-31,2022-07-29,MRKY,524136.5
2022-07-31,2022-07-29,MRKZ,3287635.5
2022-07-31,2022-07-29,MRSB,56310
2022-07-31,2022-07-29,MSNG,15005269.5
2022-07-31,2022-07-29,MSRS,2371996.5
2022-07-31,2022-07-29,MSTT,300394
2022-07-31,2022-07-29,MTLR,379378120.73
2022-07-31,2022-07-29,MTLRP,59276690
2022-07-31,2022-07-29,MTSS,390232136
2022-07-31,2022-07-29,MVID,127009007.4
2022-07-31,2022-07-29,NAUK,16128
2022-07-31,2022-07-29,NFAZ,782535
2022-07-31,2022-07-29,NKHP,578905
2022-07-31,2022-07-29,NKNC,3292741
2022-07-31,2022-07-29,NKNCP,10805950.4
2022-07-31,2022-07-29,NKSH,816380
2022-07-31,2022-07-29,NLMK,304576643.4
2022-07-31,2022-07-29,NMTP,9240667.5
2022-07-31,2022-07-29,NNSB,0
2022-07-31,2022-07-29,NNSBP,106354
2022-07-31,2022-07-29,NPOF,0
2022-07-31,2022-07-29,NSVZ,240390
2022-07-31,2022-07-29,NVTK,1289379289.8
2022-07-31,2022-07-29,OGKB,28977873.3
2022-07-31,2022-07-29,OKEY,228292259.4
2022-07-31,2022-07-29,OMZZP,64970
2022-07-31,2022-07-29,OZON,280577327
2022-07-31,2022-07-29,PAZA,0
2022-07-31,2022-07-29,PHOR,367861450
2022-07-31,2022-07-29,PIKK,179154998.1
2022-07-31,2022-07-29,PLZL,783933724.5
2022-07-31,2022-07-29,PMSB,7620586
2022-07-31,2022-07-29,PMSBP,5181832
2022-07-31,2022-07-29,POLY,546356541.6
2022-07-31,2022-07-29,POSI,106603938.6
2022-07-31,2022-07-29,PRMB,0
2022-07-31,2022-07-29,QIWI,11722378
2022-07-31,2022-07-29,RASP,107421665
2022-07-31,2022-07-29,RBCM,57939.6
2022-07-31,2022-07-29,RDRB,471960
2022-07-31,2022-07-29,RENI,1336568.9
2022-07-31,2022-07-29,RGSS,56863.2
2022-07-31,2022-07-29,RKKE,560850
2022-07-31,2022-07-29,RNFT,10652064.2
2022-07-31,2022-07-29,ROLO,12408734
2022-07-31,2022-07-29,ROSB,50114
2022-07-31,2022-07-29,ROSN,1462099191.95
2022-07-31,2022-07-29,ROST,186814
2022-07-31,2022-07-29,RSTI,437058620.1
2022-07-31,2022-07-29,RSTIP,2688186
2022-07-31,2022-07-29,RTGZ,93200
2022-07-31,2022-07-29,RTKM,32478367.3
2022-07-31,2022-07-29,RTKMP,5454937
2022-07-31,2022-07-29,RTSB,90710
2022-07-31,2022-07-29,RTSBP,256489
2022-07-31,2022-07-29,RUAL,180323846.3
2022-07-31,2022-07-29,RUGR,2281698.62
2022-07-31,2022-07-29,RUSI,140406
2022-07-31,2022-07-29,RZSB,222934
2022-07-31,2022-07-29,SAGO,12298
2022-07-31,2022-07-29,SAGOP,10972
2022-07-31,2022-07-29,SARE,362174
2022-07-31,2022-07-29,SAREP,43016
2022-07-31,2022-07-29,SBER,3657277546.3
2022-07-31,2022-07-29,SBERP,379060980.6
2022-07-31,2022-07-29,SELG,131940296.5
2022-07-31,2022-07-29,SFIN,902216
2022-07-31,2022-07-29,SFTL,4792870.3
2022-07-31,2022-07-29,SGZH,116927467.6
2022-07-31,2022-07-29,SIBN,143037261.25
2022-07-31,2022-07-29,SLEN,154397.5
2022-07-31,2022-07-29,SMLT,79977965.5
2022-07-31,2022-07-29,SNGS,1374755516
2022-07-31,2022-07-29,SNGSP,342834006.5
2022-07-31,2022-07-29,SPBE,37735540.2
2022-07-31,2022-07-29,STSB,49739.5
2022-07-31,2022-07-29,STSBP,289841.5
2022-07-31,2022-07-29,SVAV,592900
2022-07-31,2022-07-29,SVET,2543077.8
2022-07-31,2022-07-29,TASB,75983
2022-07-31,2022-07-29,TASBP,117840
2022-07-31,2022-07-29,TATN,168650393.7
2022-07-31,2022-07-29,TATNP,45111092
2022-07-31,2022-07-29,TCSG,194704697
2022-07-31,2022-07-29,TGKA,8487081
2022-07-31,2022-07-29,TGKB,2286815
2022-07-31,2022-07-29,TGKBP,189924
2022-07-31,2022-07-29,TGKD,647972.5
2022-07-31,2022-07-29,TGKDP,403157
2022-07-31,2022-07-29,TGKN,187640
2022-07-31,2022-07-29,TNSE,397250
2022-07-31,2022-07-29,TORS,53620
2022-07-31,2022-07-29,TORSP,32925
2022-07-31,2022-07-29,TRCN,0
2022-07-31,2022-07-29,TRFM,0
2022-07-31,2022-07-29,TRMK,34121973
2022-07-31,2022-07-29,TRNFP,38841050
2022-07-31,2022-07-29,TTLK,1900055.5
2022-07-31,2022-07-29,TUZA,338205
2022-07-31,2022-07-29,UCSS,621270
2022-07-31,2022-07-29,UKUZ,61546
2022-07-31,2022-07-29,UNAC,3378161.5
2022-07-31,2022-07-29,UNKL,353410
2022-07-31,2022-07-29,UPRO,137875277
2022-07-31,2022-07-29,URKA,0
2022-07-31,2022-07-29,URKZ,459600
2022-07-31,2022-07-29,USBN,475325
2022-07-31,2022-07-29,UTAR,11173081
2022-07-31,2022-07-29,VEON-RX,869452.5
2022-07-31,2022-07-29,VGSB,10010
2022-07-31,2022-07-29,VGSBP,22520
2022-07-31,2022-07-29,VJGZ,550858
2022-07-31,2022-07-29,VJGZP,765086
2022-07-31,2022-07-29,VKCO,481951344.6
2022-07-31,2022-07-29,VLHZ,5277343
2022-07-31,2022-07-29,VRSB,2817304
2022-07-31,2022-07-29,VRSBP,2507310
2022-07-31,2022-07-29,VSMO,12333220
2022-07-31,2022-07-29,VSYD,7760
2022-07-31,2022-07-29,VSYDP,0
2022-07-31,2022-07-29,VTBR,304116090.1
2022-07-31,2022-07-29,WTCM,25988
2022-07-31,2022-07-29,WTCMP,474558
2022-07-31,2022-07-29,YAKG,1355596.5
2022-07-31,2022-07-29,YKEN,166070
2022-07-31,2022-07-29,YKENP,130825
2022-07-31,2022-07-29,YNDX,2582755408.8
2022-07-31,2022-07-29,YRSB,20920
2022-07-31,2022-07-29,YRSBP,65365
2022-07-31,2022-07-29,ZILL,1750535
2022-07-31,2022-07-29,ZVEZ,691435
2022-08-31,2022-08-31,ABRD,4945825
2022-08-31,2022-08-31,ACKO,0
2022-08-31,2022-08-31,AFKS,259927070.7
2022-08-31,2022-08-31,AFLT,294445619
2022-08-31,2022-08-31,AGRO,41912616.2
2022-08-31,2022-08-31,AKRN,53440160
2022-08-31,2022-08-31,ALRS,531479515.6
2022-08-31,2022-08-31,AMEZ,9452653
2022-08-31,2022-08-31,APTK,1971779.6
2022-08-31,2022-08-31,AQUA,68737258
2022-08-31,2022-08-31,ARSA,296629
2022-08-31,2022-08-31,ASSB,344320.5
2022-08-31,2022-08-31,AVAN,72400
2022-08-31,2022-08-31,BANE,7369068.5
2022-08-31,2022-08-31,BANEP,75022425
2022-08-31,2022-08-31,BELU,99613813
2022-08-31,2022-08-31,BISV,0
2022-08-31,2022-08-31,BISVP,474958
2022-08-31,2022-08-31,BLNG,15228620.5
2022-08-31,2022-08-31,BRZL,1953245
2022-08-31,2022-08-31,BSPB,67055591.2
2022-08-31,2022-08-31,BSPBP,305155
2022-08-31,2022-08-31,CBOM,554829106.4
2022-08-31,2022-08-31,CHGZ,121314
2022-08-31,2022-08-31,CHKZ,702600
2022-08-31,2022-08-31,CHMF,552349090.8
2022-08-31,2022-08-31,CHMK,6677565
2022-08-31,2022-08-31,CIAN,49341421.2
2022-08-31,2022-08-31,CNTL,469412
2022-08-31,2022-08-31,CNTLP,1193568
2022-08-31,2022-08-31,DERZP,0
2022-08-31,2022-08-31,DIOD,593734
2022-08-31,2022-08-31,DSKY,100910286.2
2022-08-31,2022-08-31,DVEC,2921595
2022-08-31,2022-08-31,DZRD,411785
2022-08-31,2022-08-31,DZRDP,1461840
2022-08-31,2022-08-31,EELT,771437
2022-08-31,2022-08-31,ELTZ,774449.5
2022-08-31,2022-08-31,EM44,0
2022-08-31,2022-08-31,ENPG,134501371.5
2022-08-31,2022-08-31,ENRU,15883204.4
2022-08-31,2022-08-31,ETLN,39225079.18
2022-08-31,2022-08-31,FEES,386356360
2022-08-31,2022-08-31,FESH,125723114
2022-08-31,2022-08-31,FIVE,91956135
2022-08-31,2022-08-31,FIXP,24408137.5
2022-08-31,2022-08-31,FLOT,54862030.9
2022-08-31,2022-08-31,GAZA,475635
2022-08-31,2022-08-31,GAZAP,81840
2022-08-31,2022-08-31,GAZC,0
2022-08-31,2022-08-31,GAZP,61122930849.2
2022-08-31,2022-08-31,GAZS,0
2022-08-31,2022-08-31,GAZT,0
2022-08-31,2022-08-31,GCHE,11213825.5
2022-08-31,2022-08-31,GEMA,3287698.5
2022-08-31,2022-08-31,GEMC,11231385.8
2022-08-31,2022-08-31,GLTR,80511898.8
2022-08-31,2022-08-31,GMKN,1825293434
2022-08-31,2022-08-31,GTRK,2534542
2022-08-31,2022-08-31,GTSS,0
2022-08-31,2022-08-31,HHRU,9660038
2022-08-31,2022-08-31,HIMC,0
2022-08-31,2022-08-31,HIMCP,906498
2022-08-31,2022-08-31,HMSG,157730
2022-08-31,2022-08-31,HYDR,93885288.6
2022-08-31,2022-08-31,IGST,2537768
2022-08-31,2022-08-31,IGSTP,1202382
2022-08-31,2022-08-31,INGR,27471476
2022-08-31,2022-08-31,IRAO,249717384.75
2022-08-31,2022-08-31,IRGZ,0
2022-08-31,2022-08-31,IRKT,16064488
2022-08-31,2022-08-31,ISKJ,40096587
2022-08-31,2022-08-31,JNOS,950370
2022-08-31,2022-08-31,JNOSP,88334
2022-08-31,2022-08-31,KAZT,13761296
2022-08-31,2022-08-31,KAZTP,3888902
2022-08-31,2022-08-31,KBSB,516730
2022-08-31,2022-08-31,KCHE,56075
2022-08-31,2022-08-31,KCHEP,53500
2022-08-31,2022-08-31,KGKC,7304
2022-08-31,2022-08-31,KGKCP,10728
2022-08-31,2022-08-31,KLSB,481575
2022-08-31,2022-08-31,KMAZ,15023234
2022-08-31,2022-08-31,KMEZ,4551361
2022-08-31,2022-08-31,KMTZ,1363014.8
2022-08-31,2022-08-31,KOGK,621200
2022-08-31,2022-08-31,KRKN,362250
2022-08-31,2022-08-31,KRKNP,6085480
2022-08-31,2022-08-31,KRKO,0
2022-08-31,2022-08-31,KRKOP,1795998
2022-08-31,2022-08-31,KROT,3386335
2022-08-31,2022-08-31,KROTP,1517335
2022-08-31,2022-08-31,KRSB,298144
2022-08-31,2022-08-31,KRSBP,146824
2022-08-31,2022-08-31,KSGR,0
2022-08-31,2022-08-31,KTSB,460376
2022-08-31,2022-08-31,KTSBP,90075
2022-08-31,2022-08-31,KUBE,174940
2022-08-31,2022-08-31,KUZB,284537.1
2022-08-31,2022-08-31,KZMS,0
2022-08-31,2022-08-31,KZOS,24773729
2022-08-31,2022-08-31,KZOSP,97905864.7
2022-08-31,2022-08-31,LENT,9670645
2022-08-31,2022-08-31,LIFE,10190906
2022-08-31,2022-08-31,LKOH,5465757702
2022-08-31,2022-08-31,LNZL,37917890
2022-08-31,2022-08-31,LNZLP,13129660
2022-08-31,2022-08-31,LPSB,1038285
2022-08-31,2022-08-31,LSNG,1698173
2022-08-31,2022-08-31,LSNGP,10815841
2022-08-31,2022-08-31,LSRG,48315932.4
2022-08-31,2022-08-31,LVHK,646137
2022-08-31,2022-08-31,MAGE,80599
2022-08-31,2022-08-31,MAGEP,315692
2022-08-31,2022-08-31,MAGN,532278941.05
2022-08-31,2022-08-31,MDMG,15159255.5
2022-08-31,2022-08-31,MFGS,295875
2022-08-31,2022-08-31,MFGSP,183900
2022-08-31,2022-08-31,MFON,0
2022-08-31,2022-08-31,MGNT,877880823
2022-08-31,2022-08-31,MGNZ,5696030
2022-08-31,2022-08-31,MGTS,1145905
2022-08-31,2022-08-31,MGTSP,44900902
2022-08-31,2022-08-31,MISB,59350
2022-08-31,2022-08-31,MISBP,90630
2022-08-31,2022-08-31,MOEX,503870004.1
2022-08-31,2022-08-31,MORI,0
2022-08-31,2022-08-31,MRKC,9234567.8
2022-08-31,2022-08-31,MRKK,746281
2022-08-31,2022-08-31,MRKP,17253164
2022-08-31,2022-08-31,MRKS,610835
2022-08-31,2022-08-31,MRKU,1612284
2022-08-31,2022-08-31,MRKV,1683169.5
2022-08-31,2022-08-31,MRKY,129197.5
2022-08-31,2022-08-31,MRKZ,4230059.5
2022-08-31,2022-08-31,MRSB,473640
2022-08-31,2022-08-31,MSNG,11949877
2022-08-31,2022-08-31,MSRS,1843752.5
2022-08-31,2022-08-31,MSTT,357186
2022-08-31,2022-08-31,MTLR,331439512.08
2022-08-31,2022-08-31,MTLRP,104485101
2022-08-31,2022-08-31,MTSS,367561599
2022-08-31,2022-08-31,MVID,85682029.7
2022-08-31,2022-08-31,NAUK,396840
2022-08-31,2022-08-31,NFAZ,7709960
2022-08-31,2022-08-31,NKHP,2394330
2022-08-31,2022-08-31,NKNC,8030204.5
2022-08-31,2022-08-31,NKNCP,18445721.6
2022-08-31,2022-08-31,NKSH,471502
2022-08-31,2022-08-31,NLMK,655407883.6
2022-08-31,2022-08-31,NMTP,21590433.5
2022-08-31,2022-08-31,NNSB,61965
2022-08-31,2022-08-31,NNSBP,113824
2022-08-31,2022-08-31,NPOF,0
2022-08-31,2022-08-31,NSVZ,574090
2022-08-31,2022-08-31,NVTK,2358616271.8
2022-08-31,2022-08-31,OGKB,127782082.9
2022-08-31,2022-08-31,OKEY,6596981.8
2022-08-31,2022-08-31,OMZZP,4425620
2022-08-31,2022-08-31,OZON,290833871
2022-08-31,2022-08-31,PAZA,37760
2022-08-31,2022-08-31,PHOR,476735395
2022-08-31,2022-08-31,PIKK,291289434.8
2022-08-31,2022-08-31,PLZL,807933750
2022-08-31,2022-08-31,PMSB,2809869
2022-08-31,2022-08-31,PMSBP,644464
2022-08-31,2022-08-31,POLY,309430044.8
2022-08-31,2022-08-31,POSI,116993206.4
2022-08-31,2022-08-31,PRMB,70200
2022-08-31,2022-08-31,QIWI,16178937
2022-08-31,2022-08-31,RASP,208032254
2022-08-31,2022-08-31,RBCM,2100703.4
2022-08-31,2022-08-31,RDRB,825180
2022-08-31,2022-08-31,RENI,12739891.5
2022-08-31,2022-08-31,RGSS,342605.8
2022-08-31,2022-08-31,RKKE,930410
2022-08-31,2022-08-31,RNFT,32099491.6
2022-08-31,2022-08-31,ROLO,3417667.5
2022-08-31,2022-08-31,ROSB,23892
2022-08-31,2022-08-31,ROSN,1979623045
2022-08-31,2022-08-31,ROST,794046
2022-08-31,2022-08-31,RSTI,130501411
2022-08-31,2022-08-31,RSTIP,32834802
2022-08-31,2022-08-31,RTGZ,863500
2022-08-31,2022-08-31,RTKM,84047186.9
2022-08-31,2022-08-31,RTKMP,9396205.5
2022-08-31,2022-08-31,RTSB,65100
2022-08-31,2022-08-31,RTSBP,138151
2022-08-31,2022-08-31,RUAL,388928531.55
2022-08-31,2022-08-31,RUGR,7294894.88
2022-08-31,2022-08-31,RUSI,1195907
2022-08-31,2022-08-31,RZSB,673320
2022-08-31,2022-08-31,SAGO,36756
2022-08-31,2022-08-31,SAGOP,2390
2022-08-31,2022-08-31,SARE,1734584
2022-08-31,2022-08-31,SAREP,9896
2022-08-31,2022-08-31,SBER,14439588088.8
2022-08-31,2022-08-31,SBERP,1171829920.4
2022-08-31,2022-08-31,SELG,52108908.4
2022-08-31,2022-08-31,SFIN,1458140
2022-08-31,2022-08-31,SFTL,3745468.7
2022-08-31,2022-08-31,SGZH,327988414.9
2022-08-31,2022-08-31,SIBN,405134794.55
2022-08-31,2022-08-31,SLEN,223281
2022-08-31,2022-08-31,SMLT,352526356
2022-08-31,2022-08-31,SNGS,548040818.5
2022-08-31,2022-08-31,SNGSP,430339570
2022-08-31,2022-08-31,SPBE,832690606
2022-08-31,2022-08-31,STSB,199139.5
2022-08-31,2022-08-31,STSBP,57805.5
2022-08-31,2022-08-31,SVAV,7012330
2022-08-31,2022-08-31,SVET,4220016.7
2022-08-31,2022-08-31,TASB,4982790.5
2022-08-31,2022-08-31,TASBP,1573750
2022-08-31,2022-08-31,TATN,371483106
2022-08-31,2022-08-31,TATNP,128472201.1
2022-08-31,2022-08-31,TCSG,549242567.5
2022-08-31,2022-08-31,TGKA,160298866.4
2022-08-31,2022-08-31,TGKB,7688850
2022-08-31,2022-08-31,TGKBP,5516343
2022-08-31,2022-08-31,TGKD,629452
2022-08-31,2022-08-31,TGKDP,1415000.5
2022-08-31,2022-08-31,TGKN,495750
2022-08-31,2022-08-31,TNSE,20930
2022-08-31,2022-08-31,TORS,33230
2022-08-31,2022-08-31,TORSP,11445
2022-08-31,2022-08-31,TRCN,0
2022-08-31,2022-08-31,TRFM,0
2022-08-31,2022-08-31,TRMK,183633475.2
2022-08-31,2022-08-31,TRNFP,298413650
2022-08-31,2022-08-31,TTLK,2620887.5
2022-08-31,2022-08-31,TUZA,310200
2022-08-31,2022-08-31,UCSS,876115
2022-08-31,2022-08-31,UKUZ,499146
2022-08-31,2022-08-31,UNAC,3504038.5
2022-08-31,2022-08-31,UNKL,847110
2022-08-31,2022-08-31,UPRO,76724802
2022-08-31,2022-08-31,URKA,0
2022-08-31,2022-08-31,URKZ,912960
2022-08-31,2022-08-31,USBN,3462200
2022-08-31,2022-08-31,UTAR,1686696
2022-08-31,2022-08-31,VEON-RX,1078185
2022-08-31,2022-08-31,VGSB,68420
2022-08-31,2022-08-31,VGSBP,14075
2022-08-31,2022-08-31,VJGZ,539409
2022-08-31,2022-08-31,VJGZP,714629
2022-08-31,2022-08-31,VKCO,253489534.8
2022-08-31,2022-08-31,VLHZ,448226.5
2022-08-31,2022-08-31,VRSB,243244
2022-08-31,2022-08-31,VRSBP,609912
2022-08-31,2022-08-31,VSMO,27539440
2022-08-31,2022-08-31,VSYD,339885
2022-08-31,2022-08-31,VSYDP,149700
2022-08-31,2022-08-31,VTBR,1485762280.55
2022-08-31,2022-08-31,WTCM,96622
2022-08-31,2022-08-31,WTCMP,203868
2022-08-31,2022-08-31,YAKG,3906345
2022-08-31,2022-08-31,YKEN,41635
2022-08-31,2022-08-31,YKENP,32050
2022-08-31,2022-08-31,YNDX,1509343101.6
2022-08-31,2022-08-31,YRSB,3480
2022-08-31,2022-08-31,YRSBP,5010
2022-08-31,2022-08-31,ZILL,1516960
2022-08-31,2022-08-31,ZVEZ,681240
2022-09-30,2022-09-30,ABRD,10875785
2022-09-30,2022-09-30,ACKO,0
2022-09-30,2022-09-30,AFKS,492522486.2
2022-09-30,2022-09-30,AFLT,333966623.8
2022-09-30,2022-09-30,AGRO,64383041.6
2022-09-30,2022-09-30,AKRN,129160476
2022-09-30,2022-09-30,ALRS,650506570.6
2022-09-30,2022-09-30,AMEZ,14613603
2022-09-30,2022-09-30,APTK,7272854.2
2022-09-30,2022-09-30,AQUA,22494465
2022-09-30,2022-09-30,ARSA,4779112
2022-09-30,2022-09-30,ASSB,33350.5
2022-09-30,2022-09-30,AVAN,235730
2022-09-30,2022-09-30,BANE,21456091.5
2022-09-30,2022-09-30,BANEP,43100126
2022-09-30,2022-09-30,BELU,69899977
2022-09-30,2022-09-30,BISV,0
2022-09-30,2022-09-30,BISVP,127969
2022-09-30,2022-09-30,BLNG,1406943
2022-09-30,2022-09-30,BRZL,279330
2022-09-30,2022-09-30,BSPB,28885437.5
2022-09-30,2022-09-30,BSPBP,143255
2022-09-30,2022-09-30,CBOM,731995790.3
2022-09-30,2022-09-30,CHGZ,235488
2022-09-30,2022-09-30,CHKZ,151480
2022-09-30,2022-09-30,CHMF,852687217.2
2022-09-30,2022-09-30,CHMK,7701615
2022-09-30,2022-09-30,CIAN,8290344.2
2022-09-30,2022-09-30,CNTL,677414
2022-09-30,2022-09-30,CNTLP,1717580
2022-09-30,2022-09-30,DERZP,0
2022-09-30,2022-09-30,DIOD,206351
2022-09-30,2022-09-30,DSKY,116110317.6
2022-09-30,2022-09-30,DVEC,2780468
2022-09-30,2022-09-30,DZRD,37745
2022-09-30,2022-09-30,DZRDP,34150
2022-09-30,2022-09-30,EELT,216730.2
2022-09-30,2022-09-30,ELTZ,14250383.5
2022-09-30,2022-09-30,EM44,0
2022-09-30,2022-09-30,ENPG,136585780.5
2022-09-30,2022-09-30,ENRU,190246664.4
2022-09-30,2022-09-30,ETLN,28421693.96
2022-09-30,2022-09-30,FEES,86976114
2022-09-30,2022-09-30,FESH,115354944
2022-09-30,2022-09-30,FIVE,323842243.5
2022-09-30,2022-09-30,FIXP,114123103.5
2022-09-30,2022-09-30,FLOT,29331545.1
2022-09-30,2022-09-30,GAZA,240215
2022-09-30,2022-09-30,GAZAP,184580
2022-09-30,2022-09-30,GAZC,0
2022-09-30,2022-09-30,GAZP,54576888661.7
2022-09-30,2022-09-30,GAZS,0
2022-09-30,2022-09-30,GAZT,0
2022-09-30,2022-09-30,GCHE,18059220.5
2022-09-30,2022-09-30,GEMA,2045509
2022-09-30,2022-09-30,GEMC,3124580.8
2022-09-30,2022-09-30,GLTR,28210656.1
2022-09-30,2022-09-30,GMKN,2526890496
2022-09-30,2022-09-30,GTRK,669438
2022-09-30,2022-09-30,HHRU,11895195
2022-09-30,2022-09-30,HIMC,0
2022-09-30,2022-09-30,HIMCP,482943
2022-09-30,2022-09-30,HMSG,123425
2022-09-30,2022-09-30,HYDR,317923429.5
2022-09-30,2022-09-30,IGST,763686
2022-09-30,2022-09-30,IGSTP,167790
2022-09-30,2022-09-30,INGR,126721041
2022-09-30,2022-09-30,IRAO,289646143.95
2022-09-30,2022-09-30,IRGZ,0
2022-09-30,2022-09-30,IRKT,64773860
2022-09-30,2022-09-30,ISKJ,37333495.2
2022-09-30,2022-09-30,JNOS,64460
2022-09-30,2022-09-30,JNOSP,120654
2022-09-30,2022-09-30,KAZT,14786534
2022-09-30,2022-09-30,KAZTP,3069734
2022-09-30,2022-09-30,KBSB,37035
2022-09-30,2022-09-30,KCHE,402570
2022-09-30,2022-09-30,KCHEP,600320
2022-09-30,2022-09-30,KGKC,25774
2022-09-30,2022-09-30,KGKCP,85212
2022-09-30,2022-09-30,KLSB,1716663
2022-09-30,2022-09-30,KMAZ,10481743
2022-09-30,2022-09-30,KMEZ,184238
2022-09-30,2022-09-30,KMTZ,162813.7
2022-09-30,2022-09-30,KOGK,209000
2022-09-30,2022-09-30,KRKN,72900
2022-09-30,2022-09-30,KRKNP,3980800
2022-09-30,2022-09-30,KRKO,0
2022-09-30,2022-09-30,KRKOP,162843
2022-09-30,2022-09-30,KROT,455995
2022-09-30,2022-09-30,KROTP,35450
2022-09-30,2022-09-30,KRSB,157002
2022-09-30,2022-09-30,KRSBP,75868
2022-09-30,2022-09-30,KSGR,0
2022-09-30,2022-09-30,KTSB,181630
2022-09-30,2022-09-30,KTSBP,38920
2022-09-30,2022-09-30,KUBE,129729
2022-09-30,2022-09-30,KUZB,107519.7
2022-09-30,2022-09-30,KZMS,0
2022-09-30,2022-09-30,KZOS,8697214
2022-09-30,2022-09-30,KZOSP,17788535.9
2022-09-30,2022-09-30,LENT,16333207.5
2022-09-30,2022-09-30,LIFE,5590345.5
2022-09-30,2022-09-30,LKOH,3314841929.5
2022-09-30,2022-09-30,LNZL,9277740
2022-09-30,2022-09-30,LNZLP,6008395
2022-09-30,2022-09-30,LPSB,1688015
2022-09-30,2022-09-30,LSNG,4957242
2022-09-30,2022-09-30,LSNGP,22192727.5
2022-09-30,2022-09-30,LSRG,54417511.4
2022-09-30,2022-09-30,LVHK,1350965
2022-09-30,2022-09-30,MAGE,441797
2022-09-30,2022-09-30,MAGEP,103420
2022-09-30,2022-09-30,MAGN,1131324885.3
2022-09-30,2022-09-30,MDMG,28240659.8
2022-09-30,2022-09-30,MFGS,18665
2022-09-30,2022-09-30,MFGSP,45005
2022-09-30,2022-09-30,MFON,0
2022-09-30,2022-09-30,MGNT,1009327142.5
2022-09-30,2022-09-30,MGNZ,532830
2022-09-30,2022-09-30,MGTS,47710
2022-09-30,2022-09-30,MGTSP,2322682
2022-09-30,2022-09-30,MISB,38530
2022-09-30,2022-09-30,MISBP,206590
2022-09-30,2022-09-30,MOEX,596128718.2
2022-09-30,2022-09-30,MORI,0
2022-09-30,2022-09-30,MRKC,5172236
2022-09-30,2022-09-30,MRKK,1437577.2
2022-09-30,2022-09-30,MRKP,11314866
2022-09-30,2022-09-30,MRKS,1592705
2022-09-30,2022-09-30,MRKU,1597308
2022-09-30,2022-09-30,MRKV,1665110.5
2022-09-30,2022-09-30,MRKY,418271
2022-09-30,2022-09-30,MRKZ,1175904
2022-09-30,2022-09-30,MRSB,62070
2022-09-30,2022-09-30,MSNG,17046222
2022-09-30,2022-09-30,MSRS,1419273.5
2022-09-30,2022-09-30,MSTT,278117
2022-09-30,2022-09-30,MTLR,350021478.92
2022-09-30,2022-09-30,MTLRP,249970713.5
2022-09-30,2022-09-30,MTSS,504427345.5
2022-09-30,2022-09-30,MVID,58288261.4
2022-09-30,2022-09-30,NAUK,4359216
2022-09-30,2022-09-30,NFAZ,1188425
2022-09-30,2022-09-30,NKHP,684960
2022-09-30,2022-09-30,NKNC,7559131.5
2022-09-30,2022-09-30,NKNCP,13317467.2
2022-09-30,2022-09-30,NKSH,96918
2022-09-30,2022-09-30,NLMK,1486225336.2
2022-09-30,2022-09-30,NMTP,9260068.5
2022-09-30,2022-09-30,NNSB,55110
2022-09-30,2022-09-30,NNSBP,16140
2022-09-30,2022-09-30,NPOF,0
2022-09-30,2022-09-30,NSVZ,317845
2022-09-30,2022-09-30,NVTK,1593537556.6
2022-09-30,2022-09-30,OGKB,63736173.3
2022-09-30,2022-09-30,OKEY,5616835.3
2022-09-30,2022-09-30,OMZZP,106070
2022-09-30,2022-09-30,OZON,525731182.5
2022-09-30,2022-09-30,PAZA,83380
2022-09-30,2022-09-30,PHOR,1737018238
2022-09-30,2022-09-30,PIKK,549336933.9
2022-09-30,2022-09-30,PLZL,1603717416.5
2022-09-30,2022-09-30,PMSB,872527
2022-09-30,2022-09-30,PMSBP,970590
2022-09-30,2022-09-30,POLY,505620657.7
2022-09-30,2022-09-30,POSI,175090176.2
2022-09-30,2022-09-30,PRMB,383000
2022-09-30,2022-09-30,QIWI,28806209
2022-09-30,2022-09-30,RASP,272160157.5
2022-09-30,2022-09-30,RBCM,364715
2022-09-30,2022-09-30,RDRB,280840
2022-09-30,2022-09-30,RENI,5118699.7
2022-09-30,2022-09-30,RGSS,1879964.2
2022-09-30,2022-09-30,RKKE,603500
2022-09-30,2022-09-30,RNFT,48983269.4
2022-09-30,2022-09-30,ROLO,5415524.5
2022-09-30,2022-09-30,ROSB,498944
2022-09-30,2022-09-30,ROSN,2337833133.3
2022-09-30,2022-09-30,ROST,2639548
2022-09-30,2022-09-30,RSTI,48367140.1
2022-09-30,2022-09-30,RSTIP,4224661
2022-09-30,2022-09-30,RTGZ,41700
2022-09-30,2022-09-30,RTKM,99714393.1
2022-09-30,2022-09-30,RTKMP,22382120.5
2022-09-30,2022-09-30,RTSB,37238
2022-09-30,2022-09-30,RTSBP,31241
2022-09-30,2022-09-30,RUAL,484184208.2
2022-09-30,2022-09-30,RUGR,11714770.74
2022-09-30,2022-09-30,RUSI,1201731
2022-09-30,2022-09-30,RZSB,775888
2022-09-30,2022-09-30,SAGO,81218
2022-09-30,2022-09-30,SAGOP,83464
2022-09-30,2022-09-30,SARE,38074
2022-09-30,2022-09-30,SAREP,31730
2022-09-30,2022-09-30,SBER,14569420124.9
2022-09-30,2022-09-30,SBERP,1275262242.9
2022-09-30,2022-09-30,SELG,20921721.8
2022-09-30,2022-09-30,SFIN,1428482
2022-09-30,2022-09-30,SFTL,8350070.5
2022-09-30,2022-09-30,SGZH,255150222.4
2022-09-30,2022-09-30,SIBN,182354820.85
2022-09-30,2022-09-30,SLEN,629976
2022-09-30,2022-09-30,SMLT,598820382.5
2022-09-30,2022-09-30,SNGS,715346509.5
2022-09-30,2022-09-30,SNGSP,921835581.5
2022-09-30,2022-09-30,SPBE,520998858.1
2022-09-30,2022-09-30,STSB,201942.5
2022-09-30,2022-09-30,STSBP,114173.5
2022-09-30,2022-09-30,SVAV,1543840
2022-09-30,2022-09-30,SVET,1517213.05
2022-09-30,2022-09-30,TASB,37423
2022-09-30,2022-09-30,TASBP,198105
2022-09-30,2022-09-30,TATN,285845061.6
2022-09-30,2022-09-30,TATNP,172566331.2
2022-09-30,2022-09-30,TCSG,1277742517
2022-09-30,2022-09-30,TGKA,23177190.2
2022-09-30,2022-09-30,TGKB,13529155
2022-09-30,2022-09-30,TGKBP,809171
2022-09-30,2022-09-30,TGKD,0
2022-09-30,2022-09-30,TGKDP,0
2022-09-30,2022-09-30,TGKN,568270
2022-09-30,2022-09-30,TNSE,45385
2022-09-30,2022-09-30,TORS,391690
2022-09-30,2022-09-30,TORSP,217000
2022-09-30,2022-09-30,TRCN,0
2022-09-30,2022-09-30,TRFM,0
2022-09-30,2022-09-30,TRMK,157842947.6
2022-09-30,2022-09-30,TRNFP,138484350
2022-09-30,2022-09-30,TTLK,4811018.5
2022-09-30,2022-09-30,TUZA,187155
2022-09-30,2022-09-30,UCSS,82415
2022-09-30,2022-09-30,UKUZ,194792
2022-09-30,2022-09-30,UNAC,5103884.5
2022-09-30,2022-09-30,UNKL,3455060
2022-09-30,2022-09-30,UPRO,182607734
2022-09-30,2022-09-30,URKA,0
2022-09-30,2022-09-30,URKZ,49020
2022-09-30,2022-09-30,USBN,305458
2022-09-30,2022-09-30,UTAR,216677
2022-09-30,2022-09-30,VEON-RX,983548
2022-09-30,2022-09-30,VGSB,798715
2022-09-30,2022-09-30,VGSBP,195730
2022-09-30,2022-09-30,VJGZ,85315
2022-09-30,2022-09-30,VJGZP,251180
2022-09-30,2022-09-30,VKCO,1033708803.8
2022-09-30,2022-09-30,VLHZ,1230094
2022-09-30,2022-09-30,VRSB,1577270
2022-09-30,2022-09-30,VRSBP,308186
2022-09-30,2022-09-30,VSMO,37497880
2022-09-30,2022-09-30,VSYD,68655
2022-09-30,2022-09-30,VSYDP,62560
2022-09-30,2022-09-30,VTBR,1902285775.2
2022-09-30,2022-09-30,WTCM,71778
2022-09-30,2022-09-30,WTCMP,93778
2022-09-30,2022-09-30,YAKG,953420
2022-09-30,2022-09-30,YKEN,41130
2022-09-30,2022-09-30,YKENP,79250
2022-09-30,2022-09-30,YNDX,4234250589.6
2022-09-30,2022-09-30,YRSB,3360
2022-09-30,2022-09-30,YRSBP,4665
2022-09-30,2022-09-30,ZILL,856100
2022-09-30,2022-09-30,ZVEZ,120320
2022-10-31,2022-10-31,ABRD,2544685
2022-10-31,2022-10-31,ACKO,0
2022-10-31,2022-10-31,AFKS,191889203.2
2022-10-31,2022-10-31,AFLT,148440099.6
2022-10-31,2022-10-31,AGRO,37121621.6
2022-10-31,2022-10-31,AKRN,59751720
2022-10-31,2022-10-31,ALRS,461516028.2
2022-10-31,2022-10-31,AMEZ,8306735
2022-10-31,2022-10-31,APTK,1430300.66
2022-10-31,2022-10-31,AQUA,151671293
2022-10-31,2022-10-31,ARSA,649241
2022-10-31,2022-10-31,ASSB,745479
2022-10-31,2022-10-31,AVAN,263170
2022-10-31,2022-10-31,BANE,8783451
2022-10-31,2022-10-31,BANEP,11867546.5
2022-10-31,2022-10-31,BELU,41478911
2022-10-31,2022-10-31,BISV,0
2022-10-31,2022-10-31,BISVP,129007
2022-10-31,2022-10-31,BLNG,464591
2022-10-31,2022-10-31,BRZL,64983
2022-10-31,2022-10-31,BSPB,25727380.1
2022-10-31,2022-10-31,BSPBP,570000
2022-10-31,2022-10-31,CBOM,190699155.4
2022-10-31,2022-10-31,CHGZ,346170
2022-10-31,2022-10-31,CHKZ,19538520
2022-10-31,2022-10-31,CHMF,1036521366.6
2022-10-31,2022-10-31,CHMK,451195
2022-10-31,2022-10-31,CIAN,36138376.6
2022-10-31,2022-10-31,CNTL,333938
2022-10-31,2022-10-31,CNTLP,596028
2022-10-31,2022-10-31,DERZP,0
2022-10-31,2022-10-31,DIOD,1616165
2022-10-31,2022-10-31,DSKY,41297098.2
2022-10-31,2022-10-31,DVEC,403381
2022-10-31,2022-10-31,DZRD,53045
2022-10-31,2022-10-31,DZRDP,30350
2022-10-31,2022-10-31,EELT,103646
2022-10-31,2022-10-31,ELTZ,1931507.5
2022-10-31,2022-10-31,EM44,0
2022-10-31,2022-10-31,ENPG,55864178
2022-10-31,2022-10-31,ENRU,62081180.8
2022-10-31,2022-10-31,ETLN,6839115.8
2022-10-31,2022-10-31,FEES,30122978.6
2022-10-31,2022-10-31,FESH,28503587
2022-10-31,2022-10-31,FIVE,187755907.5
2022-10-31,2022-10-31,FIXP,13991987.3
2022-10-31,2022-10-31,FLOT,42842264.3
2022-10-31,2022-10-31,GAZA,228410
2022-10-31,2022-10-31,GAZAP,198420
2022-10-31,2022-10-31,GAZC,0
2022-10-31,2022-10-31,GAZP,2727443256.5
2022-10-31,2022-10-31,GAZS,0
2022-10-31,2022-10-31,GAZT,0
2022-10-31,2022-10-31,GCHE,30822431
2022-10-31,2022-10-31,GEMA,466077.5
2022-10-31,2022-10-31,GEMC,3643011.9
2022-10-31,2022-10-31,GLTR,40449792.75
2022-10-31,2022-10-31,GMKN,2165538454
2022-10-31,2022-10-31,GTRK,584240.5
2022-10-31,2022-10-31,HHRU,6699926
2022-10-31,2022-10-31,HIMC,0
2022-10-31,2022-10-31,HIMCP,135074
2022-10-31,2022-10-31,HMSG,103475
2022-10-31,2022-10-31,HYDR,101547283.5
2022-10-31,2022-10-31,IGST,115790
2022-10-31,2022-10-31,IGSTP,204720
2022-10-31,2022-10-31,INGR,31760991
2022-10-31,2022-10-31,IRAO,171909581.75
2022-10-31,2022-10-31,IRGZ,0
2022-10-31,2022-10-31,IRKT,50539096
2022-10-31,2022-10-31,ISKJ,16785714.6
2022-10-31,2022-10-31,JNOS,498735
2022-10-31,2022-10-31,JNOSP,600100
2022-10-31,2022-10-31,KAZT,3065142
2022-10-31,2022-10-31,KAZTP,1445490
2022-10-31,2022-10-31,KBSB,58720
2022-10-31,2022-10-31,KCHE,15750
2022-10-31,2022-10-31,KCHEP,92500
2022-10-31,2022-10-31,KGKC,109996
2022-10-31,2022-10-31,KGKCP,222266
2022-10-31,2022-10-31,KLSB,1115549
2022-10-31,2022-10-31,KMAZ,11257143
2022-10-31,2022-10-31,KMEZ,116618
2022-10-31,2022-10-31,KMTZ,390445.7
2022-10-31,2022-10-31,KOGK,103000
2022-10-31,2022-10-31,KRKN,277100
2022-10-31,2022-10-31,KRKNP,4435720
2022-10-31,2022-10-31,KRKO,0
2022-10-31,2022-10-31,KRKOP,142034
2022-10-31,2022-10-31,KROT,749445
2022-10-31,2022-10-31,KROTP,163160
2022-10-31,2022-10-31,KRSB,847097
2022-10-31,2022-10-31,KRSBP,70708
2022-10-31,2022-10-31,KSGR,0
2022-10-31,2022-10-31,KTSB,43038
2022-10-31,2022-10-31,KTSBP,33450
2022-10-31,2022-10-31,KUBE,736521
2022-10-31,2022-10-31,KUZB,3359036.4
2022-10-31,2022-10-31,KZMS,0
2022-10-31,2022-10-31,KZOS,21920688
2022-10-31,2022-10-31,KZOSP,15320920.1
2022-10-31,2022-10-31,LENT,21587334.5
2022-10-31,2022-10-31,LIFE,7214110.5
2022-10-31,2022-10-31,LKOH,3037751279
2022-10-31,2022-10-31,LNZL,55055960
2022-10-31,2022-10-31,LNZLP,3578505
2022-10-31,2022-10-31,LPSB,394100
2022-10-31,2022-10-31,LSNG,2232558
2022-10-31,2022-10-31,LSNGP,9429068.5
2022-10-31,2022-10-31,LSRG,10861872.6
2022-10-31,2022-10-31,LVHK,264422
2022-10-31,2022-10-31,MAGE,157706
2022-10-31,2022-10-31,MAGEP,424830
2022-10-31,2022-10-31,MAGN,794170695.8
2022-10-31,2022-10-31,MDMG,48984009
2022-10-31,2022-10-31,MFGS,41355
2022-10-31,2022-10-31,MFGSP,459315
2022-10-31,2022-10-31,MFON,0
2022-10-31,2022-10-31,MGNT,486519441.5
2022-10-31,2022-10-31,MGNZ,534530
2022-10-31,2022-10-31,MGTS,107870
2022-10-31,2022-10-31,MGTSP,1252506
2022-10-31,2022-10-31,MISB,6790
2022-10-31,2022-10-31,MISBP,204460
2022-10-31,2022-10-31,MOEX,203752126.4
2022-10-31,2022-10-31,MORI,0
2022-10-31,2022-10-31,MRKC,7039847.6
2022-10-31,2022-10-31,MRKK,825133.4
2022-10-31,2022-10-31,MRKP,15475173
2022-10-31,2022-10-31,MRKS,2310570
2022-10-31,2022-10-31,MRKU,2437348
2022-10-31,2022-10-31,MRKV,11922091.5
2022-10-31,2022-10-31,MRKY,1314337.5
2022-10-31,2022-10-31,MRKZ,6201587.5
2022-10-31,2022-10-31,MRSB,552440
2022-10-31,2022-10-31,MSNG,32004905
2022-10-31,2022-10-31,MSRS,22888757
2022-10-31,2022-10-31,MSTT,339128
2022-10-31,2022-10-31,MTLR,108236787.32
2022-10-31,2022-10-31,MTLRP,32902300
2022-10-31,2022-10-31,MTSS,337080683.5
2022-10-31,2022-10-31,MVID,51077251.9
2022-10-31,2022-10-31,NAUK,285794
2022-10-31,2022-10-31,NFAZ,653305
2022-10-31,2022-10-31,NKHP,2578510
2022-10-31,2022-10-31,NKNC,3994212.5
2022-10-31,2022-10-31,NKNCP,12164894.8
2022-10-31,2022-10-31,NKSH,299318
2022-10-31,2022-10-31,NLMK,890180653
2022-10-31,2022-10-31,NMTP,6502238
2022-10-31,2022-10-31,NNSB,19070
2022-10-31,2022-10-31,NNSBP,16096
2022-10-31,2022-10-31,NPOF,0
2022-10-31,2022-10-31,NSVZ,481845
2022-10-31,2022-10-31,NVTK,1386690256.4
2022-10-31,2022-10-31,OGKB,28220400.4
2022-10-31,2022-10-31,OKEY,7446276.1
2022-10-31,2022-10-31,OMZZP,19409915
2022-10-31,2022-10-31,OZON,226981801.5
2022-10-31,2022-10-31,PAZA,81960
2022-10-31,2022-10-31,PHOR,552950309
2022-10-31,2022-10-31,PIKK,126928581.1
2022-10-31,2022-10-31,PLZL,1784512751.5
2022-10-31,2022-10-31,PMSB,14192142
2022-10-31,2022-10-31,PMSBP,5626234
2022-10-31,2022-10-31,POLY,297284735.5
2022-10-31,2022-10-31,POSI,492598541
2022-10-31,2022-10-31,PRMB,0
2022-10-31,2022-10-31,QIWI,31631370
2022-10-31,2022-10-31,RASP,161793525
2022-10-31,2022-10-31,RBCM,68663.4
2022-10-31,2022-10-31,RDRB,186500
2022-10-31,2022-10-31,RENI,4906411
2022-10-31,2022-10-31,RGSS,10784506.4
2022-10-31,2022-10-31,RKKE,6955930
2022-10-31,2022-10-31,RNFT,18270726
2022-10-31,2022-10-31,ROLO,3838554
2022-10-31,2022-10-31,ROSB,267562
2022-10-31,2022-10-31,ROSN,2145337021.6
2022-10-31,2022-10-31,ROST,3281690
2022-10-31,2022-10-31,RSTI,26999166.1
2022-10-31,2022-10-31,RSTIP,2440035
2022-10-31,2022-10-31,RTGZ,45300
2022-10-31,2022-10-31,RTKM,42002938.5
2022-10-31,2022-10-31,RTKMP,7111650.5
2022-10-31,2022-10-31,RTSB,113868
2022-10-31,2022-10-31,RTSBP,24553
2022-10-31,2022-10-31,RUAL,521091983.2
2022-10-31,2022-10-31,RUGR,9353758.62
2022-10-31,2022-10-31,RUSI,2231509
2022-10-31,2022-10-31,RZSB,784326
2022-10-31,2022-10-31,SAGO,167186
2022-10-31,2022-10-31,SAGOP,202198
2022-10-31,2022-10-31,SARE,125194
2022-10-31,2022-10-31,SAREP,70344
2022-10-31,2022-10-31,SBER,7705148783.6
2022-10-31,2022-10-31,SBERP,541224621.5
2022-10-31,2022-10-31,SELG,12073577.3
2022-10-31,2022-10-31,SFIN,1106132
2022-10-31,2022-10-31,SFTL,0
2022-10-31,2022-10-31,SGZH,470265785.6
2022-10-31,2022-10-31,SIBN,280771582.65
2022-10-31,2022-10-31,SLEN,390432
2022-10-31,2022-10-31,SMLT,282390925
2022-10-31,2022-10-31,SNGS,364073741
2022-10-31,2022-10-31,SNGSP,319783613
2022-10-31,2022-10-31,SPBE,62751181.5
2022-10-31,2022-10-31,STSB,160681.5
2022-10-31,2022-10-31,STSBP,980333
2022-10-31,2022-10-31,SVAV,3338860
2022-10-31,2022-10-31,SVET,734625.05
2022-10-31,2022-10-31,TASB,42682.5
2022-10-31,2022-10-31,TASBP,62785
2022-10-31,2022-10-31,TATN,218955233.6
2022-10-31,2022-10-31,TATNP,67508105.3
2022-10-31,2022-10-31,TCSG,1304356147
2022-10-31,2022-10-31,TGKA,12162042.2
2022-10-31,2022-10-31,TGKB,1425490
2022-10-31,2022-10-31,TGKBP,474728
2022-10-31,2022-10-31,TGKD,0
2022-10-31,2022-10-31,TGKDP,0
2022-10-31,2022-10-31,TGKN,267540
2022-10-31,2022-10-31,TNSE,153165
2022-10-31,2022-10-31,TORS,64300
2022-10-31,2022-10-31,TORSP,12995
2022-10-31,2022-10-31,TRCN,0
2022-10-31,2022-10-31,TRFM,0
2022-10-31,2022-10-31,TRMK,48059923.2
2022-10-31,2022-10-31,TRNFP,450563950
2022-10-31,2022-10-31,TTLK,1318762
2022-10-31,2022-10-31,TUZA,196520
2022-10-31,2022-10-31,UCSS,70900
2022-10-31,2022-10-31,UKUZ,1261336
2022-10-31,2022-10-31,UNAC,2838625
2022-10-31,2022-10-31,UNKL,2941630
2022-10-31,2022-10-31,UPRO,82764641
2022-10-31,2022-10-31,URKA,0
2022-10-31,2022-10-31,URKZ,44180
2022-10-31,2022-10-31,USBN,1166184
2022-10-31,2022-10-31,UTAR,270836
2022-10-31,2022-10-31,VEON-RX,593777.5
2022-10-31,2022-10-31,VGSB,546410
2022-10-31,2022-10-31,VGSBP,235785
2022-10-31,2022-10-31,VJGZ,335602
2022-10-31,2022-10-31,VJGZP,453650
2022-10-31,2022-10-31,VKCO,250375984.8
2022-10-31,2022-10-31,VLHZ,235809.5
2022-10-31,2022-10-31,VRSB,761962
2022-10-31,2022-10-31,VRSBP,416546
2022-10-31,2022-10-31,VSMO,6636740
2022-10-31,2022-10-31,VSYD,79060
2022-10-31,2022-10-31,VSYDP,17140
2022-10-31,2022-10-31,VTBR,568476369.85
2022-10-31,2022-10-31,WTCM,28306
2022-10-31,2022-10-31,WTCMP,119370
2022-10-31,2022-10-31,YAKG,2006837.5
2022-10-31,2022-10-31,YKEN,32075
2022-10-31,2022-10-31,YKENP,21215
2022-10-31,2022-10-31,YNDX,1669699734.2
2022-10-31,2022-10-31,YRSB,22080
2022-10-31,2022-10-31,YRSBP,35410
2022-10-31,2022-10-31,ZILL,1025610
2022-10-31,2022-10-31,ZVEZ,151670
2022-11-30,2022-11-30,ABRD,148603825
2022-11-30,2022-11-30,ACKO,0
2022-11-30,2022-11-30,AFKS,87975811.5
2022-11-30,2022-11-30,AFLT,81337197.6
2022-11-30,2022-11-30,AGRO,18528371.8
2022-11-30,2022-11-30,AKRN,38660394
2022-11-30,2022-11-30,ALRS,311017145.3
2022-11-30,2022-11-30,AMEZ,22613257
2022-11-30,2022-11-30,APTK,5753223.12
2022-11-30,2022-11-30,AQUA,17683263.5
2022-11-30,2022-11-30,ARSA,41827
2022-11-30,2022-11-30,ASSB,5369
2022-11-30,2022-11-30,AVAN,215125
2022-11-30,2022-11-30,BANE,2237361.5
2022-11-30,2022-11-30,BANEP,11419318
2022-11-30,2022-11-30,BELU,71014474
2022-11-30,2022-11-30,BISV,0
2022-11-30,2022-11-30,BISVP,181468
2022-11-30,2022-11-30,BLNG,2014665
2022-11-30,2022-11-30,BRZL,1880863
2022-11-30,2022-11-30,BSPB,6693387.8
2022-11-30,2022-11-30,BSPBP,1256590
2022-11-30,2022-11-30,CBOM,267457878.2
2022-11-30,2022-11-30,CHGZ,387150
2022-11-30,2022-11-30,CHKZ,57720
2022-11-30,2022-11-30,CHMF,259283030.4
2022-11-30,2022-11-30,CHMK,2069660
2022-11-30,2022-11-30,CIAN,5268558.2
2022-11-30,2022-11-30,CNTL,1613504
2022-11-30,2022-11-30,CNTLP,2766102
2022-11-30,2022-11-30,DERZP,0
2022-11-30,2022-11-30,DIOD,406825
2022-11-30,2022-11-30,DSKY,126423772.8
2022-11-30,2022-11-30,DVEC,724805
2022-11-30,2022-11-30,DZRD,251925
2022-11-30,2022-11-30,DZRDP,191170
2022-11-30,2022-11-30,EELT,5118239.4
2022-11-30,2022-11-30,ELTZ,6035606
2022-11-30,2022-11-30,EM44,0
2022-11-30,2022-11-30,ENPG,33366740
2022-11-30,2022-11-30,ENRU,22006334.6
2022-11-30,2022-11-30,ETLN,5100141.02
2022-11-30,2022-11-30,FEES,35278926.2
2022-11-30,2022-11-30,FESH,67480846
2022-11-30,2022-11-30,FIVE,145296993
2022-11-30,2022-11-30,FIXP,9469301.8
2022-11-30,2022-11-30,FLOT,13469246.5
2022-11-30,2022-11-30,GAZA,165150
2022-11-30,2022-11-30,GAZAP,6880
2022-11-30,2022-11-30,GAZC,0
2022-11-30,2022-11-30,GAZP,1988506921.7
2022-11-30,2022-11-30,GAZS,0
2022-11-30,2022-11-30,GAZT,0
2022-11-30,2022-11-30,GCHE,50036387.5
2022-11-30,2022-11-30,GEMA,457956
2022-11-30,2022-11-30,GEMC,4197912.2
2022-11-30,2022-11-30,GLTR,18566310.4
2022-11-30,2022-11-30,GMKN,1174961314
2022-11-30,2022-11-30,GTRK,2623946
2022-11-30,2022-11-30,HHRU,9501700
2022-11-30,2022-11-30,HIMC,0
2022-11-30,2022-11-30,HIMCP,1766606
2022-11-30,2022-11-30,HMSG,48085
2022-11-30,2022-11-30,HYDR,55624811.3
2022-11-30,2022-11-30,IGST,507228
2022-11-30,2022-11-30,IGSTP,706634
2022-11-30,2022-11-30,INGR,20368157
2022-11-30,2022-11-30,IRAO,127165668.9
2022-11-30,2022-11-30,IRGZ,0
2022-11-30,2022-11-30,IRKT,77630194
2022-11-30,2022-11-30,ISKJ,5950571.2
2022-11-30,2022-11-30,JNOS,464480
2022-11-30,2022-11-30,JNOSP,1064784
2022-11-30,2022-11-30,KAZT,2511524
2022-11-30,2022-11-30,KAZTP,452060
2022-11-30,2022-11-30,KBSB,284190
2022-11-30,2022-11-30,KCHE,15385
2022-11-30,2022-11-30,KCHEP,21970
2022-11-30,2022-11-30,KGKC,47936
2022-11-30,2022-11-30,KGKCP,17728
2022-11-30,2022-11-30,KLSB,2277025
2022-11-30,2022-11-30,KMAZ,12560218
2022-11-30,2022-11-30,KMEZ,100417
2022-11-30,2022-11-30,KMTZ,277150
2022-11-30,2022-11-30,KOGK,242200
2022-11-30,2022-11-30,KRKN,25450
2022-11-30,2022-11-30,KRKNP,1343240
2022-11-30,2022-11-30,KRKO,0
2022-11-30,2022-11-30,KRKOP,183510
2022-11-30,2022-11-30,KROT,11970795
2022-11-30,2022-11-30,KROTP,478195
2022-11-30,2022-11-30,KRSB,174659
2022-11-30,2022-11-30,KRSBP,201062
2022-11-30,2022-11-30,KSGR,0
2022-11-30,2022-11-30,KTSB,98398
2022-11-30,2022-11-30,KTSBP,51675
2022-11-30,2022-11-30,KUBE,789265
2022-11-30,2022-11-30,KUZB,500208.5
2022-11-30,2022-11-30,KZMS,0
2022-11-30,2022-11-30,KZOS,119192596
2022-11-30,2022-11-30,KZOSP,96689589.8
2022-11-30,2022-11-30,LENT,8030371
2022-11-30,2022-11-30,LIFE,5418997
2022-11-30,2022-11-30,LKOH,1542999559.5
2022-11-30,2022-11-30,LNZL,42026970
2022-11-30,2022-11-30,LNZLP,5453530
2022-11-30,2022-11-30,LPSB,1553930
2022-11-30,2022-11-30,LSNG,64528141
2022-11-30,2022-11-30,LSNGP,256462076.5
2022-11-30,2022-11-30,LSRG,3264355.4
2022-11-30,2022-11-30,LVHK,154274
2022-11-30,2022-11-30,MAGE,282964
2022-11-30,2022-11-30,MAGEP,1077481
2022-11-30,2022-11-30,MAGN,649147367.4
2022-11-30,2022-11-30,MDMG,8415655.1
2022-11-30,2022-11-30,MFGS,351015
2022-11-30,2022-11-30,MFGSP,204720
2022-11-30,2022-11-30,MFON,0
2022-11-30,2022-11-30,MGNT,250788987.5
2022-11-30,2022-11-30,MGNZ,0
2022-11-30,2022-11-30,MGTS,2351760
2022-11-30,2022-11-30,MGTSP,25322192
2022-11-30,2022-11-30,MISB,379910
2022-11-30,2022-11-30,MISBP,275450
2022-11-30,2022-11-30,MOEX,66348435.1
2022-11-30,2022-11-30,MORI,0
2022-11-30,2022-11-30,MRKC,9397909.2
2022-11-30,2022-11-30,MRKK,3188580.6
2022-11-30,2022-11-30,MRKP,20577650
2022-11-30,2022-11-30,MRKS,1180055
2022-11-30,2022-11-30,MRKU,10099954
2022-11-30,2022-11-30,MRKV,8101090
2022-11-30,2022-11-30,MRKY,1688287
2022-11-30,2022-11-30,MRKZ,4546428.5
2022-11-30,2022-11-30,MRSB,255130
2022-11-30,2022-11-30,MSNG,18936664.5
2022-11-30,2022-11-30,MSRS,4984874.5
2022-11-30,2022-11-30,MSTT,532357.5
2022-11-30,2022-11-30,MTLR,151461087.28
2022-11-30,2022-11-30,MTLRP,34309953.5
2022-11-30,2022-11-30,MTSS,269650612
2022-11-30,2022-11-30,MVID,9485386.1
2022-11-30,2022-11-30,NAUK,302746
2022-11-30,2022-11-30,NFAZ,704380
2022-11-30,2022-11-30,NKHP,538860
2022-11-30,2022-11-30,NKNC,24953835
2022-11-30,2022-11-30,NKNCP,59942753.2
2022-11-30,2022-11-30,NKSH,627360
2022-11-30,2022-11-30,NLMK,196726372.4
2022-11-30,2022-11-30,NMTP,6779632
2022-11-30,2022-11-30,NNSB,14257220
2022-11-30,2022-11-30,NNSBP,5163010
2022-11-30,2022-11-30,NPOF,0
2022-11-30,2022-11-30,NSVZ,7473395
2022-11-30,2022-11-30,NVTK,611301926.4
2022-11-30,2022-11-30,OGKB,16364499.9
2022-11-30,2022-11-30,OKEY,2488714.5
2022-11-30,2022-11-30,OMZZP,259210
2022-11-30,2022-11-30,OZON,91791164.5
2022-11-30,2022-11-30,PAZA,232100
2022-11-30,2022-11-30,PHOR,149862262
2022-11-30,2022-11-30,PIKK,88759932.2
2022-11-30,2022-11-30,PLZL,2291280410.5
2022-11-30,2022-11-30,PMSB,1145964
2022-11-30,2022-11-30,PMSBP,341892
2022-11-30,2022-11-30,POLY,809933979.9
2022-11-30,2022-11-30,POSI,74122441.8
2022-11-30,2022-11-30,PRMB,33400
2022-11-30,2022-11-30,QIWI,11735964.5
2022-11-30,2022-11-30,RASP,80608262.5
2022-11-30,2022-11-30,RBCM,182786.8
2022-11-30,2022-11-30,RDRB,420000
2022-11-30,2022-11-30,RENI,706353.2
2022-11-30,2022-11-30,RGSS,6833470
2022-11-30,2022-11-30,RKKE,1568180
2022-11-30,2022-11-30,RNFT,13766851.7
2022-11-30,2022-11-30,ROLO,656259828.5
2022-11-30,2022-11-30,ROSB,187620
2022-11-30,2022-11-30,ROSN,412709870.2
2022-11-30,2022-11-30,ROST,2371744
2022-11-30,2022-11-30,RSTI,18049979.8
2022-11-30,2022-11-30,RSTIP,12036394
2022-11-30,2022-11-30,RTGZ,205000
2022-11-30,2022-11-30,RTKM,44871607.3
2022-11-30,2022-11-30,RTKMP,3612401.5
2022-11-30,2022-11-30,RTSB,78870
2022-11-30,2022-11-30,RTSBP,69382
2022-11-30,2022-11-30,RUAL,440637095.9
2022-11-30,2022-11-30,RUSI,231595
2022-11-30,2022-11-30,RZSB,305344
2022-11-30,2022-11-30,SAGO,76606
2022-11-30,2022-11-30,SAGOP,92024
2022-11-30,2022-11-30,SARE,142722
2022-11-30,2022-11-30,SAREP,52562
2022-11-30,2022-11-30,SBER,3645274279.8
2022-11-30,2022-11-30,SBERP,170834431.5
2022-11-30,2022-11-30,SELG,61462380.8
2022-11-30,2022-11-30,SFIN,1164662
2022-11-30,2022-11-30,SFTL,131155554.7
2022-11-30,2022-11-30,SGZH,62325390.1
2022-11-30,2022-11-30,SIBN,100907385
2022-11-30,2022-11-30,SLEN,119711.5
2022-11-30,2022-11-30,SMLT,81733837
2022-11-30,2022-11-30,SNGS,188301190
2022-11-30,2022-11-30,SNGSP,54158067.5
2022-11-30,2022-11-30,SPBE,32279060.5
2022-11-30,2022-11-30,STSB,42302
2022-11-30,2022-11-30,STSBP,110774
2022-11-30,2022-11-30,SVAV,8144445
2022-11-30,2022-11-30,SVET,7038515.05
2022-11-30,2022-11-30,TASB,10372.5
2022-11-30,2022-11-30,TASBP,27220
2022-11-30,2022-11-30,TATN,134656360.6
2022-11-30,2022-11-30,TATNP,29560951.8
2022-11-30,2022-11-30,TCSG,415386830.5
2022-11-30,2022-11-30,TGKA,15613010
2022-11-30,2022-11-30,TGKB,638470
2022-11-30,2022-11-30,TGKBP,567520
2022-11-30,2022-11-30,TGKD,0
2022-11-30,2022-11-30,TGKDP,0
2022-11-30,2022-11-30,TGKN,2772660
2022-11-30,2022-11-30,TNSE,76445
2022-11-30,2022-11-30,TORS,168150
2022-11-30,2022-11-30,TORSP,889820
2022-11-30,2022-11-30,TRCN,0
2022-11-30,2022-11-30,TRFM,0
2022-11-30,2022-11-30,TRMK,32425980.4
2022-11-30,2022-11-30,TRNFP,18594550
2022-11-30,2022-11-30,TTLK,25958566
2022-11-30,2022-11-30,TUZA,248150
2022-11-30,2022-11-30,UCSS,29945
2022-11-30,2022-11-30,UKUZ,409104
2022-11-30,2022-11-30,UNAC,39455678
2022-11-30,2022-11-30,UNKL,1232010
2022-11-30,2022-11-30,UPRO,16254439
2022-11-30,2022-11-30,URKA,0
2022-11-30,2022-11-30,URKZ,69920
2022-11-30,2022-11-30,USBN,798999
2022-11-30,2022-11-30,UTAR,1555292
2022-11-30,2022-11-30,VEON-RX,1362589.5
2022-11-30,2022-11-30,VGSB,65360
2022-11-30,2022-11-30,VGSBP,30090
2022-11-30,2022-11-30,VJGZ,599750
2022-11-30,2022-11-30,VJGZP,1353257
2022-11-30,2022-11-30,VKCO,149531232.2
2022-11-30,2022-11-30,VLHZ,174015.5
2022-11-30,2022-11-30,VRSB,5002910
2022-11-30,2022-11-30,VRSBP,2224666
2022-11-30,2022-11-30,VSMO,20763840
2022-11-30,2022-11-30,VSYD,416350
2022-11-30,2022-11-30,VSYDP,607480
2022-11-30,2022-11-30,VTBR,178831079.55
2022-11-30,2022-11-30,WTCM,565340
2022-11-30,2022-11-30,WTCMP,179764
2022-11-30,2022-11-30,YAKG,1204431
2022-11-30,2022-11-30,YKEN,402070
2022-11-30,2022-11-30,YKENP,50625
2022-11-30,2022-11-30,YNDX,1517595775.6
2022-11-30,2022-11-30,YRSB,125320
2022-11-30,2022-11-30,YRSBP,25075
2022-11-30,2022-11-30,ZILL,321115
2022-11-30,2022-11-30,ZVEZ,841380
2022-12-31,2022-12-30,ABRD,18252420
2022-12-31,2022-12-30,ACKO,0
2022-12-31,2022-12-30,AFKS,133948681.9
2022-12-31,2022-12-30,AFLT,69927673.6
2022-12-31,2022-12-30,AGRO,22209999.2
2022-12-31,2022-12-30,AKRN,14099168
2022-12-31,2022-12-30,ALRS,339922676.7
2022-12-31,2022-12-30,AMEZ,69925542
2022-12-31,2022-12-30,APTK,2748667.82
2022-12-31,2022-12-30,AQUA,3783002
2022-12-31,2022-12-30,ARSA,332101
2022-12-31,2022-12-30,ASSB,24355
2022-12-31,2022-12-30,AVAN,2248990
2022-12-31,2022-12-30,BANE,4778107.5
2022-12-31,2022-12-30,BANEP,15995389.5
2022-12-31,2022-12-30,BELU,48460820
2022-12-31,2022-12-30,BISVP,3068347
2022-12-31,2022-12-30,BLNG,48541712.5
2022-12-31,2022-12-30,BRZL,1142448
2022-12-31,2022-12-30,BSPB,31341403.7
2022-12-31,2022-12-30,BSPBP,1156670
2022-12-31,2022-12-30,CBOM,169888125.5
2022-12-31,2022-12-30,CHGZ,399512
2022-12-31,2022-12-30,CHKZ,246580
2022-12-31,2022-12-30,CHMF,587575149.2
2022-12-31,2022-12-30,CHMK,11910525
2022-12-31,2022-12-30,CIAN,7869235.2
2022-12-31,2022-12-30,CNTL,4439134
2022-12-31,2022-12-30,CNTLP,4432216
2022-12-31,2022-12-30,DIOD,382903
2022-12-31,2022-12-30,DSKY,734484189.6
2022-12-31,2022-12-30,DVEC,2785495
2022-12-31,2022-12-30,DZRD,31380
2022-12-31,2022-12-30,DZRDP,55910
2022-12-31,2022-12-30,EELT,489653.6
2022-12-31,2022-12-30,ELTZ,788853.5
2022-12-31,2022-12-30,ENPG,60550132
2022-12-31,2022-12-30,ENRU,289994502.8
2022-12-31,2022-12-30,ETLN,7372417.8
2022-12-31,2022-12-30,FEES,0
2022-12-31,2022-12-30,FESH,45347503
2022-12-31,2022-12-30,FIVE,127455609.5
2022-12-31,2022-12-30,FIXP,11578277.6
2022-12-31,2022-12-30,FLOT,11603422.3
2022-12-31,2022-12-30,GAZA,468445
2022-12-31,2022-12-30,GAZAP,62985
2022-12-31,2022-12-30,GAZC,0
2022-12-31,2022-12-30,GAZP,1894595741.6
2022-12-31,2022-12-30,GAZS,0
2022-12-31,2022-12-30,GAZT,0
2022-12-31,2022-12-30,GCHE,8345302
2022-12-31,2022-12-30,GEMA,280261.5
2022-12-31,2022-12-30,GEMC,3162468.1
2022-12-31,2022-12-30,GLTR,22011944.7
2022-12-31,2022-12-30,GMKN,642797298
2022-12-31,2022-12-30,GTRK,25937657.5
2022-12-31,2022-12-30,HHRU,4108259
2022-12-31,2022-12-30,HIMCP,1166218
2022-12-31,2022-12-30,HMSG,143255
2022-12-31,2022-12-30,HYDR,31565040.9
2022-12-31,2022-12-30,IGST,531686
2022-12-31,2022-12-30,IGSTP,67822
2022-12-31,2022-12-30,INGR,20120184
2022-12-31,2022-12-30,IRAO,218199445.4
2022-12-31,2022-12-30,IRGZ,0
2022-12-31,2022-12-30,IRKT,9173526
2022-12-31,2022-12-30,ISKJ,34229521.2
2022-12-31,2022-12-30,JNOS,270505
2022-12-31,2022-12-30,JNOSP,161788
2022-12-31,2022-12-30,KAZT,3067474
2022-12-31,2022-12-30,KAZTP,616398
2022-12-31,2022-12-30,KBSB,65845
2022-12-31,2022-12-30,KCHE,601695
2022-12-31,2022-12-30,KCHEP,21940
2022-12-31,2022-12-30,KGKC,64618
2022-12-31,2022-12-30,KGKCP,16488
2022-12-31,2022-12-30,KLSB,1560123
2022-12-31,2022-12-30,KMAZ,14409533
2022-12-31,2022-12-30,KMEZ,39641
2022-12-31,2022-12-30,KMTZ,896235
2022-12-31,2022-12-30,KOGK,296400
2022-12-31,2022-12-30,KRKN,238500
2022-12-31,2022-12-30,KRKNP,22425560
2022-12-31,2022-12-30,KRKOP,126508
2022-12-31,2022-12-30,KROT,150433695
2022-12-31,2022-12-30,KROTP,4126780
2022-12-31,2022-12-30,KRSB,101306
2022-12-31,2022-12-30,KRSBP,59080
2022-12-31,2022-12-30,KTSB,859122
2022-12-31,2022-12-30,KTSBP,721980
2022-12-31,2022-12-30,KUBE,188644
2022-12-31,2022-12-30,KUZB,521077.5
2022-12-31,2022-12-30,KZOS,6325554
2022-12-31,2022-12-30,KZOSP,9433599.7
2022-12-31,2022-12-30,LENT,5018919.5
2022-12-31,2022-12-30,LIFE,15344763
2022-12-31,2022-12-30,LKOH,1844567992.5
2022-12-31,2022-12-30,LNZL,80559320
2022-12-31,2022-12-30,LNZLP,20933670
2022-12-31,2022-12-30,LPSB,415615
2022-12-31,2022-12-30,LSNG,44452422
2022-12-31,2022-12-30,LSNGP,18967287.5
2022-12-31,2022-12-30,LSRG,8342098.2
2022-12-31,2022-12-30,LVHK,189499
2022-12-31,2022-12-30,MAGE,79268
2022-12-31,2022-12-30,MAGEP,468850
2022-12-31,2022-12-30,MAGN,360299919.05
2022-12-31,2022-12-30,MDMG,5697991.5
2022-12-31,2022-12-30,MFGS,51595
2022-12-31,2022-12-30,MFGSP,43930
2022-12-31,2022-12-30,MGNT,1107293540
2022-12-31,2022-12-30,MGNZ,0
2022-12-31,2022-12-30,MGTS,525550
2022-12-31,2022-12-30,MGTSP,15238158
2022-12-31,2022-12-30,MISB,128770
2022-12-31,2022-12-30,MISBP,251720
2022-12-31,2022-12-30,MOEX,230967299.1
2022-12-31,2022-12-30,MRKC,30786053.8
2022-12-31,2022-12-30,MRKK,1502128.6
2022-12-31,2022-12-30,MRKP,119227701
2022-12-31,2022-12-30,MRKS,654340
2022-12-31,2022-12-30,MRKU,10593486
2022-12-31,2022-12-30,MRKV,22073924
2022-12-31,2022-12-30,MRKY,855857
2022-12-31,2022-12-30,MRKZ,6411202.5
2022-12-31,2022-12-30,MRSB,47560
2022-12-31,2022-12-30,MSNG,12219284
2022-12-31,2022-12-30,MSRS,11173816.5
2022-12-31,2022-12-30,MSTT,2440713.5
2022-12-31,2022-12-30,MTLR,217931533.21
2022-12-31,2022-12-30,MTLRP,187356037.5
2022-12-31,2022-12-30,MTSS,172824495
2022-12-31,2022-12-30,MVID,11896433.6
2022-12-31,2022-12-30,NAUK,11110440
2022-12-31,2022-12-30,NFAZ,1095520
2022-12-31,2022-12-30,NKHP,1003985
2022-12-31,2022-12-30,NKNC,3401150.5
2022-12-31,2022-12-30,NKNCP,12642850.2
2022-12-31,2022-12-30,NKSH,162024
2022-12-31,2022-12-30,NLMK,492154826.6
2022-12-31,2022-12-30,NMTP,57056822.5
2022-12-31,2022-12-30,NNSB,171665
2022-12-31,2022-12-30,NNSBP,7097
2022-12-31,2022-12-30,NSVZ,78882985
2022-12-31,2022-12-30,NVTK,794029158.4
2022-12-31,2022-12-30,OGKB,25099285.7
2022-12-31,2022-12-30,OKEY,1991715.4
2022-12-31,2022-12-30,OMZZP,29830
2022-12-31,2022-12-30,OZON,90958840
2022-12-31,2022-12-30,PAZA,10400
2022-12-31,2022-12-30,PHOR,213514259
2022-12-31,2022-12-30,PIKK,39330300.7
2022-12-31,2022-12-30,PLZL,867274972
2022-12-31,2022-12-30,PMSB,4457735
2022-12-31,2022-12-30,PMSBP,679472
2022-12-31,2022-12-30,POLY,215922254.3
2022-12-31,2022-12-30,POSI,64243584.2
2022-12-31,2022-12-30,PRMB,244200
2022-12-31,2022-12-30,QIWI,13195648.5
2022-12-31,2022-12-30,RASP,67437369.5
2022-12-31,2022-12-30,RBCM,316575.2
2022-12-31,2022-12-30,RDRB,685560
2022-12-31,2022-12-30,RENI,1933556.8
2022-12-31,2022-12-30,RGSS,1428709.8
2022-12-31,2022-12-30,RKKE,754490
2022-12-31,2022-12-30,RNFT,13796815.5
2022-12-31,2022-12-30,ROLO,15570455
2022-12-31,2022-12-30,ROSB,11865432
2022-12-31,2022-12-30,ROSN,910996872
2022-12-31,2022-12-30,ROST,833238
2022-12-31,2022-12-30,RSTI,0
2022-12-31,2022-12-30,RSTIP,0
2022-12-31,2022-12-30,RTGZ,23600
2022-12-31,2022-12-30,RTKM,37807831.7
2022-12-31,2022-12-30,RTKMP,6131786
2022-12-31,2022-12-30,RTSB,65060
2022-12-31,2022-12-30,RTSBP,67189
2022-12-31,2022-12-30,RUAL,159387424.1
2022-12-31,2022-12-30,RUSI,353675
2022-12-31,2022-12-30,RZSB,281868
2022-12-31,2022-12-30,SAGO,39538
2022-12-31,2022-12-30,SAGOP,19632
2022-12-31,2022-12-30,SARE,360944
2022-12-31,2022-12-30,SAREP,20156
2022-12-31,2022-12-30,SBER,3968971100.4
2022-12-31,2022-12-30,SBERP,727057472.3
2022-12-31,2022-12-30,SELG,7064124
2022-12-31,2022-12-30,SFIN,1398332
2022-12-31,2022-12-30,SFTL,8836008.8
2022-12-31,2022-12-30,SGZH,76502313.7
2022-12-31,2022-12-30,SIBN,238223784.25
2022-12-31,2022-12-30,SLEN,11237
2022-12-31,2022-12-30,SMLT,50003163.5
2022-12-31,2022-12-30,SNGS,162975568.5
2022-12-31,2022-12-30,SNGSP,325672041
2022-12-31,2022-12-30,SPBE,80339502.5
2022-12-31,2022-12-30,STSB,73779
2022-12-31,2022-12-30,STSBP,128878
2022-12-31,2022-12-30,SVAV,4835245
2022-12-31,2022-12-30,SVET,7113666.55
2022-12-31,2022-12-30,TASB,41095.5
2022-12-31,2022-12-30,TASBP,403910
2022-12-31,2022-12-30,TATN,239313341.4
2022-12-31,2022-12-30,TATNP,83579976.4
2022-12-31,2022-12-30,TCSG,250481335
2022-12-31,2022-12-30,TGKA,11847917
2022-12-31,2022-12-30,TGKB,2432615
2022-12-31,2022-12-30,TGKBP,1120238
2022-12-31,2022-12-30,TGKD,0
2022-12-31,2022-12-30,TGKDP,0
2022-12-31,2022-12-30,TGKN,17327360
2022-12-31,2022-12-30,TNSE,168675
2022-12-31,2022-12-30,TORS,46260
2022-12-31,2022-12-30,TORSP,644250
2022-12-31,2022-12-30,TRMK,46518663.2
2022-12-31,2022-12-30,TRNFP,60844100
2022-12-31,2022-12-30,TTLK,239735736.5
2022-12-31,2022-12-30,TUZA,306395
2022-12-31,2022-12-30,UCSS,201265
2022-12-31,2022-12-30,UKUZ,1052310
2022-12-31,2022-12-30,UNAC,6125047
2022-12-31,2022-12-30,UNKL,1434010
2022-12-31,2022-12-30,UPRO,39329198
2022-12-31,2022-12-30,URKZ,312540
2022-12-31,2022-12-30,USBN,178104
2022-12-31,2022-12-30,UTAR,729750
2022-12-31,2022-12-30,VEON-RX,949969.5
2022-12-31,2022-12-30,VGSB,299745
2022-12-31,2022-12-30,VGSBP,99545
2022-12-31,2022-12-30,VJGZ,1421544
2022-12-31,2022-12-30,VJGZP,453294
2022-12-31,2022-12-30,VKCO,169311736
2022-12-31,2022-12-30,VLHZ,223188.5
2022-12-31,2022-12-30,VRSB,57732380
2022-12-31,2022-12-30,VRSBP,3885284
2022-12-31,2022-12-30,VSMO,5395300
2022-12-31,2022-12-30,VSYD,38980
2022-12-31,2022-12-30,VSYDP,32360
2022-12-31,2022-12-30,VTBR,844293910.9
2022-12-31,2022-12-30,WTCM,115146
2022-12-31,2022-12-30,WTCMP,178048
2022-12-31,2022-12-30,WUSH,22966970.1
2022-12-31,2022-12-30,YAKG,3559927
2022-12-31,2022-12-30,YKEN,100510
2022-12-31,2022-12-30,YKENP,0
2022-12-31,2022-12-30,YNDX,670397013.8
2022-12-31,2022-12-30,YRSB,53380
2022-12-31,2022-12-30,YRSBP,32800
2022-12-31,2022-12-30,ZILL,465945
2022-12-31,2022-12-30,ZVEZ,153500
2023-01-31,2023-01-31,ABRD,46738140
2023-01-31,2023-01-31,ACKO,0
2023-01-31,2023-01-31,AFKS,363263343.4
2023-01-31,2023-01-31,AFLT,325990970.4
2023-01-31,2023-01-31,AGRO,52022621.8
2023-01-31,2023-01-31,AKRN,22206344
2023-01-31,2023-01-31,ALRS,817478805
2023-01-31,2023-01-31,AMEZ,34886850
2023-01-31,2023-01-31,APTK,8212722.12
2023-01-31,2023-01-31,AQUA,83957894
2023-01-31,2023-01-31,ARSA,827178
2023-01-31,2023-01-31,ASSB,104634
2023-01-31,2023-01-31,AVAN,10545585
2023-01-31,2023-01-31,BANE,20212393.5
2023-01-31,2023-01-31,BANEP,45553337
2023-01-31,2023-01-31,BELU,33695769
2023-01-31,2023-01-31,BISVP,560259
2023-01-31,2023-01-31,BLNG,54823765
2023-01-31,2023-01-31,BRZL,2049353
2023-01-31,2023-01-31,BSPB,40261229.7
2023-01-31,2023-01-31,BSPBP,2566945
2023-01-31,2023-01-31,CBOM,314351024.1
2023-01-31,2023-01-31,CHGZ,2332766
2023-01-31,2023-01-31,CHKZ,549140
2023-01-31,2023-01-31,CHMF,921559233
2023-01-31,2023-01-31,CHMK,17386575
2023-01-31,2023-01-31,CIAN,36659188.4
2023-01-31,2023-01-31,CNTL,7547744
2023-01-31,2023-01-31,CNTLP,6787478
2023-01-31,2023-01-31,DIOD,1832476
2023-01-31,2023-01-31,DSKY,66564901
2023-01-31,2023-01-31,DVEC,50122689
2023-01-31,2023-01-31,DZRD,736865
2023-01-31,2023-01-31,DZRDP,1029000
2023-01-31,2023-01-31,EELT,7123189.4
2023-01-31,2023-01-31,ELTZ,11722869
2023-01-31,2023-01-31,ENPG,44451961
2023-01-31,2023-01-31,ENRU,24203612.4
2023-01-31,2023-01-31,ETLN,19624423.76
2023-01-31,2023-01-31,FEES,51419239.2
2023-01-31,2023-01-31,FESH,50199053
2023-01-31,2023-01-31,FIVE,70167398.5
2023-01-31,2023-01-31,FIXP,21964578.3
2023-01-31,2023-01-31,FLOT,718097365.9
2023-01-31,2023-01-31,GAZA,6064325
2023-01-31,2023-01-31,GAZAP,2753550
2023-01-31,2023-01-31,GAZC,0
2023-01-31,2023-01-31,GAZP,2400534530.3
2023-01-31,2023-01-31,GAZS,0
2023-01-31,2023-01-31,GAZT,0
2023-01-31,2023-01-31,GCHE,10285036.5
2023-01-31,2023-01-31,GEMA,2407042
2023-01-31,2023-01-31,GEMC,32602609.7
2023-01-31,2023-01-31,GLTR,247847271.65
2023-01-31,2023-01-31,GMKN,984797982
2023-01-31,2023-01-31,GTRK,8635126.5
2023-01-31,2023-01-31,HHRU,13355831
2023-01-31,2023-01-31,HIMCP,487249
2023-01-31,2023-01-31,HMSG,635720
2023-01-31,2023-01-31,HYDR,50170204.9
2023-01-31,2023-01-31,IGST,3041280
2023-01-31,2023-01-31,IGSTP,5705346
2023-01-31,2023-01-31,INGR,15614808
2023-01-31,2023-01-31,IRAO,234234157.4
2023-01-31,2023-01-31,IRGZ,0
2023-01-31,2023-01-31,IRKT,21265954
2023-01-31,2023-01-31,ISKJ,2580561082.4
2023-01-31,2023-01-31,JNOS,1062545
2023-01-31,2023-01-31,JNOSP,1559572
2023-01-31,2023-01-31,KAZT,6871606
2023-01-31,2023-01-31,KAZTP,4579500
2023-01-31,2023-01-31,KBSB,329790
2023-01-31,2023-01-31,KCHE,137550
2023-01-31,2023-01-31,KCHEP,64160
2023-01-31,2023-01-31,KGKC,114882
2023-01-31,2023-01-31,KGKCP,168622
2023-01-31,2023-01-31,KLSB,38518142
2023-01-31,2023-01-31,KMAZ,1621076592
2023-01-31,2023-01-31,KMEZ,1736084
2023-01-31,2023-01-31,KMTZ,1116150
2023-01-31,2023-01-31,KOGK,948600
2023-01-31,2023-01-31,KRKN,1110700
2023-01-31,2023-01-31,KRKNP,31403820
2023-01-31,2023-01-31,KRKOP,557520
2023-01-31,2023-01-31,KROT,825325830
2023-01-31,2023-01-31,KROTP,76740195
2023-01-31,2023-01-31,KRSB,422304
2023-01-31,2023-01-31,KRSBP,330708
2023-01-31,2023-01-31,KTSB,391052
2023-01-31,2023-01-31,KTSBP,145170
2023-01-31,2023-01-31,KUBE,5485637
2023-01-31,2023-01-31,KUZB,1958495.5
2023-01-31,2023-01-31,KZOS,14725164
2023-01-31,2023-01-31,KZOSP,79293125.3
2023-01-31,2023-01-31,LENT,13773636
2023-01-31,2023-01-31,LIFE,132491392
2023-01-31,2023-01-31,LKOH,1492309310.5
2023-01-31,2023-01-31,LNZL,8423060
2023-01-31,2023-01-31,LNZLP,16047900
2023-01-31,2023-01-31,LPSB,808210
2023-01-31,2023-01-31,LSNG,57877426
2023-01-31,2023-01-31,LSNGP,32784694.5
2023-01-31,2023-01-31,LSRG,25033097.8
2023-01-31,2023-01-31,LVHK,1102591
2023-01-31,2023-01-31,MAGE,736558
2023-01-31,2023-01-31,MAGEP,2317899
2023-01-31,2023-01-31,MAGN,626341121.5
2023-01-31,2023-01-31,MDMG,26719403.6
2023-01-31,2023-01-31,MFGS,306960
2023-01-31,2023-01-31,MFGSP,859740
2023-01-31,2023-01-31,MGNT,697764008
2023-01-31,2023-01-31,MGNZ,0
2023-01-31,2023-01-31,MGTS,341385
2023-01-31,2023-01-31,MGTSP,16957660
2023-01-31,2023-01-31,MISB,316250
2023-01-31,2023-01-31,MISBP,234080
2023-01-31,2023-01-31,MOEX,818829707.1
2023-01-31,2023-01-31,MRKC,26572713.6
2023-01-31,2023-01-31,MRKK,4099554.4
2023-01-31,2023-01-31,MRKP,60396275
2023-01-31,2023-01-31,MRKS,100923345
2023-01-31,2023-01-31,MRKU,240356004
2023-01-31,2023-01-31,MRKV,11088913
2023-01-31,2023-01-31,MRKY,24298124
2023-01-31,2023-01-31,MRKZ,12218420.5
2023-01-31,2023-01-31,MRSB,328680
2023-01-31,2023-01-31,MSNG,19772956
2023-01-31,2023-01-31,MSRS,4977602
2023-01-31,2023-01-31,MSTT,206906358.5
2023-01-31,2023-01-31,MTLR,250489296.86
2023-01-31,2023-01-31,MTLRP,67553229
2023-01-31,2023-01-31,MTSS,307997284.5
2023-01-31,2023-01-31,MVID,46220737.6
2023-01-31,2023-01-31,NAUK,37900616
2023-01-31,2023-01-31,NFAZ,20856210
2023-01-31,2023-01-31,NKHP,5785295
2023-01-31,2023-01-31,NKNC,29156292.5
2023-01-31,2023-01-31,NKNCP,38381697.2
2023-01-31,2023-01-31,NKSH,839458
2023-01-31,2023-01-31,NLMK,338802961.2
2023-01-31,2023-01-31,NMTP,173860193
2023-01-31,2023-01-31,NNSB,94385
2023-01-31,2023-01-31,NNSBP,47010
2023-01-31,2023-01-31,NSVZ,128264745
2023-01-31,2023-01-31,NVTK,546656818.4
2023-01-31,2023-01-31,OGKB,32225357.5
2023-01-31,2023-01-31,OKEY,72983813.8
2023-01-31,2023-01-31,OMZZP,1868315
2023-01-31,2023-01-31,OZON,568160628.5
2023-01-31,2023-01-31,PAZA,5629800
2023-01-31,2023-01-31,PHOR,167918156
2023-01-31,2023-01-31,PIKK,209741140.8
2023-01-31,2023-01-31,PLZL,6177918144.5
2023-01-31,2023-01-31,PMSB,17141439
2023-01-31,2023-01-31,PMSBP,6358920
2023-01-31,2023-01-31,POLY,1184684073.3
2023-01-31,2023-01-31,POSI,568428841
2023-01-31,2023-01-31,PRMB,669600
2023-01-31,2023-01-31,QIWI,62139995.5
2023-01-31,2023-01-31,RASP,133442602.5
2023-01-31,2023-01-31,RBCM,693812.8
2023-01-31,2023-01-31,RDRB,678300
2023-01-31,2023-01-31,RENI,21507467.4
2023-01-31,2023-01-31,RGSS,1692719.2
2023-01-31,2023-01-31,RKKE,84513540
2023-01-31,2023-01-31,RNFT,23064082.4
2023-01-31,2023-01-31,ROLO,31071665.4
2023-01-31,2023-01-31,ROSB,221780
2023-01-31,2023-01-31,ROSN,714184789.9
2023-01-31,2023-01-31,ROST,1114954
2023-01-31,2023-01-31,RTGZ,262400
2023-01-31,2023-01-31,RTKM,127118018.8
2023-01-31,2023-01-31,RTKMP,21395273.5
2023-01-31,2023-01-31,RTSB,46572
2023-01-31,2023-01-31,RTSBP,26167
2023-01-31,2023-01-31,RUAL,373315035.45
2023-01-31,2023-01-31,RUSI,513582
2023-01-31,2023-01-31,RZSB,611664
2023-01-31,2023-01-31,SAGO,302226
2023-01-31,2023-01-31,SAGOP,33648
2023-01-31,2023-01-31,SARE,431786
2023-01-31,2023-01-31,SAREP,454714
2023-01-31,2023-01-31,SBER,12127748512.5
2023-01-31,2023-01-31,SBERP,866871596.9
2023-01-31,2023-01-31,SELG,37831928.5
2023-01-31,2023-01-31,SFIN,8251866
2023-01-31,2023-01-31,SFTL,27406885.9
2023-01-31,2023-01-31,SGZH,287802149.1
2023-01-31,2023-01-31,SIBN,138440081.5
2023-01-31,2023-01-31,SLEN,674172
2023-01-31,2023-01-31,SMLT,461098358
2023-01-31,2023-01-31,SNGS,546820329
2023-01-31,2023-01-31,SNGSP,153210782
2023-01-31,2023-01-31,SPBE,165578022.3
2023-01-31,2023-01-31,STSB,49839
2023-01-31,2023-01-31,STSBP,385069
2023-01-31,2023-01-31,SVAV,51441495
2023-01-31,2023-01-31,SVET,6314049.8
2023-01-31,2023-01-31,TASB,88050.5
2023-01-31,2023-01-31,TASBP,92670
2023-01-31,2023-01-31,TATN,881682539
2023-01-31,2023-01-31,TATNP,118937673.3
2023-01-31,2023-01-31,TCSG,825014816.5
2023-01-31,2023-01-31,TGKA,15969097.4
2023-01-31,2023-01-31,TGKB,12086395
2023-01-31,2023-01-31,TGKBP,10333583
2023-01-31,2023-01-31,TGKN,3660120
2023-01-31,2023-01-31,TNSE,58360
2023-01-31,2023-01-31,TORS,370550
2023-01-31,2023-01-31,TORSP,149150
2023-01-31,2023-01-31,TRMK,127894650.8
2023-01-31,2023-01-31,TRNFP,119965700
2023-01-31,2023-01-31,TTLK,29725975.5
2023-01-31,2023-01-31,TUZA,37113075
2023-01-31,2023-01-31,UCSS,370235
2023-01-31,2023-01-31,UKUZ,2464454
2023-01-31,2023-01-31,UNAC,23888715
2023-01-31,2023-01-31,UNKL,53486230
2023-01-31,2023-01-31,UPRO,108532165
2023-01-31,2023-01-31,URKZ,290800
2023-01-31,2023-01-31,USBN,2372913
2023-01-31,2023-01-31,UTAR,959308
2023-01-31,2023-01-31,VEON-RX,1476148
2023-01-31,2023-01-31,VGSB,86440
2023-01-31,2023-01-31,VGSBP,163185
2023-01-31,2023-01-31,VJGZ,784868
2023-01-31,2023-01-31,VJGZP,253449
2023-01-31,2023-01-31,VKCO,458772915.4
2023-01-31,2023-01-31,VLHZ,1256165.5
2023-01-31,2023-01-31,VRSB,121419878
2023-01-31,2023-01-31,VRSBP,3018198
2023-01-31,2023-01-31,VSMO,10841680
2023-01-31,2023-01-31,VSYD,354820
2023-01-31,2023-01-31,VSYDP,1283480
2023-01-31,2023-01-31,VTBR,658087419.25
2023-01-31,2023-01-31,WTCM,1075888
2023-01-31,2023-01-31,WTCMP,390942
2023-01-31,2023-01-31,WUSH,11047801.67
2023-01-31,2023-01-31,YAKG,7539056.5
2023-01-31,2023-01-31,YKEN,395730
2023-01-31,2023-01-31,YKENP,148790
2023-01-31,2023-01-31,YNDX,2376965121.2
2023-01-31,2023-01-31,YRSB,37160
2023-01-31,2023-01-31,YRSBP,128905
2023-01-31,2023-01-31,ZILL,38457075
2023-01-31,2023-01-31,ZVEZ,2139700
2023-02-28,2023-02-28,ABRD,26864530
2023-02-28,2023-02-28,ACKO,0
2023-02-28,2023-02-28,AFKS,273403250.9
2023-02-28,2023-02-28,AFLT,171294170
2023-02-28,2023-02-28,AGRO,74368160.8
2023-02-28,2023-02-28,AKRN,26621072
2023-02-28,2023-02-28,ALRS,438740820
2023-02-28,2023-02-28,AMEZ,71277545
2023-02-28,2023-02-28,APTK,35274704.54
2023-02-28,2023-02-28,AQUA,10277134
2023-02-28,2023-02-28,ARSA,483458
2023-02-28,2023-02-28,ASSB,305850
2023-02-28,2023-02-28,AVAN,11260115
2023-02-28,2023-02-28,BANE,11794541.5
2023-02-28,2023-02-28,BANEP,22213829
2023-02-28,2023-02-28,BELU,86274834
2023-02-28,2023-02-28,BISVP,911617
2023-02-28,2023-02-28,BLNG,337387520
2023-02-28,2023-02-28,BRZL,884022
2023-02-28,2023-02-28,BSPB,77753375.7
2023-02-28,2023-02-28,BSPBP,3256510
2023-02-28,2023-02-28,CBOM,160407428.9
2023-02-28,2023-02-28,CHGZ,565442
2023-02-28,2023-02-28,CHKZ,1189680
2023-02-28,2023-02-28,CHMF,1090696617.8
2023-02-28,2023-02-28,CHMK,26135550
2023-02-28,2023-02-28,CIAN,13568986.6
2023-02-28,2023-02-28,CNTL,121624964
2023-02-28,2023-02-28,CNTLP,1691607012
2023-02-28,2023-02-28,DIOD,864457
2023-02-28,2023-02-28,DSKY,20292183.2
2023-02-28,2023-02-28,DVEC,47418607
2023-02-28,2023-02-28,DZRD,103800
2023-02-28,2023-02-28,DZRDP,13670
2023-02-28,2023-02-28,EELT,1680131.4
2023-02-28,2023-02-28,ELTZ,531534
2023-02-28,2023-02-28,ENPG,55513436.5
2023-02-28,2023-02-28,ENRU,14683574.8
2023-02-28,2023-02-28,ETLN,7836980.7
2023-02-28,2023-02-28,FEES,68773725
2023-02-28,2023-02-28,FESH,24634803
2023-02-28,2023-02-28,FIVE,63114962
2023-02-28,2023-02-28,FIXP,18901311.9
2023-02-28,2023-02-28,FLOT,190122478.8
2023-02-28,2023-02-28,GAZA,930515
2023-02-28,2023-02-28,GAZAP,704700
2023-02-28,2023-02-28,GAZC,0
2023-02-28,2023-02-28,GAZP,2891641712.6
2023-02-28,2023-02-28,GAZS,0
2023-02-28,2023-02-28,GAZT,0
2023-02-28,2023-02-28,GCHE,22285840.5
2023-02-28,2023-02-28,GEMA,932349
2023-02-28,2023-02-28,GEMC,7260545.6
2023-02-28,2023-02-28,GLTR,35278856.45
2023-02-28,2023-02-28,GMKN,733371310
2023-02-28,2023-02-28,GTRK,8443240
2023-02-28,2023-02-28,HHRU,14701308
2023-02-28,2023-02-28,HIMCP,936738
2023-02-28,2023-02-28,HMSG,96030
2023-02-28,2023-02-28,HYDR,51117768.8
2023-02-28,2023-02-28,IGST,425440
2023-02-28,2023-02-28,IGSTP,819970
2023-02-28,2023-02-28,INGR,21738549
2023-02-28,2023-02-28,IRAO,161847992.85
2023-02-28,2023-02-28,IRGZ,0
2023-02-28,2023-02-28,IRKT,40472218
2023-02-28,2023-02-28,ISKJ,1657848016.2
2023-02-28,2023-02-28,JNOS,1662005
2023-02-28,2023-02-28,JNOSP,6030788
2023-02-28,2023-02-28,KAZT,10259754
2023-02-28,2023-02-28,KAZTP,3005080
2023-02-28,2023-02-28,KBSB,63932565
2023-02-28,2023-02-28,KCHE,29165
2023-02-28,2023-02-28,KCHEP,27740
2023-02-28,2023-02-28,KGKC,171642
2023-02-28,2023-02-28,KGKCP,215392
2023-02-28,2023-02-28,KLSB,71554274
2023-02-28,2023-02-28,KMAZ,456818757
2023-02-28,2023-02-28,KMEZ,657196
2023-02-28,2023-02-28,KMTZ,1858380
2023-02-28,2023-02-28,KOGK,248000
2023-02-28,2023-02-28,KRKN,213050
2023-02-28,2023-02-28,KRKNP,21464140
2023-02-28,2023-02-28,KRKOP,1760618
2023-02-28,2023-02-28,KROT,66208255
2023-02-28,2023-02-28,KROTP,2130350
2023-02-28,2023-02-28,KRSB,179829
2023-02-28,2023-02-28,KRSBP,192506
2023-02-28,2023-02-28,KTSB,264538
2023-02-28,2023-02-28,KTSBP,157900
2023-02-28,2023-02-28,KUBE,25954250
2023-02-28,2023-02-28,KUZB,9365319.2
2023-02-28,2023-02-28,KZOS,93121989
2023-02-28,2023-02-28,KZOSP,74622395.9
2023-02-28,2023-02-28,LENT,5141425.5
2023-02-28,2023-02-28,LIFE,71514433
2023-02-28,2023-02-28,LKOH,4667836468
2023-02-28,2023-02-28,LNZL,83846680
2023-02-28,2023-02-28,LNZLP,139215695
2023-02-28,2023-02-28,LPSB,473305
2023-02-28,2023-02-28,LSNG,39772957
2023-02-28,2023-02-28,LSNGP,20603637
2023-02-28,2023-02-28,LSRG,52197657
2023-02-28,2023-02-28,LVHK,705036
2023-02-28,2023-02-28,MAGE,396416
2023-02-28,2023-02-28,MAGEP,1227689
2023-02-28,2023-02-28,MAGN,431241564.45
2023-02-28,2023-02-28,MDMG,5609970.9
2023-02-28,2023-02-28,MFGS,1154630
2023-02-28,2023-02-28,MFGSP,899875
2023-02-28,2023-02-28,MGNT,716798173
2023-02-28,2023-02-28,MGNZ,0
2023-02-28,2023-02-28,MGTS,1475175
2023-02-28,2023-02-28,MGTSP,46167790
2023-02-28,2023-02-28,MISB,760230
2023-02-28,2023-02-28,MISBP,2054810
2023-02-28,2023-02-28,MOEX,851834463.8
2023-02-28,2023-02-28,MRKC,23423103.2
2023-02-28,2023-02-28,MRKK,1147787.2
2023-02-28,2023-02-28,MRKP,66529420
2023-02-28,2023-02-28,MRKS,1717760
2023-02-28,2023-02-28,MRKU,35426054
2023-02-28,2023-02-28,MRKV,4580611
2023-02-28,2023-02-28,MRKY,1839768
2023-02-28,2023-02-28,MRKZ,7566541.5
2023-02-28,2023-02-28,MRSB,196300
2023-02-28,2023-02-28,MSNG,22217641.5
2023-02-28,2023-02-28,MSRS,7345279.5
2023-02-28,2023-02-28,MSTT,36600699.5
2023-02-28,2023-02-28,MTLR,313068280.96
2023-02-28,2023-02-28,MTLRP,221187204
2023-02-28,2023-02-28,MTSS,418938502.5
2023-02-28,2023-02-28,MVID,21951928.9
2023-02-28,2023-02-28,NAUK,970394
2023-02-28,2023-02-28,NFAZ,7005560
2023-02-28,2023-02-28,NKHP,3728040
2023-02-28,2023-02-28,NKNC,89010770.5
2023-02-28,2023-02-28,NKNCP,26612726.4
2023-02-28,2023-02-28,NKSH,529136
2023-02-28,2023-02-28,NLMK,674816976.6
2023-02-28,2023-02-28,NMTP,40250426.5
2023-02-28,2023-02-28,NNSB,553950
2023-02-28,2023-02-28,NNSBP,158468
2023-02-28,2023-02-28,NSVZ,5928020
2023-02-28,2023-02-28,NVTK,877226764.2
2023-02-28,2023-02-28,OGKB,44755753
2023-02-28,2023-02-28,OKEY,14761173.9
2023-02-28,2023-02-28,OMZZP,792240
2023-02-28,2023-02-28,OZON,223032184.5
2023-02-28,2023-02-28,PAZA,4513340
2023-02-28,2023-02-28,PHOR,329325853
2023-02-28,2023-02-28,PIKK,96617166
2023-02-28,2023-02-28,PLZL,2448502762.5
2023-02-28,2023-02-28,PMSB,8237657
2023-02-28,2023-02-28,PMSBP,7490860
2023-02-28,2023-02-28,POLY,969845826.9
2023-02-28,2023-02-28,POSI,190735378.2
2023-02-28,2023-02-28,PRMB,3793200
2023-02-28,2023-02-28,QIWI,14599087
2023-02-28,2023-02-28,RASP,319870549
2023-02-28,2023-02-28,RBCM,297167
2023-02-28,2023-02-28,RDRB,974050
2023-02-28,2023-02-28,RENI,15351836.6
2023-02-28,2023-02-28,RGSS,1685359.4
2023-02-28,2023-02-28,RKKE,35156070
2023-02-28,2023-02-28,RNFT,73956408
2023-02-28,2023-02-28,ROLO,37267062.6
2023-02-28,2023-02-28,ROSB,4920196
2023-02-28,2023-02-28,ROSN,937108818.4
2023-02-28,2023-02-28,ROST,702942
2023-02-28,2023-02-28,RTGZ,1580300
2023-02-28,2023-02-28,RTKM,36396884.5
2023-02-28,2023-02-28,RTKMP,6895217.5
2023-02-28,2023-02-28,RTSB,2670712
2023-02-28,2023-02-28,RTSBP,6692686
2023-02-28,2023-02-28,RUAL,297665513.2
2023-02-28,2023-02-28,RUSI,155067
2023-02-28,2023-02-28,RZSB,1124532
2023-02-28,2023-02-28,SAGO,273944
2023-02-28,2023-02-28,SAGOP,204042
2023-02-28,2023-02-28,SARE,134438
2023-02-28,2023-02-28,SAREP,9594
2023-02-28,2023-02-28,SBER,13727277947.9
2023-02-28,2023-02-28,SBERP,955035180.3
2023-02-28,2023-02-28,SELG,37190372.9
2023-02-28,2023-02-28,SFIN,1044674
2023-02-28,2023-02-28,SFTL,46017536.7
2023-02-28,2023-02-28,SGZH,199866366.7
2023-02-28,2023-02-28,SIBN,389125189.75
2023-02-28,2023-02-28,SLEN,449642.5
2023-02-28,2023-02-28,SMLT,140985014
2023-02-28,2023-02-28,SNGS,539099566.5
2023-02-28,2023-02-28,SNGSP,214256045
2023-02-28,2023-02-28,SPBE,117595714
2023-02-28,2023-02-28,STSB,830206
2023-02-28,2023-02-28,STSBP,2599083.5
2023-02-28,2023-02-28,SVAV,24869435
2023-02-28,2023-02-28,SVET,5161174.1
2023-02-28,2023-02-28,TASB,204649
2023-02-28,2023-02-28,TASBP,76775
2023-02-28,2023-02-28,TATN,2366815498.1
2023-02-28,2023-02-28,TATNP,241145204.4
2023-02-28,2023-02-28,TCSG,472031931.5
2023-02-28,2023-02-28,TGKA,31620368
2023-02-28,2023-02-28,TGKB,81588900
2023-02-28,2023-02-28,TGKBP,390078799
2023-02-28,2023-02-28,TGKN,8213680
2023-02-28,2023-02-28,TNSE,232610
2023-02-28,2023-02-28,TORS,587030
2023-02-28,2023-02-28,TORSP,879100
2023-02-28,2023-02-28,TRMK,55468233
2023-02-28,2023-02-28,TRNFP,62848900
2023-02-28,2023-02-28,TTLK,101263848.5
2023-02-28,2023-02-28,TUZA,590005
2023-02-28,2023-02-28,UCSS,272145
2023-02-28,2023-02-28,UKUZ,996276
2023-02-28,2023-02-28,UNAC,21812948
2023-02-28,2023-02-28,UNKL,38219520
2023-02-28,2023-02-28,UPRO,144994703
2023-02-28,2023-02-28,URKZ,282800
2023-02-28,2023-02-28,USBN,1002445
2023-02-28,2023-02-28,UTAR,847333
2023-02-28,2023-02-28,VEON-RX,1545453.5
2023-02-28,2023-02-28,VGSB,414080
2023-02-28,2023-02-28,VGSBP,219800
2023-02-28,2023-02-28,VJGZ,4520895
2023-02-28,2023-02-28,VJGZP,776076
2023-02-28,2023-02-28,VKCO,236366325
2023-02-28,2023-02-28,VLHZ,4297719.5
2023-02-28,2023-02-28,VRSB,116170804
2023-02-28,2023-02-28,VRSBP,4964268
2023-02-28,2023-02-28,VSMO,10841960
2023-02-28,2023-02-28,VSYD,1053560
2023-02-28,2023-02-28,VSYDP,1145460
2023-02-28,2023-02-28,VTBR,509246248.1
2023-02-28,2023-02-28,WTCM,216036
2023-02-28,2023-02-28,WTCMP,338804
2023-02-28,2023-02-28,WUSH,41268606.02
2023-02-28,2023-02-28,YAKG,4724219
2023-02-28,2023-02-28,YKEN,176650
2023-02-28,2023-02-28,YKENP,19615
2023-02-28,2023-02-28,YNDX,714900918
2023-02-28,2023-02-28,YRSB,99680
2023-02-28,2023-02-28,YRSBP,169030
2023-02-28,2023-02-28,ZILL,9835955
2023-02-28,2023-02-28,ZVEZ,69371610
2023-03-31,2023-03-31,ABRD,50570030
2023-03-31,2023-03-31,ACKO,0
2023-03-31,2023-03-31,AFKS,680680543.9
2023-03-31,2023-03-31,AFLT,2110431209.2
2023-03-31,2023-03-31,AGRO,99187319.6
2023-03-31,2023-03-31,AKRN,36395016
2023-03-31,2023-03-31,ALRS,1435280452.1
2023-03-31,2023-03-31,AMEZ,130782820
2023-03-31,2023-03-31,APTK,49907060.84
2023-03-31,2023-03-31,AQUA,62407996
2023-03-31,2023-03-31,ARSA,440475
2023-03-31,2023-03-31,ASSB,3075685
2023-03-31,2023-03-31,AVAN,2345800
2023-03-31,2023-03-31,BANE,43120836.5
2023-03-31,2023-03-31,BANEP,84623639.5
2023-03-31,2023-03-31,BELU,263282266
2023-03-31,2023-03-31,BISVP,741281
2023-03-31,2023-03-31,BLNG,136338342
2023-03-31,2023-03-31,BRZL,1825074
2023-03-31,2023-03-31,BSPB,276987520.4
2023-03-31,2023-03-31,BSPBP,1635210
2023-03-31,2023-03-31,CBOM,790238298.3
2023-03-31,2023-03-31,CHGZ,1020166
2023-03-31,2023-03-31,CHKZ,2308540
2023-03-31,2023-03-31,CHMF,792582127.8
2023-03-31,2023-03-31,CHMK,4834845
2023-03-31,2023-03-31,CIAN,38355200
2023-03-31,2023-03-31,CNTL,13812370
2023-03-31,2023-03-31,CNTLP,36814560
2023-03-31,2023-03-31,DIOD,93322112
2023-03-31,2023-03-31,DSKY,18598779.6
2023-03-31,2023-03-31,DVEC,12927836
2023-03-31,2023-03-31,DZRD,587060
2023-03-31,2023-03-31,DZRDP,1058310
2023-03-31,2023-03-31,EELT,1590962.4
2023-03-31,2023-03-31,ELFV,22954267.2
2023-03-31,2023-03-31,ELTZ,6990725.5
2023-03-31,2023-03-31,ENPG,187542335.5
2023-03-31,2023-03-31,ETLN,44975087.74
2023-03-31,2023-03-31,FEES,270209532.2
2023-03-31,2023-03-31,FESH,69471489
2023-03-31,2023-03-31,FIVE,321920255.5
2023-03-31,2023-03-31,FIXP,16240642.8
2023-03-31,2023-03-31,FLOT,173933155.1
2023-03-31,2023-03-31,GAZA,21355845
2023-03-31,2023-03-31,GAZAP,1689070
2023-03-31,2023-03-31,GAZC,0
2023-03-31,2023-03-31,GAZP,5331859695
2023-03-31,2023-03-31,GAZS,0
2023-03-31,2023-03-31,GAZT,0
2023-03-31,2023-03-31,GCHE,24092628
2023-03-31,2023-03-31,GEMA,929613
2023-03-31,2023-03-31,GEMC,9910607.2
2023-03-31,2023-03-31,GLTR,161696648.25
2023-03-31,2023-03-31,GMKN,724623556
2023-03-31,2023-03-31,GTRK,13401804
2023-03-31,2023-03-31,HHRU,8723476
2023-03-31,2023-03-31,HIMCP,9085662
2023-03-31,2023-03-31,HMSG,499175
2023-03-31,2023-03-31,HYDR,49119698.6
2023-03-31,2023-03-31,IGST,2256806
2023-03-31,2023-03-31,IGSTP,1549918
2023-03-31,2023-03-31,INGR,26410435
2023-03-31,2023-03-31,IRAO,282272162.15
2023-03-31,2023-03-31,IRKT,718217328
2023-03-31,2023-03-31,ISKJ,550703860
2023-03-31,2023-03-31,JNOS,1324285
2023-03-31,2023-03-31,JNOSP,2253812
2023-03-31,2023-03-31,KAZT,17798874
2023-03-31,2023-03-31,KAZTP,22380088
2023-03-31,2023-03-31,KBSB,80565
2023-03-31,2023-03-31,KCHE,5287360
2023-03-31,2023-03-31,KCHEP,29290
2023-03-31,2023-03-31,KGKC,119168
2023-03-31,2023-03-31,KGKCP,344314
2023-03-31,2023-03-31,KLSB,24720520
2023-03-31,2023-03-31,KMAZ,144891494
2023-03-31,2023-03-31,KMEZ,1359088
2023-03-31,2023-03-31,KMTZ,4161585
2023-03-31,2023-03-31,KOGK,1834600
2023-03-31,2023-03-31,KRKN,1084700
2023-03-31,2023-03-31,KRKNP,16557540
2023-03-31,2023-03-31,KRKOP,2180651
2023-03-31,2023-03-31,KROT,23347160
2023-03-31,2023-03-31,KROTP,2164845
2023-03-31,2023-03-31,KRSB,696069
2023-03-31,2023-03-31,KRSBP,544994
2023-03-31,2023-03-31,KTSB,761304
2023-03-31,2023-03-31,KTSBP,470420
2023-03-31,2023-03-31,KUBE,910813
2023-03-31,2023-03-31,KUZB,12453997
2023-03-31,2023-03-31,KZOS,37335329
2023-03-31,2023-03-31,KZOSP,41417674.2
2023-03-31,2023-03-31,LENT,27442418.5
2023-03-31,2023-03-31,LIFE,3024291390
2023-03-31,2023-03-31,LKOH,2927309853
2023-03-31,2023-03-31,LNZL,13015620
2023-03-31,2023-03-31,LNZLP,49559155
2023-03-31,2023-03-31,LPSB,1221785
2023-03-31,2023-03-31,LSNG,34834372
2023-03-31,2023-03-31,LSNGP,22283692.5
2023-03-31,2023-03-31,LSRG,37446276
2023-03-31,2023-03-31,LVHK,1101984
2023-03-31,2023-03-31,MAGE,2605311
2023-03-31,2023-03-31,MAGEP,2392100
2023-03-31,2023-03-31,MAGN,889601335.25
2023-03-31,2023-03-31,MDMG,63922773.5
2023-03-31,2023-03-31,MFGS,131755
2023-03-31,2023-03-31,MFGSP,263055
2023-03-31,2023-03-31,MGNT,3049873974
2023-03-31,2023-03-31,MGNZ,0
2023-03-31,2023-03-31,MGTS,794305
2023-03-31,2023-03-31,MGTSP,32410694
2023-03-31,2023-03-31,MISB,4579040
2023-03-31,2023-03-31,MISBP,9302280
2023-03-31,2023-03-31,MOEX,960364615
2023-03-31,2023-03-31,MRKC,15670231.6
2023-03-31,2023-03-31,MRKK,8590017.2
2023-03-31,2023-03-31,MRKP,25055775
2023-03-31,2023-03-31,MRKS,4184395
2023-03-31,2023-03-31,MRKU,6497516
2023-03-31,2023-03-31,MRKV,81427113
2023-03-31,2023-03-31,MRKY,1847949
2023-03-31,2023-03-31,MRKZ,19949306
2023-03-31,2023-03-31,MRSB,354920
2023-03-31,2023-03-31,MSNG,52130335
2023-03-31,2023-03-31,MSRS,7395355.5
2023-03-31,2023-03-31,MSTT,69510753
2023-03-31,2023-03-31,MTLR,629916738.17
2023-03-31,2023-03-31,MTLRP,123015253
2023-03-31,2023-03-31,MTSS,492303435
2023-03-31,2023-03-31,MVID,170744530.9
2023-03-31,2023-03-31,NAUK,4560268
2023-03-31,2023-03-31,NFAZ,2449860
2023-03-31,2023-03-31,NKHP,55528740
2023-03-31,2023-03-31,NKNC,19125996
2023-03-31,2023-03-31,NKNCP,31041429.6
2023-03-31,2023-03-31,NKSH,5464544
2023-03-31,2023-03-31,NLMK,675790811.8
2023-03-31,2023-03-31,NMTP,72301239
2023-03-31,2023-03-31,NNSB,123960
2023-03-31,2023-03-31,NNSBP,125873
2023-03-31,2023-03-31,NSVZ,78736970
2023-03-31,2023-03-31,NVTK,1288708555
2023-03-31,2023-03-31,OGKB,117752298.9
2023-03-31,2023-03-31,OKEY,18338135.5
2023-03-31,2023-03-31,OMZZP,8726435
2023-03-31,2023-03-31,OZON,496105739
2023-03-31,2023-03-31,PAZA,617900
2023-03-31,2023-03-31,PHOR,1464689118
2023-03-31,2023-03-31,PIKK,165663837.1
2023-03-31,2023-03-31,PLZL,1337717509
2023-03-31,2023-03-31,PMSB,3441692
2023-03-31,2023-03-31,PMSBP,2196922
2023-03-31,2023-03-31,POLY,864971318.2
2023-03-31,2023-03-31,POSI,270520988.4
2023-03-31,2023-03-31,PRMB,1302200
2023-03-31,2023-03-31,QIWI,119493630.5
2023-03-31,2023-03-31,RASP,227263109.5
2023-03-31,2023-03-31,RBCM,3301814.2
2023-03-31,2023-03-31,RDRB,277170
2023-03-31,2023-03-31,RENI,167747562.8
2023-03-31,2023-03-31,RGSS,3969332.2
2023-03-31,2023-03-31,RKKE,26270440
2023-03-31,2023-03-31,RNFT,5555604502.6
2023-03-31,2023-03-31,ROLO,84606100.1
2023-03-31,2023-03-31,ROSB,7804706
2023-03-31,2023-03-31,ROSN,1178874915.35
2023-03-31,2023-03-31,ROST,1087736
2023-03-31,2023-03-31,RTGZ,316700
2023-03-31,2023-03-31,RTKM,107608956.7
2023-03-31,2023-03-31,RTKMP,13832158
2023-03-31,2023-03-31,RTSB,68352
2023-03-31,2023-03-31,RTSBP,72779
2023-03-31,2023-03-31,RUAL,501046845.6
2023-03-31,2023-03-31,RUSI,664699
2023-03-31,2023-03-31,RZSB,1471414
2023-03-31,2023-03-31,SAGO,305544
2023-03-31,2023-03-31,SAGOP,11326
2023-03-31,2023-03-31,SARE,724462
2023-03-31,2023-03-31,SAREP,38546
2023-03-31,2023-03-31,SBER,18878992953.8
2023-03-31,2023-03-31,SBERP,1843047968.6
2023-03-31,2023-03-31,SELG,48957690.2
2023-03-31,2023-03-31,SFIN,14300324
2023-03-31,2023-03-31,SFTL,28444110.4
2023-03-31,2023-03-31,SGZH,1302709789.9
2023-03-31,2023-03-31,SIBN,245491848.6
2023-03-31,2023-03-31,SLEN,797823.5
2023-03-31,2023-03-31,SMLT,529344355
2023-03-31,2023-03-31,SNGS,582172588.5
2023-03-31,2023-03-31,SNGSP,512861393
2023-03-31,2023-03-31,SPBE,139819753.4
2023-03-31,2023-03-31,STSB,472838
2023-03-31,2023-03-31,STSBP,1036468
2023-03-31,2023-03-31,SVAV,9239305
2023-03-31,2023-03-31,SVET,19664874.85
2023-03-31,2023-03-31,TASB,360040
2023-03-31,2023-03-31,TASBP,366165
2023-03-31,2023-03-31,TATN,1208619954.2
2023-03-31,2023-03-31,TATNP,195465008.6
2023-03-31,2023-03-31,TCSG,403488141.5
2023-03-31,2023-03-31,TGKA,93164225.4
2023-03-31,2023-03-31,TGKB,19983650
2023-03-31,2023-03-31,TGKBP,8959860
2023-03-31,2023-03-31,TGKN,36941830
2023-03-31,2023-03-31,TNSE,310670
2023-03-31,2023-03-31,TORS,743490
2023-03-31,2023-03-31,TORSP,355845
2023-03-31,2023-03-31,TRMK,203500338
2023-03-31,2023-03-31,TRNFP,296937500
2023-03-31,2023-03-31,TTLK,25308192.5
2023-03-31,2023-03-31,TUZA,391885
2023-03-31,2023-03-31,UCSS,323210
2023-03-31,2023-03-31,UKUZ,1096964
2023-03-31,2023-03-31,UNAC,27569361.5
2023-03-31,2023-03-31,UNKL,3555560
2023-03-31,2023-03-31,UPRO,299359783
2023-03-31,2023-03-31,URKZ,342000
2023-03-31,2023-03-31,USBN,2562734
2023-03-31,2023-03-31,UTAR,4103981
2023-03-31,2023-03-31,VEON-RX,2133560.5
2023-03-31,2023-03-31,VGSB,741265
2023-03-31,2023-03-31,VGSBP,244605
2023-03-31,2023-03-31,VJGZ,702133
2023-03-31,2023-03-31,VJGZP,414031
2023-03-31,2023-03-31,VKCO,261025120.8
2023-03-31,2023-03-31,VLHZ,2648938
2023-03-31,2023-03-31,VRSB,6230176
2023-03-31,2023-03-31,VRSBP,159968
2023-03-31,2023-03-31,VSMO,18056000
2023-03-31,2023-03-31,VSYD,406050
2023-03-31,2023-03-31,VSYDP,636480
2023-03-31,2023-03-31,VTBR,1236854043.55
2023-03-31,2023-03-31,WTCM,295588
2023-03-31,2023-03-31,WTCMP,433570
2023-03-31,2023-03-31,WUSH,60938635.33
2023-03-31,2023-03-31,YAKG,22988669.5
2023-03-31,2023-03-31,YKEN,269935
2023-03-31,2023-03-31,YKENP,131975
2023-03-31,2023-03-31,YNDX,579174074.6
2023-03-31,2023-03-31,YRSB,119320
2023-03-31,2023-03-31,YRSBP,141745
2023-03-31,2023-03-31,ZILL,5341595
2023-03-31,2023-03-31,ZVEZ,2555785
2023-04-30,2023-04-28,ABRD,30138620
2023-04-30,2023-04-28,ACKO,0
2023-04-30,2023-04-28,AFKS,699377654.8
2023-04-30,2023-04-28,AFLT,1683880390.7
2023-04-30,2023-04-28,AGRO,69131651.6
2023-04-30,2023-04-28,AKRN,56894982
2023-04-30,2023-04-28,ALRS,797523185.8
2023-04-30,2023-04-28,AMEZ,135846959.5
2023-04-30,2023-04-28,APTK,5405883.2
2023-04-30,2023-04-28,AQUA,65094641.5
2023-04-30,2023-04-28,ARSA,21994528
2023-04-30,2023-04-28,ASSB,3257224
2023-04-30,2023-04-28,AVAN,9067895
2023-04-30,2023-04-28,BANE,254277211.5
2023-04-30,2023-04-28,BANEP,1201592423.5
2023-04-30,2023-04-28,BELU,716173264
2023-04-30,2023-04-28,BISVP,17282238
2023-04-30,2023-04-28,BLNG,79953048.5
2023-04-30,2023-04-28,BRZL,497190
2023-04-30,2023-04-28,BSPB,604404347.1
2023-04-30,2023-04-28,BSPBP,12622420
2023-04-30,2023-04-28,CBOM,376079110.4
2023-04-30,2023-04-28,CHGZ,1112668
2023-04-30,2023-04-28,CHKZ,347100
2023-04-30,2023-04-28,CHMF,509860796.2
2023-04-30,2023-04-28,CHMK,7450190
2023-04-30,2023-04-28,CIAN,20644745.8
2023-04-30,2023-04-28,CNTL,22216142
2023-04-30,2023-04-28,CNTLP,34952550
2023-04-30,2023-04-28,DIOD,1887765
2023-04-30,2023-04-28,DSKY,13651959.4
2023-04-30,2023-04-28,DVEC,12445825
2023-04-30,2023-04-28,DZRD,259555
2023-04-30,2023-04-28,DZRDP,1038450
2023-04-30,2023-04-28,EELT,32073744.8
2023-04-30,2023-04-28,ELFV,13870809.8
2023-04-30,2023-04-28,ELTZ,1157255.5
2023-04-30,2023-04-28,ENPG,96784425
2023-04-30,2023-04-28,ETLN,65928466.12
2023-04-30,2023-04-28,FEES,197675333.2
2023-04-30,2023-04-28,FESH,117652218
2023-04-30,2023-04-28,FIVE,111291037.5
2023-04-30,2023-04-28,FIXP,65705210.6
2023-04-30,2023-04-28,FLOT,217675647.1
2023-04-30,2023-04-28,GAZA,1336655
2023-04-30,2023-04-28,GAZAP,511615
2023-04-30,2023-04-28,GAZC,0
2023-04-30,2023-04-28,GAZP,7081386704.2
2023-04-30,2023-04-28,GAZS,0
2023-04-30,2023-04-28,GAZT,0
2023-04-30,2023-04-28,GCHE,20825264.5
2023-04-30,2023-04-28,GECO,150112555.54
2023-04-30,2023-04-28,GEMA,1037766.5
2023-04-30,2023-04-28,GEMC,7157184.4
2023-04-30,2023-04-28,GLTR,97314125.85
2023-04-30,2023-04-28,GMKN,6996048584
2023-04-30,2023-04-28,GTRK,13767043
2023-04-30,2023-04-28,HHRU,7564552
2023-04-30,2023-04-28,HIMCP,9503307
2023-04-30,2023-04-28,HMSG,634265
2023-04-30,2023-04-28,HYDR,55529391.9
2023-04-30,2023-04-28,IGST,749844
2023-04-30,2023-04-28,IGSTP,336240
2023-04-30,2023-04-28,INGR,37323288
2023-04-30,2023-04-28,IRAO,283290120.6
2023-04-30,2023-04-28,IRKT,25442610
2023-04-30,2023-04-28,ISKJ,183445460.2
2023-04-30,2023-04-28,JNOS,762695
2023-04-30,2023-04-28,JNOSP,4929318
2023-04-30,2023-04-28,KAZT,11733528
2023-04-30,2023-04-28,KAZTP,3215500
2023-04-30,2023-04-28,KBSB,8656090
2023-04-30,2023-04-28,KCHE,1354690
2023-04-30,2023-04-28,KCHEP,449150
2023-04-30,2023-04-28,KGKC,1171238
2023-04-30,2023-04-28,KGKCP,1017570
2023-04-30,2023-04-28,KLSB,32596881
2023-04-30,2023-04-28,KMAZ,242220696
2023-04-30,2023-04-28,KMEZ,1631675
2023-04-30,2023-04-28,KMTZ,6358430
2023-04-30,2023-04-28,KOGK,625000
2023-04-30,2023-04-28,KRKN,523250
2023-04-30,2023-04-28,KRKNP,10355200
2023-04-30,2023-04-28,KRKOP,478378
2023-04-30,2023-04-28,KROT,29495600
2023-04-30,2023-04-28,KROTP,249920
2023-04-30,2023-04-28,KRSB,5167361
2023-04-30,2023-04-28,KRSBP,6053128
2023-04-30,2023-04-28,KTSB,558356
2023-04-30,2023-04-28,KTSBP,1592020
2023-04-30,2023-04-28,KUBE,5924986
2023-04-30,2023-04-28,KUZB,4717058
2023-04-30,2023-04-28,KZOS,9058340
2023-04-30,2023-04-28,KZOSP,41523031.3
2023-04-30,2023-04-28,LENT,16846682
2023-04-30,2023-04-28,LIFE,166954953
2023-04-30,2023-04-28,LKOH,2530129370.5
2023-04-30,2023-04-28,LNZL,10779040
2023-04-30,2023-04-28,LNZLP,42141540
2023-04-30,2023-04-28,LPSB,2501795
2023-04-30,2023-04-28,LSNG,36293928
2023-04-30,2023-04-28,LSNGP,25664123
2023-04-30,2023-04-28,LSRG,214290073
2023-04-30,2023-04-28,LVHK,32911421
2023-04-30,2023-04-28,MAGE,4257671
2023-04-30,2023-04-28,MAGEP,2248436
2023-04-30,2023-04-28,MAGN,422480564.25
2023-04-30,2023-04-28,MDMG,27827472.5
2023-04-30,2023-04-28,MFGS,106380
2023-04-30,2023-04-28,MFGSP,1785170
2023-04-30,2023-04-28,MGNT,825003222.5
2023-04-30,2023-04-28,MGNZ,0
2023-04-30,2023-04-28,MGTS,441150
2023-04-30,2023-04-28,MGTSP,25467162
2023-04-30,2023-04-28,MISB,12182430
2023-04-30,2023-04-28,MISBP,9304400
2023-04-30,2023-04-28,MOEX,646317855.5
2023-04-30,2023-04-28,MRKC,68231273
2023-04-30,2023-04-28,MRKK,3367985.2
2023-04-30,2023-04-28,MRKP,51539071
2023-04-30,2023-04-28,MRKS,77807490
2023-04-30,2023-04-28,MRKU,51375886
2023-04-30,2023-04-28,MRKV,52701704
2023-04-30,2023-04-28,MRKY,48198906
2023-04-30,2023-04-28,MRKZ,30073999.5
2023-04-30,2023-04-28,MRSB,5633840
2023-04-30,2023-04-28,MSNG,72684920.5
2023-04-30,2023-04-28,MSRS,34439645.5
2023-04-30,2023-04-28,MSTT,43936247
2023-04-30,2023-04-28,MTLR,1111919882.26
2023-04-30,2023-04-28,MTLRP,127475859.5
2023-04-30,2023-04-28,MTSS,263442508
2023-04-30,2023-04-28,MVID,282183697.5
2023-04-30,2023-04-28,NAUK,821734
2023-04-30,2023-04-28,NFAZ,9309825
2023-04-30,2023-04-28,NKHP,3427220
2023-04-30,2023-04-28,NKNC,12121405
2023-04-30,2023-04-28,NKNCP,35754226.8
2023-04-30,2023-04-28,NKSH,16357068
2023-04-30,2023-04-28,NLMK,395582330.8
2023-04-30,2023-04-28,NMTP,134715405
2023-04-30,2023-04-28,NNSB,5929705
2023-04-30,2023-04-28,NNSBP,5207773
2023-04-30,2023-04-28,NSVZ,30660110
2023-04-30,2023-04-28,NVTK,2659928315.4
2023-04-30,2023-04-28,OGKB,128739850.3
2023-04-30,2023-04-28,OKEY,45477863.2
2023-04-30,2023-04-28,OMZZP,1559115
2023-04-30,2023-04-28,OZON,210513243
2023-04-30,2023-04-28,PAZA,2368040
2023-04-30,2023-04-28,PHOR,195343408
2023-04-30,2023-04-28,PIKK,270461704.3
2023-04-30,2023-04-28,PLZL,2376349982.5
2023-04-30,2023-04-28,PMSB,15908459
2023-04-30,2023-04-28,PMSBP,6468606
2023-04-30,2023-04-28,POLY,1214745512.8
2023-04-30,2023-04-28,POSI,133858823.6
2023-04-30,2023-04-28,PRMB,16781200
2023-04-30,2023-04-28,QIWI,90706255.5
2023-04-30,2023-04-28,RASP,236197901
2023-04-30,2023-04-28,RBCM,2057019.6
2023-04-30,2023-04-28,RDRB,525730
2023-04-30,2023-04-28,RENI,15904539.2
2023-04-30,2023-04-28,RGSS,7078997.2
2023-04-30,2023-04-28,RKKE,29930610
2023-04-30,2023-04-28,RNFT,141647338.1
2023-04-30,2023-04-28,ROLO,55359352.3
2023-04-30,2023-04-28,ROSB,32614032
2023-04-30,2023-04-28,ROSN,849884782.55
2023-04-30,2023-04-28,ROST,2812444
2023-04-30,2023-04-28,RTGZ,128200
2023-04-30,2023-04-28,RTKM,211073067.1
2023-04-30,2023-04-28,RTKMP,28156091
2023-04-30,2023-04-28,RTSB,38472588
2023-04-30,2023-04-28,RTSBP,28484857
2023-04-30,2023-04-28,RUAL,633151145.75
2023-04-30,2023-04-28,RUSI,31807038
2023-04-30,2023-04-28,RZSB,6769654
2023-04-30,2023-04-28,SAGO,2359898
2023-04-30,2023-04-28,SAGOP,2252944
2023-04-30,2023-04-28,SARE,2115866
2023-04-30,2023-04-28,SAREP,643616
2023-04-30,2023-04-28,SBER,11892356487.7
2023-04-30,2023-04-28,SBERP,1459415670.2
2023-04-30,2023-04-28,SELG,63409501.9
2023-04-30,2023-04-28,SFIN,19484806
2023-04-30,2023-04-28,SFTL,18553874.2
2023-04-30,2023-04-28,SGZH,174402167.4
2023-04-30,2023-04-28,SIBN,194978289.05
2023-04-30,2023-04-28,SLEN,4005009.5
2023-04-30,2023-04-28,SMLT,2236560708
2023-04-30,2023-04-28,SNGS,362865375.5
2023-04-30,2023-04-28,SNGSP,534145840
2023-04-30,2023-04-28,SPBE,133504815.9
2023-04-30,2023-04-28,STSB,4351065
2023-04-30,2023-04-28,STSBP,6563512
2023-04-30,2023-04-28,SVAV,31476915
2023-04-30,2023-04-28,SVET,12590564.2
2023-04-30,2023-04-28,TASB,2018122.5
2023-04-30,2023-04-28,TASBP,1476910
2023-04-30,2023-04-28,TATN,1170740369.6
2023-04-30,2023-04-28,TATNP,184984931.9
2023-04-30,2023-04-28,TCSG,1629766528.5
2023-04-30,2023-04-28,TGKA,77196286.4
2023-04-30,2023-04-28,TGKB,7934225
2023-04-30,2023-04-28,TGKBP,2023385
2023-04-30,2023-04-28,TGKN,17577240
2023-04-30,2023-04-28,TNSE,2817605
2023-04-30,2023-04-28,TORS,559150
2023-04-30,2023-04-28,TORSP,990155
2023-04-30,2023-04-28,TRMK,76623609.6
2023-04-30,2023-04-28,TRNFP,271350850
2023-04-30,2023-04-28,TTLK,22147307.5
2023-04-30,2023-04-28,TUZA,403045
2023-04-30,2023-04-28,UCSS,63140
2023-04-30,2023-04-28,UKUZ,868744
2023-04-30,2023-04-28,UNAC,12199351
2023-04-30,2023-04-28,UNKL,6125450
2023-04-30,2023-04-28,UPRO,768885614
2023-04-30,2023-04-28,URKZ,632400
2023-04-30,2023-04-28,USBN,4707559
2023-04-30,2023-04-28,UTAR,2158899
2023-04-30,2023-04-28,VEON-RX,2189307
2023-04-30,2023-04-28,VGSB,35745805
2023-04-30,2023-04-28,VGSBP,18916860
2023-04-30,2023-04-28,VJGZ,467505
2023-04-30,2023-04-28,VJGZP,427643
2023-04-30,2023-04-28,VKCO,611575135.4
2023-04-30,2023-04-28,VLHZ,3044648
2023-04-30,2023-04-28,VRSB,17013586
2023-04-30,2023-04-28,VRSBP,3032466
2023-04-30,2023-04-28,VSMO,347685240
2023-04-30,2023-04-28,VSYD,430070
2023-04-30,2023-04-28,VSYDP,419860
2023-04-30,2023-04-28,VTBR,10437055476.3
2023-04-30,2023-04-28,WTCM,1116234
2023-04-30,2023-04-28,WTCMP,1143932
2023-04-30,2023-04-28,WUSH,127826099.54
2023-04-30,2023-04-28,YAKG,7898185
2023-04-30,2023-04-28,YKEN,2221975
2023-04-30,2023-04-28,YKENP,2039060
2023-04-30,2023-04-28,YNDX,1299701315.6
2023-04-30,2023-04-28,YRSB,31193980
2023-04-30,2023-04-28,YRSBP,32595460
2023-04-30,2023-04-28,ZILL,5320025
2023-04-30,2023-04-28,ZVEZ,666780
2023-05-31,2023-05-31,ABRD,222453368
2023-05-31,2023-05-31,ACKO,0
2023-05-31,2023-05-31,AFKS,247467877.2
2023-05-31,2023-05-31,AFLT,529558263
2023-05-31,2023-05-31,AGRO,478102470.6
2023-05-31,2023-05-31,AKRN,33529040
2023-05-31,2023-05-31,ALRS,3728912017.1
2023-05-31,2023-05-31,AMEZ,41603589.5
2023-05-31,2023-05-31,APTK,6115248.24
2023-05-31,2023-05-31,AQUA,65296440
2023-05-31,2023-05-31,ARSA,222507
2023-05-31,2023-05-31,ASSB,183222
2023-05-31,2023-05-31,AVAN,1298875
2023-05-31,2023-05-31,BANE,610254359.5
2023-05-31,2023-05-31,BANEP,872485744.5
2023-05-31,2023-05-31,BELU,128069827
2023-05-31,2023-05-31,BISVP,1854394
2023-05-31,2023-05-31,BLNG,19826043.5
2023-05-31,2023-05-31,BRZL,438450
2023-05-31,2023-05-31,BSPB,519164801.1
2023-05-31,2023-05-31,BSPBP,110974430
2023-05-31,2023-05-31,CBOM,569809011.9
2023-05-31,2023-05-31,CHGZ,891232
2023-05-31,2023-05-31,CHKZ,138350
2023-05-31,2023-05-31,CHMF,532123800.6
2023-05-31,2023-05-31,CHMK,1936160
2023-05-31,2023-05-31,CIAN,45334422
2023-05-31,2023-05-31,CNTL,3857716
2023-05-31,2023-05-31,CNTLP,8654234
2023-05-31,2023-05-31,DIOD,54731508
2023-05-31,2023-05-31,DSKY,37261905
2023-05-31,2023-05-31,DVEC,2911055
2023-05-31,2023-05-31,DZRD,369255
2023-05-31,2023-05-31,DZRDP,1882580
2023-05-31,2023-05-31,EELT,1994651
2023-05-31,2023-05-31,ELFV,10148736.2
2023-05-31,2023-05-31,ELTZ,430489
2023-05-31,2023-05-31,ENPG,55201565.8
2023-05-31,2023-05-31,ETLN,210419962.22
2023-05-31,2023-05-31,FEES,465568021
2023-05-31,2023-05-31,FESH,1824579130
2023-05-31,2023-05-31,FIVE,147415515.5
2023-05-31,2023-05-31,FIXP,48998579.7
2023-05-31,2023-05-31,FLOT,962799967.1
2023-05-31,2023-05-31,GAZA,22866000
2023-05-31,2023-05-31,GAZAP,4445425
2023-05-31,2023-05-31,GAZC,0
2023-05-31,2023-05-31,GAZP,3731878853.9
2023-05-31,2023-05-31,GAZS,0
2023-05-31,2023-05-31,GAZT,0
2023-05-31,2023-05-31,GCHE,16689057
2023-05-31,2023-05-31,GECO,36341458.98
2023-05-31,2023-05-31,GEMA,855897.5
2023-05-31,2023-05-31,GEMC,176316764.6
2023-05-31,2023-05-31,GLTR,150123197.25
2023-05-31,2023-05-31,GMKN,762081178
2023-05-31,2023-05-31,GTRK,3613730
2023-05-31,2023-05-31,HHRU,40834860
2023-05-31,2023-05-31,HIMCP,2885267
2023-05-31,2023-05-31,HMSG,2195365
2023-05-31,2023-05-31,HYDR,109367379
2023-05-31,2023-05-31,IGST,690150
2023-05-31,2023-05-31,IGSTP,277918
2023-05-31,2023-05-31,INGR,17182123
2023-05-31,2023-05-31,IRAO,398454555.6
2023-05-31,2023-05-31,IRKT,40611100
2023-05-31,2023-05-31,ISKJ,75084483.6
2023-05-31,2023-05-31,JNOS,166220
2023-05-31,2023-05-31,JNOSP,657678
2023-05-31,2023-05-31,KAZT,14936296
2023-05-31,2023-05-31,KAZTP,4074922
2023-05-31,2023-05-31,KBSB,2712850
2023-05-31,2023-05-31,KCHE,630460
2023-05-31,2023-05-31,KCHEP,677060
2023-05-31,2023-05-31,KGKC,794246
2023-05-31,2023-05-31,KGKCP,216406
2023-05-31,2023-05-31,KLSB,5638333
2023-05-31,2023-05-31,KMAZ,647793779
2023-05-31,2023-05-31,KMEZ,802547
2023-05-31,2023-05-31,KMTZ,680480
2023-05-31,2023-05-31,KOGK,404600
2023-05-31,2023-05-31,KRKN,156750
2023-05-31,2023-05-31,KRKNP,15223400
2023-05-31,2023-05-31,KRKOP,597130
2023-05-31,2023-05-31,KROT,3324380
2023-05-31,2023-05-31,KROTP,258110
2023-05-31,2023-05-31,KRSB,13233162
2023-05-31,2023-05-31,KRSBP,9590200
2023-05-31,2023-05-31,KTSB,401376
2023-05-31,2023-05-31,KTSBP,2459255
2023-05-31,2023-05-31,KUBE,3069829
2023-05-31,2023-05-31,KUZB,6962306
2023-05-31,2023-05-31,KZOS,15725722
2023-05-31,2023-05-31,KZOSP,9746740.6
2023-05-31,2023-05-31,LENT,24842065
2023-05-31,2023-05-31,LIFE,46011121.5
2023-05-31,2023-05-31,LKOH,6324434583.5
2023-05-31,2023-05-31,LNZL,7454200
2023-05-31,2023-05-31,LNZLP,17500435
2023-05-31,2023-05-31,LPSB,3944410
2023-05-31,2023-05-31,LSNG,12903661
2023-05-31,2023-05-31,LSNGP,109795304
2023-05-31,2023-05-31,LSRG,122471637.8
2023-05-31,2023-05-31,LVHK,13282123
2023-05-31,2023-05-31,MAGE,3095743
2023-05-31,2023-05-31,MAGEP,356188
2023-05-31,2023-05-31,MAGN,564662732.9
2023-05-31,2023-05-31,MDMG,28037812.9
2023-05-31,2023-05-31,MFGS,1402225
2023-05-31,2023-05-31,MFGSP,1315215
2023-05-31,2023-05-31,MGNT,3076350801
2023-05-31,2023-05-31,MGNZ,0
2023-05-31,2023-05-31,MGTS,212565
2023-05-31,2023-05-31,MGTSP,11567428
2023-05-31,2023-05-31,MISB,433560
2023-05-31,2023-05-31,MISBP,1230160
2023-05-31,2023-05-31,MOEX,713123787.5
2023-05-31,2023-05-31,MRKC,24413447.2
2023-05-31,2023-05-31,MRKK,1119070.4
2023-05-31,2023-05-31,MRKP,28310361
2023-05-31,2023-05-31,MRKS,2065610
2023-05-31,2023-05-31,MRKU,116617516
2023-05-31,2023-05-31,MRKV,5823028.5
2023-05-31,2023-05-31,MRKY,6299562
2023-05-31,2023-05-31,MRKZ,5373591.5
2023-05-31,2023-05-31,MRSB,1188890
2023-05-31,2023-05-31,MSNG,135141284
2023-05-31,2023-05-31,MSRS,13331074.5
2023-05-31,2023-05-31,MSTT,31365830
2023-05-31,2023-05-31,MTLR,1623443482.03
2023-05-31,2023-05-31,MTLRP,540542349
2023-05-31,2023-05-31,MTSS,1292106428.5
2023-05-31,2023-05-31,MVID,63748261.1
2023-05-31,2023-05-31,NAUK,2181096
2023-05-31,2023-05-31,NFAZ,4899365
2023-05-31,2023-05-31,NKHP,7254390
2023-05-31,2023-05-31,NKNC,7633555.5
2023-05-31,2023-05-31,NKNCP,40332769.2
2023-05-31,2023-05-31,NKSH,3692512
2023-05-31,2023-05-31,NLMK,712484557.4
2023-05-31,2023-05-31,NMTP,138799766
2023-05-31,2023-05-31,NNSB,190550
2023-05-31,2023-05-31,NNSBP,383707
2023-05-31,2023-05-31,NSVZ,4373530
2023-05-31,2023-05-31,NVTK,1308520890.4
2023-05-31,2023-05-31,OGKB,89841280.9
2023-05-31,2023-05-31,OKEY,4823961.5
2023-05-31,2023-05-31,OMZZP,619590
2023-05-31,2023-05-31,OZON,279789190
2023-05-31,2023-05-31,PAZA,741060
2023-05-31,2023-05-31,PHOR,736439381
2023-05-31,2023-05-31,PIKK,267686350.9
2023-05-31,2023-05-31,PLZL,2110855099
2023-05-31,2023-05-31,PMSB,8965516
2023-05-31,2023-05-31,PMSBP,4823502
2023-05-31,2023-05-31,POLY,2430890484
2023-05-31,2023-05-31,POSI,896217666.8
2023-05-31,2023-05-31,PRMB,1032000
2023-05-31,2023-05-31,QIWI,38886080
2023-05-31,2023-05-31,RASP,161685515.5
2023-05-31,2023-05-31,RBCM,4568997
2023-05-31,2023-05-31,RDRB,832880
2023-05-31,2023-05-31,RENI,17029709.6
2023-05-31,2023-05-31,RGSS,469176.6
2023-05-31,2023-05-31,RKKE,5097170
2023-05-31,2023-05-31,RNFT,122288408.1
2023-05-31,2023-05-31,ROLO,31276487
2023-05-31,2023-05-31,ROSB,12447386
2023-05-31,2023-05-31,ROSN,4293409030.85
2023-05-31,2023-05-31,ROST,426242
2023-05-31,2023-05-31,RTGZ,269300
2023-05-31,2023-05-31,RTKM,104982613
2023-05-31,2023-05-31,RTKMP,20953235
2023-05-31,2023-05-31,RTSB,614934
2023-05-31,2023-05-31,RTSBP,1388488
2023-05-31,2023-05-31,RUAL,503919955.7
2023-05-31,2023-05-31,RUSI,718572
2023-05-31,2023-05-31,RZSB,58507714
2023-05-31,2023-05-31,SAGO,6250776
2023-05-31,2023-05-31,SAGOP,3317014
2023-05-31,2023-05-31,SARE,1322034
2023-05-31,2023-05-31,SAREP,300234
2023-05-31,2023-05-31,SBER,17794062792.6
2023-05-31,2023-05-31,SBERP,1392309280.9
2023-05-31,2023-05-31,SELG,461219280.4
2023-05-31,2023-05-31,SFIN,4037458
2023-05-31,2023-05-31,SFTL,141547134.8
2023-05-31,2023-05-31,SGZH,311927191.6
2023-05-31,2023-05-31,SIBN,306484082.65
2023-05-31,2023-05-31,SLEN,1548278.5
2023-05-31,2023-05-31,SMLT,1729117018
2023-05-31,2023-05-31,SNGS,267791369.5
2023-05-31,2023-05-31,SNGSP,388507546
2023-05-31,2023-05-31,SPBE,90902630.5
2023-05-31,2023-05-31,STSB,5277116
2023-05-31,2023-05-31,STSBP,4241660.5
2023-05-31,2023-05-31,SVAV,628858755
2023-05-31,2023-05-31,SVET,5419356.75
2023-05-31,2023-05-31,TASB,436978
2023-05-31,2023-05-31,TASBP,494040
2023-05-31,2023-05-31,TATN,662618267
2023-05-31,2023-05-31,TATNP,148644488.4
2023-05-31,2023-05-31,TCSG,1435775887
2023-05-31,2023-05-31,TGKA,49749054.4
2023-05-31,2023-05-31,TGKB,6246800
2023-05-31,2023-05-31,TGKBP,3758686
2023-05-31,2023-05-31,TGKN,19832550
2023-05-31,2023-05-31,TNSE,4444170
2023-05-31,2023-05-31,TORS,600790
2023-05-31,2023-05-31,TORSP,172260
2023-05-31,2023-05-31,TRMK,89772611.2
2023-05-31,2023-05-31,TRNFP,296890700
2023-05-31,2023-05-31,TTLK,4136266
2023-05-31,2023-05-31,TUZA,2487860
2023-05-31,2023-05-31,UCSS,151670
2023-05-31,2023-05-31,UKUZ,135812
2023-05-31,2023-05-31,UNAC,17551023.5
2023-05-31,2023-05-31,UNKL,853160
2023-05-31,2023-05-31,UPRO,148079462
2023-05-31,2023-05-31,URKZ,459250
2023-05-31,2023-05-31,USBN,5946373
2023-05-31,2023-05-31,UTAR,1515451
2023-05-31,2023-05-31,VEON-RX,14108752.5
2023-05-31,2023-05-31,VGSB,1223955
2023-05-31,2023-05-31,VGSBP,5999285
2023-05-31,2023-05-31,VJGZ,196894
2023-05-31,2023-05-31,VJGZP,518464
2023-05-31,2023-05-31,VKCO,805632496.4
2023-05-31,2023-05-31,VLHZ,1072361
2023-05-31,2023-05-31,VRSB,26878262
2023-05-31,2023-05-31,VRSBP,443234
2023-05-31,2023-05-31,VSMO,21706480
2023-05-31,2023-05-31,VSYD,159955
2023-05-31,2023-05-31,VSYDP,303680
2023-05-31,2023-05-31,VTBR,3923941267.75
2023-05-31,2023-05-31,WTCM,285316
2023-05-31,2023-05-31,WTCMP,138432
2023-05-31,2023-05-31,WUSH,103051419.72
2023-05-31,2023-05-31,YAKG,2884508
2023-05-31,2023-05-31,YKEN,364800
2023-05-31,2023-05-31,YKENP,151850
2023-05-31,2023-05-31,YNDX,2378724891
2023-05-31,2023-05-31,YRSB,5951360
2023-05-31,2023-05-31,YRSBP,10960330
2023-05-31,2023-05-31,ZILL,4248585
2023-05-31,2023-05-31,ZVEZ,1384290
2023-06-30,2023-06-30,ABRD,144713464
2023-06-30,2023-06-30,ACKO,0
2023-06-30,2023-06-30,AFKS,688526794.9
2023-06-30,2023-06-30,AFLT,438666490.4
2023-06-30,2023-06-30,AGRO,159861748
2023-06-30,2023-06-30,AKRN,11207730
2023-06-30,2023-06-30,ALRS,2619534678.5
2023-06-30,2023-06-30,AMEZ,17439150.5
2023-06-30,2023-06-30,APTK,5532015.22
2023-06-30,2023-06-30,AQUA,306934806
2023-06-30,2023-06-30,ARSA,359331
2023-06-30,2023-06-30,ASSB,4066430
2023-06-30,2023-06-30,AVAN,1221090
2023-06-30,2023-06-30,BANE,137595074.5
2023-06-30,2023-06-30,BANEP,508259432.5
2023-06-30,2023-06-30,BELU,96080586
2023-06-30,2023-06-30,BISVP,2067560
2023-06-30,2023-06-30,BLNG,11762082
2023-06-30,2023-06-30,BRZL,702286
2023-06-30,2023-06-30,BSPB,103844339.4
2023-06-30,2023-06-30,BSPBP,16230750
2023-06-30,2023-06-30,CBOM,145502092.1
2023-06-30,2023-06-30,CHGZ,25155518
2023-06-30,2023-06-30,CHKZ,372800
2023-06-30,2023-06-30,CHMF,735381370.8
2023-06-30,2023-06-30,CHMK,2664435
2023-06-30,2023-06-30,CIAN,28833275.8
2023-06-30,2023-06-30,CNTL,6507308
2023-06-30,2023-06-30,CNTLP,7998572
2023-06-30,2023-06-30,DIOD,3737917
2023-06-30,2023-06-30,DSKY,10502002.4
2023-06-30,2023-06-30,DVEC,6172691
2023-06-30,2023-06-30,DZRD,3766855
2023-06-30,2023-06-30,DZRDP,1259940
2023-06-30,2023-06-30,EELT,6368246.8
2023-06-30,2023-06-30,ELFV,16295827.4
2023-06-30,2023-06-30,ELTZ,26604400.5
2023-06-30,2023-06-30,ENPG,190768420.4
2023-06-30,2023-06-30,ETLN,32224388.1
2023-06-30,2023-06-30,FEES,77060112.8
2023-06-30,2023-06-30,FESH,198098147
2023-06-30,2023-06-30,FIVE,121867476
2023-06-30,2023-06-30,FIXP,30492712.5
2023-06-30,2023-06-30,FLOT,701071629.3
2023-06-30,2023-06-30,GAZA,1458480
2023-06-30,2023-06-30,GAZAP,234865
2023-06-30,2023-06-30,GAZC,0
2023-06-30,2023-06-30,GAZP,2618711320.3
2023-06-30,2023-06-30,GAZS,0
2023-06-30,2023-06-30,GAZT,0
2023-06-30,2023-06-30,GCHE,24491722.5
2023-06-30,2023-06-30,GECO,22639732.08
2023-06-30,2023-06-30,GEMA,2003946.5
2023-06-30,2023-06-30,GEMC,65303925.8
2023-06-30,2023-06-30,GLTR,60099515.45
2023-06-30,2023-06-30,GMKN,1780579222
2023-06-30,2023-06-30,GTRK,2906004.5
2023-06-30,2023-06-30,HHRU,19823962
2023-06-30,2023-06-30,HIMCP,3575927
2023-06-30,2023-06-30,HMSG,94625
2023-06-30,2023-06-30,HYDR,159655016.9
2023-06-30,2023-06-30,IGST,172688
2023-06-30,2023-06-30,IGSTP,332366
2023-06-30,2023-06-30,INGR,15071816
2023-06-30,2023-06-30,IRAO,150562300.9
2023-06-30,2023-06-30,IRKT,15186460
2023-06-30,2023-06-30,ISKJ,34698367.8
2023-06-30,2023-06-30,JNOS,1501275
2023-06-30,2023-06-30,JNOSP,5985598
2023-06-30,2023-06-30,KAZT,32328288
2023-06-30,2023-06-30,KAZTP,35566210
2023-06-30,2023-06-30,KBSB,779620
2023-06-30,2023-06-30,KCHE,1544465
2023-06-30,2023-06-30,KCHEP,173400
2023-06-30,2023-06-30,KGKC,1086966
2023-06-30,2023-06-30,KGKCP,2269122
2023-06-30,2023-06-30,KLSB,18688708
2023-06-30,2023-06-30,KMAZ,117065605
2023-06-30,2023-06-30,KMEZ,1568542
2023-06-30,2023-06-30,KMTZ,768065
2023-06-30,2023-06-30,KOGK,927600
2023-06-30,2023-06-30,KRKN,307700
2023-06-30,2023-06-30,KRKNP,16551660
2023-06-30,2023-06-30,KRKOP,154920
2023-06-30,2023-06-30,KROT,48608860
2023-06-30,2023-06-30,KROTP,2608610
2023-06-30,2023-06-30,KRSB,1192507
2023-06-30,2023-06-30,KRSBP,939112
2023-06-30,2023-06-30,KTSB,1896600
2023-06-30,2023-06-30,KTSBP,1896380
2023-06-30,2023-06-30,KUBE,5995017
2023-06-30,2023-06-30,KUZB,29331634.4
2023-06-30,2023-06-30,KZOS,56843690
2023-06-30,2023-06-30,KZOSP,13599013.9
2023-06-30,2023-06-30,LENT,10661689.5
2023-06-30,2023-06-30,LIFE,141478362.5
2023-06-30,2023-06-30,LKOH,3629031080
2023-06-30,2023-06-30,LNZL,6010710
2023-06-30,2023-06-30,LNZLP,35857425
2023-06-30,2023-06-30,LPSB,1871720
2023-06-30,2023-06-30,LSNG,5806629
2023-06-30,2023-06-30,LSNGP,94315555
2023-06-30,2023-06-30,LSRG,216909911.6
2023-06-30,2023-06-30,LVHK,1322160
2023-06-30,2023-06-30,MAGE,3565330
2023-06-30,2023-06-30,MAGEP,1329336
2023-06-30,2023-06-30,MAGN,1255293059.4
2023-06-30,2023-06-30,MDMG,31740604.9
2023-06-30,2023-06-30,MFGS,691000
2023-06-30,2023-06-30,MFGSP,4545400
2023-06-30,2023-06-30,MGNT,2989745022.5
2023-06-30,2023-06-30,MGNZ,0
2023-06-30,2023-06-30,MGTS,267635
2023-06-30,2023-06-30,MGTSP,15113874
2023-06-30,2023-06-30,MISB,686830
2023-06-30,2023-06-30,MISBP,2412080
2023-06-30,2023-06-30,MOEX,366958889.3
2023-06-30,2023-06-30,MRKC,12592657.2
2023-06-30,2023-06-30,MRKK,1376446.6
2023-06-30,2023-06-30,MRKP,21018804
2023-06-30,2023-06-30,MRKS,7258090
2023-06-30,2023-06-30,MRKU,4502548
2023-06-30,2023-06-30,MRKV,6731798.5
2023-06-30,2023-06-30,MRKY,1107995.5
2023-06-30,2023-06-30,MRKZ,8009502.5
2023-06-30,2023-06-30,MRSB,2662670
2023-06-30,2023-06-30,MSNG,417438319
2023-06-30,2023-06-30,MSRS,11484533.5
2023-06-30,2023-06-30,MSTT,26040443
2023-06-30,2023-06-30,MTLR,692460883.27
2023-06-30,2023-06-30,MTLRP,68626736.5
2023-06-30,2023-06-30,MTSS,2953621558.5
2023-06-30,2023-06-30,MVID,40329389.8
2023-06-30,2023-06-30,NAUK,698218
2023-06-30,2023-06-30,NFAZ,3235015
2023-06-30,2023-06-30,NKHP,299218090
2023-06-30,2023-06-30,NKNC,28656243
2023-06-30,2023-06-30,NKNCP,67554093.4
2023-06-30,2023-06-30,NKSH,5590668
2023-06-30,2023-06-30,NLMK,1371477864.2
2023-06-30,2023-06-30,NMTP,190380204.5
2023-06-30,2023-06-30,NNSB,978040
2023-06-30,2023-06-30,NNSBP,970398
2023-06-30,2023-06-30,NSVZ,1767120
2023-06-30,2023-06-30,NVTK,464905364.4
2023-06-30,2023-06-30,OGKB,169978097.5
2023-06-30,2023-06-30,OKEY,6575560.4
2023-06-30,2023-06-30,OMZZP,450355
2023-06-30,2023-06-30,OZON,269465606
2023-06-30,2023-06-30,PAZA,502060
2023-06-30,2023-06-30,PHOR,482387160
2023-06-30,2023-06-30,PIKK,171702520.3
2023-06-30,2023-06-30,PLZL,868055761.5
2023-06-30,2023-06-30,PMSB,11995944
2023-06-30,2023-06-30,PMSBP,25231318
2023-06-30,2023-06-30,POLY,794613773.6
2023-06-30,2023-06-30,POSI,177967342.6
2023-06-30,2023-06-30,PRMB,368400
2023-06-30,2023-06-30,QIWI,333691477
2023-06-30,2023-06-30,RASP,161687722
2023-06-30,2023-06-30,RBCM,209725
2023-06-30,2023-06-30,RDRB,754630
2023-06-30,2023-06-30,RENI,25338282
2023-06-30,2023-06-30,RGSS,3410829.8
2023-06-30,2023-06-30,RKKE,4928240
2023-06-30,2023-06-30,RNFT,227237070.9
2023-06-30,2023-06-30,ROLO,9682205.6
2023-06-30,2023-06-30,ROSB,5187302
2023-06-30,2023-06-30,ROSN,842499462.5
2023-06-30,2023-06-30,ROST,209144
2023-06-30,2023-06-30,RTGZ,286900
2023-06-30,2023-06-30,RTKM,205035910.3
2023-06-30,2023-06-30,RTKMP,85979915
2023-06-30,2023-06-30,RTSB,1922884
2023-06-30,2023-06-30,RTSBP,1456078
2023-06-30,2023-06-30,RUAL,295831941.65
2023-06-30,2023-06-30,RUSI,158454
2023-06-30,2023-06-30,RZSB,1503122
2023-06-30,2023-06-30,SAGO,2002328
2023-06-30,2023-06-30,SAGOP,590576
2023-06-30,2023-06-30,SARE,4113492
2023-06-30,2023-06-30,SAREP,4182288
2023-06-30,2023-06-30,SBER,5759887900
2023-06-30,2023-06-30,SBERP,432629310.9
2023-06-30,2023-06-30,SELG,36981354.9
2023-06-30,2023-06-30,SFIN,4091678
2023-06-30,2023-06-30,SFTL,55935477.5
2023-06-30,2023-06-30,SGZH,2216300977.6
2023-06-30,2023-06-30,SIBN,158582055.25
2023-06-30,2023-06-30,SLEN,1179749
2023-06-30,2023-06-30,SMLT,374522052
2023-06-30,2023-06-30,SNGS,1054839635
2023-06-30,2023-06-30,SNGSP,3958985133.5
2023-06-30,2023-06-30,SPBE,165107169.4
2023-06-30,2023-06-30,STSB,1142716
2023-06-30,2023-06-30,STSBP,15152245
2023-06-30,2023-06-30,SVAV,292837250
2023-06-30,2023-06-30,SVET,4303942.6
2023-06-30,2023-06-30,TASB,3543180
2023-06-30,2023-06-30,TASBP,329305
2023-06-30,2023-06-30,TATN,1152755219.6
2023-06-30,2023-06-30,TATNP,346754873.2
2023-06-30,2023-06-30,TCSG,478340482.5
2023-06-30,2023-06-30,TGKA,33925833
2023-06-30,2023-06-30,TGKB,1755000
2023-06-30,2023-06-30,TGKBP,2703334
2023-06-30,2023-06-30,TGKN,58291710
2023-06-30,2023-06-30,TNSE,34405285
2023-06-30,2023-06-30,TORS,1835910
2023-06-30,2023-06-30,TORSP,713210
2023-06-30,2023-06-30,TRMK,173422605.8
2023-06-30,2023-06-30,TRNFP,4775182000
2023-06-30,2023-06-30,TTLK,7252429
2023-06-30,2023-06-30,TUZA,2407615
2023-06-30,2023-06-30,UCSS,132510
2023-06-30,2023-06-30,UKUZ,1739156
2023-06-30,2023-06-30,UNAC,19076908
2023-06-30,2023-06-30,UNKL,1974030
2023-06-30,2023-06-30,UPRO,72863573
2023-06-30,2023-06-30,URKZ,633400
2023-06-30,2023-06-30,USBN,1024653
2023-06-30,2023-06-30,UTAR,7702066
2023-06-30,2023-06-30,VEON-RX,1266340
2023-06-30,2023-06-30,VGSB,54569660
2023-06-30,2023-06-30,VGSBP,16172080
2023-06-30,2023-06-30,VJGZ,47360
2023-06-30,2023-06-30,VJGZP,266427
2023-06-30,2023-06-30,VKCO,385840501.6
2023-06-30,2023-06-30,VLHZ,37878119
2023-06-30,2023-06-30,VRSB,5789850
2023-06-30,2023-06-30,VRSBP,1295742
2023-06-30,2023-06-30,VSMO,50045860
2023-06-30,2023-06-30,VSYD,7921425
2023-06-30,2023-06-30,VSYDP,2828840
2023-06-30,2023-06-30,VTBR,1105446503.6
2023-06-30,2023-06-30,WTCM,1353664
2023-06-30,2023-06-30,WTCMP,807396
2023-06-30,2023-06-30,WUSH,111596212.02
2023-06-30,2023-06-30,YAKG,5001920.5
2023-06-30,2023-06-30,YKEN,3211095
2023-06-30,2023-06-30,YKENP,813160
2023-06-30,2023-06-30,YNDX,967858641.4
2023-06-30,2023-06-30,YRSB,28123220
2023-06-30,2023-06-30,YRSBP,29672240
2023-06-30,2023-06-30,ZILL,1013085
2023-06-30,2023-06-30,ZVEZ,10621500
2023-07-31,2023-07-31,ABRD,59886584
2023-07-31,2023-07-31,ACKO,0
2023-07-31,2023-07-31,AFKS,1301699267.7
2023-07-31,2023-07-31,AFLT,633431000.4
2023-07-31,2023-07-31,AGRO,206434960.4
2023-07-31,2023-07-31,AKRN,44386388
2023-07-31,2023-07-31,ALRS,1607975994.4
2023-07-31,2023-07-31,AMEZ,62393602
2023-07-31,2023-07-31,APTK,140054669.14
2023-07-31,2023-07-31,AQUA,101822954.5
2023-07-31,2023-07-31,ARSA,2673728
2023-07-31,2023-07-31,ASSB,5274705
2023-07-31,2023-07-31,AVAN,6334390
2023-07-31,2023-07-31,BANE,98623939
2023-07-31,2023-07-31,BANEP,229882717.5
2023-07-31,2023-07-31,BELU,615280881
2023-07-31,2023-07-31,BISVP,10294737
2023-07-31,2023-07-31,BLNG,200737666.5
2023-07-31,2023-07-31,BRZL,2695772
2023-07-31,2023-07-31,BSPB,246950408.3
2023-07-31,2023-07-31,BSPBP,44991620
2023-07-31,2023-07-31,CARM,53961293.9
2023-07-31,2023-07-31,CBOM,186127308.1
2023-07-31,2023-07-31,CHGZ,1377752
2023-07-31,2023-07-31,CHKZ,5188950
2023-07-31,2023-07-31,CHMF,1311379850.6
2023-07-31,2023-07-31,CHMK,16079330
2023-07-31,2023-07-31,CIAN,42647465
2023-07-31,2023-07-31,CNTL,42230052
2023-07-31,2023-07-31,CNTLP,53257876
2023-07-31,2023-07-31,DIOD,6779254
2023-07-31,2023-07-31,DSKY,29415733.4
2023-07-31,2023-07-31,DVEC,9983158
2023-07-31,2023-07-31,DZRD,1547235
2023-07-31,2023-07-31,DZRDP,1202350
2023-07-31,2023-07-31,EELT,21913301.4
2023-07-31,2023-07-31,ELFV,531417550.6
2023-07-31,2023-07-31,ELTZ,18480439
2023-07-31,2023-07-31,ENPG,211168653.8
2023-07-31,2023-07-31,ETLN,120601811.92
2023-07-31,2023-07-31,FEES,2990553134.2
2023-07-31,2023-07-31,FESH,1973535230
2023-07-31,2023-07-31,FIVE,1423587958.5
2023-07-31,2023-07-31,FIXP,374782250.2
2023-07-31,2023-07-31,FLOT,1598520472.1
2023-07-31,2023-07-31,GAZA,25823255
2023-07-31,2023-07-31,GAZAP,4305745
2023-07-31,2023-07-31,GAZC,0
2023-07-31,2023-07-31,GAZP,7024189809.6
2023-07-31,2023-07-31,GAZS,0
2023-07-31,2023-07-31,GAZT,0
2023-07-31,2023-07-31,GCHE,27029687.5
2023-07-31,2023-07-31,GECO,21132771.8
2023-07-31,2023-07-31,GEMA,6531866.5
2023-07-31,2023-07-31,GEMC,1315026382.1
2023-07-31,2023-07-31,GLTR,1183485317.45
2023-07-31,2023-07-31,GMKN,3385643940
2023-07-31,2023-07-31,GTRK,434431874
2023-07-31,2023-07-31,HHRU,103137639
2023-07-31,2023-07-31,HIMCP,6830709
2023-07-31,2023-07-31,HMSG,3060095
2023-07-31,2023-07-31,HYDR,397932811
2023-07-31,2023-07-31,IGST,37220660
2023-07-31,2023-07-31,IGSTP,43798208
2023-07-31,2023-07-31,INGR,36342304
2023-07-31,2023-07-31,IRAO,702123875.15
2023-07-31,2023-07-31,IRKT,216700480
2023-07-31,2023-07-31,ISKJ,48726827.4
2023-07-31,2023-07-31,JNOS,774765
2023-07-31,2023-07-31,JNOSP,2909230
2023-07-31,2023-07-31,KAZT,26635322
2023-07-31,2023-07-31,KAZTP,6307192
2023-07-31,2023-07-31,KBSB,11658915
2023-07-31,2023-07-31,KCHE,2559950
2023-07-31,2023-07-31,KCHEP,287440
2023-07-31,2023-07-31,KGKC,1081582
2023-07-31,2023-07-31,KGKCP,1244098
2023-07-31,2023-07-31,KLSB,67765591
2023-07-31,2023-07-31,KMAZ,233317490
2023-07-31,2023-07-31,KMEZ,3868902
2023-07-31,2023-07-31,KMTZ,6309075
2023-07-31,2023-07-31,KOGK,2064400
2023-07-31,2023-07-31,KRKN,1523300
2023-07-31,2023-07-31,KRKNP,19969560
2023-07-31,2023-07-31,KRKOP,1972955
2023-07-31,2023-07-31,KROT,53146080
2023-07-31,2023-07-31,KROTP,1808280
2023-07-31,2023-07-31,KRSB,3657158
2023-07-31,2023-07-31,KRSBP,2194138
2023-07-31,2023-07-31,KTSB,3423712
2023-07-31,2023-07-31,KTSBP,1030830
2023-07-31,2023-07-31,KUBE,17928045
2023-07-31,2023-07-31,KUZB,4044696
2023-07-31,2023-07-31,KZOS,34375884
2023-07-31,2023-07-31,KZOSP,42673178.6
2023-07-31,2023-07-31,LENT,32509769
2023-07-31,2023-07-31,LIFE,167008204.5
2023-07-31,2023-07-31,LKOH,9279307154
2023-07-31,2023-07-31,LNZL,26172660
2023-07-31,2023-07-31,LNZLP,30566810
2023-07-31,2023-07-31,LPSB,7424205
2023-07-31,2023-07-31,LSNG,136684383
2023-07-31,2023-07-31,LSNGP,91414747.5
2023-07-31,2023-07-31,LSRG,150014268.2
2023-07-31,2023-07-31,LVHK,33865268
2023-07-31,2023-07-31,MAGE,14140137
2023-07-31,2023-07-31,MAGEP,5590738
2023-07-31,2023-07-31,MAGN,1348120797.05
2023-07-31,2023-07-31,MDMG,404314921.2
2023-07-31,2023-07-31,MFGS,1286300
2023-07-31,2023-07-31,MFGSP,5634030
2023-07-31,2023-07-31,MGNT,2342680814
2023-07-31,2023-07-31,MGNZ,0
2023-07-31,2023-07-31,MGTS,5430120
2023-07-31,2023-07-31,MGTSP,85908290
2023-07-31,2023-07-31,MISB,8430320
2023-07-31,2023-07-31,MISBP,10890190
2023-07-31,2023-07-31,MOEX,1014301605.2
2023-07-31,2023-07-31,MRKC,373802140
2023-07-31,2023-07-31,MRKK,63683558.2
2023-07-31,2023-07-31,MRKP,767882893
2023-07-31,2023-07-31,MRKS,504392055
2023-07-31,2023-07-31,MRKU,151960132
2023-07-31,2023-07-31,MRKV,92709356
2023-07-31,2023-07-31,MRKY,92236783.5
2023-07-31,2023-07-31,MRKZ,101359148.5
2023-07-31,2023-07-31,MRSB,4169830
2023-07-31,2023-07-31,MSNG,116812491.5
2023-07-31,2023-07-31,MSRS,83127144.5
2023-07-31,2023-07-31,MSTT,58230670.5
2023-07-31,2023-07-31,MTLR,2016556953.55
2023-07-31,2023-07-31,MTLRP,300193979
2023-07-31,2023-07-31,MTSS,1882979609
2023-07-31,2023-07-31,MVID,341359633.4
2023-07-31,2023-07-31,NAUK,4673686
2023-07-31,2023-07-31,NFAZ,23873250
2023-07-31,2023-07-31,NKHP,50125295
2023-07-31,2023-07-31,NKNC,59357486
2023-07-31,2023-07-31,NKNCP,26263991.2
2023-07-31,2023-07-31,NKSH,18055420
2023-07-31,2023-07-31,NLMK,1621673162.4
2023-07-31,2023-07-31,NMTP,469156477.5
2023-07-31,2023-07-31,NNSB,5890370
2023-07-31,2023-07-31,NNSBP,3788309
2023-07-31,2023-07-31,NSVZ,56493315
2023-07-31,2023-07-31,NVTK,1309218230.4
2023-07-31,2023-07-31,OGKB,161717511
2023-07-31,2023-07-31,OKEY,16107862.7
2023-07-31,2023-07-31,OMZZP,5361585
2023-07-31,2023-07-31,OZON,1123559671.5
2023-07-31,2023-07-31,PAZA,12350840
2023-07-31,2023-07-31,PHOR,1190249804
2023-07-31,2023-07-31,PIKK,204893065.4
2023-07-31,2023-07-31,PLZL,1851749763
2023-07-31,2023-07-31,PMSB,27779208
2023-07-31,2023-07-31,PMSBP,6504814
2023-07-31,2023-07-31,POLY,0
2023-07-31,2023-07-31,POSI,260728176.6
2023-07-31,2023-07-31,PRFN,47440926.3
2023-07-31,2023-07-31,PRMB,805200
2023-07-31,2023-07-31,QIWI,163027386
2023-07-31,2023-07-31,RASP,556443633
2023-07-31,2023-07-31,RBCM,7285952.2
2023-07-31,2023-07-31,RDRB,7128660
2023-07-31,2023-07-31,RENI,40481100.8
2023-07-31,2023-07-31,RGSS,6231527.6
2023-07-31,2023-07-31,RKKE,22183640
2023-07-31,2023-07-31,RNFT,1913514231.2
2023-07-31,2023-07-31,ROLO,83015359.6
2023-07-31,2023-07-31,ROSB,14528406
2023-07-31,2023-07-31,ROSN,1959003446.6
2023-07-31,2023-07-31,ROST,4989398
2023-07-31,2023-07-31,RTGZ,1606300
2023-07-31,2023-07-31,RTKM,406726156.4
2023-07-31,2023-07-31,RTKMP,39363577.5
2023-07-31,2023-07-31,RTSB,18116396
2023-07-31,2023-07-31,RTSBP,8031256
2023-07-31,2023-07-31,RUAL,1600672415.35
2023-07-31,2023-07-31,RUSI,4308290
2023-07-31,2023-07-31,RZSB,4033390
2023-07-31,2023-07-31,SAGO,5638302
2023-07-31,2023-07-31,SAGOP,3144324
2023-07-31,2023-07-31,SARE,5087650
2023-07-31,2023-07-31,SAREP,2175654
2023-07-31,2023-07-31,SBER,43588329451.2
2023-07-31,2023-07-31,SBERP,3207664984.4
2023-07-31,2023-07-31,SELG,322075620.6
2023-07-31,2023-07-31,SFIN,22875742
2023-07-31,2023-07-31,SFTL,246725324.3
2023-07-31,2023-07-31,SGZH,1223499403.5
2023-07-31,2023-07-31,SIBN,854120353.6
2023-07-31,2023-07-31,SLEN,9216702
2023-07-31,2023-07-31,SMLT,1133718771
2023-07-31,2023-07-31,SNGS,748761776.5
2023-07-31,2023-07-31,SNGSP,2159204626.5
2023-07-31,2023-07-31,SPBE,957025355.2
2023-07-31,2023-07-31,STSB,11391958
2023-07-31,2023-07-31,STSBP,11832382
2023-07-31,2023-07-31,SVAV,419640310
2023-07-31,2023-07-31,SVET,18313443
2023-07-31,2023-07-31,TASB,3111321
2023-07-31,2023-07-31,TASBP,934605
2023-07-31,2023-07-31,TATN,1777258705.7
2023-07-31,2023-07-31,TATNP,319009918.8
2023-07-31,2023-07-31,TCSG,3117265119.5
2023-07-31,2023-07-31,TGKA,333836577
2023-07-31,2023-07-31,TGKB,42326965
2023-07-31,2023-07-31,TGKBP,8757585
2023-07-31,2023-07-31,TGKN,47647120
2023-07-31,2023-07-31,TNSE,23153745
2023-07-31,2023-07-31,TORS,3530150
2023-07-31,2023-07-31,TORSP,1479820
2023-07-31,2023-07-31,TRMK,3464378551.4
2023-07-31,2023-07-31,TRNFP,2047272350
2023-07-31,2023-07-31,TTLK,98571326.5
2023-07-31,2023-07-31,TUZA,45098840
2023-07-31,2023-07-31,UCSS,566575
2023-07-31,2023-07-31,UKUZ,3344106
2023-07-31,2023-07-31,UNAC,47821652
2023-07-31,2023-07-31,UNKL,7819180
2023-07-31,2023-07-31,UPRO,764057424
2023-07-31,2023-07-31,URKZ,2795250
2023-07-31,2023-07-31,USBN,6339732
2023-07-31,2023-07-31,UTAR,4620528
2023-07-31,2023-07-31,VEON-RX,51059158
2023-07-31,2023-07-31,VGSB,3191445
2023-07-31,2023-07-31,VGSBP,2607265
2023-07-31,2023-07-31,VJGZ,2980332
2023-07-31,2023-07-31,VJGZP,2730072
2023-07-31,2023-07-31,VKCO,1794734347.8
2023-07-31,2023-07-31,VLHZ,4631587
2023-07-31,2023-07-31,VRSB,129919462
2023-07-31,2023-07-31,VRSBP,69120874
2023-07-31,2023-07-31,VSMO,60167700
2023-07-31,2023-07-31,VSYD,2234470
2023-07-31,2023-07-31,VSYDP,917400
2023-07-31,2023-07-31,VTBR,6546090798.1
2023-07-31,2023-07-31,WTCM,6812996
2023-07-31,2023-07-31,WTCMP,7082326
2023-07-31,2023-07-31,WUSH,282405996.35
2023-07-31,2023-07-31,YAKG,28039025.5
2023-07-31,2023-07-31,YKEN,3174390
2023-07-31,2023-07-31,YKENP,1141245
2023-07-31,2023-07-31,YNDX,2667701042.4
2023-07-31,2023-07-31,YRSB,5679120
2023-07-31,2023-07-31,YRSBP,7645710
2023-07-31,2023-07-31,ZILL,9438865
2023-07-31,2023-07-31,ZVEZ,7821325
2023-08-31,2023-08-31,ABIO,42971971
2023-08-31,2023-08-31,ABRD,196825176
2023-08-31,2023-08-31,ACKO,0
2023-08-31,2023-08-31,AFKS,703453086.3
2023-08-31,2023-08-31,AFLT,450425303.4
2023-08-31,2023-08-31,AGRO,1420623456.4
2023-08-31,2023-08-31,AKRN,27971504
2023-08-31,2023-08-31,ALRS,1328196191.8
2023-08-31,2023-08-31,AMEZ,261471571
2023-08-31,2023-08-31,APTK,99143747.64
2023-08-31,2023-08-31,AQUA,1001165831
2023-08-31,2023-08-31,ARSA,3499141
2023-08-31,2023-08-31,ASSB,3888165
2023-08-31,2023-08-31,AVAN,32071168
2023-08-31,2023-08-31,BANE,48257646
2023-08-31,2023-08-31,BANEP,260629590.5
2023-08-31,2023-08-31,BELU,1291144326
2023-08-31,2023-08-31,BISVP,2837583
2023-08-31,2023-08-31,BLNG,765100855
2023-08-31,2023-08-31,BRZL,43866741
2023-08-31,2023-08-31,BSPB,379657029.6
2023-08-31,2023-08-31,BSPBP,16226700
2023-08-31,2023-08-31,CARM,34978733.75
2023-08-31,2023-08-31,CBOM,128865345.6
2023-08-31,2023-08-31,CHGZ,7763998
2023-08-31,2023-08-31,CHKZ,5396450
2023-08-31,2023-08-31,CHMF,2371490767.4
2023-08-31,2023-08-31,CHMK,26368750
2023-08-31,2023-08-31,CIAN,175528392.6
2023-08-31,2023-08-31,CNTL,33318462
2023-08-31,2023-08-31,CNTLP,69419338
2023-08-31,2023-08-31,DIOD,19120950
2023-08-31,2023-08-31,DSKY,15862232.6
2023-08-31,2023-08-31,DVEC,25488730
2023-08-31,2023-08-31,DZRD,3165835
2023-08-31,2023-08-31,DZRDP,7008330
2023-08-31,2023-08-31,EELT,59296972.8
2023-08-31,2023-08-31,ELFV,310263949.6
2023-08-31,2023-08-31,ELTZ,136010364.5
2023-08-31,2023-08-31,ENPG,100678031.8
2023-08-31,2023-08-31,ETLN,71992374.22
2023-08-31,2023-08-31,FEES,800910659.2
2023-08-31,2023-08-31,FESH,663095278
2023-08-31,2023-08-31,FIVE,699933287
2023-08-31,2023-08-31,FIXP,79535653.9
2023-08-31,2023-08-31,FLOT,689929467.8
2023-08-31,2023-08-31,GAZA,16507900
2023-08-31,2023-08-31,GAZAP,1204305
2023-08-31,2023-08-31,GAZC,0
2023-08-31,2023-08-31,GAZP,4695808686.6
2023-08-31,2023-08-31,GAZS,0
2023-08-31,2023-08-31,GAZT,0
2023-08-31,2023-08-31,GCHE,87542267.5
2023-08-31,2023-08-31,GECO,11134671.75
2023-08-31,2023-08-31,GEMA,4060722.5
2023-08-31,2023-08-31,GEMC,560877889.7
2023-08-31,2023-08-31,GLTR,326863014.75
2023-08-31,2023-08-31,GMKN,2311183766
2023-08-31,2023-08-31,GTRK,404013213
2023-08-31,2023-08-31,HHRU,233638409
2023-08-31,2023-08-31,HIMCP,12677418
2023-08-31,2023-08-31,HMSG,39287415
2023-08-31,2023-08-31,HYDR,2356058386.7
2023-08-31,2023-08-31,IGST,161300724
2023-08-31,2023-08-31,IGSTP,79417726
2023-08-31,2023-08-31,INGR,12992871
2023-08-31,2023-08-31,IRAO,797116349.1
2023-08-31,2023-08-31,IRKT,992934075
2023-08-31,2023-08-31,JNOS,790800
2023-08-31,2023-08-31,JNOSP,2055894
2023-08-31,2023-08-31,KAZT,16360886
2023-08-31,2023-08-31,KAZTP,6492778
2023-08-31,2023-08-31,KBSB,6879250
2023-08-31,2023-08-31,KCHE,12694420
2023-08-31,2023-08-31,KCHEP,2756150
2023-08-31,2023-08-31,KGKC,2096630
2023-08-31,2023-08-31,KGKCP,5733068
2023-08-31,2023-08-31,KLSB,62529931
2023-08-31,2023-08-31,KMAZ,104239091
2023-08-31,2023-08-31,KMEZ,23626293
2023-08-31,2023-08-31,KMTZ,10444850
2023-08-31,2023-08-31,KOGK,4418400
2023-08-31,2023-08-31,KRKN,4603050
2023-08-31,2023-08-31,KRKNP,14175440
2023-08-31,2023-08-31,KRKOP,2493910
2023-08-31,2023-08-31,KROT,119529880
2023-08-31,2023-08-31,KROTP,4061420
2023-08-31,2023-08-31,KRSB,4420555
2023-08-31,2023-08-31,KRSBP,1995302
2023-08-31,2023-08-31,KTSB,3846622
2023-08-31,2023-08-31,KTSBP,2260885
2023-08-31,2023-08-31,KUBE,25579602
2023-08-31,2023-08-31,KUZB,10371052.4
2023-08-31,2023-08-31,KZOS,22212723
2023-08-31,2023-08-31,KZOSP,180941586.8
2023-08-31,2023-08-31,LENT,26261202.5
2023-08-31,2023-08-31,LIFE,451551259.5
2023-08-31,2023-08-31,LKOH,5613714283.5
2023-08-31,2023-08-31,LNZL,14355520
2023-08-31,2023-08-31,LNZLP,18858000
2023-08-31,2023-08-31,LSNG,159566646
2023-08-31,2023-08-31,LSNGP,65394220.5
2023-08-31,2023-08-31,LSRG,85285303.4
2023-08-31,2023-08-31,LVHK,16829424
2023-08-31,2023-08-31,MAGE,21504641
2023-08-31,2023-08-31,MAGEP,6466772
2023-08-31,2023-08-31,MAGN,1831972780.15
2023-08-31,2023-08-31,MDMG,1821939188.1
2023-08-31,2023-08-31,MFGS,2557205
2023-08-31,2023-08-31,MFGSP,19210695
2023-08-31,2023-08-31,MGNT,4532323084
2023-08-31,2023-08-31,MGNZ,0
2023-08-31,2023-08-31,MGTS,6345995
2023-08-31,2023-08-31,MGTSP,88034774
2023-08-31,2023-08-31,MISB,5098900
2023-08-31,2023-08-31,MISBP,7954010
2023-08-31,2023-08-31,MOEX,2944865695.2
2023-08-31,2023-08-31,MRKC,369024996
2023-08-31,2023-08-31,MRKK,170401198.2
2023-08-31,2023-08-31,MRKP,606889091
2023-08-31,2023-08-31,MRKS,653419515
2023-08-31,2023-08-31,MRKU,976981622
2023-08-31,2023-08-31,MRKV,826940145
2023-08-31,2023-08-31,MRKY,671129072.5
2023-08-31,2023-08-31,MRKZ,2282943421
2023-08-31,2023-08-31,MRSB,11256870
2023-08-31,2023-08-31,MSNG,147064702.5
2023-08-31,2023-08-31,MSRS,212842585
2023-08-31,2023-08-31,MSTT,136442460.5
2023-08-31,2023-08-31,MTLR,1634424930.68
2023-08-31,2023-08-31,MTLRP,240391963
2023-08-31,2023-08-31,MTSS,1523973345.5
2023-08-31,2023-08-31,MVID,1108916723.6
2023-08-31,2023-08-31,NAUK,35195948
2023-08-31,2023-08-31,NFAZ,22077755
2023-08-31,2023-08-31,NKHP,81006795
2023-08-31,2023-08-31,NKNC,10621844.5
2023-08-31,2023-08-31,NKNCP,30455519.2
2023-08-31,2023-08-31,NKSH,13038584
2023-08-31,2023-08-31,NLMK,1766802233.6
2023-08-31,2023-08-31,NMTP,334767502
2023-08-31,2023-08-31,NNSB,2855585
2023-08-31,2023-08-31,NNSBP,1354326
2023-08-31,2023-08-31,NSVZ,280924145
2023-08-31,2023-08-31,NVTK,1475851344.6
2023-08-31,2023-08-31,OGKB,176969027
2023-08-31,2023-08-31,OKEY,37183169.9
2023-08-31,2023-08-31,OMZZP,2589555
2023-08-31,2023-08-31,OZON,1664690299
2023-08-31,2023-08-31,PAZA,4436440
2023-08-31,2023-08-31,PHOR,1531454075
2023-08-31,2023-08-31,PIKK,205035008.3
2023-08-31,2023-08-31,PLZL,571555651.5
2023-08-31,2023-08-31,PMSB,16200429
2023-08-31,2023-08-31,PMSBP,6285718
2023-08-31,2023-08-31,POLY,0
2023-08-31,2023-08-31,POSI,627788303.6
2023-08-31,2023-08-31,PRFN,33536707.9
2023-08-31,2023-08-31,PRMB,758000
2023-08-31,2023-08-31,QIWI,807454270
2023-08-31,2023-08-31,RASP,270358132.5
2023-08-31,2023-08-31,RBCM,55840754.8
2023-08-31,2023-08-31,RDRB,8250620
2023-08-31,2023-08-31,RENI,73937530
2023-08-31,2023-08-31,RGSS,27564786.4
2023-08-31,2023-08-31,RKKE,32585710
2023-08-31,2023-08-31,RNFT,345211786.4
2023-08-31,2023-08-31,ROLO,4055655626.3
2023-08-31,2023-08-31,ROSB,41564732
2023-08-31,2023-08-31,ROSN,1435196378.95
2023-08-31,2023-08-31,ROST,206965842
2023-08-31,2023-08-31,RTGZ,603500
2023-08-31,2023-08-31,RTKM,231850073
2023-08-31,2023-08-31,RTKMP,92373706.5
2023-08-31,2023-08-31,RTSB,3595024
2023-08-31,2023-08-31,RTSBP,7353167
2023-08-31,2023-08-31,RUAL,910255112.55
2023-08-31,2023-08-31,RUSI,7852933
2023-08-31,2023-08-31,RZSB,20721624
2023-08-31,2023-08-31,SAGO,5136918
2023-08-31,2023-08-31,SAGOP,2523448
2023-08-31,2023-08-31,SARE,9065484
2023-08-31,2023-08-31,SAREP,4538868
2023-08-31,2023-08-31,SBER,5993343768.2
2023-08-31,2023-08-31,SBERP,487097137.3
2023-08-31,2023-08-31,SELG,391066124.1
2023-08-31,2023-08-31,SFIN,2134065678
2023-08-31,2023-08-31,SFTL,445393389.1
2023-08-31,2023-08-31,SGZH,535579431.5
2023-08-31,2023-08-31,SIBN,218463004.05
2023-08-31,2023-08-31,SLEN,6359136.5
2023-08-31,2023-08-31,SMLT,572025579.5
2023-08-31,2023-08-31,SNGS,543386384.5
2023-08-31,2023-08-31,SNGSP,1146455064
2023-08-31,2023-08-31,SPBE,160953073.7
2023-08-31,2023-08-31,STSB,5077521
2023-08-31,2023-08-31,STSBP,2820727.5
2023-08-31,2023-08-31,SVAV,293618010
2023-08-31,2023-08-31,SVET,61748968.45
2023-08-31,2023-08-31,TASB,4077794
2023-08-31,2023-08-31,TASBP,1652095
2023-08-31,2023-08-31,TATN,1552715938.5
2023-08-31,2023-08-31,TATNP,510792742.8
2023-08-31,2023-08-31,TCSG,3096760714.5
2023-08-31,2023-08-31,TGKA,1606202948.6
2023-08-31,2023-08-31,TGKB,255785780
2023-08-31,2023-08-31,TGKBP,23787512
2023-08-31,2023-08-31,TGKN,161544750
2023-08-31,2023-08-31,TNSE,5587030
2023-08-31,2023-08-31,TORS,30011010
2023-08-31,2023-08-31,TORSP,22793690
2023-08-31,2023-08-31,TRMK,1330777464.2
2023-08-31,2023-08-31,TRNFP,9556012250
2023-08-31,2023-08-31,TTLK,30734457
2023-08-31,2023-08-31,TUZA,65361260
2023-08-31,2023-08-31,UCSS,4227835
2023-08-31,2023-08-31,UKUZ,14566572
2023-08-31,2023-08-31,UNAC,2470103640
2023-08-31,2023-08-31,UNKL,58253920
2023-08-31,2023-08-31,UPRO,1482998150
2023-08-31,2023-08-31,URKZ,1683550
2023-08-31,2023-08-31,USBN,8005892
2023-08-31,2023-08-31,UTAR,24753341
2023-08-31,2023-08-31,VEON-RX,4079221
2023-08-31,2023-08-31,VGSB,11496245
2023-08-31,2023-08-31,VGSBP,9973580
2023-08-31,2023-08-31,VJGZ,6800715
2023-08-31,2023-08-31,VJGZP,4553358
2023-08-31,2023-08-31,VKCO,1245944227.8
2023-08-31,2023-08-31,VLHZ,30235210
2023-08-31,2023-08-31,VRSB,32220116
2023-08-31,2023-08-31,VRSBP,6016660
2023-08-31,2023-08-31,VSMO,55297840
2023-08-31,2023-08-31,VSYD,3306740
2023-08-31,2023-08-31,VSYDP,2199140
2023-08-31,2023-08-31,VTBR,7613687845.3
2023-08-31,2023-08-31,WTCM,9439304
2023-08-31,2023-08-31,WTCMP,4456456
2023-08-31,2023-08-31,WUSH,263611690.37
2023-08-31,2023-08-31,YAKG,773639426.5
2023-08-31,2023-08-31,YKEN,12489670
2023-08-31,2023-08-31,YKENP,5233370
2023-08-31,2023-08-31,YNDX,1603665590.6
2023-08-31,2023-08-31,YRSB,4219600
2023-08-31,2023-08-31,YRSBP,5373100
2023-08-31,2023-08-31,ZILL,15913390
2023-08-31,2023-08-31,ZVEZ,47656275
2023-09-30,2023-09-29,ABIO,60266134
2023-09-30,2023-09-29,ABRD,86985860
2023-09-30,2023-09-29,ACKO,0
2023-09-30,2023-09-29,AFKS,476380423.6
2023-09-30,2023-09-29,AFLT,229318515.5
2023-09-30,2023-09-29,AGRO,324315842.6
2023-09-30,2023-09-29,AKRN,19286222
2023-09-30,2023-09-29,ALRS,1190318293
2023-09-30,2023-09-29,AMEZ,324391443
2023-09-30,2023-09-29,APTK,352987776.42
2023-09-30,2023-09-29,AQUA,130493150.5
2023-09-30,2023-09-29,ARSA,1877413
2023-09-30,2023-09-29,ASSB,2255409
2023-09-30,2023-09-29,AVAN,11035216
2023-09-30,2023-09-29,BANE,46228360.5
2023-09-30,2023-09-29,BANEP,142747167.5
2023-09-30,2023-09-29,BELU,2525052162
2023-09-30,2023-09-29,BISVP,2495366
2023-09-30,2023-09-29,BLNG,70780517.5
2023-09-30,2023-09-29,BRZL,7135205
2023-09-30,2023-09-29,BSPB,693199346.5
2023-09-30,2023-09-29,BSPBP,5330380
2023-09-30,2023-09-29,CARM,596218578.85
2023-09-30,2023-09-29,CBOM,470134581.1
2023-09-30,2023-09-29,CHGZ,630100
2023-09-30,2023-09-29,CHKZ,2537650
2023-09-30,2023-09-29,CHMF,722487301.4
2023-09-30,2023-09-29,CHMK,11071940
2023-09-30,2023-09-29,CIAN,117513697
2023-09-30,2023-09-29,CNTL,35319960
2023-09-30,2023-09-29,CNTLP,22265488
2023-09-30,2023-09-29,DIOD,4758015
2023-09-30,2023-09-29,DSKY,123589422.8
2023-09-30,2023-09-29,DVEC,59876965
2023-09-30,2023-09-29,DZRD,4774835
2023-09-30,2023-09-29,DZRDP,6574060
2023-09-30,2023-09-29,EELT,6485084.6
2023-09-30,2023-09-29,ELFV,111448193.2
2023-09-30,2023-09-29,ELTZ,2451807.5
2023-09-30,2023-09-29,ENPG,178286368.8
2023-09-30,2023-09-29,ETLN,31984440.22
2023-09-30,2023-09-29,FEES,658591018.4
2023-09-30,2023-09-29,FESH,688415656
2023-09-30,2023-09-29,FIVE,491885413
2023-09-30,2023-09-29,FIXP,167873658.7
2023-09-30,2023-09-29,FLOT,2582747944.7
2023-09-30,2023-09-29,GAZA,4851110
2023-09-30,2023-09-29,GAZAP,1042965
2023-09-30,2023-09-29,GAZC,0
2023-09-30,2023-09-29,GAZP,6055733001.8
2023-09-30,2023-09-29,GAZS,0
2023-09-30,2023-09-29,GAZT,0
2023-09-30,2023-09-29,GCHE,81542007
2023-09-30,2023-09-29,GECO,177224981.15
2023-09-30,2023-09-29,GEMA,2196741.5
2023-09-30,2023-09-29,GEMC,33989836.2
2023-09-30,2023-09-29,GLTR,110930720.65
2023-09-30,2023-09-29,GMKN,1479193090
2023-09-30,2023-09-29,GTRK,234958843.5
2023-09-30,2023-09-29,HHRU,30184606
2023-09-30,2023-09-29,HIMCP,23325146
2023-09-30,2023-09-29,HMSG,528860
2023-09-30,2023-09-29,HYDR,185744934.2
2023-09-30,2023-09-29,IGST,7923970
2023-09-30,2023-09-29,IGSTP,3990436
2023-09-30,2023-09-29,INGR,41468035
2023-09-30,2023-09-29,IRAO,365756095.6
2023-09-30,2023-09-29,IRKT,176264710
2023-09-30,2023-09-29,JNOS,1851325
2023-09-30,2023-09-29,JNOSP,2137200
2023-09-30,2023-09-29,KAZT,114790014
2023-09-30,2023-09-29,KAZTP,97228008
2023-09-30,2023-09-29,KBSB,4028750
2023-09-30,2023-09-29,KCHE,5278450
2023-09-30,2023-09-29,KCHEP,1469230
2023-09-30,2023-09-29,KGKC,513654
2023-09-30,2023-09-29,KGKCP,2102474
2023-09-30,2023-09-29,KLSB,18575850
2023-09-30,2023-09-29,KMAZ,69201857
2023-09-30,2023-09-29,KMEZ,3593864
2023-09-30,2023-09-29,KMTZ,1066610
2023-09-30,2023-09-29,KOGK,4748200
2023-09-30,2023-09-29,KRKN,235750
2023-09-30,2023-09-29,KRKNP,4689480
2023-09-30,2023-09-29,KRKOP,700900
2023-09-30,2023-09-29,KROT,83059400
2023-09-30,2023-09-29,KROTP,545870
2023-09-30,2023-09-29,KRSB,6050893
2023-09-30,2023-09-29,KRSBP,571402
2023-09-30,2023-09-29,KTSB,1232594
2023-09-30,2023-09-29,KTSBP,409300
2023-09-30,2023-09-29,KUBE,4860969
2023-09-30,2023-09-29,KUZB,1563433.6
2023-09-30,2023-09-29,KZOS,22678119
2023-09-30,2023-09-29,KZOSP,54343133.3
2023-09-30,2023-09-29,LENT,7459880.5
2023-09-30,2023-09-29,LIFE,62091481
2023-09-30,2023-09-29,LKOH,6383255566.5
2023-09-30,2023-09-29,LNZL,21948880
2023-09-30,2023-09-29,LNZLP,12567780
2023-09-30,2023-09-29,LSNG,39213436
2023-09-30,2023-09-29,LSNGP,15293904.5
2023-09-30,2023-09-29,LSRG,128612611.4
2023-09-30,2023-09-29,LVHK,2183983
2023-09-30,2023-09-29,MAGE,2893295
2023-09-30,2023-09-29,MAGEP,1398255
2023-09-30,2023-09-29,MAGN,653966769.1
2023-09-30,2023-09-29,MDMG,48440779.5
2023-09-30,2023-09-29,MFGS,1900585
2023-09-30,2023-09-29,MFGSP,2607100
2023-09-30,2023-09-29,MGNT,1572406801.5
2023-09-30,2023-09-29,MGNZ,0
2023-09-30,2023-09-29,MGTS,552005
2023-09-30,2023-09-29,MGTSP,10788802
2023-09-30,2023-09-29,MISB,2073620
2023-09-30,2023-09-29,MISBP,1386550
2023-09-30,2023-09-29,MOEX,2086286847.8
2023-09-30,2023-09-29,MRKC,24607245.8
2023-09-30,2023-09-29,MRKK,5239071.8
2023-09-30,2023-09-29,MRKP,48001057
2023-09-30,2023-09-29,MRKS,20133345
2023-09-30,2023-09-29,MRKU,22447016
2023-09-30,2023-09-29,MRKV,56151510
2023-09-30,2023-09-29,MRKY,24842016
2023-09-30,2023-09-29,MRKZ,95249299
2023-09-30,2023-09-29,MRSB,1183600
2023-09-30,2023-09-29,MSNG,126020144.5
2023-09-30,2023-09-29,MSRS,48731597
2023-09-30,2023-09-29,MSTT,56336162.5
2023-09-30,2023-09-29,MTLR,622437712.73
2023-09-30,2023-09-29,MTLRP,102862241.5
2023-09-30,2023-09-29,MTSS,528235120
2023-09-30,2023-09-29,MVID,174643134.1
2023-09-30,2023-09-29,NAUK,3560054
2023-09-30,2023-09-29,NFAZ,5196180
2023-09-30,2023-09-29,NKHP,115743615
2023-09-30,2023-09-29,NKNC,10764162.5
2023-09-30,2023-09-29,NKNCP,20342806.4
2023-09-30,2023-09-29,NKSH,6534744
2023-09-30,2023-09-29,NLMK,1362646968.4
2023-09-30,2023-09-29,NMTP,531885941
2023-09-30,2023-09-29,NNSB,477785
2023-09-30,2023-09-29,NNSBP,798951
2023-09-30,2023-09-29,NSVZ,22295960
2023-09-30,2023-09-29,NVTK,1427426287.2
2023-09-30,2023-09-29,OGKB,140684161.8
2023-09-30,2023-09-29,OKEY,10205113.8
2023-09-30,2023-09-29,OMZZP,807475
2023-09-30,2023-09-29,OZON,785583596.5
2023-09-30,2023-09-29,PAZA,29062960
2023-09-30,2023-09-29,PHOR,467382113
2023-09-30,2023-09-29,PIKK,230989047.2
2023-09-30,2023-09-29,PLZL,1493776507
2023-09-30,2023-09-29,PMSB,11810597
2023-09-30,2023-09-29,PMSBP,3838384
2023-09-30,2023-09-29,POLY,415800908.1
2023-09-30,2023-09-29,POSI,267009533.4
2023-09-30,2023-09-29,PRFN,59303190
2023-09-30,2023-09-29,PRMB,1977400
2023-09-30,2023-09-29,QIWI,136353994
2023-09-30,2023-09-29,RASP,436820003
2023-09-30,2023-09-29,RBCM,4615718.6
2023-09-30,2023-09-29,RDRB,727970
2023-09-30,2023-09-29,RENI,375192480
2023-09-30,2023-09-29,RGSS,8015340.6
2023-09-30,2023-09-29,RKKE,20000290
2023-09-30,2023-09-29,RNFT,333141840.2
2023-09-30,2023-09-29,ROLO,2478288870.9
2023-09-30,2023-09-29,ROSB,6037918
2023-09-30,2023-09-29,ROSN,1708622247.9
2023-09-30,2023-09-29,ROST,2168402
2023-09-30,2023-09-29,RTGZ,1546900
2023-09-30,2023-09-29,RTKM,99747544.1
2023-09-30,2023-09-29,RTKMP,43180706.5
2023-09-30,2023-09-29,RTSB,1619434
2023-09-30,2023-09-29,RTSBP,2229819
2023-09-30,2023-09-29,RUAL,669119164.3
2023-09-30,2023-09-29,RUSI,4475540
2023-09-30,2023-09-29,RZSB,1613598
2023-09-30,2023-09-29,SAGO,1891970
2023-09-30,2023-09-29,SAGOP,1181364
2023-09-30,2023-09-29,SARE,3797114
2023-09-30,2023-09-29,SAREP,499224
2023-09-30,2023-09-29,SBER,17870619137.4
2023-09-30,2023-09-29,SBERP,1138854485.9
2023-09-30,2023-09-29,SELG,935220714.6
2023-09-30,2023-09-29,SFIN,86140644.4
2023-09-30,2023-09-29,SGZH,287853118.8
2023-09-30,2023-09-29,SIBN,1548719091.6
2023-09-30,2023-09-29,SLEN,6179923.5
2023-09-30,2023-09-29,SMLT,509699526.5
2023-09-30,2023-09-29,SNGS,2516055580
2023-09-30,2023-09-29,SNGSP,15127275478.5
2023-09-30,2023-09-29,SOFL,6953763831.2
2023-09-30,2023-09-29,SPBE,93393912.1
2023-09-30,2023-09-29,STSB,1087036
2023-09-30,2023-09-29,STSBP,1616892
2023-09-30,2023-09-29,SVAV,727057090
2023-09-30,2023-09-29,SVET,10174752.75
2023-09-30,2023-09-29,TASB,547469.5
2023-09-30,2023-09-29,TASBP,413875
2023-09-30,2023-09-29,TATN,1428307718
2023-09-30,2023-09-29,TATNP,442216533.5
2023-09-30,2023-09-29,TCSG,1643291366
2023-09-30,2023-09-29,TGKA,97656025.2
2023-09-30,2023-09-29,TGKB,21639930
2023-09-30,2023-09-29,TGKBP,10872966
2023-09-30,2023-09-29,TGKN,17015070
2023-09-30,2023-09-29,TNSE,790010
2023-09-30,2023-09-29,TORS,806730
2023-09-30,2023-09-29,TORSP,565050
2023-09-30,2023-09-29,TRMK,1144804891.8
2023-09-30,2023-09-29,TRNFP,1846388050
2023-09-30,2023-09-29,TTLK,206997747.5
2023-09-30,2023-09-29,TUZA,5524550
2023-09-30,2023-09-29,UCSS,5209920
2023-09-30,2023-09-29,UKUZ,1460464
2023-09-30,2023-09-29,UNAC,323389575.5
2023-09-30,2023-09-29,UNKL,49549710
2023-09-30,2023-09-29,UPRO,244910125
2023-09-30,2023-09-29,URKZ,311750
2023-09-30,2023-09-29,USBN,882380
2023-09-30,2023-09-29,UTAR,798760
2023-09-30,2023-09-29,VEON-RX,4025768
2023-09-30,2023-09-29,VGSB,1679460
2023-09-30,2023-09-29,VGSBP,423550
2023-09-30,2023-09-29,VJGZ,290579
2023-09-30,2023-09-29,VJGZP,744456
2023-09-30,2023-09-29,VKCO,0
2023-09-30,2023-09-29,VLHZ,19515729
2023-09-30,2023-09-29,VRSB,10594642
2023-09-30,2023-09-29,VRSBP,4535028
2023-09-30,2023-09-29,VSMO,288619080
2023-09-30,2023-09-29,VSYD,2621035
2023-09-30,2023-09-29,VSYDP,1030100
2023-09-30,2023-09-29,VTBR,2487369889.25
2023-09-30,2023-09-29,WTCM,2526350
2023-09-30,2023-09-29,WTCMP,877118
2023-09-30,2023-09-29,WUSH,227217536.61
2023-09-30,2023-09-29,YAKG,17238703.5
2023-09-30,2023-09-29,YKEN,1171050
2023-09-30,2023-09-29,YKENP,815190
2023-09-30,2023-09-29,YNDX,2175166222.6
2023-09-30,2023-09-29,YRSB,529940
2023-09-30,2023-09-29,YRSBP,568260
2023-09-30,2023-09-29,ZILL,2295960
2023-09-30,2023-09-29,ZVEZ,9422305
2023-10-31,2023-10-31,ABIO,77588483.4
2023-10-31,2023-10-31,ABRD,35526170
2023-10-31,2023-10-31,ACKO,0
2023-10-31,2023-10-31,AFKS,442362541.4
2023-10-31,2023-10-31,AFLT,739453077
2023-10-31,2023-10-31,AGRO,743385492.8
2023-10-31,2023-10-31,AKRN,25779174
2023-10-31,2023-10-31,ALRS,783228986.8
2023-10-31,2023-10-31,AMEZ,29166945
2023-10-31,2023-10-31,APTK,52428618.44
2023-10-31,2023-10-31,AQUA,96458030.5
2023-10-31,2023-10-31,ARSA,1144334
2023-10-31,2023-10-31,ASSB,2058856
2023-10-31,2023-10-31,ASTR,250730277.45
2023-10-31,2023-10-31,AVAN,11561636
2023-10-31,2023-10-31,BANE,88308178
2023-10-31,2023-10-31,BANEP,606099823
2023-10-31,2023-10-31,BELU,250005532
2023-10-31,2023-10-31,BISVP,1341602
2023-10-31,2023-10-31,BLNG,63232338.5
2023-10-31,2023-10-31,BRZL,1817769
2023-10-31,2023-10-31,BSPB,338143549.1
2023-10-31,2023-10-31,BSPBP,4926330
2023-10-31,2023-10-31,CARM,19020984.15
2023-10-31,2023-10-31,CBOM,182328595.3
2023-10-31,2023-10-31,CHGZ,11127166
2023-10-31,2023-10-31,CHKZ,4174800
2023-10-31,2023-10-31,CHMF,637992994
2023-10-31,2023-10-31,CHMK,17973810
2023-10-31,2023-10-31,CIAN,92042817.2
2023-10-31,2023-10-31,CNTL,21656464
2023-10-31,2023-10-31,CNTLP,7256540
2023-10-31,2023-10-31,DIOD,3356080
2023-10-31,2023-10-31,DSKY,21777111.2
2023-10-31,2023-10-31,DVEC,33776538
2023-10-31,2023-10-31,DZRD,33607545
2023-10-31,2023-10-31,DZRDP,53918220
2023-10-31,2023-10-31,EELT,5023177.2
2023-10-31,2023-10-31,ELFV,139508993.8
2023-10-31,2023-10-31,ELTZ,1607940.5
2023-10-31,2023-10-31,ENPG,65648631.6
2023-10-31,2023-10-31,ETLN,51678081.22
2023-10-31,2023-10-31,FEES,878311948.6
2023-10-31,2023-10-31,FESH,329059051
2023-10-31,2023-10-31,FIVE,841070385.5
2023-10-31,2023-10-31,FIXP,170288612.9
2023-10-31,2023-10-31,FLOT,1031038732
2023-10-31,2023-10-31,GAZA,6166100
2023-10-31,2023-10-31,GAZAP,753345
2023-10-31,2023-10-31,GAZC,0
2023-10-31,2023-10-31,GAZP,2890276336.2
2023-10-31,2023-10-31,GAZS,0
2023-10-31,2023-10-31,GAZT,0
2023-10-31,2023-10-31,GCHE,24655108.5
2023-10-31,2023-10-31,GECO,97433188.55
2023-10-31,2023-10-31,GEMA,855347
2023-10-31,2023-10-31,GEMC,37260976.6
2023-10-31,2023-10-31,GLTR,191695161.1
2023-10-31,2023-10-31,GMKN,1883189394
2023-10-31,2023-10-31,GTRK,1402250969.5
2023-10-31,2023-10-31,HHRU,74589089
2023-10-31,2023-10-31,HIMCP,6246986
2023-10-31,2023-10-31,HMSG,1936540
2023-10-31,2023-10-31,HYDR,282466331.1
2023-10-31,2023-10-31,IGST,11145874
2023-10-31,2023-10-31,IGSTP,5230082
2023-10-31,2023-10-31,INGR,10203855
2023-10-31,2023-10-31,IRAO,852392606.3
2023-10-31,2023-10-31,IRKT,216097510
2023-10-31,2023-10-31,JNOS,1923770
2023-10-31,2023-10-31,JNOSP,1444442
2023-10-31,2023-10-31,KAZT,33905752
2023-10-31,2023-10-31,KAZTP,8939880
2023-10-31,2023-10-31,KBSB,5147315
2023-10-31,2023-10-31,KCHE,5919140
2023-10-31,2023-10-31,KCHEP,2351920
2023-10-31,2023-10-31,KGKC,708510
2023-10-31,2023-10-31,KGKCP,738778
2023-10-31,2023-10-31,KLSB,35262668
2023-10-31,2023-10-31,KMAZ,60405835
2023-10-31,2023-10-31,KMEZ,3508977
2023-10-31,2023-10-31,KOGK,1164600
2023-10-31,2023-10-31,KRKN,167700
2023-10-31,2023-10-31,KRKNP,3504920
2023-10-31,2023-10-31,KRKOP,2247926
2023-10-31,2023-10-31,KROT,26451710
2023-10-31,2023-10-31,KROTP,667100
2023-10-31,2023-10-31,KRSB,461983
2023-10-31,2023-10-31,KRSBP,1080292
2023-10-31,2023-10-31,KTSB,607844
2023-10-31,2023-10-31,KTSBP,986795
2023-10-31,2023-10-31,KUBE,22689070
2023-10-31,2023-10-31,KUZB,1054943
2023-10-31,2023-10-31,KZOS,11643973
2023-10-31,2023-10-31,KZOSP,8687884.5
2023-10-31,2023-10-31,LENT,16000715
2023-10-31,2023-10-31,LIFE,41561316.5
2023-10-31,2023-10-31,LKOH,7324583067.5
2023-10-31,2023-10-31,LNZL,24293470
2023-10-31,2023-10-31,LNZLP,11307370
2023-10-31,2023-10-31,LSNG,96070546
2023-10-31,2023-10-31,LSNGP,61051638.5
2023-10-31,2023-10-31,LSRG,290842049.6
2023-10-31,2023-10-31,LVHK,12516624
2023-10-31,2023-10-31,MAGE,5932837
2023-10-31,2023-10-31,MAGEP,796559
2023-10-31,2023-10-31,MAGN,632805789.9
2023-10-31,2023-10-31,MDMG,46397448.1
2023-10-31,2023-10-31,MFGS,2661210
2023-10-31,2023-10-31,MFGSP,1869290
2023-10-31,2023-10-31,MGNT,2521219313.5
2023-10-31,2023-10-31,MGNZ,0
2023-10-31,2023-10-31,MGTS,2329525
2023-10-31,2023-10-31,MGTSP,12468632
2023-10-31,2023-10-31,MISB,2866600
2023-10-31,2023-10-31,MISBP,2705770
2023-10-31,2023-10-31,MOEX,1140187889.8
2023-10-31,2023-10-31,MRKC,77589768.2
2023-10-31,2023-10-31,MRKK,3302375.6
2023-10-31,2023-10-31,MRKP,64693128
2023-10-31,2023-10-31,MRKS,13033220
2023-10-31,2023-10-31,MRKU,37263400
2023-10-31,2023-10-31,MRKV,35117343
2023-10-31,2023-10-31,MRKY,16328919.5
2023-10-31,2023-10-31,MRKZ,69000937.5
2023-10-31,2023-10-31,MRSB,2875150
2023-10-31,2023-10-31,MSNG,129172703.5
2023-10-31,2023-10-31,MSRS,46100480
2023-10-31,2023-10-31,MSTT,82263228
2023-10-31,2023-10-31,MTLR,9845897584.37
2023-10-31,2023-10-31,MTLRP,613814697.5
2023-10-31,2023-10-31,MTSS,1145812431.5
2023-10-31,2023-10-31,MVID,55921580.9
2023-10-31,2023-10-31,NAUK,7549778
2023-10-31,2023-10-31,NFAZ,5219770
2023-10-31,2023-10-31,NKHP,109443835
2023-10-31,2023-10-31,NKNC,9533876
2023-10-31,2023-10-31,NKNCP,37551239.2
2023-10-31,2023-10-31,NKSH,7900204
2023-10-31,2023-10-31,NLMK,717726160.2
2023-10-31,2023-10-31,NMTP,217165330
2023-10-31,2023-10-31,NNSB,203015
2023-10-31,2023-10-31,NNSBP,486714
2023-10-31,2023-10-31,NSVZ,39957695
2023-10-31,2023-10-31,NVTK,725584134.6
2023-10-31,2023-10-31,OGKB,82728035.1
2023-10-31,2023-10-31,OKEY,18649214.9
2023-10-31,2023-10-31,OMZZP,5632005
2023-10-31,2023-10-31,OZON,716520784.5
2023-10-31,2023-10-31,PAZA,20550580
2023-10-31,2023-10-31,PHOR,386636450
2023-10-31,2023-10-31,PIKK,271881571.2
2023-10-31,2023-10-31,PLZL,1028719739
2023-10-31,2023-10-31,PMSB,22897452
2023-10-31,2023-10-31,PMSBP,13081342
2023-10-31,2023-10-31,POLY,1144548948.7
2023-10-31,2023-10-31,POSI,665608511.2
2023-10-31,2023-10-31,PRFN,26176470.7
2023-10-31,2023-10-31,PRMB,528800
2023-10-31,2023-10-31,QIWI,77191615.5
2023-10-31,2023-10-31,RASP,296545156.5
2023-10-31,2023-10-31,RBCM,2303864.8
2023-10-31,2023-10-31,RDRB,1043940
2023-10-31,2023-10-31,RENI,66728276.2
2023-10-31,2023-10-31,RGSS,42038116
2023-10-31,2023-10-31,RKKE,46610200
2023-10-31,2023-10-31,RNFT,186323193.5
2023-10-31,2023-10-31,ROLO,971696652.7
2023-10-31,2023-10-31,ROSB,5015676
2023-10-31,2023-10-31,ROSN,2759751537.1
2023-10-31,2023-10-31,ROST,1939140
2023-10-31,2023-10-31,RTGZ,103500
2023-10-31,2023-10-31,RTKM,253337558.7
2023-10-31,2023-10-31,RTKMP,244832969
2023-10-31,2023-10-31,RTSB,1322404
2023-10-31,2023-10-31,RTSBP,1792915
2023-10-31,2023-10-31,RUAL,607538293.65
2023-10-31,2023-10-31,RUSI,6418724
2023-10-31,2023-10-31,RZSB,4150414
2023-10-31,2023-10-31,SAGO,1423454
2023-10-31,2023-10-31,SAGOP,1292260
2023-10-31,2023-10-31,SARE,3797102
2023-10-31,2023-10-31,SAREP,380922
2023-10-31,2023-10-31,SBER,7029773669.2
2023-10-31,2023-10-31,SBERP,576877846.7
2023-10-31,2023-10-31,SELG,87676714.7
2023-10-31,2023-10-31,SFIN,60360093.6
2023-10-31,2023-10-31,SGZH,765933503.7
2023-10-31,2023-10-31,SIBN,726246498.95
2023-10-31,2023-10-31,SLEN,7057114
2023-10-31,2023-10-31,SMLT,592679681.5
2023-10-31,2023-10-31,SNGS,822447172
2023-10-31,2023-10-31,SNGSP,3813927266.5
2023-10-31,2023-10-31,SOFL,526792330.6
2023-10-31,2023-10-31,SPBE,82157144.1
2023-10-31,2023-10-31,STSB,1397428
2023-10-31,2023-10-31,STSBP,3919007
2023-10-31,2023-10-31,SVAV,176089275
2023-10-31,2023-10-31,SVET,9706543.75
2023-10-31,2023-10-31,TASB,1204505.5
2023-10-31,2023-10-31,TASBP,802365
2023-10-31,2023-10-31,TATN,1508631118.8
2023-10-31,2023-10-31,TATNP,640111869.8
2023-10-31,2023-10-31,TCSG,766371103
2023-10-31,2023-10-31,TGKA,70963643
2023-10-31,2023-10-31,TGKB,41826200
2023-10-31,2023-10-31,TGKBP,4128723
2023-10-31,2023-10-31,TGKN,35251260
2023-10-31,2023-10-31,TNSE,2555590
2023-10-31,2023-10-31,TORS,442230
2023-10-31,2023-10-31,TORSP,872980
2023-10-31,2023-10-31,TRMK,628702730
2023-10-31,2023-10-31,TRNFP,1068247050
2023-10-31,2023-10-31,TTLK,190089854
2023-10-31,2023-10-31,TUZA,5050750
2023-10-31,2023-10-31,UKUZ,824818
2023-10-31,2023-10-31,UNAC,159773929.5
2023-10-31,2023-10-31,UNKL,12221430
2023-10-31,2023-10-31,UPRO,337285609
2023-10-31,2023-10-31,URKZ,928700
2023-10-31,2023-10-31,USBN,1522480
2023-10-31,2023-10-31,UTAR,31157742
2023-10-31,2023-10-31,VEON-RX,1941177
2023-10-31,2023-10-31,VGSB,2585770
2023-10-31,2023-10-31,VGSBP,469795
2023-10-31,2023-10-31,VJGZ,935188
2023-10-31,2023-10-31,VJGZP,1624630
2023-10-31,2023-10-31,VKCO,1312840413.8
2023-10-31,2023-10-31,VLHZ,4317297.5
2023-10-31,2023-10-31,VRSB,13347654
2023-10-31,2023-10-31,VRSBP,5309758
2023-10-31,2023-10-31,VSMO,50338120
2023-10-31,2023-10-31,VSYD,1419590
2023-10-31,2023-10-31,VSYDP,835880
2023-10-31,2023-10-31,VTBR,2000483920.85
2023-10-31,2023-10-31,WTCM,1156338
2023-10-31,2023-10-31,WTCMP,377768
2023-10-31,2023-10-31,WUSH,90942136.2
2023-10-31,2023-10-31,YAKG,12272132.5
2023-10-31,2023-10-31,YKEN,4927080
2023-10-31,2023-10-31,YKENP,862855
2023-10-31,2023-10-31,YNDX,2729824169.8
2023-10-31,2023-10-31,YRSB,1750660
2023-10-31,2023-10-31,YRSBP,712370
2023-10-31,2023-10-31,ZILL,1396000
2023-10-31,2023-10-31,ZVEZ,13707230
2023-11-30,2023-11-30,ABIO,8069807.2
2023-11-30,2023-11-30,ABRD,41685132
2023-11-30,2023-11-30,ACKO,0
2023-11-30,2023-11-30,AFKS,232364712.8
2023-11-30,2023-11-30,AFLT,391645699.2
2023-11-30,2023-11-30,AGRO,239814296
2023-11-30,2023-11-30,AKRN,12681252
2023-11-30,2023-11-30,ALRS,763730992.7
2023-11-30,2023-11-30,AMEZ,17872295
2023-11-30,2023-11-30,APTK,24977539.5
2023-11-30,2023-11-30,AQUA,755120117.5
2023-11-30,2023-11-30,ARSA,16309734
2023-11-30,2023-11-30,ASSB,1816775
2023-11-30,2023-11-30,ASTR,137945501.85
2023-11-30,2023-11-30,AVAN,7106368
2023-11-30,2023-11-30,BANE,696899732
2023-11-30,2023-11-30,BANEP,2130510498
2023-11-30,2023-11-30,BELU,255839932
2023-11-30,2023-11-30,BISVP,950871
2023-11-30,2023-11-30,BLNG,13786196.5
2023-11-30,2023-11-30,BRZL,597829
2023-11-30,2023-11-30,BSPB,402127174.9
2023-11-30,2023-11-30,BSPBP,3441095
2023-11-30,2023-11-30,CARM,15484240.85
2023-11-30,2023-11-30,CBOM,697366827.4
2023-11-30,2023-11-30,CHGZ,30574792
2023-11-30,2023-11-30,CHKZ,402450
2023-11-30,2023-11-30,CHMF,1008909528.8
2023-11-30,2023-11-30,CHMK,4118455
2023-11-30,2023-11-30,CIAN,110730591.8
2023-11-30,2023-11-30,CNTL,4915754
2023-11-30,2023-11-30,CNTLP,9113062
2023-11-30,2023-11-30,DIOD,961847
2023-11-30,2023-11-30,DSKY,8012812.2
2023-11-30,2023-11-30,DVEC,15886316
2023-11-30,2023-11-30,DZRD,443705
2023-11-30,2023-11-30,DZRDP,1417230
2023-11-30,2023-11-30,EELT,8721270.4
2023-11-30,2023-11-30,ELFV,54891001.6
2023-11-30,2023-11-30,ENPG,126602325.4
2023-11-30,2023-11-30,ETLN,34525471.46
2023-11-30,2023-11-30,EUTR,20402781.55
2023-11-30,2023-11-30,FEES,426438495.8
2023-11-30,2023-11-30,FESH,440401474
2023-11-30,2023-11-30,FIVE,427380740.5
2023-11-30,2023-11-30,FIXP,103199540
2023-11-30,2023-11-30,FLOT,468086639.7
2023-11-30,2023-11-30,GAZA,4841505
2023-11-30,2023-11-30,GAZAP,2267160
2023-11-30,2023-11-30,GAZC,6590
2023-11-30,2023-11-30,GAZP,2012156766.1
2023-11-30,2023-11-30,GAZS,8390
2023-11-30,2023-11-30,GAZT,17390
2023-11-30,2023-11-30,GCHE,16483099
2023-11-30,2023-11-30,GECO,29420251.8
2023-11-30,2023-11-30,GEMA,516681
2023-11-30,2023-11-30,GEMC,36454980.5
2023-11-30,2023-11-30,GLTR,224604083.6
2023-11-30,2023-11-30,GMKN,1312629896
2023-11-30,2023-11-30,GTRK,353054581
2023-11-30,2023-11-30,HHRU,36959927
2023-11-30,2023-11-30,HIMCP,7645910
2023-11-30,2023-11-30,HMSG,4041130
2023-11-30,2023-11-30,HNFG,90477780
2023-11-30,2023-11-30,HYDR,137624510.3
2023-11-30,2023-11-30,IGST,1402400
2023-11-30,2023-11-30,IGSTP,4358840
2023-11-30,2023-11-30,INGR,11533803
2023-11-30,2023-11-30,IRAO,322180107.65
2023-11-30,2023-11-30,IRKT,199655655
2023-11-30,2023-11-30,JNOS,1191230
2023-11-30,2023-11-30,JNOSP,1028042
2023-11-30,2023-11-30,KAZT,14459998
2023-11-30,2023-11-30,KAZTP,3884390
2023-11-30,2023-11-30,KBSB,6655810
2023-11-30,2023-11-30,KCHE,1446520
2023-11-30,2023-11-30,KCHEP,405150
2023-11-30,2023-11-30,KGKC,1034700
2023-11-30,2023-11-30,KGKCP,4286334
2023-11-30,2023-11-30,KLSB,24189714
2023-11-30,2023-11-30,KMAZ,180321803
2023-11-30,2023-11-30,KMEZ,384194
2023-11-30,2023-11-30,KOGK,2255000
2023-11-30,2023-11-30,KRKN,714400
2023-11-30,2023-11-30,KRKNP,16201500
2023-11-30,2023-11-30,KRKOP,191984
2023-11-30,2023-11-30,KROT,44781040
2023-11-30,2023-11-30,KROTP,1050350
2023-11-30,2023-11-30,KRSB,624616
2023-11-30,2023-11-30,KRSBP,269276
2023-11-30,2023-11-30,KTSB,3768910
2023-11-30,2023-11-30,KTSBP,5088900
2023-11-30,2023-11-30,KUBE,6763650
2023-11-30,2023-11-30,KUZB,1404857
2023-11-30,2023-11-30,KZOS,14705828
2023-11-30,2023-11-30,KZOSP,10510457.9
2023-11-30,2023-11-30,LENT,10087043.5
2023-11-30,2023-11-30,LIFE,147361826.5
2023-11-30,2023-11-30,LKOH,4412087952
2023-11-30,2023-11-30,LNZL,8987250
2023-11-30,2023-11-30,LNZLP,10564985
2023-11-30,2023-11-30,LSNG,18449167
2023-11-30,2023-11-30,LSNGP,38949832.5
2023-11-30,2023-11-30,LSRG,26223685.4
2023-11-30,2023-11-30,LVHK,7901960
2023-11-30,2023-11-30,MAGE,1174238
2023-11-30,2023-11-30,MAGEP,796708
2023-11-30,2023-11-30,MAGN,651427814.55
2023-11-30,2023-11-30,MDMG,39767771.6
2023-11-30,2023-11-30,MFGS,984335
2023-11-30,2023-11-30,MFGSP,324365
2023-11-30,2023-11-30,MGNT,2460608979
2023-11-30,2023-11-30,MGNZ,0
2023-11-30,2023-11-30,MGTS,703035
2023-11-30,2023-11-30,MGTSP,41902892
2023-11-30,2023-11-30,MISB,1268920
2023-11-30,2023-11-30,MISBP,2781380
2023-11-30,2023-11-30,MOEX,920795201.8
2023-11-30,2023-11-30,MRKC,23615882.6
2023-11-30,2023-11-30,MRKK,2094711.6
2023-11-30,2023-11-30,MRKP,89725355
2023-11-30,2023-11-30,MRKS,123538925
2023-11-30,2023-11-30,MRKU,13581462
2023-11-30,2023-11-30,MRKV,37380880.5
2023-11-30,2023-11-30,MRKY,10767018
2023-11-30,2023-11-30,MRKZ,24798385.5
2023-11-30,2023-11-30,MRSB,3299480
2023-11-30,2023-11-30,MSNG,89752665
2023-11-30,2023-11-30,MSRS,120974058
2023-11-30,2023-11-30,MSTT,17181509.5
2023-11-30,2023-11-30,MTLR,7426681427.4
2023-11-30,2023-11-30,MTLRP,1248450469
2023-11-30,2023-11-30,MTSS,875654823.5
2023-11-30,2023-11-30,MVID,65193577.5
2023-11-30,2023-11-30,NAUK,1760775
2023-11-30,2023-11-30,NFAZ,6327290
2023-11-30,2023-11-30,NKHP,50500975
2023-11-30,2023-11-30,NKNC,11078498
2023-11-30,2023-11-30,NKNCP,7417934.2
2023-11-30,2023-11-30,NKSH,3973950
2023-11-30,2023-11-30,NLMK,1277869065.4
2023-11-30,2023-11-30,NMTP,169754289
2023-11-30,2023-11-30,NNSB,1208260
2023-11-30,2023-11-30,NNSBP,1835370
2023-11-30,2023-11-30,NSVZ,18468130
2023-11-30,2023-11-30,NVTK,798627248
2023-11-30,2023-11-30,OGKB,71486940.4
2023-11-30,2023-11-30,OKEY,8882323
2023-11-30,2023-11-30,OMZZP,542360
2023-11-30,2023-11-30,OZON,614055490
2023-11-30,2023-11-30,PAZA,1518080
2023-11-30,2023-11-30,PHOR,299107614
2023-11-30,2023-11-30,PIKK,385360430.8
2023-11-30,2023-11-30,PLZL,1197327634
2023-11-30,2023-11-30,PMSB,4517845
2023-11-30,2023-11-30,PMSBP,2843632
2023-11-30,2023-11-30,POLY,1561354015.2
2023-11-30,2023-11-30,POSI,248780741
2023-11-30,2023-11-30,PRFN,6351488
2023-11-30,2023-11-30,PRMB,404200
2023-11-30,2023-11-30,QIWI,55016785.5
2023-11-30,2023-11-30,RASP,680562089
2023-11-30,2023-11-30,RBCM,65128584.6
2023-11-30,2023-11-30,RDRB,1781810
2023-11-30,2023-11-30,RENI,54339275.8
2023-11-30,2023-11-30,RGSS,1337893.8
2023-11-30,2023-11-30,RKKE,22269020
2023-11-30,2023-11-30,RNFT,174656697.8
2023-11-30,2023-11-30,ROLO,67964122.2
2023-11-30,2023-11-30,ROSB,4931028
2023-11-30,2023-11-30,ROSN,3316585835.6
2023-11-30,2023-11-30,ROST,948964
2023-11-30,2023-11-30,RTGZ,297100
2023-11-30,2023-11-30,RTKM,791551488.2
2023-11-30,2023-11-30,RTKMP,787293883
2023-11-30,2023-11-30,RTSB,2322180
2023-11-30,2023-11-30,RTSBP,5380052
2023-11-30,2023-11-30,RUAL,454747601
2023-11-30,2023-11-30,RUSI,11660979
2023-11-30,2023-11-30,RZSB,855460
2023-11-30,2023-11-30,SAGO,672775
2023-11-30,2023-11-30,SAGOP,682190
2023-11-30,2023-11-30,SARE,4525810
2023-11-30,2023-11-30,SAREP,1394165
2023-11-30,2023-11-30,SBER,15391411364.4
2023-11-30,2023-11-30,SBERP,1491300242.7
2023-11-30,2023-11-30,SELG,184250370.9
2023-11-30,2023-11-30,SFIN,32158429.2
2023-11-30,2023-11-30,SGZH,2603257439.5
2023-11-30,2023-11-30,SIBN,629387247.95
2023-11-30,2023-11-30,SLEN,2182687.5
2023-11-30,2023-11-30,SMLT,273724579.5
2023-11-30,2023-11-30,SNGS,410156264
2023-11-30,2023-11-30,SNGSP,1926595368
2023-11-30,2023-11-30,SOFL,160724952.4
2023-11-30,2023-11-30,SPBE,481329746.2
2023-11-30,2023-11-30,STSB,1007460
2023-11-30,2023-11-30,STSBP,2452826
2023-11-30,2023-11-30,SVAV,119841915
2023-11-30,2023-11-30,SVET,3267247.35
2023-11-30,2023-11-30,TASB,623372
2023-11-30,2023-11-30,TASBP,2983460
2023-11-30,2023-11-30,TATN,749741787.7
2023-11-30,2023-11-30,TATNP,174396711.6
2023-11-30,2023-11-30,TCSG,1259868262.5
2023-11-30,2023-11-30,TGKA,35939357.8
2023-11-30,2023-11-30,TGKB,15231185
2023-11-30,2023-11-30,TGKBP,4311996
2023-11-30,2023-11-30,TGKN,53859560
2023-11-30,2023-11-30,TNSE,1884430
2023-11-30,2023-11-30,TORS,842860
2023-11-30,2023-11-30,TORSP,1395610
2023-11-30,2023-11-30,TRMK,259798183
2023-11-30,2023-11-30,TRNFP,1031470050
2023-11-30,2023-11-30,TTLK,5071180
2023-11-30,2023-11-30,TUZA,1972740
2023-11-30,2023-11-30,UGLD,141883802.1
2023-11-30,2023-11-30,UKUZ,1108254
2023-11-30,2023-11-30,UNAC,79632671.5
2023-11-30,2023-11-30,UNKL,3468540
2023-11-30,2023-11-30,UPRO,488854612
2023-11-30,2023-11-30,URKZ,520150
2023-11-30,2023-11-30,USBN,1142216
2023-11-30,2023-11-30,UTAR,2039654
2023-11-30,2023-11-30,VEON-RX,758114.5
2023-11-30,2023-11-30,VGSB,608300
2023-11-30,2023-11-30,VGSBP,337420
2023-11-30,2023-11-30,VJGZ,191106
2023-11-30,2023-11-30,VJGZP,2517381
2023-11-30,2023-11-30,VKCO,831930023.8
2023-11-30,2023-11-30,VLHZ,1344792
2023-11-30,2023-11-30,VRSB,46899132
2023-11-30,2023-11-30,VRSBP,4906946
2023-11-30,2023-11-30,VSMO,24797320
2023-11-30,2023-11-30,VSYD,384550
2023-11-30,2023-11-30,VSYDP,621260
2023-11-30,2023-11-30,VTBR,1729579065.65
2023-11-30,2023-11-30,WTCM,186952
2023-11-30,2023-11-30,WTCMP,444572
2023-11-30,2023-11-30,WUSH,171080972.84
2023-11-30,2023-11-30,YAKG,10862938
2023-11-30,2023-11-30,YKEN,1924600
2023-11-30,2023-11-30,YKENP,949665
2023-11-30,2023-11-30,YNDX,2813778799.6
2023-11-30,2023-11-30,YRSB,7595200
2023-11-30,2023-11-30,YRSBP,3433395
2023-11-30,2023-11-30,ZILL,1291235
2023-11-30,2023-11-30,ZVEZ,2998350
2023-12-31,2023-12-29,ABIO,21015555.6
2023-12-31,2023-12-29,ABRD,38534246
2023-12-31,2023-12-29,ACKO,0
2023-12-31,2023-12-29,AFKS,300133009.6
2023-12-31,2023-12-29,AFLT,272813210
2023-12-31,2023-12-29,AGRO,180636484.8
2023-12-31,2023-12-29,AKRN,42042540
2023-12-31,2023-12-29,ALRS,267666819
2023-12-31,2023-12-29,AMEZ,49512200
2023-12-31,2023-12-29,APTK,186693633.52
2023-12-31,2023-12-29,AQUA,114140963
2023-12-31,2023-12-29,ARSA,8556542
2023-12-31,2023-12-29,ASSB,410870
2023-12-31,2023-12-29,ASTR,61391974.95
2023-12-31,2023-12-29,AVAN,6919880
2023-12-31,2023-12-29,BANE,53983834.5
2023-12-31,2023-12-29,BANEP,262683954
2023-12-31,2023-12-29,BELU,157328575
2023-12-31,2023-12-29,BISVP,889703
2023-12-31,2023-12-29,BLNG,113622959
2023-12-31,2023-12-29,BRZL,1307789
2023-12-31,2023-12-29,BSPB,255097773.8
2023-12-31,2023-12-29,BSPBP,5190905
2023-12-31,2023-12-29,CARM,31870985.65
2023-12-31,2023-12-29,CBOM,101911812
2023-12-31,2023-12-29,CHGZ,4457330
2023-12-31,2023-12-29,CHKZ,481700
2023-12-31,2023-12-29,CHMF,781342899.6
2023-12-31,2023-12-29,CHMK,4247315
2023-12-31,2023-12-29,CIAN,32568565.6
2023-12-31,2023-12-29,CNTL,27335790
2023-12-31,2023-12-29,CNTLP,25218448
2023-12-31,2023-12-29,DIOD,5178430
2023-12-31,2023-12-29,DSKY,3586791
2023-12-31,2023-12-29,DVEC,26458604
2023-12-31,2023-12-29,DZRD,41355265
2023-12-31,2023-12-29,DZRDP,3848800
2023-12-31,2023-12-29,EELT,4004573
2023-12-31,2023-12-29,ELFV,222714447.2
2023-12-31,2023-12-29,ENPG,60312722.2
2023-12-31,2023-12-29,ETLN,58898993.12
2023-12-31,2023-12-29,EUTR,61651291.8
2023-12-31,2023-12-29,FEES,227678181
2023-12-31,2023-12-29,FESH,279866986
2023-12-31,2023-12-29,FIVE,2073568543
2023-12-31,2023-12-29,FIXP,612244409.2
2023-12-31,2023-12-29,FLOT,669913803.2
2023-12-31,2023-12-29,GAZA,2589875
2023-12-31,2023-12-29,GAZAP,662085
2023-12-31,2023-12-29,GAZC,0
2023-12-31,2023-12-29,GAZP,3084349639.9
2023-12-31,2023-12-29,GAZS,0
2023-12-31,2023-12-29,GAZT,0
2023-12-31,2023-12-29,GCHE,19663593.5
2023-12-31,2023-12-29,GECO,26083370.2
2023-12-31,2023-12-29,GEMA,728196.5
2023-12-31,2023-12-29,GEMC,0
2023-12-31,2023-12-29,GLTR,244626477.9
2023-12-31,2023-12-29,GMKN,707561488
2023-12-31,2023-12-29,GTRK,1453301098.5
2023-12-31,2023-12-29,HHRU,94737844
2023-12-31,2023-12-29,HIMCP,1303146
2023-12-31,2023-12-29,HNFG,19752637.4
2023-12-31,2023-12-29,HYDR,109317391.7
2023-12-31,2023-12-29,IGST,1701090
2023-12-31,2023-12-29,IGSTP,1785540
2023-12-31,2023-12-29,INGR,15748415
2023-12-31,2023-12-29,IRAO,238481591.7
2023-12-31,2023-12-29,IRKT,98944910
2023-12-31,2023-12-29,JNOS,3729290
2023-12-31,2023-12-29,JNOSP,6290372
2023-12-31,2023-12-29,KAZT,24888940
2023-12-31,2023-12-29,KAZTP,4495430
2023-12-31,2023-12-29,KBSB,922800
2023-12-31,2023-12-29,KCHE,1675820
2023-12-31,2023-12-29,KCHEP,1808100
2023-12-31,2023-12-29,KGKC,112070
2023-12-31,2023-12-29,KGKCP,620354
2023-12-31,2023-12-29,KLSB,13978532
2023-12-31,2023-12-29,KMAZ,66190360
2023-12-31,2023-12-29,KMEZ,677934
2023-12-31,2023-12-29,KOGK,426400
2023-12-31,2023-12-29,KRKN,341700
2023-12-31,2023-12-29,KRKNP,5906960
2023-12-31,2023-12-29,KRKOP,512786
2023-12-31,2023-12-29,KROT,37089260
2023-12-31,2023-12-29,KROTP,1499740
2023-12-31,2023-12-29,KRSB,574382
2023-12-31,2023-12-29,KRSBP,717600
2023-12-31,2023-12-29,KTSB,420180
2023-12-31,2023-12-29,KTSBP,713250
2023-12-31,2023-12-29,KUBE,1720052
2023-12-31,2023-12-29,KUZB,1251233
2023-12-31,2023-12-29,KZOS,19490097
2023-12-31,2023-12-29,KZOSP,74151071.7
2023-12-31,2023-12-29,LENT,12160893.5
2023-12-31,2023-12-29,LIFE,71235646
2023-12-31,2023-12-29,LKOH,1890360872.5
2023-12-31,2023-12-29,LNZL,8182610
2023-12-31,2023-12-29,LNZLP,7455615
2023-12-31,2023-12-29,LSNG,20156252
2023-12-31,2023-12-29,LSNGP,20411383
2023-12-31,2023-12-29,LSRG,117834026.2
2023-12-31,2023-12-29,LVHK,3499880
2023-12-31,2023-12-29,MAGE,2590679
2023-12-31,2023-12-29,MAGEP,1706978
2023-12-31,2023-12-29,MAGN,349330271.7
2023-12-31,2023-12-29,MDMG,36620128.5
2023-12-31,2023-12-29,MFGS,1045100
2023-12-31,2023-12-29,MFGSP,1761260
2023-12-31,2023-12-29,MGKL,51051365.95
2023-12-31,2023-12-29,MGNT,1599204286.5
2023-12-31,2023-12-29,MGNZ,0
2023-12-31,2023-12-29,MGTS,1180100
2023-12-31,2023-12-29,MGTSP,13264426
2023-12-31,2023-12-29,MISB,1118610
2023-12-31,2023-12-29,MISBP,1462070
2023-12-31,2023-12-29,MOEX,408023455.3
2023-12-31,2023-12-29,MRKC,10808346
2023-12-31,2023-12-29,MRKK,1247174
2023-12-31,2023-12-29,MRKP,32824113
2023-12-31,2023-12-29,MRKS,20608795
2023-12-31,2023-12-29,MRKU,29555342
2023-12-31,2023-12-29,MRKV,12951211.5
2023-12-31,2023-12-29,MRKY,16425409.5
2023-12-31,2023-12-29,MRKZ,28703880
2023-12-31,2023-12-29,MRSB,1748130
2023-12-31,2023-12-29,MSNG,41742213
2023-12-31,2023-12-29,MSRS,18041262.5
2023-12-31,2023-12-29,MSTT,26814278
2023-12-31,2023-12-29,MTLR,1275935457.73
2023-12-31,2023-12-29,MTLRP,575273774.5
2023-12-31,2023-12-29,MTSS,682586416
2023-12-31,2023-12-29,MVID,46692802.2
2023-12-31,2023-12-29,NAUK,2384050
2023-12-31,2023-12-29,NFAZ,4810455
2023-12-31,2023-12-29,NKHP,37753820
2023-12-31,2023-12-29,NKNC,13422555.5
2023-12-31,2023-12-29,NKNCP,26263335
2023-12-31,2023-12-29,NKSH,3986780
2023-12-31,2023-12-29,NLMK,582925800
2023-12-31,2023-12-29,NMTP,693395842
2023-12-31,2023-12-29,NNSB,261760
2023-12-31,2023-12-29,NNSBP,637902
2023-12-31,2023-12-29,NSVZ,31630015
2023-12-31,2023-12-29,NVTK,780416116.8
2023-12-31,2023-12-29,OGKB,56723800.7
2023-12-31,2023-12-29,OKEY,5803280.8
2023-12-31,2023-12-29,OMZZP,2420540
2023-12-31,2023-12-29,OZON,1052692120.5
2023-12-31,2023-12-29,PAZA,455360
2023-12-31,2023-12-29,PHOR,163610369
2023-12-31,2023-12-29,PIKK,222250726.4
2023-12-31,2023-12-29,PLZL,479110224
2023-12-31,2023-12-29,PMSB,10878589
2023-12-31,2023-12-29,PMSBP,7114724
2023-12-31,2023-12-29,POLY,217718725.2
2023-12-31,2023-12-29,POSI,123746298.2
2023-12-31,2023-12-29,PRFN,20623899.8
2023-12-31,2023-12-29,PRMB,101400
2023-12-31,2023-12-29,QIWI,1218558679
2023-12-31,2023-12-29,RASP,278535339
2023-12-31,2023-12-29,RBCM,10694457.2
2023-12-31,2023-12-29,RDRB,689660
2023-12-31,2023-12-29,RENI,47907288.6
2023-12-31,2023-12-29,RGSS,1483173.8
2023-12-31,2023-12-29,RKKE,31165460
2023-12-31,2023-12-29,RNFT,169870241.1
2023-12-31,2023-12-29,ROLO,426837471.4
2023-12-31,2023-12-29,ROSB,20669310
2023-12-31,2023-12-29,ROSN,1113252561.2
2023-12-31,2023-12-29,ROST,641838
2023-12-31,2023-12-29,RTGZ,125600
2023-12-31,2023-12-29,RTKM,213746316.8
2023-12-31,2023-12-29,RTKMP,57746238.5
2023-12-31,2023-12-29,RTSB,3741455
2023-12-31,2023-12-29,RTSBP,4147378
2023-12-31,2023-12-29,RUAL,374940558.9
2023-12-31,2023-12-29,RUSI,8270807
2023-12-31,2023-12-29,RZSB,764670
2023-12-31,2023-12-29,SAGO,884895
2023-12-31,2023-12-29,SAGOP,309550
2023-12-31,2023-12-29,SARE,1778790
2023-12-31,2023-12-29,SAREP,329235
2023-12-31,2023-12-29,SBER,5650210977.5
2023-12-31,2023-12-29,SBERP,903240912.6
2023-12-31,2023-12-29,SELG,155931389.3
2023-12-31,2023-12-29,SFIN,28546463
2023-12-31,2023-12-29,SGZH,950159924.6
2023-12-31,2023-12-29,SIBN,1533400681.4
2023-12-31,2023-12-29,SLEN,1006783.5
2023-12-31,2023-12-29,SMLT,1198802068
2023-12-31,2023-12-29,SNGS,588647004
2023-12-31,2023-12-29,SNGSP,1626612489
2023-12-31,2023-12-29,SOFL,91343182.4
2023-12-31,2023-12-29,SPBE,95451363.1
2023-12-31,2023-12-29,STSB,1571735
2023-12-31,2023-12-29,STSBP,884442
2023-12-31,2023-12-29,SVAV,298739925
2023-12-31,2023-12-29,SVCB,133784108
2023-12-31,2023-12-29,SVET,9040294.95
2023-12-31,2023-12-29,TASB,423420
2023-12-31,2023-12-29,TASBP,196580
2023-12-31,2023-12-29,TATN,1369787562.2
2023-12-31,2023-12-29,TATNP,336432705.3
2023-12-31,2023-12-29,TCSG,647711236.5
2023-12-31,2023-12-29,TGKA,97371569
2023-12-31,2023-12-29,TGKB,14619020
2023-12-31,2023-12-29,TGKBP,4173792
2023-12-31,2023-12-29,TGKN,29326070
2023-12-31,2023-12-29,TNSE,1546680
2023-12-31,2023-12-29,TORS,426100
2023-12-31,2023-12-29,TORSP,427220
2023-12-31,2023-12-29,TRMK,173552133.4
2023-12-31,2023-12-29,TRNFP,777651600
2023-12-31,2023-12-29,TTLK,74757978
2023-12-31,2023-12-29,TUZA,4204910
2023-12-31,2023-12-29,UGLD,92700706.1
2023-12-31,2023-12-29,UKUZ,1044092
2023-12-31,2023-12-29,UNAC,63196769.5
2023-12-31,2023-12-29,UNKL,4849430
2023-12-31,2023-12-29,UPRO,183925183
2023-12-31,2023-12-29,URKZ,298700
2023-12-31,2023-12-29,USBN,1310688
2023-12-31,2023-12-29,UTAR,1028218
2023-12-31,2023-12-29,VEON-RX,5760235
2023-12-31,2023-12-29,VGSB,2329260
2023-12-31,2023-12-29,VGSBP,952040
2023-12-31,2023-12-29,VJGZ,2674896
2023-12-31,2023-12-29,VJGZP,1903981
2023-12-31,2023-12-29,VKCO,671525297.6
2023-12-31,2023-12-29,VLHZ,3082718
2023-12-31,2023-12-29,VRSB,20928364
2023-12-31,2023-12-29,VRSBP,2016152
2023-12-31,2023-12-29,VSMO,52993840
2023-12-31,2023-12-29,VSYD,1751100
2023-12-31,2023-12-29,VSYDP,1538860
2023-12-31,2023-12-29,VTBR,1253676505.25
2023-12-31,2023-12-29,WTCM,418718
2023-12-31,2023-12-29,WTCMP,363974
2023-12-31,2023-12-29,WUSH,49139915.5
2023-12-31,2023-12-29,YAKG,14495008
2023-12-31,2023-12-29,YKEN,2062900
2023-12-31,2023-12-29,YKENP,624340
2023-12-31,2023-12-29,YNDX,2182269199.6
2023-12-31,2023-12-29,YRSB,2591960
2023-12-31,2023-12-29,YRSBP,2892365
2023-12-31,2023-12-29,ZILL,2703640
2023-12-31,2023-12-29,ZVEZ,3310200
2024-01-31,2024-01-31,ABIO,134361774
2024-01-31,2024-01-31,ABRD,47881960
2024-01-31,2024-01-31,ACKO,0
2024-01-31,2024-01-31,AFKS,320780903.4
2024-01-31,2024-01-31,AFLT,522960324.3
2024-01-31,2024-01-31,AGRO,206996563.6
2024-01-31,2024-01-31,AKRN,22867310
2024-01-31,2024-01-31,ALRS,596681109.5
2024-01-31,2024-01-31,AMEZ,25200596
2024-01-31,2024-01-31,APTK,144519012.04
2024-01-31,2024-01-31,AQUA,269694911.5
2024-01-31,2024-01-31,ARSA,18581130
2024-01-31,2024-01-31,ASSB,1280390
2024-01-31,2024-01-31,ASTR,691437314.45
2024-01-31,2024-01-31,AVAN,3324258
2024-01-31,2024-01-31,BANE,265007326.5
2024-01-31,2024-01-31,BANEP,835474303
2024-01-31,2024-01-31,BELU,518060410
2024-01-31,2024-01-31,BISVP,999705
2024-01-31,2024-01-31,BLNG,30106512
2024-01-31,2024-01-31,BRZL,1283071
2024-01-31,2024-01-31,BSPB,1270039480.8
2024-01-31,2024-01-31,BSPBP,85912950
2024-01-31,2024-01-31,CARM,70193849.3
2024-01-31,2024-01-31,CBOM,126383152.8
2024-01-31,2024-01-31,CHGZ,23354142
2024-01-31,2024-01-31,CHKZ,3302750
2024-01-31,2024-01-31,CHMF,3262645895.2
2024-01-31,2024-01-31,CHMK,7829195
2024-01-31,2024-01-31,CIAN,168116395.2
2024-01-31,2024-01-31,CNTL,7934758
2024-01-31,2024-01-31,CNTLP,6644524
2024-01-31,2024-01-31,DIOD,2123583
2024-01-31,2024-01-31,DSKY,5652744.4
2024-01-31,2024-01-31,DVEC,34715954
2024-01-31,2024-01-31,DZRD,6915015
2024-01-31,2024-01-31,DZRDP,3650290
2024-01-31,2024-01-31,EELT,12993886
2024-01-31,2024-01-31,ELFV,49661240.2
2024-01-31,2024-01-31,ENPG,80306088.4
2024-01-31,2024-01-31,ETLN,32423563.18
2024-01-31,2024-01-31,EUTR,398711756.35
2024-01-31,2024-01-31,FEES,332778601.8
2024-01-31,2024-01-31,FESH,246068455
2024-01-31,2024-01-31,FIVE,1566644272
2024-01-31,2024-01-31,FIXP,108708066.2
2024-01-31,2024-01-31,FLOT,974948598.5
2024-01-31,2024-01-31,GAZA,1257030
2024-01-31,2024-01-31,GAZAP,171480
2024-01-31,2024-01-31,GAZC,0
2024-01-31,2024-01-31,GAZP,6554763102.6
2024-01-31,2024-01-31,GAZS,0
2024-01-31,2024-01-31,GAZT,0
2024-01-31,2024-01-31,GCHE,22149967.5
2024-01-31,2024-01-31,GECO,37519106.5
2024-01-31,2024-01-31,GEMA,7708314.5
2024-01-31,2024-01-31,GEMC,0
2024-01-31,2024-01-31,GLTR,279909847.2
2024-01-31,2024-01-31,GMKN,1249523834
2024-01-31,2024-01-31,GTRK,288164906.5
2024-01-31,2024-01-31,HHRU,171463481
2024-01-31,2024-01-31,HIMCP,2781084
2024-01-31,2024-01-31,HNFG,32535656.8
2024-01-31,2024-01-31,HYDR,420520962.5
2024-01-31,2024-01-31,IGST,211539640
2024-01-31,2024-01-31,IGSTP,16090470
2024-01-31,2024-01-31,INGR,580927
2024-01-31,2024-01-31,IRAO,294937394.05
2024-01-31,2024-01-31,IRKT,64659890
2024-01-31,2024-01-31,JNOS,694335
2024-01-31,2024-01-31,JNOSP,269918
2024-01-31,2024-01-31,KAZT,120231838
2024-01-31,2024-01-31,KAZTP,77294030
2024-01-31,2024-01-31,KBSB,847805
2024-01-31,2024-01-31,KCHE,1724920
2024-01-31,2024-01-31,KCHEP,1593400
2024-01-31,2024-01-31,KGKC,1586998
2024-01-31,2024-01-31,KGKCP,230106
2024-01-31,2024-01-31,KLSB,22592971
2024-01-31,2024-01-31,KMAZ,227989093
2024-01-31,2024-01-31,KMEZ,8592636
2024-01-31,2024-01-31,KOGK,179600
2024-01-31,2024-01-31,KRKN,172250
2024-01-31,2024-01-31,KRKNP,3455680
2024-01-31,2024-01-31,KRKOP,2763654
2024-01-31,2024-01-31,KROT,52329330
2024-01-31,2024-01-31,KROTP,1131960
2024-01-31,2024-01-31,KRSB,2179808
2024-01-31,2024-01-31,KRSBP,1129026
2024-01-31,2024-01-31,KTSB,39987350
2024-01-31,2024-01-31,KTSBP,36102900
2024-01-31,2024-01-31,KUBE,14623106
2024-01-31,2024-01-31,KUZB,3107297.5
2024-01-31,2024-01-31,KZOS,64191022
2024-01-31,2024-01-31,KZOSP,138757455.7
2024-01-31,2024-01-31,LENT,64332374.5
2024-01-31,2024-01-31,LKOH,6669626209
2024-01-31,2024-01-31,LNZL,5617500
2024-01-31,2024-01-31,LNZLP,6308155
2024-01-31,2024-01-31,LSNG,40865866
2024-01-31,2024-01-31,LSNGP,25451140
2024-01-31,2024-01-31,LSRG,108765369.6
2024-01-31,2024-01-31,LVHK,1972090
2024-01-31,2024-01-31,MAGE,13538275
2024-01-31,2024-01-31,MAGEP,28061990
2024-01-31,2024-01-31,MAGN,685029891.1
2024-01-31,2024-01-31,MDMG,176986109.5
2024-01-31,2024-01-31,MFGS,1346340
2024-01-31,2024-01-31,MFGSP,1762925
2024-01-31,2024-01-31,MGKL,70396948.75
2024-01-31,2024-01-31,MGNT,1362316068.5
2024-01-31,2024-01-31,MGNZ,0
2024-01-31,2024-01-31,MGTS,1009760
2024-01-31,2024-01-31,MGTSP,8034370
2024-01-31,2024-01-31,MISB,2101880
2024-01-31,2024-01-31,MISBP,1965500
2024-01-31,2024-01-31,MOEX,864716754.9
2024-01-31,2024-01-31,MRKC,29193072.4
2024-01-31,2024-01-31,MRKK,6102305.4
2024-01-31,2024-01-31,MRKP,33392329
2024-01-31,2024-01-31,MRKS,103216365
2024-01-31,2024-01-31,MRKU,15663826
2024-01-31,2024-01-31,MRKV,29655053
2024-01-31,2024-01-31,MRKY,66195382
2024-01-31,2024-01-31,MRKZ,24705096
2024-01-31,2024-01-31,MRSB,1225100
2024-01-31,2024-01-31,MSNG,95953650.5
2024-01-31,2024-01-31,MSRS,46569655.5
2024-01-31,2024-01-31,MSTT,30633014
2024-01-31,2024-01-31,MTLR,6774280003.83
2024-01-31,2024-01-31,MTLRP,2196683106.5
2024-01-31,2024-01-31,MTSS,735900799
2024-01-31,2024-01-31,MVID,277205488.4
2024-01-31,2024-01-31,NAUK,2221065
2024-01-31,2024-01-31,NFAZ,8153960
2024-01-31,2024-01-31,NKHP,40274790
2024-01-31,2024-01-31,NKNC,63530372.5
2024-01-31,2024-01-31,NKNCP,40584989.8
2024-01-31,2024-01-31,NKSH,27694820
2024-01-31,2024-01-31,NLMK,2403371323
2024-01-31,2024-01-31,NMTP,282305264.5
2024-01-31,2024-01-31,NNSB,635340
2024-01-31,2024-01-31,NNSBP,461372
2024-01-31,2024-01-31,NSVZ,9087155
2024-01-31,2024-01-31,NVTK,988763116.6
2024-01-31,2024-01-31,OGKB,568254218.4
2024-01-31,2024-01-31,OKEY,19392550.3
2024-01-31,2024-01-31,OMZZP,602120
2024-01-31,2024-01-31,OZON,1039394739
2024-01-31,2024-01-31,PAZA,1484760
2024-01-31,2024-01-31,PHOR,160951253
2024-01-31,2024-01-31,PIKK,142050478.1
2024-01-31,2024-01-31,PLZL,1747680894
2024-01-31,2024-01-31,PMSB,9531364
2024-01-31,2024-01-31,PMSBP,4127282
2024-01-31,2024-01-31,POLY,1229394995.3
2024-01-31,2024-01-31,POSI,379859799.8
2024-01-31,2024-01-31,PRFN,6658306.6
2024-01-31,2024-01-31,PRMB,919400
2024-01-31,2024-01-31,QIWI,105394096
2024-01-31,2024-01-31,RASP,310901630.5
2024-01-31,2024-01-31,RBCM,74120718.6
2024-01-31,2024-01-31,RDRB,371960
2024-01-31,2024-01-31,RENI,146894737.2
2024-01-31,2024-01-31,RGSS,208451857
2024-01-31,2024-01-31,RKKE,27112850
2024-01-31,2024-01-31,RNFT,317195273.6
2024-01-31,2024-01-31,ROLO,58550198.8
2024-01-31,2024-01-31,ROSB,6900454
2024-01-31,2024-01-31,ROSN,1885995504.65
2024-01-31,2024-01-31,ROST,1761782
2024-01-31,2024-01-31,RTGZ,126400
2024-01-31,2024-01-31,RTKM,101549655.4
2024-01-31,2024-01-31,RTKMP,45591431
2024-01-31,2024-01-31,RTSB,3232715
2024-01-31,2024-01-31,RTSBP,2882292
2024-01-31,2024-01-31,RUAL,354727706.95
2024-01-31,2024-01-31,RUSI,70747463
2024-01-31,2024-01-31,RZSB,602466
2024-01-31,2024-01-31,SAGO,5681745
2024-01-31,2024-01-31,SAGOP,684190
2024-01-31,2024-01-31,SARE,3755850
2024-01-31,2024-01-31,SAREP,816005
2024-01-31,2024-01-31,SBER,3458231052.6
2024-01-31,2024-01-31,SBERP,420158812.5
2024-01-31,2024-01-31,SELG,72667428.1
2024-01-31,2024-01-31,SFIN,82117828.6
2024-01-31,2024-01-31,SGZH,712250159
2024-01-31,2024-01-31,SIBN,423726532
2024-01-31,2024-01-31,SLEN,3525345.5
2024-01-31,2024-01-31,SMLT,809900250.5
2024-01-31,2024-01-31,SNGS,503475660
2024-01-31,2024-01-31,SNGSP,1367807340
2024-01-31,2024-01-31,SOFL,337186362.2
2024-01-31,2024-01-31,SPBE,131006698
2024-01-31,2024-01-31,STSB,7929990
2024-01-31,2024-01-31,STSBP,1781482
2024-01-31,2024-01-31,SVAV,53888615
2024-01-31,2024-01-31,SVCB,1000534934.5
2024-01-31,2024-01-31,SVET,3816663.9
2024-01-31,2024-01-31,TASB,1021996
2024-01-31,2024-01-31,TASBP,304140
2024-01-31,2024-01-31,TATN,1608726213.6
2024-01-31,2024-01-31,TATNP,414179635.9
2024-01-31,2024-01-31,TCSG,1410169576
2024-01-31,2024-01-31,TGKA,136836702
2024-01-31,2024-01-31,TGKB,34316205
2024-01-31,2024-01-31,TGKBP,1734199
2024-01-31,2024-01-31,TGKN,74051000
2024-01-31,2024-01-31,TNSE,6280610
2024-01-31,2024-01-31,TORS,1237660
2024-01-31,2024-01-31,TORSP,977710
2024-01-31,2024-01-31,TRMK,265019541
2024-01-31,2024-01-31,TRNFP,1933565750
2024-01-31,2024-01-31,TTLK,25845437
2024-01-31,2024-01-31,TUZA,4544450
2024-01-31,2024-01-31,UGLD,300608173
2024-01-31,2024-01-31,UKUZ,3932344
2024-01-31,2024-01-31,UNAC,58212219
2024-01-31,2024-01-31,UNKL,2896270
2024-01-31,2024-01-31,UPRO,279669979
2024-01-31,2024-01-31,URKZ,342500
2024-01-31,2024-01-31,USBN,1822898
2024-01-31,2024-01-31,UTAR,1727486
2024-01-31,2024-01-31,VEON-RX,48151864
2024-01-31,2024-01-31,VGSB,814900
2024-01-31,2024-01-31,VGSBP,1106740
2024-01-31,2024-01-31,VJGZ,1259352
2024-01-31,2024-01-31,VJGZP,202950
2024-01-31,2024-01-31,VKCO,2297300122.8
2024-01-31,2024-01-31,VLHZ,10842130
2024-01-31,2024-01-31,VRSB,20702888
2024-01-31,2024-01-31,VRSBP,3208132
2024-01-31,2024-01-31,VSMO,140805560
2024-01-31,2024-01-31,VSYD,2065050
2024-01-31,2024-01-31,VSYDP,886540
2024-01-31,2024-01-31,VTBR,1451279186.75
2024-01-31,2024-01-31,WTCM,878776
2024-01-31,2024-01-31,WTCMP,1429530
2024-01-31,2024-01-31,WUSH,350675853.01
2024-01-31,2024-01-31,YAKG,6218187.5
2024-01-31,2024-01-31,YKEN,3436070
2024-01-31,2024-01-31,YKENP,1137290
2024-01-31,2024-01-31,YNDX,7294359734.2
2024-01-31,2024-01-31,YRSB,4327400
2024-01-31,2024-01-31,YRSBP,643130
2024-01-31,2024-01-31,ZILL,4955825
2024-01-31,2024-01-31,ZVEZ,14185310
2024-02-29,2024-02-29,ABIO,41932128.2
2024-02-29,2024-02-29,ABRD,42946014
2024-02-29,2024-02-29,ACKO,0
2024-02-29,2024-02-29,AFKS,476743525.1
2024-02-29,2024-02-29,AFLT,749578551.6
2024-02-29,2024-02-29,AGRO,458855891.6
2024-02-29,2024-02-29,AKRN,8514818
2024-02-29,2024-02-29,ALRS,808834759.9
2024-02-29,2024-02-29,AMEZ,5747800
2024-02-29,2024-02-29,APTK,41444470.64
2024-02-29,2024-02-29,AQUA,290516759.5
2024-02-29,2024-02-29,ARSA,17692981
2024-02-29,2024-02-29,ASSB,1087465
2024-02-29,2024-02-29,ASTR,250272662.95
2024-02-29,2024-02-29,AVAN,3503204
2024-02-29,2024-02-29,BANE,221093838.5
2024-02-29,2024-02-29,BANEP,440001043
2024-02-29,2024-02-29,BELU,294386905
2024-02-29,2024-02-29,BISVP,754999
2024-02-29,2024-02-29,BLNG,26937098
2024-02-29,2024-02-29,BRZL,1841778
2024-02-29,2024-02-29,BSPB,2311237504.3
2024-02-29,2024-02-29,BSPBP,136571735
2024-02-29,2024-02-29,CARM,28606106.45
2024-02-29,2024-02-29,CBOM,32215243.9
2024-02-29,2024-02-29,CHGZ,3838102
2024-02-29,2024-02-29,CHKZ,928350
2024-02-29,2024-02-29,CHMF,1490933555.4
2024-02-29,2024-02-29,CHMK,2252120
2024-02-29,2024-02-29,CIAN,49931078.6
2024-02-29,2024-02-29,CNTL,7061714
2024-02-29,2024-02-29,CNTLP,5650462
2024-02-29,2024-02-29,DELI,59409968.05
2024-02-29,2024-02-29,DIAS,151969480.5
2024-02-29,2024-02-29,DIOD,1055613
2024-02-29,2024-02-29,DSKY,16524485.6
2024-02-29,2024-02-29,DVEC,9997964
2024-02-29,2024-02-29,DZRD,2503325
2024-02-29,2024-02-29,DZRDP,1494200
2024-02-29,2024-02-29,EELT,32551320
2024-02-29,2024-02-29,ELFV,76035529.6
2024-02-29,2024-02-29,ENPG,58289513.8
2024-02-29,2024-02-29,ETLN,390076976.68
2024-02-29,2024-02-29,EUTR,597166243.8
2024-02-29,2024-02-29,FEES,119143830.8
2024-02-29,2024-02-29,FESH,574312086
2024-02-29,2024-02-29,FIVE,1024685041
2024-02-29,2024-02-29,FIXP,122658050.9
2024-02-29,2024-02-29,FLOT,1567165193.9
2024-02-29,2024-02-29,GAZC,0
2024-02-29,2024-02-29,GAZP,2920068231.9
2024-02-29,2024-02-29,GAZS,0
2024-02-29,2024-02-29,GAZT,0
2024-02-29,2024-02-29,GCHE,96578318.5
2024-02-29,2024-02-29,GECO,99408228
2024-02-29,2024-02-29,GEMA,11729887.5
2024-02-29,2024-02-29,GEMC,306823519.9
2024-02-29,2024-02-29,GLTR,366626266.3
2024-02-29,2024-02-29,GMKN,1217463854
2024-02-29,2024-02-29,GTRK,195001968
2024-02-29,2024-02-29,HHRU,114423458
2024-02-29,2024-02-29,HIMCP,1908892
2024-02-29,2024-02-29,HNFG,33771044.3
2024-02-29,2024-02-29,HYDR,81427091.3
2024-02-29,2024-02-29,IGST,831340
2024-02-29,2024-02-29,IGSTP,1057700
2024-02-29,2024-02-29,INGR,1757030
2024-02-29,2024-02-29,IRAO,686764772.1
2024-02-29,2024-02-29,IRKT,278967340
2024-02-29,2024-02-29,JNOS,912330
2024-02-29,2024-02-29,JNOSP,120604
2024-02-29,2024-02-29,KAZT,5089710
2024-02-29,2024-02-29,KAZTP,2296290
2024-02-29,2024-02-29,KBSB,745845
2024-02-29,2024-02-29,KCHE,1734730
2024-02-29,2024-02-29,KCHEP,657600
2024-02-29,2024-02-29,KGKC,933768
2024-02-29,2024-02-29,KGKCP,392666
2024-02-29,2024-02-29,KLSB,13259246
2024-02-29,2024-02-29,KLVZ,284678090.7
2024-02-29,2024-02-29,KMAZ,130676203
2024-02-29,2024-02-29,KMEZ,1577256
2024-02-29,2024-02-29,KOGK,457800
2024-02-29,2024-02-29,KRKN,689250
2024-02-29,2024-02-29,KRKNP,11372340
2024-02-29,2024-02-29,KRKOP,1345194
2024-02-29,2024-02-29,KROT,19288920
2024-02-29,2024-02-29,KROTP,408120
2024-02-29,2024-02-29,KRSB,1243796
2024-02-29,2024-02-29,KRSBP,461688
2024-02-29,2024-02-29,KTSB,752685
2024-02-29,2024-02-29,KTSBP,278250
2024-02-29,2024-02-29,KUBE,6318856
2024-02-29,2024-02-29,KUZB,9364177.5
2024-02-29,2024-02-29,KZOS,20413779
2024-02-29,2024-02-29,KZOSP,8751367.8
2024-02-29,2024-02-29,LENT,8291575
2024-02-29,2024-02-29,LKOH,8352765169
2024-02-29,2024-02-29,LNZL,9380710
2024-02-29,2024-02-29,LNZLP,6117345
2024-02-29,2024-02-29,LSNG,15606842
2024-02-29,2024-02-29,LSNGP,21561836
2024-02-29,2024-02-29,LSRG,3436081028.2
2024-02-29,2024-02-29,LVHK,1026970
2024-02-29,2024-02-29,MAGE,2670920
2024-02-29,2024-02-29,MAGEP,1375691
2024-02-29,2024-02-29,MAGN,1647008679.85
2024-02-29,2024-02-29,MDMG,230634440.8
2024-02-29,2024-02-29,MFGS,519765
2024-02-29,2024-02-29,MFGSP,226930
2024-02-29,2024-02-29,MGKL,44833778.4
2024-02-29,2024-02-29,MGNT,1640226380
2024-02-29,2024-02-29,MGNZ,0
2024-02-29,2024-02-29,MGTS,402660
2024-02-29,2024-02-29,MGTSP,6379570
2024-02-29,2024-02-29,MISB,935850
2024-02-29,2024-02-29,MISBP,1797250
2024-02-29,2024-02-29,MOEX,1248266549.3
2024-02-29,2024-02-29,MRKC,9799447.2
2024-02-29,2024-02-29,MRKK,1626275.2
2024-02-29,2024-02-29,MRKP,47459427
2024-02-29,2024-02-29,MRKS,25834575
2024-02-29,2024-02-29,MRKU,8086628
2024-02-29,2024-02-29,MRKV,25253823
2024-02-29,2024-02-29,MRKY,19846609.5
2024-02-29,2024-02-29,MRKZ,20518594
2024-02-29,2024-02-29,MRSB,613980
2024-02-29,2024-02-29,MSNG,94934013.5
2024-02-29,2024-02-29,MSRS,23785905.5
2024-02-29,2024-02-29,MSTT,27894448
2024-02-29,2024-02-29,MTLR,2812161953.14
2024-02-29,2024-02-29,MTLRP,1339530224
2024-02-29,2024-02-29,MTSS,1163985746
2024-02-29,2024-02-29,MVID,2343099255
2024-02-29,2024-02-29,NAUK,78342185
2024-02-29,2024-02-29,NFAZ,10449995
2024-02-29,2024-02-29,NKHP,115848480
2024-02-29,2024-02-29,NKNC,6105292
2024-02-29,2024-02-29,NKNCP,25557203.4
2024-02-29,2024-02-29,NKSH,2465170
2024-02-29,2024-02-29,NLMK,814950580.2
2024-02-29,2024-02-29,NMTP,333158221.5
2024-02-29,2024-02-29,NNSB,109840
2024-02-29,2024-02-29,NNSBP,705178
2024-02-29,2024-02-29,NSVZ,489996895
2024-02-29,2024-02-29,NVTK,1335603796
2024-02-29,2024-02-29,OGKB,56494324.6
2024-02-29,2024-02-29,OKEY,25690389.1
2024-02-29,2024-02-29,OMZZP,120320
2024-02-29,2024-02-29,OZON,1581382593.5
2024-02-29,2024-02-29,PHOR,411466757
2024-02-29,2024-02-29,PIKK,1446509119.7
2024-02-29,2024-02-29,PLZL,1862714588
2024-02-29,2024-02-29,PMSB,7234213
2024-02-29,2024-02-29,PMSBP,2081478
2024-02-29,2024-02-29,POLY,1059638949.2
2024-02-29,2024-02-29,POSI,344504637.4
2024-02-29,2024-02-29,PRFN,50324465.6
2024-02-29,2024-02-29,PRMB,364800
2024-02-29,2024-02-29,QIWI,982212220.5
2024-02-29,2024-02-29,RASP,590474838
2024-02-29,2024-02-29,RBCM,19785917.8
2024-02-29,2024-02-29,RDRB,2026820
2024-02-29,2024-02-29,RENI,55008957.2
2024-02-29,2024-02-29,RGSS,39492897.4
2024-02-29,2024-02-29,RKKE,22135050
2024-02-29,2024-02-29,RNFT,230145261.2
2024-02-29,2024-02-29,ROLO,25749263
2024-02-29,2024-02-29,ROSB,7493234
2024-02-29,2024-02-29,ROSN,2080135673.8
2024-02-29,2024-02-29,ROST,1249854
2024-02-29,2024-02-29,RTGZ,991000
2024-02-29,2024-02-29,RTKM,560179871.1
2024-02-29,2024-02-29,RTKMP,367946684
2024-02-29,2024-02-29,RTSB,1067820
2024-02-29,2024-02-29,RTSBP,840224
2024-02-29,2024-02-29,RUAL,429835575.1
2024-02-29,2024-02-29,RUSI,5934326
2024-02-29,2024-02-29,RZSB,682464
2024-02-29,2024-02-29,SAGO,668210
2024-02-29,2024-02-29,SAGOP,163970
2024-02-29,2024-02-29,SARE,730100
2024-02-29,2024-02-29,SAREP,308555
2024-02-29,2024-02-29,SBER,6562891480.7
2024-02-29,2024-02-29,SBERP,643802101.8
2024-02-29,2024-02-29,SELG,49390107.7
2024-02-29,2024-02-29,SFIN,3504331456.8
2024-02-29,2024-02-29,SGZH,301182996.1
2024-02-29,2024-02-29,SIBN,399465349.6
2024-02-29,2024-02-29,SLEN,1682504
2024-02-29,2024-02-29,SMLT,2056731479.5
2024-02-29,2024-02-29,SNGS,534770175.5
2024-02-29,2024-02-29,SNGSP,1389475684.5
2024-02-29,2024-02-29,SOFL,260847405
2024-02-29,2024-02-29,SPBE,80124689.3
2024-02-29,2024-02-29,STSB,6727085
2024-02-29,2024-02-29,STSBP,923062
2024-02-29,2024-02-29,SVAV,54628855
2024-02-29,2024-02-29,SVCB,713405723.5
2024-02-29,2024-02-29,SVET,1679928.95
2024-02-29,2024-02-29,TASB,2946748
2024-02-29,2024-02-29,TASBP,481180
2024-02-29,2024-02-29,TATN,1283969579.1
2024-02-29,2024-02-29,TATNP,334616464.7
2024-02-29,2024-02-29,TCSG,0
2024-02-29,2024-02-29,TGKA,135564898.6
2024-02-29,2024-02-29,TGKB,33204860
2024-02-29,2024-02-29,TGKBP,26105136
2024-02-29,2024-02-29,TGKN,86617730
2024-02-29,2024-02-29,TNSE,2336740
2024-02-29,2024-02-29,TORS,251960
2024-02-29,2024-02-29,TORSP,125690
2024-02-29,2024-02-29,TRMK,860008450.6
2024-02-29,2024-02-29,TRNFP,910446365.5
2024-02-29,2024-02-29,TTLK,10283373
2024-02-29,2024-02-29,TUZA,18157025
2024-02-29,2024-02-29,UGLD,422433402.2
2024-02-29,2024-02-29,UKUZ,540538
2024-02-29,2024-02-29,UNAC,212722632
2024-02-29,2024-02-29,UNKL,2605230
2024-02-29,2024-02-29,UPRO,119731982
2024-02-29,2024-02-29,URKZ,185300
2024-02-29,2024-02-29,USBN,27700200
2024-02-29,2024-02-29,UTAR,7900376
2024-02-29,2024-02-29,VEON-RX,5494559.5
2024-02-29,2024-02-29,VGSB,299440
2024-02-29,2024-02-29,VGSBP,177860
2024-02-29,2024-02-29,VJGZ,447194
2024-02-29,2024-02-29,VJGZP,483605
2024-02-29,2024-02-29,VKCO,1362476816
2024-02-29,2024-02-29,VLHZ,2981804
2024-02-29,2024-02-29,VRSB,13425400
2024-02-29,2024-02-29,VRSBP,820556
2024-02-29,2024-02-29,VSMO,28441580
2024-02-29,2024-02-29,VSYD,757250
2024-02-29,2024-02-29,VSYDP,1951240
2024-02-29,2024-02-29,VTBR,2240049111.8
2024-02-29,2024-02-29,WTCM,2441530
2024-02-29,2024-02-29,WTCMP,3448936
2024-02-29,2024-02-29,WUSH,81942726.67
2024-02-29,2024-02-29,YAKG,10659172
2024-02-29,2024-02-29,YKEN,6267210
2024-02-29,2024-02-29,YKENP,398330
2024-02-29,2024-02-29,YNDX,2129122312.6
2024-02-29,2024-02-29,YRSB,393380
2024-02-29,2024-02-29,YRSBP,398770
2024-02-29,2024-02-29,ZILL,2013275
2024-02-29,2024-02-29,ZVEZ,10477940
2024-03-31,2024-03-29,ABIO,40878934.4
2024-03-31,2024-03-29,ABRD,10556970
2024-03-31,2024-03-29,ACKO,0
2024-03-31,2024-03-29,AFKS,2864125539.3
2024-03-31,2024-03-29,AFLT,4376298458.6
2024-03-31,2024-03-29,AGRO,402631622.4
2024-03-31,2024-03-29,AKRN,141888904
2024-03-31,2024-03-29,ALRS,1327713391.2
2024-03-31,2024-03-29,AMEZ,11720038
2024-03-31,2024-03-29,APTK,35111011.86
2024-03-31,2024-03-29,AQUA,301640873
2024-03-31,2024-03-29,ARSA,4023131
2024-03-31,2024-03-29,ASSB,7206025
2024-03-31,2024-03-29,ASTR,1019121521.55
2024-03-31,2024-03-29,AVAN,9190412
2024-03-31,2024-03-29,BANE,196241230.5
2024-03-31,2024-03-29,BANEP,1240403283.5
2024-03-31,2024-03-29,BELU,206718051
2024-03-31,2024-03-29,BISVP,2985905
2024-03-31,2024-03-29,BLNG,9782549.5
2024-03-31,2024-03-29,BRZL,8959592
2024-03-31,2024-03-29,BSPB,220896550.8
2024-03-31,2024-03-29,BSPBP,2933875
2024-03-31,2024-03-29,CARM,149364660.9
2024-03-31,2024-03-29,CBOM,51879500.1
2024-03-31,2024-03-29,CHGZ,39577906
2024-03-31,2024-03-29,CHKZ,1705150
2024-03-31,2024-03-29,CHMF,2378854142.4
2024-03-31,2024-03-29,CHMK,9873415
2024-03-31,2024-03-29,CIAN,48112800.6
2024-03-31,2024-03-29,CNTL,4302694
2024-03-31,2024-03-29,CNTLP,3400418
2024-03-31,2024-03-29,DELI,615039659.4
2024-03-31,2024-03-29,DIAS,152987776
2024-03-31,2024-03-29,DIOD,751310
2024-03-31,2024-03-29,DVEC,8517873
2024-03-31,2024-03-29,DZRD,3055400
2024-03-31,2024-03-29,DZRDP,851580
2024-03-31,2024-03-29,EELT,71475535.6
2024-03-31,2024-03-29,ELFV,234096172.4
2024-03-31,2024-03-29,ENPG,56838835.6
2024-03-31,2024-03-29,ETLN,87142559.04
2024-03-31,2024-03-29,EUTR,1049935140.25
2024-03-31,2024-03-29,FEES,291925203
2024-03-31,2024-03-29,FESH,3300593007.2
2024-03-31,2024-03-29,FIVE,3338316786.5
2024-03-31,2024-03-29,FIXP,89411986.9
2024-03-31,2024-03-29,FLOT,447150886.1
2024-03-31,2024-03-29,GAZC,0
2024-03-31,2024-03-29,GAZP,2525880279.3
2024-03-31,2024-03-29,GAZS,0
2024-03-31,2024-03-29,GAZT,0
2024-03-31,2024-03-29,GCHE,243763922.5
2024-03-31,2024-03-29,GECO,14383060.5
2024-03-31,2024-03-29,GEMA,5885088
2024-03-31,2024-03-29,GEMC,112510132.5
2024-03-31,2024-03-29,GLTR,390659757.1
2024-03-31,2024-03-29,GMKN,1049552710
2024-03-31,2024-03-29,GTRK,82676452
2024-03-31,2024-03-29,HHRU,313631635
2024-03-31,2024-03-29,HIMCP,2535892
2024-03-31,2024-03-29,HNFG,78775407.2
2024-03-31,2024-03-29,HYDR,208996862.8
2024-03-31,2024-03-29,IGST,21994480
2024-03-31,2024-03-29,IGSTP,22657610
2024-03-31,2024-03-29,INGR,1036355
2024-03-31,2024-03-29,IRAO,306283936.7
2024-03-31,2024-03-29,IRKT,159221150
2024-03-31,2024-03-29,JNOS,474755
2024-03-31,2024-03-29,JNOSP,277102
2024-03-31,2024-03-29,KAZT,14997588
2024-03-31,2024-03-29,KAZTP,5423420
2024-03-31,2024-03-29,KBSB,3977540
2024-03-31,2024-03-29,KCHE,1803530
2024-03-31,2024-03-29,KCHEP,1691450
2024-03-31,2024-03-29,KGKC,679856
2024-03-31,2024-03-29,KGKCP,543744
2024-03-31,2024-03-29,KLSB,13879658
2024-03-31,2024-03-29,KLVZ,7805437.5
2024-03-31,2024-03-29,KMAZ,46184322
2024-03-31,2024-03-29,KMEZ,7105020
2024-03-31,2024-03-29,KOGK,30364400
2024-03-31,2024-03-29,KRKN,128250
2024-03-31,2024-03-29,KRKNP,2444620
2024-03-31,2024-03-29,KRKOP,389816
2024-03-31,2024-03-29,KROT,7190570
2024-03-31,2024-03-29,KROTP,1046200
2024-03-31,2024-03-29,KRSB,1132316
2024-03-31,2024-03-29,KRSBP,540794
2024-03-31,2024-03-29,KUBE,1595356
2024-03-31,2024-03-29,KUZB,3376525.5
2024-03-31,2024-03-29,KZOS,18330046
2024-03-31,2024-03-29,KZOSP,10523782.6
2024-03-31,2024-03-29,LEAS,5139557831.2
2024-03-31,2024-03-29,LENT,154232422
2024-03-31,2024-03-29,LKOH,5309786123.5
2024-03-31,2024-03-29,LNZL,27539010
2024-03-31,2024-03-29,LNZLP,46265630
2024-03-31,2024-03-29,LSNG,6410018
2024-03-31,2024-03-29,LSNGP,23931615.5
2024-03-31,2024-03-29,LSRG,571994249.8
2024-03-31,2024-03-29,LVHK,2233345
2024-03-31,2024-03-29,MAGE,1570958
2024-03-31,2024-03-29,MAGEP,1017718
2024-03-31,2024-03-29,MAGN,990233339.35
2024-03-31,2024-03-29,MDMG,53488962.3
2024-03-31,2024-03-29,MFGS,486185
2024-03-31,2024-03-29,MFGSP,677185
2024-03-31,2024-03-29,MGKL,6873096.35
2024-03-31,2024-03-29,MGNT,3531590157
2024-03-31,2024-03-29,MGNZ,0
2024-03-31,2024-03-29,MGTS,273840
2024-03-31,2024-03-29,MGTSP,8982828
2024-03-31,2024-03-29,MISB,969350
2024-03-31,2024-03-29,MISBP,2622540
2024-03-31,2024-03-29,MOEX,1016454394.7
2024-03-31,2024-03-29,MRKC,17007811.6
2024-03-31,2024-03-29,MRKK,1087219.6
2024-03-31,2024-03-29,MRKP,44540682
2024-03-31,2024-03-29,MRKS,21315460
2024-03-31,2024-03-29,MRKU,18716182
2024-03-31,2024-03-29,MRKV,21467225
2024-03-31,2024-03-29,MRKY,5373247
2024-03-31,2024-03-29,MRKZ,12217453.5
2024-03-31,2024-03-29,MRSB,1057830
2024-03-31,2024-03-29,MSNG,26553590
2024-03-31,2024-03-29,MSRS,48418787
2024-03-31,2024-03-29,MSTT,13977410.5
2024-03-31,2024-03-29,MTLR,981676174.81
2024-03-31,2024-03-29,MTLRP,334023227
2024-03-31,2024-03-29,MTSS,906209686
2024-03-31,2024-03-29,MVID,123961614.3
2024-03-31,2024-03-29,NAUK,4912450
2024-03-31,2024-03-29,NFAZ,43178450
2024-03-31,2024-03-29,NKHP,12359350
2024-03-31,2024-03-29,NKNC,7718954.5
2024-03-31,2024-03-29,NKNCP,8185308
2024-03-31,2024-03-29,NKSH,19098750
2024-03-31,2024-03-29,NLMK,1306115009.4
2024-03-31,2024-03-29,NMTP,228654115
2024-03-31,2024-03-29,NNSB,2394440
2024-03-31,2024-03-29,NNSBP,1687238
2024-03-31,2024-03-29,NSVZ,11798835
2024-03-31,2024-03-29,NVTK,1313831015.4
2024-03-31,2024-03-29,OGKB,55765190.9
2024-03-31,2024-03-29,OKEY,30803011
2024-03-31,2024-03-29,OMZZP,14212540
2024-03-31,2024-03-29,OZON,1887158699.5
2024-03-31,2024-03-29,PHOR,294833639
2024-03-31,2024-03-29,PIKK,299213808
2024-03-31,2024-03-29,PLZL,3685567749
2024-03-31,2024-03-29,PMSB,17852504
2024-03-31,2024-03-29,PMSBP,22906232
2024-03-31,2024-03-29,POLY,322922550.9
2024-03-31,2024-03-29,POSI,546125538.6
2024-03-31,2024-03-29,PRFN,1962268.2
2024-03-31,2024-03-29,PRMB,5379200
2024-03-31,2024-03-29,QIWI,127182144.5
2024-03-31,2024-03-29,RASP,207034102.5
2024-03-31,2024-03-29,RBCM,251671119
2024-03-31,2024-03-29,RDRB,3328740
2024-03-31,2024-03-29,RENI,60762391.2
2024-03-31,2024-03-29,RGSS,4506596
2024-03-31,2024-03-29,RKKE,49667660
2024-03-31,2024-03-29,RNFT,2274812799.3
2024-03-31,2024-03-29,ROLO,37549965.8
2024-03-31,2024-03-29,ROSB,78322054
2024-03-31,2024-03-29,ROSN,3155868895.4
2024-03-31,2024-03-29,ROST,2465038
2024-03-31,2024-03-29,RTGZ,94000
2024-03-31,2024-03-29,RTKM,1726086020.8
2024-03-31,2024-03-29,RTKMP,512127444
2024-03-31,2024-03-29,RTSB,4189685
2024-03-31,2024-03-29,RTSBP,3682348
2024-03-31,2024-03-29,RUAL,274920490.75
2024-03-31,2024-03-29,RUSI,22311224
2024-03-31,2024-03-29,RZSB,1809092
2024-03-31,2024-03-29,SAGO,31915090
2024-03-31,2024-03-29,SAGOP,12111975
2024-03-31,2024-03-29,SARE,1352240
2024-03-31,2024-03-29,SAREP,1131335
2024-03-31,2024-03-29,SBER,5288501325.2
2024-03-31,2024-03-29,SBERP,493971349.5
2024-03-31,2024-03-29,SELG,504711176.7
2024-03-31,2024-03-29,SFIN,3776958337.8
2024-03-31,2024-03-29,SGZH,315645273.5
2024-03-31,2024-03-29,SIBN,1623386851.05
2024-03-31,2024-03-29,SLEN,1219850.5
2024-03-31,2024-03-29,SMLT,265636098.5
2024-03-31,2024-03-29,SNGS,1884447192.5
2024-03-31,2024-03-29,SNGSP,4194883687
2024-03-31,2024-03-29,SOFL,267770474.8
2024-03-31,2024-03-29,SPBE,50845945.6
2024-03-31,2024-03-29,STSB,2547730
2024-03-31,2024-03-29,STSBP,1908482
2024-03-31,2024-03-29,SVAV,56105973.5
2024-03-31,2024-03-29,SVCB,923972577
2024-03-31,2024-03-29,SVET,5700273.4
2024-03-31,2024-03-29,TASB,1336720
2024-03-31,2024-03-29,TASBP,902780
2024-03-31,2024-03-29,TATN,1541770499.1
2024-03-31,2024-03-29,TATNP,364244901
2024-03-31,2024-03-29,TCSG,5310490712.5
2024-03-31,2024-03-29,TGKA,64258441.6
2024-03-31,2024-03-29,TGKB,22364275
2024-03-31,2024-03-29,TGKBP,18291968
2024-03-31,2024-03-29,TGKN,56955454
2024-03-31,2024-03-29,TNSE,986480
2024-03-31,2024-03-29,TORS,1161900
2024-03-31,2024-03-29,TORSP,852970
2024-03-31,2024-03-29,TRMK,240561393.8
2024-03-31,2024-03-29,TRNFP,2998856973
2024-03-31,2024-03-29,TTLK,11439588
2024-03-31,2024-03-29,TUZA,34979980
2024-03-31,2024-03-29,UGLD,1274124059.8
2024-03-31,2024-03-29,UKUZ,393222
2024-03-31,2024-03-29,UNAC,27154348.5
2024-03-31,2024-03-29,UNKL,4850310
2024-03-31,2024-03-29,UPRO,158041928
2024-03-31,2024-03-29,URKZ,3020650
2024-03-31,2024-03-29,USBN,3986060
2024-03-31,2024-03-29,UTAR,8157001
2024-03-31,2024-03-29,VEON-RX,3686470
2024-03-31,2024-03-29,VGSB,43463560
2024-03-31,2024-03-29,VGSBP,38979300
2024-03-31,2024-03-29,VJGZ,390248
2024-03-31,2024-03-29,VJGZP,4884548
2024-03-31,2024-03-29,VKCO,504883152.6
2024-03-31,2024-03-29,VLHZ,1163172
2024-03-31,2024-03-29,VRSB,6983045
2024-03-31,2024-03-29,VRSBP,688380
2024-03-31,2024-03-29,VSMO,48919980
2024-03-31,2024-03-29,VSYD,2486050
2024-03-31,2024-03-29,VSYDP,1544300
2024-03-31,2024-03-29,VTBR,1866723653.15
2024-03-31,2024-03-29,WTCM,6313224
2024-03-31,2024-03-29,WTCMP,2737784
2024-03-31,2024-03-29,WUSH,352590424.99
2024-03-31,2024-03-29,YAKG,10780691.5
2024-03-31,2024-03-29,YKEN,2138460
2024-03-31,2024-03-29,YKENP,917620
2024-03-31,2024-03-29,YNDX,2590484880
2024-03-31,2024-03-29,YRSB,2959840
2024-03-31,2024-03-29,YRSBP,358945
2024-03-31,2024-03-29,ZILL,652715
2024-03-31,2024-03-29,ZVEZ,1519450
2024-04-30,2024-04-30,ABIO,27205223.8
2024-04-30,2024-04-30,ABRD,17097168
2024-04-30,2024-04-30,ACKO,0
2024-04-30,2024-04-30,AFKS,610885076
2024-04-30,2024-04-30,AFLT,304155910.9
2024-04-30,2024-04-30,AGRO,186965169.4
2024-04-30,2024-04-30,AKRN,6639266
2024-04-30,2024-04-30,ALRS,358241366.5
2024-04-30,2024-04-30,AMEZ,6308964
2024-04-30,2024-04-30,APTK,18413523.82
2024-04-30,2024-04-30,AQUA,30900224.5
2024-04-30,2024-04-30,ARSA,5543210
2024-04-30,2024-04-30,ASSB,19988500
2024-04-30,2024-04-30,ASTR,305435644.35
2024-04-30,2024-04-30,AVAN,2738910
2024-04-30,2024-04-30,BANE,56412267
2024-04-30,2024-04-30,BANEP,127242273.5
2024-04-30,2024-04-30,BELU,104687580
2024-04-30,2024-04-30,BISVP,419957
2024-04-30,2024-04-30,BLNG,19240190.5
2024-04-30,2024-04-30,BRZL,14963924
2024-04-30,2024-04-30,BSPB,275939201.2
2024-04-30,2024-04-30,BSPBP,4707040
2024-04-30,2024-04-30,CARM,20620269.15
2024-04-30,2024-04-30,CBOM,38507621.7
2024-04-30,2024-04-30,CHGZ,110627342
2024-04-30,2024-04-30,CHKZ,866950
2024-04-30,2024-04-30,CHMF,953905257.4
2024-04-30,2024-04-30,CHMK,1940985
2024-04-30,2024-04-30,CIAN,19747092.4
2024-04-30,2024-04-30,CNTL,5541262
2024-04-30,2024-04-30,CNTLP,2176952
2024-04-30,2024-04-30,DELI,42377542.85
2024-04-30,2024-04-30,DIAS,75404193.5
2024-04-30,2024-04-30,DIOD,764949
2024-04-30,2024-04-30,DVEC,11842147
2024-04-30,2024-04-30,DZRD,494355
2024-04-30,2024-04-30,DZRDP,396700
2024-04-30,2024-04-30,EELT,9723101
2024-04-30,2024-04-30,ELFV,123105094.8
2024-04-30,2024-04-30,ENPG,64647759
2024-04-30,2024-04-30,ETLN,47008115.64
2024-04-30,2024-04-30,EUTR,762176795.8
2024-04-30,2024-04-30,FEES,1376443463.8
2024-04-30,2024-04-30,FESH,99552946.5
2024-04-30,2024-04-30,FIVE,0
2024-04-30,2024-04-30,FIXP,46565002.6
2024-04-30,2024-04-30,FLOT,151764079.5
2024-04-30,2024-04-30,GAZC,0
2024-04-30,2024-04-30,GAZP,1177588505.4
2024-04-30,2024-04-30,GAZS,0
2024-04-30,2024-04-30,GAZT,0
2024-04-30,2024-04-30,GCHE,20576851.5
2024-04-30,2024-04-30,GECO,8053485.4
2024-04-30,2024-04-30,GEMA,14911183.5
2024-04-30,2024-04-30,GEMC,42634168.2
2024-04-30,2024-04-30,GLTR,305416515.6
2024-04-30,2024-04-30,GMKN,445055587.8
2024-04-30,2024-04-30,GTRK,8966688401
2024-04-30,2024-04-30,HHRU,52208419
2024-04-30,2024-04-30,HIMCP,1660734
2024-04-30,2024-04-30,HNFG,27245118.7
2024-04-30,2024-04-30,HYDR,115618010.3
2024-04-30,2024-04-30,IGST,3425920
2024-04-30,2024-04-30,IGSTP,10128420
2024-04-30,2024-04-30,INGR,388925
2024-04-30,2024-04-30,IRAO,180750530.9
2024-04-30,2024-04-30,IRKT,138849555
2024-04-30,2024-04-30,JNOS,126360
2024-04-30,2024-04-30,JNOSP,928836
2024-04-30,2024-04-30,KAZT,8777946
2024-04-30,2024-04-30,KAZTP,780970
2024-04-30,2024-04-30,KBSB,2267190
2024-04-30,2024-04-30,KCHE,636170
2024-04-30,2024-04-30,KCHEP,101000
2024-04-30,2024-04-30,KGKC,663372
2024-04-30,2024-04-30,KGKCP,893484
2024-04-30,2024-04-30,KLSB,33597410
2024-04-30,2024-04-30,KLVZ,3057344.6
2024-04-30,2024-04-30,KMAZ,50425161
2024-04-30,2024-04-30,KMEZ,1713280
2024-04-30,2024-04-30,KOGK,422600
2024-04-30,2024-04-30,KRKN,88600
2024-04-30,2024-04-30,KRKNP,2518620
2024-04-30,2024-04-30,KRKOP,105680
2024-04-30,2024-04-30,KROT,26426020
2024-04-30,2024-04-30,KROTP,3187600
2024-04-30,2024-04-30,KRSB,1495118
2024-04-30,2024-04-30,KRSBP,1895358
2024-04-30,2024-04-30,KUBE,1825610
2024-04-30,2024-04-30,KUZB,1370103.5
2024-04-30,2024-04-30,KZOS,7916944
2024-04-30,2024-04-30,KZOSP,1584988.7
2024-04-30,2024-04-30,LEAS,52722058.3
2024-04-30,2024-04-30,LENT,118929850.5
2024-04-30,2024-04-30,LKOH,3532834568.5
2024-04-30,2024-04-30,LNZL,6976430
2024-04-30,2024-04-30,LNZLP,13297375
2024-04-30,2024-04-30,LSNG,17572287
2024-04-30,2024-04-30,LSNGP,15732069
2024-04-30,2024-04-30,LSRG,1077349803.4
2024-04-30,2024-04-30,LVHK,517310
2024-04-30,2024-04-30,MAGE,829583
2024-04-30,2024-04-30,MAGEP,258843
2024-04-30,2024-04-30,MAGN,416748367.3
2024-04-30,2024-04-30,MBNK,180406175
2024-04-30,2024-04-30,MDMG,33451204
2024-04-30,2024-04-30,MFGS,901720
2024-04-30,2024-04-30,MFGSP,662205
2024-04-30,2024-04-30,MGKL,3358703.9
2024-04-30,2024-04-30,MGNT,1427820454
2024-04-30,2024-04-30,MGNZ,0
2024-04-30,2024-04-30,MGTS,116450
2024-04-30,2024-04-30,MGTSP,7163576
2024-04-30,2024-04-30,MISB,933710
2024-04-30,2024-04-30,MISBP,987910
2024-04-30,2024-04-30,MOEX,632439764.6
2024-04-30,2024-04-30,MRKC,20061930.2
2024-04-30,2024-04-30,MRKK,386778.2
2024-04-30,2024-04-30,MRKP,44160144
2024-04-30,2024-04-30,MRKS,3883225
2024-04-30,2024-04-30,MRKU,57543982
2024-04-30,2024-04-30,MRKV,18322052
2024-04-30,2024-04-30,MRKY,7729233.5
2024-04-30,2024-04-30,MRKZ,20166420
2024-04-30,2024-04-30,MRSB,2160230
2024-04-30,2024-04-30,MSNG,32899730.5
2024-04-30,2024-04-30,MSRS,16246406.5
2024-04-30,2024-04-30,MSTT,19032504.5
2024-04-30,2024-04-30,MTLR,1732779391.96
2024-04-30,2024-04-30,MTLRP,353497182.5
2024-04-30,2024-04-30,MTSS,396068192
2024-04-30,2024-04-30,MVID,100320450.1
2024-04-30,2024-04-30,NAUK,987465
2024-04-30,2024-04-30,NFAZ,1946005
2024-04-30,2024-04-30,NKHP,56052530
2024-04-30,2024-04-30,NKNC,6085698
2024-04-30,2024-04-30,NKNCP,4473340
2024-04-30,2024-04-30,NKSH,1717910
2024-04-30,2024-04-30,NLMK,1441602763.6
2024-04-30,2024-04-30,NMTP,87301169
2024-04-30,2024-04-30,NNSB,163130
2024-04-30,2024-04-30,NNSBP,519216
2024-04-30,2024-04-30,NSVZ,26839205
2024-04-30,2024-04-30,NVTK,638448288.4
2024-04-30,2024-04-30,OGKB,35493902.9
2024-04-30,2024-04-30,OKEY,5187045.6
2024-04-30,2024-04-30,OMZZP,17406780
2024-04-30,2024-04-30,OZON,1744674515
2024-04-30,2024-04-30,PHOR,147097436
2024-04-30,2024-04-30,PIKK,122635728.2
2024-04-30,2024-04-30,PLZL,1707665534.5
2024-04-30,2024-04-30,PMSB,37817005
2024-04-30,2024-04-30,PMSBP,7156286
2024-04-30,2024-04-30,POLY,85084635.5
2024-04-30,2024-04-30,POSI,900524717
2024-04-30,2024-04-30,PRFN,2763551.4
2024-04-30,2024-04-30,PRMB,1846000
2024-04-30,2024-04-30,QIWI,32642022
2024-04-30,2024-04-30,RASP,214244445
2024-04-30,2024-04-30,RBCM,204562362
2024-04-30,2024-04-30,RDRB,5664660
2024-04-30,2024-04-30,RENI,105442905.6
2024-04-30,2024-04-30,RGSS,3348916
2024-04-30,2024-04-30,RKKE,11540590
2024-04-30,2024-04-30,RNFT,2523281240.8
2024-04-30,2024-04-30,ROLO,33233758
2024-04-30,2024-04-30,ROSB,16902870
2024-04-30,2024-04-30,ROSN,368455947.55
2024-04-30,2024-04-30,ROST,1224526
2024-04-30,2024-04-30,RTGZ,73500
2024-04-30,2024-04-30,RTKM,47429537.1
2024-04-30,2024-04-30,RTKMP,39117232
2024-04-30,2024-04-30,RTSB,536260
2024-04-30,2024-04-30,RTSBP,1064516
2024-04-30,2024-04-30,RUAL,311273217.8
2024-04-30,2024-04-30,RUSI,22458148
2024-04-30,2024-04-30,RZSB,2520352
2024-04-30,2024-04-30,SAGO,3861680
2024-04-30,2024-04-30,SAGOP,3776335
2024-04-30,2024-04-30,SARE,2741540
2024-04-30,2024-04-30,SAREP,1569525
2024-04-30,2024-04-30,SBER,1844647205.8
2024-04-30,2024-04-30,SBERP,285569247.7
2024-04-30,2024-04-30,SELG,67732699.1
2024-04-30,2024-04-30,SFIN,137742968.6
2024-04-30,2024-04-30,SGZH,144674516.9
2024-04-30,2024-04-30,SIBN,152689324.9
2024-04-30,2024-04-30,SLEN,4693174.5
2024-04-30,2024-04-30,SMLT,524905607.5
2024-04-30,2024-04-30,SNGS,2206676757.5
2024-04-30,2024-04-30,SNGSP,418056805
2024-04-30,2024-04-30,SOFL,1653312382.6
2024-04-30,2024-04-30,SPBE,60556665.7
2024-04-30,2024-04-30,STSB,2648420
2024-04-30,2024-04-30,STSBP,249732
2024-04-30,2024-04-30,SVAV,38642655.5
2024-04-30,2024-04-30,SVCB,101191602.5
2024-04-30,2024-04-30,SVET,5850903.95
2024-04-30,2024-04-30,TASB,1085732
2024-04-30,2024-04-30,TASBP,1780880
2024-04-30,2024-04-30,TATN,273367418.9
2024-04-30,2024-04-30,TATNP,57608411.7
2024-04-30,2024-04-30,TCSG,560087737
2024-04-30,2024-04-30,TGKA,1136091760
2024-04-30,2024-04-30,TGKB,78717385
2024-04-30,2024-04-30,TGKBP,29748691
2024-04-30,2024-04-30,TGKN,122079350
2024-04-30,2024-04-30,TNSE,6531110
2024-04-30,2024-04-30,TORS,11135100
2024-04-30,2024-04-30,TORSP,12976630
2024-04-30,2024-04-30,TRMK,215462189.8
2024-04-30,2024-04-30,TRNFP,172333680.5
2024-04-30,2024-04-30,TTLK,5029204.5
2024-04-30,2024-04-30,TUZA,22497030
2024-04-30,2024-04-30,UGLD,192458623.2
2024-04-30,2024-04-30,UKUZ,233280
2024-04-30,2024-04-30,UNAC,145263942
2024-04-30,2024-04-30,UNKL,1278560
2024-04-30,2024-04-30,UPRO,100578766
2024-04-30,2024-04-30,URKZ,0
2024-04-30,2024-04-30,USBN,36532294
2024-04-30,2024-04-30,UTAR,112125897
2024-04-30,2024-04-30,VEON-RX,442498.5
2024-04-30,2024-04-30,VGSB,888800
2024-04-30,2024-04-30,VGSBP,395360
2024-04-30,2024-04-30,VJGZ,431844
2024-04-30,2024-04-30,VJGZP,4037508
2024-04-30,2024-04-30,VKCO,314734239.4
2024-04-30,2024-04-30,VLHZ,656448
2024-04-30,2024-04-30,VRSB,26876805
2024-04-30,2024-04-30,VRSBP,812762
2024-04-30,2024-04-30,VSMO,91063380
2024-04-30,2024-04-30,VSYD,339550
2024-04-30,2024-04-30,VSYDP,40000
2024-04-30,2024-04-30,VTBR,654910550.7
2024-04-30,2024-04-30,WTCM,1485302
2024-04-30,2024-04-30,WTCMP,5481504
2024-04-30,2024-04-30,WUSH,159785870.47
2024-04-30,2024-04-30,YAKG,3122624.5
2024-04-30,2024-04-30,YKEN,695270
2024-04-30,2024-04-30,YKENP,453560
2024-04-30,2024-04-30,YNDX,430619704.2
2024-04-30,2024-04-30,YRSB,84100
2024-04-30,2024-04-30,YRSBP,251435
2024-04-30,2024-04-30,ZAYM,18119036
2024-04-30,2024-04-30,ZILL,1915145
2024-04-30,2024-04-30,ZVEZ,1103830
2024-05-31,2024-05-31,ABIO,52643245
2024-05-31,2024-05-31,ABRD,39144658
2024-05-31,2024-05-31,ACKO,0
2024-05-31,2024-05-31,AFKS,4026837579.7
2024-05-31,2024-05-31,AFLT,1418173975
2024-05-31,2024-05-31,AGRO,237233991
2024-05-31,2024-05-31,AKRN,57652962
2024-05-31,2024-05-31,ALRS,2245371482.8
2024-05-31,2024-05-31,AMEZ,41828258
2024-05-31,2024-05-31,APTK,36044515
2024-05-31,2024-05-31,AQUA,181885797.5
2024-05-31,2024-05-31,ARSA,12587435
2024-05-31,2024-05-31,ASSB,2739360
2024-05-31,2024-05-31,ASTR,600971401.4
2024-05-31,2024-05-31,AVAN,4871848
2024-05-31,2024-05-31,BANE,387233098
2024-05-31,2024-05-31,BANEP,2488878423
2024-05-31,2024-05-31,BELU,379419874
2024-05-31,2024-05-31,BISVP,1801374
2024-05-31,2024-05-31,BLNG,47938319
2024-05-31,2024-05-31,BRZL,5900235
2024-05-31,2024-05-31,BSPB,926314646.4
2024-05-31,2024-05-31,BSPBP,19881555
2024-05-31,2024-05-31,CARM,21097858.5
2024-05-31,2024-05-31,CBOM,61351184.7
2024-05-31,2024-05-31,CHGZ,2871148
2024-05-31,2024-05-31,CHKZ,1580000
2024-05-31,2024-05-31,CHMF,4410108288.8
2024-05-31,2024-05-31,CHMK,4750230
2024-05-31,2024-05-31,CIAN,77177768.2
2024-05-31,2024-05-31,CNTL,12816470
2024-05-31,2024-05-31,CNTLP,4902986
2024-05-31,2024-05-31,DELI,118288960.95
2024-05-31,2024-05-31,DIAS,71398307
2024-05-31,2024-05-31,DIOD,4172219
2024-05-31,2024-05-31,DVEC,8621382
2024-05-31,2024-05-31,DZRD,554850
2024-05-31,2024-05-31,DZRDP,1062420
2024-05-31,2024-05-31,EELT,17001639
2024-05-31,2024-05-31,ELFV,84499463.2
2024-05-31,2024-05-31,ENPG,145180889.05
2024-05-31,2024-05-31,ETLN,54985936.42
2024-05-31,2024-05-31,EUTR,2141676136.25
2024-05-31,2024-05-31,FEES,520042499.6
2024-05-31,2024-05-31,FESH,503431432.8
2024-05-31,2024-05-31,FIVE,0
2024-05-31,2024-05-31,FIXP,92904937.2
2024-05-31,2024-05-31,FLOT,1068245628.3
2024-05-31,2024-05-31,GAZC,0
2024-05-31,2024-05-31,GAZP,9476443226.7
2024-05-31,2024-05-31,GAZS,0
2024-05-31,2024-05-31,GAZT,0
2024-05-31,2024-05-31,GCHE,45794946.5
2024-05-31,2024-05-31,GECO,35283599.2
2024-05-31,2024-05-31,GEMA,6070068
2024-05-31,2024-05-31,GEMC,54748115.1
2024-05-31,2024-05-31,GLTR,373396724.7
2024-05-31,2024-05-31,GMKN,2343565901.6
2024-05-31,2024-05-31,GTRK,606359939
2024-05-31,2024-05-31,HHRU,217763036
2024-05-31,2024-05-31,HIMCP,4806394
2024-05-31,2024-05-31,HNFG,150607784.6
2024-05-31,2024-05-31,HYDR,259179269.6
2024-05-31,2024-05-31,IGST,1210000
2024-05-31,2024-05-31,IGSTP,1051880
2024-05-31,2024-05-31,INGR,500206
2024-05-31,2024-05-31,IRAO,2967872233.2
2024-05-31,2024-05-31,IRKT,193650510
2024-05-31,2024-05-31,JNOS,354485
2024-05-31,2024-05-31,JNOSP,1666130
2024-05-31,2024-05-31,KAZT,8714070
2024-05-31,2024-05-31,KAZTP,3731230
2024-05-31,2024-05-31,KBSB,1049575
2024-05-31,2024-05-31,KCHE,1300310
2024-05-31,2024-05-31,KCHEP,598750
2024-05-31,2024-05-31,KGKC,1054034
2024-05-31,2024-05-31,KGKCP,1765756
2024-05-31,2024-05-31,KLSB,7344086
2024-05-31,2024-05-31,KLVZ,7218513.8
2024-05-31,2024-05-31,KMAZ,218021511
2024-05-31,2024-05-31,KMEZ,2656372
2024-05-31,2024-05-31,KOGK,495200
2024-05-31,2024-05-31,KRKN,388250
2024-05-31,2024-05-31,KRKNP,8709740
2024-05-31,2024-05-31,KRKOP,467610
2024-05-31,2024-05-31,KROT,11227710
2024-05-31,2024-05-31,KROTP,6005090
2024-05-31,2024-05-31,KRSB,3348722
2024-05-31,2024-05-31,KRSBP,1806844
2024-05-31,2024-05-31,KUBE,4821508
2024-05-31,2024-05-31,KUZB,4067827
2024-05-31,2024-05-31,KZOS,27971435
2024-05-31,2024-05-31,KZOSP,9134561.4
2024-05-31,2024-05-31,LEAS,201076871.3
2024-05-31,2024-05-31,LENT,48735612
2024-05-31,2024-05-31,LKOH,8612603369.5
2024-05-31,2024-05-31,LNZL,9126330
2024-05-31,2024-05-31,LNZLP,5162520
2024-05-31,2024-05-31,LSNG,31213567
2024-05-31,2024-05-31,LSNGP,130890962
2024-05-31,2024-05-31,LSRG,310817040.2
2024-05-31,2024-05-31,LVHK,26847595
2024-05-31,2024-05-31,MAGE,4422280
2024-05-31,2024-05-31,MAGEP,2939469
2024-05-31,2024-05-31,MAGN,1397415171.45
2024-05-31,2024-05-31,MBNK,302320578
2024-05-31,2024-05-31,MDMG,0
2024-05-31,2024-05-31,MFGS,561255
2024-05-31,2024-05-31,MFGSP,1209425
2024-05-31,2024-05-31,MGKL,17681593.8
2024-05-31,2024-05-31,MGNT,7959633477.5
2024-05-31,2024-05-31,MGNZ,0
2024-05-31,2024-05-31,MGTS,1040240
2024-05-31,2024-05-31,MGTSP,14283570
2024-05-31,2024-05-31,MISB,3457040
2024-05-31,2024-05-31,MISBP,1277350
2024-05-31,2024-05-31,MOEX,1953939135.8
2024-05-31,2024-05-31,MRKC,63923015.2
2024-05-31,2024-05-31,MRKK,1718555.4
2024-05-31,2024-05-31,MRKP,71070359
2024-05-31,2024-05-31,MRKS,63268925
2024-05-31,2024-05-31,MRKU,130986756
2024-05-31,2024-05-31,MRKV,39178761.5
2024-05-31,2024-05-31,MRKY,23912051.5
2024-05-31,2024-05-31,MRKZ,96752462
2024-05-31,2024-05-31,MRSB,3201730
2024-05-31,2024-05-31,MSNG,62952322.5
2024-05-31,2024-05-31,MSRS,54782572
2024-05-31,2024-05-31,MSTT,25956824
2024-05-31,2024-05-31,MTLR,1770485086.99
2024-05-31,2024-05-31,MTLRP,603451443
2024-05-31,2024-05-31,MTSS,1310452966.5
2024-05-31,2024-05-31,MVID,127321251.4
2024-05-31,2024-05-31,NAUK,2709700
2024-05-31,2024-05-31,NFAZ,1998025
2024-05-31,2024-05-31,NKHP,31961025
2024-05-31,2024-05-31,NKNC,9049963
2024-05-31,2024-05-31,NKNCP,20444040.8
2024-05-31,2024-05-31,NKSH,2988940
2024-05-31,2024-05-31,NLMK,4804713407.4
2024-05-31,2024-05-31,NMTP,735792881
2024-05-31,2024-05-31,NNSB,491770
2024-05-31,2024-05-31,NNSBP,471964
2024-05-31,2024-05-31,NSVZ,14656600
2024-05-31,2024-05-31,NVTK,1682857912.8
2024-05-31,2024-05-31,OGKB,243935048.8
2024-05-31,2024-05-31,OKEY,12876158.3
2024-05-31,2024-05-31,OMZZP,3057800
2024-05-31,2024-05-31,OZON,5361932472
2024-05-31,2024-05-31,PHOR,552423808
2024-05-31,2024-05-31,PIKK,431822396.4
2024-05-31,2024-05-31,PLZL,2623608000.5
2024-05-31,2024-05-31,PMSB,20679432
2024-05-31,2024-05-31,PMSBP,10571102
2024-05-31,2024-05-31,POLY,238441778.8
2024-05-31,2024-05-31,POSI,932108898.6
2024-05-31,2024-05-31,PRFN,7359670.2
2024-05-31,2024-05-31,PRMB,1336000
2024-05-31,2024-05-31,QIWI,357160519.2
2024-05-31,2024-05-31,RASP,195936395
2024-05-31,2024-05-31,RBCM,96863749
2024-05-31,2024-05-31,RDRB,7468340
2024-05-31,2024-05-31,RENI,144219779.8
2024-05-31,2024-05-31,RGSS,8180709
2024-05-31,2024-05-31,RKKE,15817500
2024-05-31,2024-05-31,RNFT,1893375235.5
2024-05-31,2024-05-31,ROLO,70664141.8
2024-05-31,2024-05-31,ROSB,32465644
2024-05-31,2024-05-31,ROSN,3477937156.9
2024-05-31,2024-05-31,ROST,6062022
2024-05-31,2024-05-31,RTGZ,5476100
2024-05-31,2024-05-31,RTKM,476269727.6
2024-05-31,2024-05-31,RTKMP,218608063.5
2024-05-31,2024-05-31,RTSB,1655435
2024-05-31,2024-05-31,RTSBP,566268
2024-05-31,2024-05-31,RUAL,1150884215.6
2024-05-31,2024-05-31,RUSI,3602212
2024-05-31,2024-05-31,RZSB,9148952
2024-05-31,2024-05-31,SAGO,2288840
2024-05-31,2024-05-31,SAGOP,986400
2024-05-31,2024-05-31,SARE,1134950
2024-05-31,2024-05-31,SAREP,2437130
2024-05-31,2024-05-31,SBER,15479042373.3
2024-05-31,2024-05-31,SBERP,1590721567.6
2024-05-31,2024-05-31,SELG,275243176.1
2024-05-31,2024-05-31,SFIN,319565928
2024-05-31,2024-05-31,SGZH,1084453856
2024-05-31,2024-05-31,SIBN,1162320145.7
2024-05-31,2024-05-31,SLEN,1345429.5
2024-05-31,2024-05-31,SMLT,1185592654
2024-05-31,2024-05-31,SNGS,2195823150
2024-05-31,2024-05-31,SNGSP,4194776089
2024-05-31,2024-05-31,SOFL,533419317.4
2024-05-31,2024-05-31,SPBE,220384578.1
2024-05-31,2024-05-31,STSB,5633000
2024-05-31,2024-05-31,STSBP,2916688
2024-05-31,2024-05-31,SVAV,332931825.5
2024-05-31,2024-05-31,SVCB,797639242.5
2024-05-31,2024-05-31,SVET,3340862.85
2024-05-31,2024-05-31,SVETP,770884.1
2024-05-31,2024-05-31,TASB,1020908
2024-05-31,2024-05-31,TASBP,701060
2024-05-31,2024-05-31,TATN,1695943321
2024-05-31,2024-05-31,TATNP,532137797.5
2024-05-31,2024-05-31,TCSG,4593541894.5
2024-05-31,2024-05-31,TGKA,66236720.4
2024-05-31,2024-05-31,TGKB,26265875
2024-05-31,2024-05-31,TGKBP,8568152
2024-05-31,2024-05-31,TGKN,76816745
2024-05-31,2024-05-31,TNSE,345775
2024-05-31,2024-05-31,TORS,641620
2024-05-31,2024-05-31,TORSP,886910
2024-05-31,2024-05-31,TRMK,822864530.6
2024-05-31,2024-05-31,TRNFP,2959059670
2024-05-31,2024-05-31,TTLK,13480628
2024-05-31,2024-05-31,TUZA,28134505
2024-05-31,2024-05-31,UGLD,517942072
2024-05-31,2024-05-31,UKUZ,521976
2024-05-31,2024-05-31,UNAC,211132034.5
2024-05-31,2024-05-31,UNKL,9604030
2024-05-31,2024-05-31,UPRO,309422937
2024-05-31,2024-05-31,URKZ,404200
2024-05-31,2024-05-31,USBN,37840632
2024-05-31,2024-05-31,UTAR,8326377
2024-05-31,2024-05-31,VEON-RX,3344322.5
2024-05-31,2024-05-31,VGSB,1637100
2024-05-31,2024-05-31,VGSBP,497980
2024-05-31,2024-05-31,VJGZ,9516654
2024-05-31,2024-05-31,VJGZP,23588920
2024-05-31,2024-05-31,VKCO,1952823827.4
2024-05-31,2024-05-31,VLHZ,2071222
2024-05-31,2024-05-31,VRSB,8821115
2024-05-31,2024-05-31,VRSBP,743528
2024-05-31,2024-05-31,VSMO,120812460
2024-05-31,2024-05-31,VSYD,187900
2024-05-31,2024-05-31,VSYDP,245580
2024-05-31,2024-05-31,VTBR,4679269702.95
2024-05-31,2024-05-31,WTCM,1505522
2024-05-31,2024-05-31,WTCMP,2249872
2024-05-31,2024-05-31,WUSH,363453612.8
2024-05-31,2024-05-31,YAKG,15908121
2024-05-31,2024-05-31,YKEN,901820
2024-05-31,2024-05-31,YKENP,1336160
2024-05-31,2024-05-31,YNDX,1890496767.6
2024-05-31,2024-05-31,YRSB,1921740
2024-05-31,2024-05-31,YRSBP,1517750
2024-05-31,2024-05-31,ZAYM,18891693.5
2024-05-31,2024-05-31,ZILL,3251110
2024-05-31,2024-05-31,ZVEZ,4185910
2024-06-30,2024-06-28,ABIO,9058548.4
2024-06-30,2024-06-28,ABRD,20729818
2024-06-30,2024-06-28,ACKO,0
2024-06-30,2024-06-28,AFKS,720628260.1
2024-06-30,2024-06-28,AFLT,707315876.6
2024-06-30,2024-06-28,AGRO,258475572.4
2024-06-30,2024-06-28,AKRN,6792110
2024-06-30,2024-06-28,ALRS,492367716.8
2024-06-30,2024-06-28,AMEZ,13707492
2024-06-30,2024-06-28,APTK,21905568.2
2024-06-30,2024-06-28,AQUA,47474263
2024-06-30,2024-06-28,ARSA,3707155
2024-06-30,2024-06-28,ASSB,112455
2024-06-30,2024-06-28,ASTR,183194931.35
2024-06-30,2024-06-28,AVAN,3143938
2024-06-30,2024-06-28,BANE,78723036.5
2024-06-30,2024-06-28,BANEP,650526889.5
2024-06-30,2024-06-28,BELU,154031854
2024-06-30,2024-06-28,BISVP,192167
2024-06-30,2024-06-28,BLNG,5759168.5
2024-06-30,2024-06-28,BRZL,922511
2024-06-30,2024-06-28,BSPB,321583437.2
2024-06-30,2024-06-28,BSPBP,5972240
2024-06-30,2024-06-28,CARM,16711818.4
2024-06-30,2024-06-28,CBOM,92299526.4
2024-06-30,2024-06-28,CHGZ,1452136
2024-06-30,2024-06-28,CHKZ,1049000
2024-06-30,2024-06-28,CHMF,632476063.4
2024-06-30,2024-06-28,CHMK,1546485
2024-06-30,2024-06-28,CIAN,24534826.4
2024-06-30,2024-06-28,CNTL,3491300
2024-06-30,2024-06-28,CNTLP,4319078
2024-06-30,2024-06-28,DELI,108178411.3
2024-06-30,2024-06-28,DIAS,76458508.5
2024-06-30,2024-06-28,DIOD,339196
2024-06-30,2024-06-28,DVEC,4129145
2024-06-30,2024-06-28,DZRD,3451195
2024-06-30,2024-06-28,DZRDP,2524960
2024-06-30,2024-06-28,EELT,2471544.8
2024-06-30,2024-06-28,ELFV,190061927.8
2024-06-30,2024-06-28,ELMT,50157868.4
2024-06-30,2024-06-28,ENPG,52207496.6
2024-06-30,2024-06-28,ETLN,9548999.56
2024-06-30,2024-06-28,EUTR,257839374.2
2024-06-30,2024-06-28,FEES,135541067.6
2024-06-30,2024-06-28,FESH,149272134.1
2024-06-30,2024-06-28,FIVE,0
2024-06-30,2024-06-28,FIXP,17874507.3
2024-06-30,2024-06-28,FLOT,342358993
2024-06-30,2024-06-28,GAZC,0
2024-06-30,2024-06-28,GAZP,2773041958.5
2024-06-30,2024-06-28,GAZS,0
2024-06-30,2024-06-28,GAZT,0
2024-06-30,2024-06-28,GCHE,13280979.5
2024-06-30,2024-06-28,GECO,15423614.4
2024-06-30,2024-06-28,GEMA,1383907.5
2024-06-30,2024-06-28,GEMC,10076048.8
2024-06-30,2024-06-28,GLTR,363849720.5
2024-06-30,2024-06-28,GMKN,511845156.4
2024-06-30,2024-06-28,GTRK,64789233
2024-06-30,2024-06-28,HHRU,25845141
2024-06-30,2024-06-28,HIMCP,1279774
2024-06-30,2024-06-28,HNFG,50126048.7
2024-06-30,2024-06-28,HYDR,127403223.5
2024-06-30,2024-06-28,IGST,141740
2024-06-30,2024-06-28,IGSTP,571130
2024-06-30,2024-06-28,INGR,321648
2024-06-30,2024-06-28,IRAO,299291895.05
2024-06-30,2024-06-28,IRKT,38828385
2024-06-30,2024-06-28,IVAT,50149961.3
2024-06-30,2024-06-28,JNOS,37175
2024-06-30,2024-06-28,JNOSP,20950
2024-06-30,2024-06-28,KAZT,1687896
2024-06-30,2024-06-28,KAZTP,1323570
2024-06-30,2024-06-28,KBSB,491740
2024-06-30,2024-06-28,KCHE,366910
2024-06-30,2024-06-28,KCHEP,2901950
2024-06-30,2024-06-28,KGKC,274266
2024-06-30,2024-06-28,KGKCP,560152
2024-06-30,2024-06-28,KLSB,5378056
2024-06-30,2024-06-28,KLVZ,5471267
2024-06-30,2024-06-28,KMAZ,28317050
2024-06-30,2024-06-28,KMEZ,516362
2024-06-30,2024-06-28,KOGK,143800
2024-06-30,2024-06-28,KRKN,55650
2024-06-30,2024-06-28,KRKNP,714160
2024-06-30,2024-06-28,KRKOP,75372
2024-06-30,2024-06-28,KROT,4513570
2024-06-30,2024-06-28,KROTP,1331580
2024-06-30,2024-06-28,KRSB,629918
2024-06-30,2024-06-28,KRSBP,368996
2024-06-30,2024-06-28,KUBE,1569774
2024-06-30,2024-06-28,KUZB,544077
2024-06-30,2024-06-28,KZOS,3284165
2024-06-30,2024-06-28,KZOSP,2744222.6
2024-06-30,2024-06-28,LEAS,178948946.5
2024-06-30,2024-06-28,LENT,17577251
2024-06-30,2024-06-28,LKOH,2914097633
2024-06-30,2024-06-28,LNZL,3158030
2024-06-30,2024-06-28,LNZLP,7188845
2024-06-30,2024-06-28,LSNG,4692834
2024-06-30,2024-06-28,LSNGP,142475289
2024-06-30,2024-06-28,LSRG,53620973
2024-06-30,2024-06-28,LVHK,1169095
2024-06-30,2024-06-28,MAGE,169277
2024-06-30,2024-06-28,MAGEP,691039
2024-06-30,2024-06-28,MAGN,373045071.9
2024-06-30,2024-06-28,MBNK,42737201.5
2024-06-30,2024-06-28,MDMG,136166913.7
2024-06-30,2024-06-28,MFGS,16550
2024-06-30,2024-06-28,MFGSP,187325
2024-06-30,2024-06-28,MGKL,4426775.6
2024-06-30,2024-06-28,MGNT,994903930.5
2024-06-30,2024-06-28,MGNZ,0
2024-06-30,2024-06-28,MGTS,68375
2024-06-30,2024-06-28,MGTSP,1766060
2024-06-30,2024-06-28,MISB,69510
2024-06-30,2024-06-28,MISBP,270090
2024-06-30,2024-06-28,MOEX,641383652.5
2024-06-30,2024-06-28,MRKC,40620546
2024-06-30,2024-06-28,MRKK,3950801.2
2024-06-30,2024-06-28,MRKP,426400928
2024-06-30,2024-06-28,MRKS,1780895
2024-06-30,2024-06-28,MRKU,23746040
2024-06-30,2024-06-28,MRKV,11699120
2024-06-30,2024-06-28,MRKY,1901088.5
2024-06-30,2024-06-28,MRKZ,5242982
2024-06-30,2024-06-28,MRSB,274510
2024-06-30,2024-06-28,MSNG,13864718
2024-06-30,2024-06-28,MSRS,51346597.5
2024-06-30,2024-06-28,MSTT,24196628.5
2024-06-30,2024-06-28,MTLR,1139989467.41
2024-06-30,2024-06-28,MTLRP,214283368
2024-06-30,2024-06-28,MTSS,664636279
2024-06-30,2024-06-28,MVID,90032862.5
2024-06-30,2024-06-28,NAUK,9215685
2024-06-30,2024-06-28,NFAZ,885910
2024-06-30,2024-06-28,NKHP,10246895
2024-06-30,2024-06-28,NKNC,2775625
2024-06-30,2024-06-28,NKNCP,4479450.4
2024-06-30,2024-06-28,NKSH,433290
2024-06-30,2024-06-28,NLMK,990270075
2024-06-30,2024-06-28,NMTP,68246705
2024-06-30,2024-06-28,NNSB,2428240
2024-06-30,2024-06-28,NNSBP,114740
2024-06-30,2024-06-28,NSVZ,74846825
2024-06-30,2024-06-28,NVTK,4221607973.8
2024-06-30,2024-06-28,OGKB,27655528.4
2024-06-30,2024-06-28,OKEY,18320595.9
2024-06-30,2024-06-28,OMZZP,728500
2024-06-30,2024-06-28,OZON,1107152896
2024-06-30,2024-06-28,PHOR,120088932
2024-06-30,2024-06-28,PIKK,334972088.4
2024-06-30,2024-06-28,PLZL,1162484728
2024-06-30,2024-06-28,PMSB,14775470
2024-06-30,2024-06-28,PMSBP,2206462
2024-06-30,2024-06-28,POLY,94311889.6
2024-06-30,2024-06-28,POSI,246597098.4
2024-06-30,2024-06-28,PRFN,1040634.2
2024-06-30,2024-06-28,PRMB,130800
2024-06-30,2024-06-28,QIWI,14260282.4
2024-06-30,2024-06-28,RASP,49747914
2024-06-30,2024-06-28,RBCM,64679280.4
2024-06-30,2024-06-28,RDRB,4624745
2024-06-30,2024-06-28,RENI,31104667.6
2024-06-30,2024-06-28,RGSS,1196087.4
2024-06-30,2024-06-28,RKKE,7220340
2024-06-30,2024-06-28,RNFT,704067978.4
2024-06-30,2024-06-28,ROLO,7774378.8
2024-06-30,2024-06-28,ROSB,11438562
2024-06-30,2024-06-28,ROSN,818323634.65
2024-06-30,2024-06-28,ROST,1268082
2024-06-30,2024-06-28,RTGZ,3345600
2024-06-30,2024-06-28,RTKM,239617038.5
2024-06-30,2024-06-28,RTKMP,73446001.5
2024-06-30,2024-06-28,RTSB,525980
2024-06-30,2024-06-28,RTSBP,610840
2024-06-30,2024-06-28,RUAL,289874553.35
2024-06-30,2024-06-28,RUSI,1096635
2024-06-30,2024-06-28,RZSB,469810
2024-06-30,2024-06-28,SAGO,385145
2024-06-30,2024-06-28,SAGOP,559130
2024-06-30,2024-06-28,SARE,139490
2024-06-30,2024-06-28,SAREP,135225
2024-06-30,2024-06-28,SBER,13250355870.2
2024-06-30,2024-06-28,SBERP,1037081045.9
2024-06-30,2024-06-28,SELG,302981802.6
2024-06-30,2024-06-28,SFIN,932170163.6
2024-06-30,2024-06-28,SGZH,258084579.2
2024-06-30,2024-06-28,SIBN,457682745.25
2024-06-30,2024-06-28,SLEN,745474.5
2024-06-30,2024-06-28,SMLT,440036814.5
2024-06-30,2024-06-28,SNGS,3110013973
2024-06-30,2024-06-28,SNGSP,3750681143
2024-06-30,2024-06-28,SOFL,443527103.4
2024-06-30,2024-06-28,SPBE,403922808.5
2024-06-30,2024-06-28,STSB,4335950
2024-06-30,2024-06-28,STSBP,4807076
2024-06-30,2024-06-28,SVAV,72452159
2024-06-30,2024-06-28,SVCB,149472607
2024-06-30,2024-06-28,SVET,2823476.15
2024-06-30,2024-06-28,SVETP,1224964.95
2024-06-30,2024-06-28,TASB,406718
2024-06-30,2024-06-28,TASBP,122700
2024-06-30,2024-06-28,TATN,616197717.6
2024-06-30,2024-06-28,TATNP,152159827.1
2024-06-30,2024-06-28,TCSG,2254246139
2024-06-30,2024-06-28,TGKA,20965055
2024-06-30,2024-06-28,TGKB,13367110
2024-06-30,2024-06-28,TGKBP,11151087
2024-06-30,2024-06-28,TGKN,13839718
2024-06-30,2024-06-28,TNSE,848530
2024-06-30,2024-06-28,TORS,122220
2024-06-30,2024-06-28,TORSP,358410
2024-06-30,2024-06-28,TRMK,107453567.2
2024-06-30,2024-06-28,TRNFP,1042710200.5
2024-06-30,2024-06-28,TTLK,3975905
2024-06-30,2024-06-28,TUZA,20922485
2024-06-30,2024-06-28,UGLD,512333507.3
2024-06-30,2024-06-28,UKUZ,726890
2024-06-30,2024-06-28,UNAC,297353618
2024-06-30,2024-06-28,UNKL,14246520
2024-06-30,2024-06-28,UPRO,98027850
2024-06-30,2024-06-28,URKZ,1349900
2024-06-30,2024-06-28,USBN,2954559
2024-06-30,2024-06-28,UTAR,2166674
2024-06-30,2024-06-28,VEON-RX,755666.5
2024-06-30,2024-06-28,VGSB,94020
2024-06-30,2024-06-28,VGSBP,223380
2024-06-30,2024-06-28,VJGZ,1864622
2024-06-30,2024-06-28,VJGZP,1520628
2024-06-30,2024-06-28,VKCO,579303940.6
2024-06-30,2024-06-28,VLHZ,156894
2024-06-30,2024-06-28,VRSB,20007755
2024-06-30,2024-06-28,VRSBP,438450
2024-06-30,2024-06-28,VSMO,7965280
2024-06-30,2024-06-28,VSYD,62600
2024-06-30,2024-06-28,VSYDP,251320
2024-06-30,2024-06-28,VTBR,3813495780.25
2024-06-30,2024-06-28,WTCM,407690
2024-06-30,2024-06-28,WTCMP,96016
2024-06-30,2024-06-28,WUSH,101185002.75
2024-06-30,2024-06-28,YAKG,792351.5
2024-06-30,2024-06-28,YKEN,426120
2024-06-30,2024-06-28,YKENP,1523370
2024-06-30,2024-06-28,YNDX,0
2024-06-30,2024-06-28,YRSB,250820
2024-06-30,2024-06-28,YRSBP,414310
2024-06-30,2024-06-28,ZAYM,48276703.5
2024-06-30,2024-06-28,ZILL,769140
2024-06-30,2024-06-28,ZVEZ,660130
2024-07-31,2024-07-31,ABIO,6461672.4
2024-07-31,2024-07-31,ABRD,18106194
2024-07-31,2024-07-31,ACKO,0
2024-07-31,2024-07-31,AFKS,1769562822.2
2024-07-31,2024-07-31,AFLT,2453341805.9
2024-07-31,2024-07-31,AGRO,141652713.6
2024-07-31,2024-07-31,AKRN,45135852
2024-07-31,2024-07-31,ALRS,1089857582.6
2024-07-31,2024-07-31,AMEZ,15715310
2024-07-31,2024-07-31,APRI,1440121.55
2024-07-31,2024-07-31,APTK,9800953.26
2024-07-31,2024-07-31,AQUA,21792360
2024-07-31,2024-07-31,ARSA,470305
2024-07-31,2024-07-31,ASSB,398300
2024-07-31,2024-07-31,ASTR,602137964.8
2024-07-31,2024-07-31,AVAN,704957
2024-07-31,2024-07-31,BANE,198770224
2024-07-31,2024-07-31,BANEP,162837817.5
2024-07-31,2024-07-31,BELU,204444916
2024-07-31,2024-07-31,BISVP,250330
2024-07-31,2024-07-31,BRZL,9403686
2024-07-31,2024-07-31,BSPB,469314704.6
2024-07-31,2024-07-31,BSPBP,6830950
2024-07-31,2024-07-31,CARM,10710871.7
2024-07-31,2024-07-31,CBOM,158094790
2024-07-31,2024-07-31,CHGZ,82294
2024-07-31,2024-07-31,CHKZ,330200
2024-07-31,2024-07-31,CHMF,969318471
2024-07-31,2024-07-31,CHMK,2199180
2024-07-31,2024-07-31,CIAN,24706766.8
2024-07-31,2024-07-31,CNTL,3767800
2024-07-31,2024-07-31,CNTLP,1368032
2024-07-31,2024-07-31,DELI,29924660.45
2024-07-31,2024-07-31,DIAS,32440886.5
2024-07-31,2024-07-31,DIOD,430812
2024-07-31,2024-07-31,DVEC,3243176
2024-07-31,2024-07-31,DZRD,337530
2024-07-31,2024-07-31,DZRDP,560880
2024-07-31,2024-07-31,EELT,2441398.4
2024-07-31,2024-07-31,ELFV,15954332.2
2024-07-31,2024-07-31,ELMT,10713123.82
2024-07-31,2024-07-31,ENPG,45617673.4
2024-07-31,2024-07-31,ETLN,9690016.28
2024-07-31,2024-07-31,EUTR,526575616.4
2024-07-31,2024-07-31,FEES,234895350.6
2024-07-31,2024-07-31,FESH,516179201.9
2024-07-31,2024-07-31,FIVE,0
2024-07-31,2024-07-31,FIXP,29719478.5
2024-07-31,2024-07-31,FLOT,459388890.4
2024-07-31,2024-07-31,GAZC,0
2024-07-31,2024-07-31,GAZP,6450683203.9
2024-07-31,2024-07-31,GAZS,0
2024-07-31,2024-07-31,GAZT,0
2024-07-31,2024-07-31,GCHE,12327529.5
2024-07-31,2024-07-31,GECO,6077701.1
2024-07-31,2024-07-31,GEMA,15922640
2024-07-31,2024-07-31,GEMC,166778833.9
2024-07-31,2024-07-31,GLTR,204304288.8
2024-07-31,2024-07-31,GMKN,788193647
2024-07-31,2024-07-31,HHRU,89802651
2024-07-31,2024-07-31,HIMCP,2619084
2024-07-31,2024-07-31,HNFG,14006566
2024-07-31,2024-07-31,HYDR,234192337
2024-07-31,2024-07-31,IGST,37900
2024-07-31,2024-07-31,IGSTP,188930
2024-07-31,2024-07-31,INGR,496883
2024-07-31,2024-07-31,IRAO,331987248.05
2024-07-31,2024-07-31,IRKT,36493995
2024-07-31,2024-07-31,IVAT,9352817.2
2024-07-31,2024-07-31,JNOS,534820
2024-07-31,2024-07-31,JNOSP,94642
2024-07-31,2024-07-31,KAZT,1645912
2024-07-31,2024-07-31,KAZTP,1515300
2024-07-31,2024-07-31,KBSB,324295
2024-07-31,2024-07-31,KCHE,820980
2024-07-31,2024-07-31,KCHEP,158950
2024-07-31,2024-07-31,KGKC,1037950
2024-07-31,2024-07-31,KGKCP,1703622
2024-07-31,2024-07-31,KLSB,916267
2024-07-31,2024-07-31,KLVZ,1898568.4
2024-07-31,2024-07-31,KMAZ,35406703
2024-07-31,2024-07-31,KMEZ,252904
2024-07-31,2024-07-31,KOGK,178400
2024-07-31,2024-07-31,KRKN,268700
2024-07-31,2024-07-31,KRKNP,611860
2024-07-31,2024-07-31,KRKOP,34374
2024-07-31,2024-07-31,KROT,8504600
2024-07-31,2024-07-31,KROTP,372770
2024-07-31,2024-07-31,KRSB,450294
2024-07-31,2024-07-31,KRSBP,319458
2024-07-31,2024-07-31,KUBE,404428
2024-07-31,2024-07-31,KUZB,182895.5
2024-07-31,2024-07-31,KZOS,2254885
2024-07-31,2024-07-31,KZOSP,2264710.2
2024-07-31,2024-07-31,LEAS,244403662.5
2024-07-31,2024-07-31,LENT,95959644.5
2024-07-31,2024-07-31,LKOH,6017597679
2024-07-31,2024-07-31,LNZL,4571530
2024-07-31,2024-07-31,LNZLP,5707365
2024-07-31,2024-07-31,LSNG,7649885
2024-07-31,2024-07-31,LSNGP,22997187
2024-07-31,2024-07-31,LSRG,55538591.4
2024-07-31,2024-07-31,LVHK,2914910
2024-07-31,2024-07-31,MAGE,3097218
2024-07-31,2024-07-31,MAGEP,244922
2024-07-31,2024-07-31,MAGN,777968986.9
2024-07-31,2024-07-31,MBNK,40807553.5
2024-07-31,2024-07-31,MDMG,720986738.8
2024-07-31,2024-07-31,MFGS,275270
2024-07-31,2024-07-31,MFGSP,152280
2024-07-31,2024-07-31,MGKL,4592536
2024-07-31,2024-07-31,MGNT,958693833
2024-07-31,2024-07-31,MGNZ,0
2024-07-31,2024-07-31,MGTS,62030
2024-07-31,2024-07-31,MGTSP,1357084
2024-07-31,2024-07-31,MISB,263940
2024-07-31,2024-07-31,MISBP,148380
2024-07-31,2024-07-31,MOEX,773922795.3
2024-07-31,2024-07-31,MRKC,13611754.6
2024-07-31,2024-07-31,MRKK,535818.8
2024-07-31,2024-07-31,MRKP,25296943
2024-07-31,2024-07-31,MRKS,5453795
2024-07-31,2024-07-31,MRKU,33180416
2024-07-31,2024-07-31,MRKV,8527863.5
2024-07-31,2024-07-31,MRKY,19527092.5
2024-07-31,2024-07-31,MRKZ,26108648.5
2024-07-31,2024-07-31,MRSB,86200
2024-07-31,2024-07-31,MSNG,33566206.5
2024-07-31,2024-07-31,MSRS,18896563.5
2024-07-31,2024-07-31,MSTT,6639966.5
2024-07-31,2024-07-31,MTLR,1222802609.87
2024-07-31,2024-07-31,MTLRP,634751043.5
2024-07-31,2024-07-31,MTSS,979205118.5
2024-07-31,2024-07-31,MVID,144975246.2
2024-07-31,2024-07-31,NAUK,124080
2024-07-31,2024-07-31,NFAZ,5827555
2024-07-31,2024-07-31,NKHP,9349760
2024-07-31,2024-07-31,NKNC,1948301.5
2024-07-31,2024-07-31,NKNCP,5887938
2024-07-31,2024-07-31,NKSH,576585
2024-07-31,2024-07-31,NLMK,795677274.8
2024-07-31,2024-07-31,NMTP,76528108
2024-07-31,2024-07-31,NNSB,35600
2024-07-31,2024-07-31,NNSBP,27066
2024-07-31,2024-07-31,NSVZ,1493830
2024-07-31,2024-07-31,NVTK,2018400889.8
2024-07-31,2024-07-31,OGKB,14552752
2024-07-31,2024-07-31,OKEY,5423487.9
2024-07-31,2024-07-31,OMZZP,280420
2024-07-31,2024-07-31,OZON,2131073626.5
2024-07-31,2024-07-31,PHOR,462589873
2024-07-31,2024-07-31,PIKK,373309317.3
2024-07-31,2024-07-31,PLZL,1855873597
2024-07-31,2024-07-31,PMSB,51872382
2024-07-31,2024-07-31,PMSBP,43263562
2024-07-31,2024-07-31,POLY,165675396.2
2024-07-31,2024-07-31,POSI,847324989
2024-07-31,2024-07-31,PRFN,1377336
2024-07-31,2024-07-31,PRMB,32400
2024-07-31,2024-07-31,PRMD,49905803.9
2024-07-31,2024-07-31,QIWI,431049157.2
2024-07-31,2024-07-31,RASP,216609362.5
2024-07-31,2024-07-31,RDRB,75085
2024-07-31,2024-07-31,RENI,121935348.8
2024-07-31,2024-07-31,RGSS,1559068.4
2024-07-31,2024-07-31,RKKE,2086850
2024-07-31,2024-07-31,RNFT,401632189.7
2024-07-31,2024-07-31,ROLO,34202876.8
2024-07-31,2024-07-31,ROSB,3228798
2024-07-31,2024-07-31,ROSN,1081043677.35
2024-07-31,2024-07-31,ROST,1053060
2024-07-31,2024-07-31,RTGZ,185000
2024-07-31,2024-07-31,RTKM,128675469.7
2024-07-31,2024-07-31,RTKMP,46833249.5
2024-07-31,2024-07-31,RTSB,318980
2024-07-31,2024-07-31,RTSBP,500542
2024-07-31,2024-07-31,RUAL,406117464
2024-07-31,2024-07-31,RUSI,399600
2024-07-31,2024-07-31,RZSB,1158404
2024-07-31,2024-07-31,SAGO,1743640
2024-07-31,2024-07-31,SAGOP,503495
2024-07-31,2024-07-31,SARE,72550
2024-07-31,2024-07-31,SAREP,134255
2024-07-31,2024-07-31,SBER,7524943880.7
2024-07-31,2024-07-31,SBERP,694518570.3
2024-07-31,2024-07-31,SELG,184738876.2
2024-07-31,2024-07-31,SFIN,238290283.4
2024-07-31,2024-07-31,SGZH,1718007274.7
2024-07-31,2024-07-31,SIBN,480303336
2024-07-31,2024-07-31,SLEN,202023
2024-07-31,2024-07-31,SMLT,151352501
2024-07-31,2024-07-31,SNGS,799629338
2024-07-31,2024-07-31,SNGSP,1727802690.5
2024-07-31,2024-07-31,SOFL,105212560.4
2024-07-31,2024-07-31,SPBE,1192058785.4
2024-07-31,2024-07-31,STSB,5575760
2024-07-31,2024-07-31,STSBP,1489912
2024-07-31,2024-07-31,SVAV,58492522.5
2024-07-31,2024-07-31,SVCB,229900918
2024-07-31,2024-07-31,SVET,438210.2
2024-07-31,2024-07-31,SVETP,2867211.25
2024-07-31,2024-07-31,TASB,45680
2024-07-31,2024-07-31,TASBP,102080
2024-07-31,2024-07-31,TATN,1340669705.4
2024-07-31,2024-07-31,TATNP,367409334.4
2024-07-31,2024-07-31,TCSG,2562963859.5
2024-07-31,2024-07-31,TGKA,15815687
2024-07-31,2024-07-31,TGKB,8924925
2024-07-31,2024-07-31,TGKBP,2853499
2024-07-31,2024-07-31,TGKN,24782435
2024-07-31,2024-07-31,TNSE,352710
2024-07-31,2024-07-31,TORS,24160
2024-07-31,2024-07-31,TORSP,52790
2024-07-31,2024-07-31,TRMK,114425500.2
2024-07-31,2024-07-31,TRNFP,781419918.5
2024-07-31,2024-07-31,TTLK,2653649.5
2024-07-31,2024-07-31,TUZA,2912215
2024-07-31,2024-07-31,UGLD,455724972.9
2024-07-31,2024-07-31,UKUZ,81264
2024-07-31,2024-07-31,UNAC,49214190.5
2024-07-31,2024-07-31,UNKL,773770
2024-07-31,2024-07-31,UPRO,163595954
2024-07-31,2024-07-31,URKZ,27300
2024-07-31,2024-07-31,USBN,1819268
2024-07-31,2024-07-31,UTAR,1137892
2024-07-31,2024-07-31,VEON-RX,141068
2024-07-31,2024-07-31,VGSB,612320
2024-07-31,2024-07-31,VGSBP,569940
2024-07-31,2024-07-31,VJGZ,12247572
2024-07-31,2024-07-31,VJGZP,9568756
2024-07-31,2024-07-31,VKCO,556626446.6
2024-07-31,2024-07-31,VLHZ,567162
2024-07-31,2024-07-31,VRSB,2054625
2024-07-31,2024-07-31,VRSBP,41610
2024-07-31,2024-07-31,VSEH,21336069.9
2024-07-31,2024-07-31,VSMO,11183240
2024-07-31,2024-07-31,VSYD,15100
2024-07-31,2024-07-31,VSYDP,21540
2024-07-31,2024-07-31,VTBR,5733984793.42
2024-07-31,2024-07-31,WTCM,134380
2024-07-31,2024-07-31,WTCMP,218420
2024-07-31,2024-07-31,WUSH,115296523.8
2024-07-31,2024-07-31,YAKG,3451697
2024-07-31,2024-07-31,YDEX,7830245296.5
2024-07-31,2024-07-31,YKEN,703950
2024-07-31,2024-07-31,YKENP,45540
2024-07-31,2024-07-31,YRSB,46500
2024-07-31,2024-07-31,YRSBP,103975
2024-07-31,2024-07-31,ZAYM,9878756.5
2024-07-31,2024-07-31,ZILL,1522845
2024-07-31,2024-07-31,ZVEZ,857600
2024-08-31,2024-08-30,ABIO,8665368
2024-08-31,2024-08-30,ABRD,12979952
2024-08-31,2024-08-30,ACKO,0
2024-08-31,2024-08-30,AFKS,1816357267.5
2024-08-31,2024-08-30,AFLT,1872355038.6
2024-08-31,2024-08-30,AGRO,167678060
2024-08-31,2024-08-30,AKRN,131156630
2024-08-31,2024-08-30,ALRS,937661816.7
2024-08-31,2024-08-30,AMEZ,378390446
2024-08-31,2024-08-30,APRI,2085589.76
2024-08-31,2024-08-30,APTK,17089017.82
2024-08-31,2024-08-30,AQUA,304647676
2024-08-31,2024-08-30,ARSA,438966
2024-08-31,2024-08-30,ASSB,202130
2024-08-31,2024-08-30,ASTR,394385790.6
2024-08-31,2024-08-30,AVAN,726066
2024-08-31,2024-08-30,BANE,602864604
2024-08-31,2024-08-30,BANEP,922278729
2024-08-31,2024-08-30,BELU,104710469
2024-08-31,2024-08-30,BISVP,194622
2024-08-31,2024-08-30,BRZL,8901533
2024-08-31,2024-08-30,BSPB,651713773
2024-08-31,2024-08-30,BSPBP,7944600
2024-08-31,2024-08-30,CARM,44046693.65
2024-08-31,2024-08-30,CBOM,56507946.7
2024-08-31,2024-08-30,CHGZ,2225060
2024-08-31,2024-08-30,CHKZ,1748250
2024-08-31,2024-08-30,CHMF,906060323.2
2024-08-31,2024-08-30,CHMK,2686980
2024-08-31,2024-08-30,CIAN,23310075.2
2024-08-31,2024-08-30,CNTL,3115942
2024-08-31,2024-08-30,CNTLP,1977098
2024-08-31,2024-08-30,DELI,32862231.9
2024-08-31,2024-08-30,DIAS,41316450.5
2024-08-31,2024-08-30,DIOD,596952
2024-08-31,2024-08-30,DVEC,4906808
2024-08-31,2024-08-30,DZRD,1198100
2024-08-31,2024-08-30,DZRDP,368820
2024-08-31,2024-08-30,EELT,3360129.4
2024-08-31,2024-08-30,ELFV,28198794
2024-08-31,2024-08-30,ELMT,21061408.28
2024-08-31,2024-08-30,ENPG,158996863.75
2024-08-31,2024-08-30,ETLN,32485547.9
2024-08-31,2024-08-30,EUTR,1871655060.15
2024-08-31,2024-08-30,FEES,242635603.8
2024-08-31,2024-08-30,FESH,3753263591.5
2024-08-31,2024-08-30,FIVE,0
2024-08-31,2024-08-30,FIXP,59830696.8
2024-08-31,2024-08-30,FLOT,565592691
2024-08-31,2024-08-30,GAZC,0
2024-08-31,2024-08-30,GAZP,15366474860.6
2024-08-31,2024-08-30,GAZS,0
2024-08-31,2024-08-30,GAZT,0
2024-08-31,2024-08-30,GCHE,16718985.5
2024-08-31,2024-08-30,GECO,23892480.8
2024-08-31,2024-08-30,GEMA,1568518
2024-08-31,2024-08-30,GEMC,48537395.7
2024-08-31,2024-08-30,GLTR,2115432394.45
2024-08-31,2024-08-30,GMKN,2438611776.2
2024-08-31,2024-08-30,HEAD,0
2024-08-31,2024-08-30,HHRU,0
2024-08-31,2024-08-30,HIMCP,5956572
2024-08-31,2024-08-30,HNFG,50560381.6
2024-08-31,2024-08-30,HYDR,142495236.1
2024-08-31,2024-08-30,IGST,410320
2024-08-31,2024-08-30,IGSTP,231350
2024-08-31,2024-08-30,INGR,1130278
2024-08-31,2024-08-30,IRAO,398051105.95
2024-08-31,2024-08-30,IRKT,54639195
2024-08-31,2024-08-30,IVAT,22311857.85
2024-08-31,2024-08-30,JNOS,23470
2024-08-31,2024-08-30,JNOSP,311238
2024-08-31,2024-08-30,KAZT,7996140
2024-08-31,2024-08-30,KAZTP,1825830
2024-08-31,2024-08-30,KBSB,1717380
2024-08-31,2024-08-30,KCHE,4122090
2024-08-31,2024-08-30,KCHEP,289100
2024-08-31,2024-08-30,KGKC,154326
2024-08-31,2024-08-30,KGKCP,108816
2024-08-31,2024-08-30,KLSB,4476673
2024-08-31,2024-08-30,KLVZ,9513964.8
2024-08-31,2024-08-30,KMAZ,53992543
2024-08-31,2024-08-30,KMEZ,1038214
2024-08-31,2024-08-30,KOGK,1785600
2024-08-31,2024-08-30,KRKN,18650
2024-08-31,2024-08-30,KRKNP,4383960
2024-08-31,2024-08-30,KRKOP,64786
2024-08-31,2024-08-30,KROT,7894300
2024-08-31,2024-08-30,KROTP,522210
2024-08-31,2024-08-30,KRSB,254252
2024-08-31,2024-08-30,KRSBP,218324
2024-08-31,2024-08-30,KUBE,1055072
2024-08-31,2024-08-30,KUZB,224597.5
2024-08-31,2024-08-30,KZOS,4731217
2024-08-31,2024-08-30,KZOSP,4450977.4
2024-08-31,2024-08-30,LEAS,134678272.9
2024-08-31,2024-08-30,LENT,35875337.5
2024-08-31,2024-08-30,LKOH,9634920054
2024-08-31,2024-08-30,LNZL,4039830
2024-08-31,2024-08-30,LNZLP,2000605
2024-08-31,2024-08-30,LSNG,14635946
2024-08-31,2024-08-30,LSNGP,154112673.5
2024-08-31,2024-08-30,LSRG,42680458
2024-08-31,2024-08-30,LVHK,511220
2024-08-31,2024-08-30,MAGE,648279
2024-08-31,2024-08-30,MAGEP,144014
2024-08-31,2024-08-30,MAGN,632033775.9
2024-08-31,2024-08-30,MBNK,67990649.5
2024-08-31,2024-08-30,MDMG,194005119.4
2024-08-31,2024-08-30,MFGS,6513420
2024-08-31,2024-08-30,MFGSP,1918150
2024-08-31,2024-08-30,MGKL,4779573.4
2024-08-31,2024-08-30,MGNT,2796440740.5
2024-08-31,2024-08-30,MGNZ,0
2024-08-31,2024-08-30,MGTS,324440
2024-08-31,2024-08-30,MGTSP,7170670
2024-08-31,2024-08-30,MISB,549090
2024-08-31,2024-08-30,MISBP,220260
2024-08-31,2024-08-30,MOEX,989296693.4
2024-08-31,2024-08-30,MRKC,21357041.4
2024-08-31,2024-08-30,MRKK,884281.8
2024-08-31,2024-08-30,MRKP,45722625
2024-08-31,2024-08-30,MRKS,6687615
2024-08-31,2024-08-30,MRKU,18452756
2024-08-31,2024-08-30,MRKV,9403055.5
2024-08-31,2024-08-30,MRKY,3955429
2024-08-31,2024-08-30,MRKZ,9737980
2024-08-31,2024-08-30,MRSB,2247620
2024-08-31,2024-08-30,MSNG,54762330
2024-08-31,2024-08-30,MSRS,21674431
2024-08-31,2024-08-30,MSTT,21584365
2024-08-31,2024-08-30,MTLR,9182023140.21
2024-08-31,2024-08-30,MTLRP,1680498192.5
2024-08-31,2024-08-30,MTSS,1305015496.5
2024-08-31,2024-08-30,MVID,2134643553.5
2024-08-31,2024-08-30,NAUK,987985
2024-08-31,2024-08-30,NFAZ,3329320
2024-08-31,2024-08-30,NKHP,22927535
2024-08-31,2024-08-30,NKNC,5390590.5
2024-08-31,2024-08-30,NKNCP,31886605.8
2024-08-31,2024-08-30,NKSH,4096875
2024-08-31,2024-08-30,NLMK,1382464511
2024-08-31,2024-08-30,NMTP,333310638
2024-08-31,2024-08-30,NNSB,73890
2024-08-31,2024-08-30,NNSBP,118954
2024-08-31,2024-08-30,NSVZ,5659840
2024-08-31,2024-08-30,NVTK,3817663943.6
2024-08-31,2024-08-30,OGKB,67174988.3
2024-08-31,2024-08-30,OKEY,2734418.7
2024-08-31,2024-08-30,OMZZP,341540
2024-08-31,2024-08-30,OZON,2158703667
2024-08-31,2024-08-30,PHOR,443221462
2024-08-31,2024-08-30,PIKK,395693016.7
2024-08-31,2024-08-30,PLZL,2384466303.5
2024-08-31,2024-08-30,PMSB,9605146
2024-08-31,2024-08-30,PMSBP,7770398
2024-08-31,2024-08-30,POLY,156234904.5
2024-08-31,2024-08-30,POSI,545657480.6
2024-08-31,2024-08-30,PRFN,43937356.2
2024-08-31,2024-08-30,PRMB,362800
2024-08-31,2024-08-30,PRMD,25292544
2024-08-31,2024-08-30,QIWI,232306319.8
2024-08-31,2024-08-30,RASP,252512542.5
2024-08-31,2024-08-30,RDRB,713040
2024-08-31,2024-08-30,RENI,94360632.6
2024-08-31,2024-08-30,RGSS,1124002.4
2024-08-31,2024-08-30,RKKE,2554210
2024-08-31,2024-08-30,RNFT,754490236.9
2024-08-31,2024-08-30,ROLO,80128364.2
2024-08-31,2024-08-30,ROSB,27881886
2024-08-31,2024-08-30,ROSN,3200700637.1
2024-08-31,2024-08-30,ROST,828940
2024-08-31,2024-08-30,RTGZ,737700
2024-08-31,2024-08-30,RTKM,285913483.2
2024-08-31,2024-08-30,RTKMP,183017283
2024-08-31,2024-08-30,RTSB,574375
2024-08-31,2024-08-30,RTSBP,383530
2024-08-31,2024-08-30,RUAL,504058541.5
2024-08-31,2024-08-30,RUSI,1510915
2024-08-31,2024-08-30,RZSB,497090
2024-08-31,2024-08-30,SAGO,594360
2024-08-31,2024-08-30,SAGOP,222295
2024-08-31,2024-08-30,SARE,620630
2024-08-31,2024-08-30,SAREP,52645
2024-08-31,2024-08-30,SBER,11826212287.4
2024-08-31,2024-08-30,SBERP,1109183403.2
2024-08-31,2024-08-30,SELG,205416467.9
2024-08-31,2024-08-30,SFIN,179809040.2
2024-08-31,2024-08-30,SGZH,2358997376.7
2024-08-31,2024-08-30,SIBN,602885708.65
2024-08-31,2024-08-30,SLEN,2075895.5
2024-08-31,2024-08-30,SMLT,938930171
2024-08-31,2024-08-30,SNGS,1467073026.5
2024-08-31,2024-08-30,SNGSP,2288688420.5
2024-08-31,2024-08-30,SOFL,161302002.8
2024-08-31,2024-08-30,SPBE,192466605.2
2024-08-31,2024-08-30,STSB,851930
2024-08-31,2024-08-30,STSBP,963080
2024-08-31,2024-08-30,SVAV,78054664.5
2024-08-31,2024-08-30,SVCB,278309295.5
2024-08-31,2024-08-30,SVET,3429585.75
2024-08-31,2024-08-30,SVETP,2038326.65
2024-08-31,2024-08-30,TASB,204402
2024-08-31,2024-08-30,TASBP,199780
2024-08-31,2024-08-30,TATN,1135523761
2024-08-31,2024-08-30,TATNP,249182562.5
2024-08-31,2024-08-30,TCSG,5589895183.5
2024-08-31,2024-08-30,TGKA,25897177
2024-08-31,2024-08-30,TGKB,17682060
2024-08-31,2024-08-30,TGKBP,3428809
2024-08-31,2024-08-30,TGKN,31604461
2024-08-31,2024-08-30,TNSE,466750
2024-08-31,2024-08-30,TORS,915920
2024-08-31,2024-08-30,TORSP,343310
2024-08-31,2024-08-30,TRMK,616573783.4
2024-08-31,2024-08-30,TRNFP,1913312255
2024-08-31,2024-08-30,TTLK,4000735
2024-08-31,2024-08-30,TUZA,10138165
2024-08-31,2024-08-30,UGLD,2029347558.9
2024-08-31,2024-08-30,UKUZ,180492
2024-08-31,2024-08-30,UNAC,86447214
2024-08-31,2024-08-30,UNKL,2509380
2024-08-31,2024-08-30,UPRO,252318653
2024-08-31,2024-08-30,URKZ,52150
2024-08-31,2024-08-30,USBN,1873134
2024-08-31,2024-08-30,UTAR,1878026
2024-08-31,2024-08-30,VEON-RX,731255.5
2024-08-31,2024-08-30,VGSB,432140
2024-08-31,2024-08-30,VGSBP,309640
2024-08-31,2024-08-30,VJGZ,963210
2024-08-31,2024-08-30,VJGZP,3474100
2024-08-31,2024-08-30,VKCO,1014788579
2024-08-31,2024-08-30,VLHZ,1069946
2024-08-31,2024-08-30,VRSB,17630000
2024-08-31,2024-08-30,VRSBP,646052
2024-08-31,2024-08-30,VSEH,55616850.2
2024-08-31,2024-08-30,VSMO,21271240
2024-08-31,2024-08-30,VSYD,56600
2024-08-31,2024-08-30,VSYDP,108060
2024-08-31,2024-08-30,VTBR,3900901447.63
2024-08-31,2024-08-30,WTCM,3727446
2024-08-31,2024-08-30,WTCMP,847004
2024-08-31,2024-08-30,WUSH,151068777.05
2024-08-31,2024-08-30,YAKG,4109770.5
2024-08-31,2024-08-30,YDEX,6406318939.5
2024-08-31,2024-08-30,YKEN,2863450
2024-08-31,2024-08-30,YKENP,567120
2024-08-31,2024-08-30,YRSB,51080
2024-08-31,2024-08-30,YRSBP,177225
2024-08-31,2024-08-30,ZAYM,41991142.5
2024-08-31,2024-08-30,ZILL,1381175
2024-08-31,2024-08-30,ZVEZ,1894580
2024-09-30,2024-09-30,ABIO,524373706.6
2024-09-30,2024-09-30,ABRD,13967580
2024-09-30,2024-09-30,ACKO,0
2024-09-30,2024-09-30,AFKS,2379304616.6
2024-09-30,2024-09-30,AFLT,1793300508.7
2024-09-30,2024-09-30,AGRO,307258848.4
2024-09-30,2024-09-30,AKRN,38395326
2024-09-30,2024-09-30,ALRS,1994832103.2
2024-09-30,2024-09-30,AMEZ,337133064
2024-09-30,2024-09-30,APRI,7114431.46
2024-09-30,2024-09-30,APTK,294216459.06
2024-09-30,2024-09-30,AQUA,80698627
2024-09-30,2024-09-30,ARSA,588395
2024-09-30,2024-09-30,ASSB,176335
2024-09-30,2024-09-30,ASTR,186832410.9
2024-09-30,2024-09-30,AVAN,21203246
2024-09-30,2024-09-30,BANE,55629477
2024-09-30,2024-09-30,BANEP,170459112
2024-09-30,2024-09-30,BELU,118359804
2024-09-30,2024-09-30,BISVP,147241
2024-09-30,2024-09-30,BRZL,4361181
2024-09-30,2024-09-30,BSPB,1520997630.1
2024-09-30,2024-09-30,BSPBP,4576180
2024-09-30,2024-09-30,CARM,42532211.15
2024-09-30,2024-09-30,CBOM,109337694.7
2024-09-30,2024-09-30,CHGZ,1749578
2024-09-30,2024-09-30,CHKZ,10221900
2024-09-30,2024-09-30,CHMF,1328407727
2024-09-30,2024-09-30,CHMK,1104550
2024-09-30,2024-09-30,CIAN,27633755.8
2024-09-30,2024-09-30,CNTL,3333388
2024-09-30,2024-09-30,CNTLP,1031860
2024-09-30,2024-09-30,DELI,30744931.45
2024-09-30,2024-09-30,DIAS,34589898.5
2024-09-30,2024-09-30,DIOD,682292
2024-09-30,2024-09-30,DVEC,4933373
2024-09-30,2024-09-30,DZRD,835240
2024-09-30,2024-09-30,DZRDP,460420
2024-09-30,2024-09-30,EELT,1244257.8
2024-09-30,2024-09-30,ELFV,66698493
2024-09-30,2024-09-30,ELMT,20239355.2
2024-09-30,2024-09-30,ENPG,125660917.5
2024-09-30,2024-09-30,ETLN,13558433.1
2024-09-30,2024-09-30,EUTR,1278843882.5
2024-09-30,2024-09-30,FEES,255708989.4
2024-09-30,2024-09-30,FESH,421096277.7
2024-09-30,2024-09-30,FIVE,0
2024-09-30,2024-09-30,FIXP,25976003.9
2024-09-30,2024-09-30,FLOT,365899177.7
2024-09-30,2024-09-30,GAZC,0
2024-09-30,2024-09-30,GAZP,33372954701.4
2024-09-30,2024-09-30,GAZS,0
2024-09-30,2024-09-30,GAZT,0
2024-09-30,2024-09-30,GCHE,16291736
2024-09-30,2024-09-30,GECO,39904424
2024-09-30,2024-09-30,GEMA,4427699
2024-09-30,2024-09-30,GEMC,39237385.2
2024-09-30,2024-09-30,GLTR,1084378858.85
2024-09-30,2024-09-30,GMKN,2231737876.6
2024-09-30,2024-09-30,HEAD,4321188172
2024-09-30,2024-09-30,HIMCP,3107074
2024-09-30,2024-09-30,HNFG,48712879.4
2024-09-30,2024-09-30,HYDR,244125795.7
2024-09-30,2024-09-30,IGST,603540
2024-09-30,2024-09-30,IGSTP,1454120
2024-09-30,2024-09-30,INGR,1922512
2024-09-30,2024-09-30,IRAO,343096277.9
2024-09-30,2024-09-30,IRKT,70360180
2024-09-30,2024-09-30,IVAT,20368614
2024-09-30,2024-09-30,JNOS,287095
2024-09-30,2024-09-30,JNOSP,147754
2024-09-30,2024-09-30,KAZT,4269616
2024-09-30,2024-09-30,KAZTP,1509450
2024-09-30,2024-09-30,KBSB,2278800
2024-09-30,2024-09-30,KCHE,351970
2024-09-30,2024-09-30,KCHEP,96150
2024-09-30,2024-09-30,KGKC,355134
2024-09-30,2024-09-30,KGKCP,178954
2024-09-30,2024-09-30,KLSB,8597892
2024-09-30,2024-09-30,KLVZ,1214765
2024-09-30,2024-09-30,KMAZ,53124270
2024-09-30,2024-09-30,KMEZ,2938118
2024-09-30,2024-09-30,KOGK,701200
2024-09-30,2024-09-30,KRKN,180450
2024-09-30,2024-09-30,KRKNP,1840060
2024-09-30,2024-09-30,KRKOP,500768
2024-09-30,2024-09-30,KROT,6103620
2024-09-30,2024-09-30,KROTP,584840
2024-09-30,2024-09-30,KRSB,846540
2024-09-30,2024-09-30,KRSBP,697580
2024-09-30,2024-09-30,KUBE,684734
2024-09-30,2024-09-30,KUZB,928571.5
2024-09-30,2024-09-30,KZOS,6232373
2024-09-30,2024-09-30,KZOSP,2974395.5
2024-09-30,2024-09-30,LEAS,146655094.8
2024-09-30,2024-09-30,LENT,52364342.5
2024-09-30,2024-09-30,LKOH,4915762583
2024-09-30,2024-09-30,LNZL,2597490
2024-09-30,2024-09-30,LNZLP,2667220
2024-09-30,2024-09-30,LSNG,18636142
2024-09-30,2024-09-30,LSNGP,32574817.5
2024-09-30,2024-09-30,LSRG,109862259.8
2024-09-30,2024-09-30,LVHK,3246225
2024-09-30,2024-09-30,MAGE,1303930
2024-09-30,2024-09-30,MAGEP,687840
2024-09-30,2024-09-30,MAGN,1474635214.75
2024-09-30,2024-09-30,MBNK,59699775.5
2024-09-30,2024-09-30,MDMG,190629219.1
2024-09-30,2024-09-30,MFGS,303075
2024-09-30,2024-09-30,MFGSP,44750
2024-09-30,2024-09-30,MGKL,2175968.75
2024-09-30,2024-09-30,MGNT,2282635627.5
2024-09-30,2024-09-30,MGNZ,0
2024-09-30,2024-09-30,MGTS,116990
2024-09-30,2024-09-30,MGTSP,6466224
2024-09-30,2024-09-30,MISB,567270
2024-09-30,2024-09-30,MISBP,999240
2024-09-30,2024-09-30,MOEX,1047663478.6
2024-09-30,2024-09-30,MRKC,18890610.6
2024-09-30,2024-09-30,MRKK,2753407
2024-09-30,2024-09-30,MRKP,22222138
2024-09-30,2024-09-30,MRKS,6770001.5
2024-09-30,2024-09-30,MRKU,16398086
2024-09-30,2024-09-30,MRKV,21471878.5
2024-09-30,2024-09-30,MRKY,4803215.5
2024-09-30,2024-09-30,MRKZ,6413133
2024-09-30,2024-09-30,MRSB,1308860
2024-09-30,2024-09-30,MSNG,92516147
2024-09-30,2024-09-30,MSRS,10909700.5
2024-09-30,2024-09-30,MSTT,23659938.5
2024-09-30,2024-09-30,MTLR,4539955397.19
2024-09-30,2024-09-30,MTLRP,745297311.5
2024-09-30,2024-09-30,MTSS,1234938452.5
2024-09-30,2024-09-30,MVID,119111947.4
2024-09-30,2024-09-30,NAUK,957750
2024-09-30,2024-09-30,NFAZ,501505
2024-09-30,2024-09-30,NKHP,42944445
2024-09-30,2024-09-30,NKNC,5401842.5
2024-09-30,2024-09-30,NKNCP,10083280.6
2024-09-30,2024-09-30,NKSH,1549410
2024-09-30,2024-09-30,NLMK,1941916866.8
2024-09-30,2024-09-30,NMTP,98220094.5
2024-09-30,2024-09-30,NNSB,83940
2024-09-30,2024-09-30,NNSBP,135910
2024-09-30,2024-09-30,NSVZ,8077115
2024-09-30,2024-09-30,NVTK,3525092696.8
2024-09-30,2024-09-30,OGKB,63321117.9
2024-09-30,2024-09-30,OKEY,5629059.5
2024-09-30,2024-09-30,OMZZP,4396180
2024-09-30,2024-09-30,OZON,2072449339.5
2024-09-30,2024-09-30,PHOR,339138862
2024-09-30,2024-09-30,PIKK,306572824.8
2024-09-30,2024-09-30,PLZL,1714226076.5
2024-09-30,2024-09-30,PMSB,3223816
2024-09-30,2024-09-30,PMSBP,3973392
2024-09-30,2024-09-30,POLY,0
2024-09-30,2024-09-30,POSI,325464447.4
2024-09-30,2024-09-30,PRFN,9701018.4
2024-09-30,2024-09-30,PRMB,212200
2024-09-30,2024-09-30,PRMD,27773906.3
2024-09-30,2024-09-30,QIWI,194084173.2
2024-09-30,2024-09-30,RASP,317861093
2024-09-30,2024-09-30,RDRB,754295
2024-09-30,2024-09-30,RENI,41580729
2024-09-30,2024-09-30,RGSS,1362101.6
2024-09-30,2024-09-30,RKKE,14266180
2024-09-30,2024-09-30,RNFT,432459605.7
2024-09-30,2024-09-30,ROLO,18435319.6
2024-09-30,2024-09-30,ROSB,16381434
2024-09-30,2024-09-30,ROSN,1569377898.35
2024-09-30,2024-09-30,ROST,527550
2024-09-30,2024-09-30,RTGZ,3647600
2024-09-30,2024-09-30,RTKM,395588912.9
2024-09-30,2024-09-30,RTKMP,184981620
2024-09-30,2024-09-30,RTSB,7058720
2024-09-30,2024-09-30,RTSBP,24986898
2024-09-30,2024-09-30,RUAL,872899687.95
2024-09-30,2024-09-30,RUSI,898028
2024-09-30,2024-09-30,RZSB,1641556
2024-09-30,2024-09-30,SAGO,264520
2024-09-30,2024-09-30,SAGOP,430670
2024-09-30,2024-09-30,SARE,3293980
2024-09-30,2024-09-30,SAREP,852145
2024-09-30,2024-09-30,SBER,11510452992.3
2024-09-30,2024-09-30,SBERP,781169593.8
2024-09-30,2024-09-30,SELG,101518961.2
2024-09-30,2024-09-30,SFIN,203355681.4
2024-09-30,2024-09-30,SGZH,945883985.5
2024-09-30,2024-09-30,SIBN,1706722431.55
2024-09-30,2024-09-30,SLEN,408186
2024-09-30,2024-09-30,SMLT,1217461742.5
2024-09-30,2024-09-30,SNGS,1098296980.5
2024-09-30,2024-09-30,SNGSP,1077245400.1
2024-09-30,2024-09-30,SOFL,78581166.4
2024-09-30,2024-09-30,SPBE,537473762.6
2024-09-30,2024-09-30,STSB,763805
2024-09-30,2024-09-30,STSBP,2163358
2024-09-30,2024-09-30,SVAV,466519308
2024-09-30,2024-09-30,SVCB,376562886.5
2024-09-30,2024-09-30,SVET,5942757.15
2024-09-30,2024-09-30,SVETP,12004412
2024-09-30,2024-09-30,TASB,55800
2024-09-30,2024-09-30,TASBP,1818760
2024-09-30,2024-09-30,TATN,1164447223.9
2024-09-30,2024-09-30,TATNP,262707417.5
2024-09-30,2024-09-30,TCSG,7053992117.5
2024-09-30,2024-09-30,TGKA,33979931.6
2024-09-30,2024-09-30,TGKB,6083195
2024-09-30,2024-09-30,TGKBP,3800999
2024-09-30,2024-09-30,TGKN,190327337
2024-09-30,2024-09-30,TNSE,437745
2024-09-30,2024-09-30,TORS,131340
2024-09-30,2024-09-30,TORSP,1060170
2024-09-30,2024-09-30,TRMK,529787160
2024-09-30,2024-09-30,TRNFP,1139229475
2024-09-30,2024-09-30,TTLK,4836915.5
2024-09-30,2024-09-30,TUZA,22456525
2024-09-30,2024-09-30,UGLD,847652561.6
2024-09-30,2024-09-30,UKUZ,60512
2024-09-30,2024-09-30,UNAC,116480992.5
2024-09-30,2024-09-30,UNKL,1789360
2024-09-30,2024-09-30,UPRO,114510465
2024-09-30,2024-09-30,URKZ,0
2024-09-30,2024-09-30,USBN,2256825
2024-09-30,2024-09-30,UTAR,1285253
2024-09-30,2024-09-30,VEON-RX,464073.5
2024-09-30,2024-09-30,VGSB,627540
2024-09-30,2024-09-30,VGSBP,170560
2024-09-30,2024-09-30,VJGZ,601025
2024-09-30,2024-09-30,VJGZP,5539505
2024-09-30,2024-09-30,VKCO,1190693366
2024-09-30,2024-09-30,VLHZ,735778
2024-09-30,2024-09-30,VRSB,10105290
2024-09-30,2024-09-30,VRSBP,6127662
2024-09-30,2024-09-30,VSEH,21280279.95
2024-09-30,2024-09-30,VSMO,49959700
2024-09-30,2024-09-30,VSYD,1220950
2024-09-30,2024-09-30,VSYDP,120800
2024-09-30,2024-09-30,VTBR,2234031396.88
2024-09-30,2024-09-30,WTCM,844794
2024-09-30,2024-09-30,WTCMP,2193428
2024-09-30,2024-09-30,WUSH,167819659.74
2024-09-30,2024-09-30,YAKG,5313877.5
2024-09-30,2024-09-30,YDEX,2884533680
2024-09-30,2024-09-30,YKEN,1268430
2024-09-30,2024-09-30,YKENP,567400
2024-09-30,2024-09-30,YRSB,121400
2024-09-30,2024-09-30,YRSBP,211790
2024-09-30,2024-09-30,ZAYM,24744180
2024-09-30,2024-09-30,ZILL,1147595
2024-09-30,2024-09-30,ZVEZ,1169640
2024-10-31,2024-10-31,ABIO,33759294
2024-10-31,2024-10-31,ABRD,6277368
2024-10-31,2024-10-31,ACKO,0
2024-10-31,2024-10-31,AFKS,2473100126.6
2024-10-31,2024-10-31,AFLT,2626817705.5
2024-10-31,2024-10-31,AGRO,61330644.2
2024-10-31,2024-10-31,AKRN,13797868
2024-10-31,2024-10-31,ALRS,827350661.5
2024-10-31,2024-10-31,AMEZ,31840542
2024-10-31,2024-10-31,APRI,184289.8
2024-10-31,2024-10-31,APTK,18213020.44
2024-10-31,2024-10-31,AQUA,31667695
2024-10-31,2024-10-31,ARSA,223953
2024-10-31,2024-10-31,ASSB,2398305
2024-10-31,2024-10-31,ASTR,155836770.75
2024-10-31,2024-10-31,AVAN,3115396
2024-10-31,2024-10-31,BANE,173021074
2024-10-31,2024-10-31,BANEP,153550070
2024-10-31,2024-10-31,BELU,41976754
2024-10-31,2024-10-31,BISVP,101789
2024-10-31,2024-10-31,BRZL,2361052
2024-10-31,2024-10-31,BSPB,313640370.9
2024-10-31,2024-10-31,BSPBP,15192640
2024-10-31,2024-10-31,CARM,7974315.05
2024-10-31,2024-10-31,CBOM,41597967.2
2024-10-31,2024-10-31,CHGZ,2332542
2024-10-31,2024-10-31,CHKZ,1114250
2024-10-31,2024-10-31,CHMF,1174771592.6
2024-10-31,2024-10-31,CHMK,3560515
2024-10-31,2024-10-31,CIAN,43729093
2024-10-31,2024-10-31,CNTL,3322820
2024-10-31,2024-10-31,CNTLP,1540896
2024-10-31,2024-10-31,DATA,157406611.06
2024-10-31,2024-10-31,DELI,17287644.7
2024-10-31,2024-10-31,DIAS,50337801
2024-10-31,2024-10-31,DIOD,537595
2024-10-31,2024-10-31,DVEC,4831287
2024-10-31,2024-10-31,DZRD,488790
2024-10-31,2024-10-31,DZRDP,845000
2024-10-31,2024-10-31,EELT,1016558.4
2024-10-31,2024-10-31,ELFV,25416663.8
2024-10-31,2024-10-31,ELMT,8774031.22
2024-10-31,2024-10-31,ENPG,98490339.55
2024-10-31,2024-10-31,ETLN,13186343.28
2024-10-31,2024-10-31,EUTR,267647945.05
2024-10-31,2024-10-31,FEES,226729983.4
2024-10-31,2024-10-31,FESH,127763369.9
2024-10-31,2024-10-31,FIVE,0
2024-10-31,2024-10-31,FIXP,47467526.2
2024-10-31,2024-10-31,FLOT,296224329.5
2024-10-31,2024-10-31,GAZC,0
2024-10-31,2024-10-31,GAZP,4294283523.6
2024-10-31,2024-10-31,GAZS,0
2024-10-31,2024-10-31,GAZT,0
2024-10-31,2024-10-31,GCHE,8197067
2024-10-31,2024-10-31,GECO,3392622.8
2024-10-31,2024-10-31,GEMA,763183
2024-10-31,2024-10-31,GEMC,11986828.7
2024-10-31,2024-10-31,GLTR,0
2024-10-31,2024-10-31,GMKN,2030794941.6
2024-10-31,2024-10-31,HEAD,972527918
2024-10-31,2024-10-31,HIMCP,1778556
2024-10-31,2024-10-31,HNFG,13114889.4
2024-10-31,2024-10-31,HYDR,249891779
2024-10-31,2024-10-31,IGST,465180
2024-10-31,2024-10-31,IGSTP,139750
2024-10-31,2024-10-31,INGR,54609
2024-10-31,2024-10-31,IRAO,285678937.15
2024-10-31,2024-10-31,IRKT,152044900
2024-10-31,2024-10-31,IVAT,5828840.9
2024-10-31,2024-10-31,JNOS,160815
2024-10-31,2024-10-31,JNOSP,225686
2024-10-31,2024-10-31,KAZT,6320656
2024-10-31,2024-10-31,KAZTP,954535
2024-10-31,2024-10-31,KBSB,593440
2024-10-31,2024-10-31,KCHE,450590
2024-10-31,2024-10-31,KCHEP,91350
2024-10-31,2024-10-31,KGKC,29568
2024-10-31,2024-10-31,KGKCP,33672
2024-10-31,2024-10-31,KLSB,3390839
2024-10-31,2024-10-31,KLVZ,1047459.4
2024-10-31,2024-10-31,KMAZ,39405058
2024-10-31,2024-10-31,KMEZ,217908
2024-10-31,2024-10-31,KOGK,315000
2024-10-31,2024-10-31,KRKN,18400
2024-10-31,2024-10-31,KRKNP,1242100
2024-10-31,2024-10-31,KRKOP,167012
2024-10-31,2024-10-31,KROT,2603420
2024-10-31,2024-10-31,KROTP,175040
2024-10-31,2024-10-31,KRSB,301758
2024-10-31,2024-10-31,KRSBP,590856
2024-10-31,2024-10-31,KUBE,388998
2024-10-31,2024-10-31,KUZB,152700.5
2024-10-31,2024-10-31,KZOS,7471495
2024-10-31,2024-10-31,KZOSP,774806.6
2024-10-31,2024-10-31,LEAS,185945947.4
2024-10-31,2024-10-31,LENT,32264165
2024-10-31,2024-10-31,LKOH,5428919113
2024-10-31,2024-10-31,LMBZ,2556063.05
2024-10-31,2024-10-31,LNZL,3140890
2024-10-31,2024-10-31,LNZLP,1652935
2024-10-31,2024-10-31,LSNG,1905635
2024-10-31,2024-10-31,LSNGP,13764679
2024-10-31,2024-10-31,LSRG,512413755.8
2024-10-31,2024-10-31,LVHK,362810
2024-10-31,2024-10-31,MAGE,1273017
2024-10-31,2024-10-31,MAGEP,198330
2024-10-31,2024-10-31,MAGN,695418396.75
2024-10-31,2024-10-31,MBNK,24224645
2024-10-31,2024-10-31,MDMG,119263031.3
2024-10-31,2024-10-31,MFGS,41700
2024-10-31,2024-10-31,MFGSP,66405
2024-10-31,2024-10-31,MGKL,14348897
2024-10-31,2024-10-31,MGNT,1845215636
2024-10-31,2024-10-31,MGNZ,0
2024-10-31,2024-10-31,MGTS,188710
2024-10-31,2024-10-31,MGTSP,4331154
2024-10-31,2024-10-31,MISB,167200
2024-10-31,2024-10-31,MISBP,535080
2024-10-31,2024-10-31,MOEX,1176720489.2
2024-10-31,2024-10-31,MRKC,36464778.6
2024-10-31,2024-10-31,MRKK,163628.6
2024-10-31,2024-10-31,MRKP,22270916
2024-10-31,2024-10-31,MRKS,1761207
2024-10-31,2024-10-31,MRKU,6414130
2024-10-31,2024-10-31,MRKV,4446889.5
2024-10-31,2024-10-31,MRKY,2298070
2024-10-31,2024-10-31,MRKZ,10404920
2024-10-31,2024-10-31,MRSB,2607490
2024-10-31,2024-10-31,MSNG,49125700
2024-10-31,2024-10-31,MSRS,42338654
2024-10-31,2024-10-31,MSTT,13738176
2024-10-31,2024-10-31,MTLR,3499328255.37
2024-10-31,2024-10-31,MTLRP,684710456
2024-10-31,2024-10-31,MTSS,965569342.5
2024-10-31,2024-10-31,MVID,298212386.7
2024-10-31,2024-10-31,NAUK,61840
2024-10-31,2024-10-31,NFAZ,408580
2024-10-31,2024-10-31,NKHP,10382375
2024-10-31,2024-10-31,NKNC,1840432.5
2024-10-31,2024-10-31,NKNCP,6047626.2
2024-10-31,2024-10-31,NKSH,568725
2024-10-31,2024-10-31,NLMK,2079972622.4
2024-10-31,2024-10-31,NMTP,52374077.5
2024-10-31,2024-10-31,NNSB,1259590
2024-10-31,2024-10-31,NNSBP,170888
2024-10-31,2024-10-31,NSVZ,1641135
2024-10-31,2024-10-31,NVTK,1821705240
2024-10-31,2024-10-31,OGKB,10083147.2
2024-10-31,2024-10-31,OKEY,3563581.1
2024-10-31,2024-10-31,OMZZP,589060
2024-10-31,2024-10-31,OZON,1837058374
2024-10-31,2024-10-31,OZPH,46450253.3
2024-10-31,2024-10-31,PHOR,226934224
2024-10-31,2024-10-31,PIKK,1687004069
2024-10-31,2024-10-31,PLZL,3106390693.5
2024-10-31,2024-10-31,PMSB,3837924
2024-10-31,2024-10-31,PMSBP,810580
2024-10-31,2024-10-31,POSI,632038636
2024-10-31,2024-10-31,PRFN,7021415.6
2024-10-31,2024-10-31,PRMB,86600
2024-10-31,2024-10-31,PRMD,14714879.75
2024-10-31,2024-10-31,QIWI,117240551.6
2024-10-31,2024-10-31,RASP,172542642.5
2024-10-31,2024-10-31,RDRB,615140
2024-10-31,2024-10-31,RENI,69759912.4
2024-10-31,2024-10-31,RGSS,1022112
2024-10-31,2024-10-31,RKKE,2534560
2024-10-31,2024-10-31,RNFT,670020277.9
2024-10-31,2024-10-31,ROLO,29450810.4
2024-10-31,2024-10-31,ROSB,1438286
2024-10-31,2024-10-31,ROSN,2594988234.15
2024-10-31,2024-10-31,ROST,64056
2024-10-31,2024-10-31,RTGZ,740000
2024-10-31,2024-10-31,RTKM,569261953.1
2024-10-31,2024-10-31,RTKMP,77367739
2024-10-31,2024-10-31,RTSB,1244520
2024-10-31,2024-10-31,RTSBP,3605452
2024-10-31,2024-10-31,RUAL,1304667000.25
2024-10-31,2024-10-31,RUSI,2266822
2024-10-31,2024-10-31,RZSB,3358082
2024-10-31,2024-10-31,SAGO,647690
2024-10-31,2024-10-31,SAGOP,306775
2024-10-31,2024-10-31,SARE,386370
2024-10-31,2024-10-31,SAREP,615900
2024-10-31,2024-10-31,SBER,13737746155.2
2024-10-31,2024-10-31,SBERP,1251736612.5
2024-10-31,2024-10-31,SELG,121943760.9
2024-10-31,2024-10-31,SFIN,103689137.2
2024-10-31,2024-10-31,SGZH,916524591.7
2024-10-31,2024-10-31,SIBN,677962546.25
2024-10-31,2024-10-31,SLEN,1031103.5
2024-10-31,2024-10-31,SMLT,4027247986.5
2024-10-31,2024-10-31,SNGS,885259501
2024-10-31,2024-10-31,SNGSP,874580512.55
2024-10-31,2024-10-31,SOFL,198661655.2
2024-10-31,2024-10-31,SPBE,162581210.1
2024-10-31,2024-10-31,STSB,801880
2024-10-31,2024-10-31,STSBP,549554
2024-10-31,2024-10-31,SVAV,38354711
2024-10-31,2024-10-31,SVCB,266432928
2024-10-31,2024-10-31,SVET,4324185.5
2024-10-31,2024-10-31,SVETP,464682.05
2024-10-31,2024-10-31,TASB,252172
2024-10-31,2024-10-31,TASBP,294560
2024-10-31,2024-10-31,TATN,1686438736.4
2024-10-31,2024-10-31,TATNP,317736345.1
2024-10-31,2024-10-31,TCSG,10477242488
2024-10-31,2024-10-31,TGKA,12247477.6
2024-10-31,2024-10-31,TGKB,5691410
2024-10-31,2024-10-31,TGKBP,2788318
2024-10-31,2024-10-31,TGKN,28273089
2024-10-31,2024-10-31,TNSE,173655
2024-10-31,2024-10-31,TORS,25280
2024-10-31,2024-10-31,TORSP,302090
2024-10-31,2024-10-31,TRMK,204474863.8
2024-10-31,2024-10-31,TRNFP,903967181
2024-10-31,2024-10-31,TTLK,1110167.5
2024-10-31,2024-10-31,TUZA,6891870
2024-10-31,2024-10-31,UGLD,339611349.6
2024-10-31,2024-10-31,UKUZ,143436
2024-10-31,2024-10-31,UNAC,67777252
2024-10-31,2024-10-31,UNKL,15433890
2024-10-31,2024-10-31,UPRO,82348611
2024-10-31,2024-10-31,URKZ,107900
2024-10-31,2024-10-31,USBN,462880
2024-10-31,2024-10-31,UTAR,535971
2024-10-31,2024-10-31,VEON-RX,1346873.5
2024-10-31,2024-10-31,VGSB,1492240
2024-10-31,2024-10-31,VGSBP,1720660
2024-10-31,2024-10-31,VJGZ,1261145
2024-10-31,2024-10-31,VJGZP,549070
2024-10-31,2024-10-31,VKCO,748301596.2
2024-10-31,2024-10-31,VLHZ,828168
2024-10-31,2024-10-31,VRSB,2237125
2024-10-31,2024-10-31,VRSBP,90480
2024-10-31,2024-10-31,VSEH,30603896.7
2024-10-31,2024-10-31,VSMO,14795980
2024-10-31,2024-10-31,VSYD,76800
2024-10-31,2024-10-31,VSYDP,145620
2024-10-31,2024-10-31,VTBR,2005659632.56
2024-10-31,2024-10-31,WTCM,549318
2024-10-31,2024-10-31,WTCMP,329742
2024-10-31,2024-10-31,WUSH,49859395
2024-10-31,2024-10-31,YAKG,966457
2024-10-31,2024-10-31,YDEX,2815400301.5
2024-10-31,2024-10-31,YKEN,362830
2024-10-31,2024-10-31,YKENP,509630
2024-10-31,2024-10-31,YRSB,100300
2024-10-31,2024-10-31,YRSBP,208120
2024-10-31,2024-10-31,ZAYM,9333014.5
2024-10-31,2024-10-31,ZILL,375285
2024-10-31,2024-10-31,ZVEZ,705040
2024-11-30,2024-11-29,ABIO,50244607.8
2024-11-30,2024-11-29,ABRD,11695270
2024-11-30,2024-11-29,ACKO,0
2024-11-30,2024-11-29,AFKS,2099247116.1
2024-11-30,2024-11-29,AFLT,4830870659.6
2024-11-30,2024-11-29,AGRO,590989771.2
2024-11-30,2024-11-29,AKRN,28423248
2024-11-30,2024-11-29,ALRS,947533895.9
2024-11-30,2024-11-29,AMEZ,92572620
2024-11-30,2024-11-29,APRI,115333.08
2024-11-30,2024-11-29,APTK,26873703.12
2024-11-30,2024-11-29,AQUA,96250235.5
2024-11-30,2024-11-29,ARSA,85575
2024-11-30,2024-11-29,ASSB,748460
2024-11-30,2024-11-29,ASTR,250302492.85
2024-11-30,2024-11-29,AVAN,27610870
2024-11-30,2024-11-29,BANE,89786711
2024-11-30,2024-11-29,BANEP,173973332.5
2024-11-30,2024-11-29,BELU,32187644
2024-11-30,2024-11-29,BISVP,219502
2024-11-30,2024-11-29,BRZL,3666375
2024-11-30,2024-11-29,BSPB,305787022.9
2024-11-30,2024-11-29,BSPBP,2908390
2024-11-30,2024-11-29,CARM,21278607.25
2024-11-30,2024-11-29,CBOM,133656805.4
2024-11-30,2024-11-29,CHGZ,1229902
2024-11-30,2024-11-29,CHKZ,206450
2024-11-30,2024-11-29,CHMF,1055647026
2024-11-30,2024-11-29,CHMK,878480
2024-11-30,2024-11-29,CIAN,18267893.6
2024-11-30,2024-11-29,CNTL,5316304
2024-11-30,2024-11-29,CNTLP,2140520
2024-11-30,2024-11-29,DATA,30953914.14
2024-11-30,2024-11-29,DELI,9150840.1
2024-11-30,2024-11-29,DIAS,495290190
2024-11-30,2024-11-29,DIOD,850223
2024-11-30,2024-11-29,DVEC,4884177
2024-11-30,2024-11-29,DZRD,499445
2024-11-30,2024-11-29,DZRDP,194810
2024-11-30,2024-11-29,EELT,643411.2
2024-11-30,2024-11-29,ELFV,28323226.6
2024-11-30,2024-11-29,ELMT,8543050.5
2024-11-30,2024-11-29,ENPG,69822894.25
2024-11-30,2024-11-29,ETLN,25086677.96
2024-11-30,2024-11-29,EUTR,583143286.1
2024-11-30,2024-11-29,FEES,155906335.8
2024-11-30,2024-11-29,FESH,139841823.8
2024-11-30,2024-11-29,FIXP,74217814.4
2024-11-30,2024-11-29,FLOT,256542535
2024-11-30,2024-11-29,GAZC,0
2024-11-30,2024-11-29,GAZP,9006040351.7
2024-11-30,2024-11-29,GAZS,0
2024-11-30,2024-11-29,GAZT,0
2024-11-30,2024-11-29,GCHE,7184437
2024-11-30,2024-11-29,GECO,6971119.8
2024-11-30,2024-11-29,GEMA,6953659
2024-11-30,2024-11-29,GEMC,13866608.6
2024-11-30,2024-11-29,GMKN,2612668360.4
2024-11-30,2024-11-29,GTRK,275209059
2024-11-30,2024-11-29,HEAD,602531771
2024-11-30,2024-11-29,HIMCP,1786688
2024-11-30,2024-11-29,HNFG,21568217.9
2024-11-30,2024-11-29,HYDR,74226104.4
2024-11-30,2024-11-29,IGST,426700
2024-11-30,2024-11-29,IGSTP,21340
2024-11-30,2024-11-29,INGR,81846
2024-11-30,2024-11-29,IRAO,419586545.1
2024-11-30,2024-11-29,IRKT,182646850
2024-11-30,2024-11-29,IVAT,14696441.25
2024-11-30,2024-11-29,JNOS,12345
2024-11-30,2024-11-29,JNOSP,98474
2024-11-30,2024-11-29,KAZT,2568638
2024-11-30,2024-11-29,KAZTP,597015
2024-11-30,2024-11-29,KBSB,916555
2024-11-30,2024-11-29,KCHE,135990
2024-11-30,2024-11-29,KCHEP,7650
2024-11-30,2024-11-29,KGKC,20958
2024-11-30,2024-11-29,KGKCP,76902
2024-11-30,2024-11-29,KLSB,2707043
2024-11-30,2024-11-29,KLVZ,1278747.2
2024-11-30,2024-11-29,KMAZ,22939487
2024-11-30,2024-11-29,KMEZ,96264
2024-11-30,2024-11-29,KOGK,142600
2024-11-30,2024-11-29,KRKN,8950
2024-11-30,2024-11-29,KRKNP,2386240
2024-11-30,2024-11-29,KRKOP,47262
2024-11-30,2024-11-29,KROT,5008190
2024-11-30,2024-11-29,KROTP,209190
2024-11-30,2024-11-29,KRSB,2000276
2024-11-30,2024-11-29,KRSBP,221308
2024-11-30,2024-11-29,KUBE,2841496
2024-11-30,2024-11-29,KUZB,105784.5
2024-11-30,2024-11-29,KZOS,2860664
2024-11-30,2024-11-29,KZOSP,1079273.7
2024-11-30,2024-11-29,LEAS,133140963.3
2024-11-30,2024-11-29,LENT,41788985.5
2024-11-30,2024-11-29,LKOH,8908600122.5
2024-11-30,2024-11-29,LMBZ,2331802.85
2024-11-30,2024-11-29,LNZL,11954470
2024-11-30,2024-11-29,LNZLP,4974395
2024-11-30,2024-11-29,LSNG,3575715
2024-11-30,2024-11-29,LSNGP,24693240
2024-11-30,2024-11-29,LSRG,97192113.8
2024-11-30,2024-11-29,LVHK,9207545
2024-11-30,2024-11-29,MAGE,599593
2024-11-30,2024-11-29,MAGEP,549070
2024-11-30,2024-11-29,MAGN,939287654.3
2024-11-30,2024-11-29,MBNK,54019641.5
2024-11-30,2024-11-29,MDMG,112167272
2024-11-30,2024-11-29,MFGS,197355
2024-11-30,2024-11-29,MFGSP,18830
2024-11-30,2024-11-29,MGKL,12901051.8
2024-11-30,2024-11-29,MGNT,6865181673.5
2024-11-30,2024-11-29,MGNZ,0
2024-11-30,2024-11-29,MGTS,64020
2024-11-30,2024-11-29,MGTSP,3060198
2024-11-30,2024-11-29,MISB,462130
2024-11-30,2024-11-29,MISBP,423830
2024-11-30,2024-11-29,MOEX,1532449828
2024-11-30,2024-11-29,MRKC,21222400.6
2024-11-30,2024-11-29,MRKK,140237.2
2024-11-30,2024-11-29,MRKP,10713733
2024-11-30,2024-11-29,MRKS,3624683.5
2024-11-30,2024-11-29,MRKU,12162698
2024-11-30,2024-11-29,MRKV,2804568.5
2024-11-30,2024-11-29,MRKY,2559710.5
2024-11-30,2024-11-29,MRKZ,6853893
2024-11-30,2024-11-29,MRSB,8536480
2024-11-30,2024-11-29,MSNG,58198557.5
2024-11-30,2024-11-29,MSRS,9400817
2024-11-30,2024-11-29,MSTT,15441573.5
2024-11-30,2024-11-29,MTLR,3990153324.34
2024-11-30,2024-11-29,MTLRP,429742036
2024-11-30,2024-11-29,MTSS,540644778
2024-11-30,2024-11-29,MVID,147211197.7
2024-11-30,2024-11-29,NAUK,1893965
2024-11-30,2024-11-29,NFAZ,3572610
2024-11-30,2024-11-29,NKHP,9471790
2024-11-30,2024-11-29,NKNC,2391682.5
2024-11-30,2024-11-29,NKNCP,4796816.6
2024-11-30,2024-11-29,NKSH,2177145
2024-11-30,2024-11-29,NLMK,987078445.2
2024-11-30,2024-11-29,NMTP,65575581
2024-11-30,2024-11-29,NNSB,1402610
2024-11-30,2024-11-29,NNSBP,570162
2024-11-30,2024-11-29,NSVZ,14256225
2024-11-30,2024-11-29,NVTK,1590985486.8
2024-11-30,2024-11-29,OGKB,64415294.8
2024-11-30,2024-11-29,OKEY,4004547.6
2024-11-30,2024-11-29,OMZZP,480440
2024-11-30,2024-11-29,OZON,3056129181.5
2024-11-30,2024-11-29,OZPH,23740691.5
2024-11-30,2024-11-29,PHOR,370919310
2024-11-30,2024-11-29,PIKK,1367055011.7
2024-11-30,2024-11-29,PLZL,1951860748
2024-11-30,2024-11-29,PMSB,6881588
2024-11-30,2024-11-29,PMSBP,3192076
2024-11-30,2024-11-29,POSI,273317501.2
2024-11-30,2024-11-29,PRFN,2790848.8
2024-11-30,2024-11-29,PRMB,26400
2024-11-30,2024-11-29,PRMD,15307675.6
2024-11-30,2024-11-29,QIWI,201206151.4
2024-11-30,2024-11-29,RASP,177772942
2024-11-30,2024-11-29,RDRB,1052405
2024-11-30,2024-11-29,RENI,105447118.2
2024-11-30,2024-11-29,RGSS,1451186.6
2024-11-30,2024-11-29,RKKE,2151230
2024-11-30,2024-11-29,RNFT,631744561.7
2024-11-30,2024-11-29,ROLO,22673700.8
2024-11-30,2024-11-29,ROSB,0
2024-11-30,2024-11-29,ROSN,2801680425.1
2024-11-30,2024-11-29,ROST,378658
2024-11-30,2024-11-29,RTGZ,128900
2024-11-30,2024-11-29,RTKM,282683844.5
2024-11-30,2024-11-29,RTKMP,89895362.5
2024-11-30,2024-11-29,RTSB,151130
2024-11-30,2024-11-29,RTSBP,318906
2024-11-30,2024-11-29,RUAL,407594628.45
2024-11-30,2024-11-29,RUSI,1289701
2024-11-30,2024-11-29,RZSB,1200200
2024-11-30,2024-11-29,SAGO,284705
2024-11-30,2024-11-29,SAGOP,61130
2024-11-30,2024-11-29,SARE,130100
2024-11-30,2024-11-29,SAREP,80110
2024-11-30,2024-11-29,SBER,16387603634.6
2024-11-30,2024-11-29,SBERP,1181091722.4
2024-11-30,2024-11-29,SELG,155276697.5
2024-11-30,2024-11-29,SFIN,192012673.4
2024-11-30,2024-11-29,SGZH,1793093879.2
2024-11-30,2024-11-29,SIBN,485308911.55
2024-11-30,2024-11-29,SLEN,201831
2024-11-30,2024-11-29,SMLT,8471124859
2024-11-30,2024-11-29,SNGS,831027961
2024-11-30,2024-11-29,SNGSP,2202459074.75
2024-11-30,2024-11-29,SOFL,76317583.2
2024-11-30,2024-11-29,SPBE,106039014.4
2024-11-30,2024-11-29,STSB,1692180
2024-11-30,2024-11-29,STSBP,2452705
2024-11-30,2024-11-29,SVAV,45138309.5
2024-11-30,2024-11-29,SVCB,279137106.5
2024-11-30,2024-11-29,SVET,2611814.55
2024-11-30,2024-11-29,SVETP,1263593.35
2024-11-30,2024-11-29,T,18591390509.4
2024-11-30,2024-11-29,TASB,149510
2024-11-30,2024-11-29,TASBP,80660
2024-11-30,2024-11-29,TATN,1807890366.1
2024-11-30,2024-11-29,TATNP,450641784.2
2024-11-30,2024-11-29,TGKA,10223697.6
2024-11-30,2024-11-29,TGKB,6616590
2024-11-30,2024-11-29,TGKBP,1653996
2024-11-30,2024-11-29,TGKN,68285540
2024-11-30,2024-11-29,TNSE,429170
2024-11-30,2024-11-29,TORS,108320
2024-11-30,2024-11-29,TORSP,63140
2024-11-30,2024-11-29,TRMK,192378735.8
2024-11-30,2024-11-29,TRNFP,2978366566
2024-11-30,2024-11-29,TTLK,1174620
2024-11-30,2024-11-29,TUZA,4469890
2024-11-30,2024-11-29,UGLD,503741525.4
2024-11-30,2024-11-29,UKUZ,56100
2024-11-30,2024-11-29,UNAC,82655534.5
2024-11-30,2024-11-29,UNKL,3883120
2024-11-30,2024-11-29,UPRO,159027418
2024-11-30,2024-11-29,URKZ,355600
2024-11-30,2024-11-29,USBN,510690
2024-11-30,2024-11-29,UTAR,1333216
2024-11-30,2024-11-29,VEON-RX,322636.5
2024-11-30,2024-11-29,VGSB,461120
2024-11-30,2024-11-29,VGSBP,686900
2024-11-30,2024-11-29,VJGZ,167950
2024-11-30,2024-11-29,VJGZP,470740
2024-11-30,2024-11-29,VKCO,899092739.6
2024-11-30,2024-11-29,VLHZ,3070354
2024-11-30,2024-11-29,VRSB,2967495
2024-11-30,2024-11-29,VRSBP,24212
2024-11-30,2024-11-29,VSEH,23754654.85
2024-11-30,2024-11-29,VSMO,12472740
2024-11-30,2024-11-29,VSYD,417750
2024-11-30,2024-11-29,VSYDP,120650
2024-11-30,2024-11-29,VTBR,2210972899.69
2024-11-30,2024-11-29,WTCM,102648
2024-11-30,2024-11-29,WTCMP,209234
2024-11-30,2024-11-29,WUSH,132072688.65
2024-11-30,2024-11-29,YAKG,2264169.5
2024-11-30,2024-11-29,YDEX,3297252128
2024-11-30,2024-11-29,YKEN,244270
2024-11-30,2024-11-29,YKENP,100090
2024-11-30,2024-11-29,YRSB,476740
2024-11-30,2024-11-29,YRSBP,779935
2024-11-30,2024-11-29,ZAYM,11682188.5
2024-11-30,2024-11-29,ZILL,215685
2024-11-30,2024-11-29,ZVEZ,1062720
2024-12-31,2024-12-30,ABIO,178498135.4
2024-12-31,2024-12-30,ABRD,13107438
2024-12-31,2024-12-30,ACKO,0
2024-12-31,2024-12-30,AFKS,2224966295.5
2024-12-31,2024-12-30,AFLT,1899511311.1
2024-12-31,2024-12-30,AGRO,0
2024-12-31,2024-12-30,AKRN,7207466
2024-12-31,2024-12-30,ALRS,1133865135.2
2024-12-31,2024-12-30,AMEZ,36024700
2024-12-31,2024-12-30,APRI,386531.38
2024-12-31,2024-12-30,APTK,109099901.94
2024-12-31,2024-12-30,AQUA,57352792
2024-12-31,2024-12-30,ARSA,629518
2024-12-31,2024-12-30,ASSB,855760
2024-12-31,2024-12-30,ASTR,211813314.85
2024-12-31,2024-12-30,AVAN,3705241
2024-12-31,2024-12-30,BANE,99249716.5
2024-12-31,2024-12-30,BANEP,335843939.5
2024-12-31,2024-12-30,BELU,343169861
2024-12-31,2024-12-30,BISVP,340456
2024-12-31,2024-12-30,BLNG,31955090
2024-12-31,2024-12-30,BRZL,1347091
2024-12-31,2024-12-30,BSPB,393973637.4
2024-12-31,2024-12-30,BSPBP,4771105
2024-12-31,2024-12-30,CARM,6421795.7
2024-12-31,2024-12-30,CBOM,70381994.2
2024-12-31,2024-12-30,CHGZ,1006528
2024-12-31,2024-12-30,CHKZ,684700
2024-12-31,2024-12-30,CHMF,2338440249.8
2024-12-31,2024-12-30,CHMK,1517955
2024-12-31,2024-12-30,CIAN,23037198.4
2024-12-31,2024-12-30,CNTL,2374818
2024-12-31,2024-12-30,CNTLP,3682210
2024-12-31,2024-12-30,DATA,64778644.4
2024-12-31,2024-12-30,DELI,90795069.35
2024-12-31,2024-12-30,DIAS,52021544
2024-12-31,2024-12-30,DIOD,1206746
2024-12-31,2024-12-30,DSKY,0
2024-12-31,2024-12-30,DVEC,6965434
2024-12-31,2024-12-30,DZRD,270510
2024-12-31,2024-12-30,DZRDP,268780
2024-12-31,2024-12-30,EELT,4047161.6
2024-12-31,2024-12-30,ELFV,34816932.6
2024-12-31,2024-12-30,ELMT,22375382.2
2024-12-31,2024-12-30,ENPG,119540866.95
2024-12-31,2024-12-30,ETLN,29850015.26
2024-12-31,2024-12-30,EUTR,1295512220.9
2024-12-31,2024-12-30,FEES,225748899.6
2024-12-31,2024-12-30,FESH,919191295
2024-12-31,2024-12-30,FIXP,55804123.4
2024-12-31,2024-12-30,FLOT,476068383.2
2024-12-31,2024-12-30,GAZA,647450
2024-12-31,2024-12-30,GAZAP,242030
2024-12-31,2024-12-30,GAZC,0
2024-12-31,2024-12-30,GAZP,6976178027.7
2024-12-31,2024-12-30,GAZS,0
2024-12-31,2024-12-30,GAZT,0
2024-12-31,2024-12-30,GCHE,22716173
2024-12-31,2024-12-30,GECO,23508140.7
2024-12-31,2024-12-30,GEMA,4776532
2024-12-31,2024-12-30,GEMC,53212055
2024-12-31,2024-12-30,GMKN,1896020846.6
2024-12-31,2024-12-30,GTRK,393169251
2024-12-31,2024-12-30,HEAD,816601575
2024-12-31,2024-12-30,HIMCP,5306068
2024-12-31,2024-12-30,HNFG,59064174.4
2024-12-31,2024-12-30,HYDR,159561300.3
2024-12-31,2024-12-30,IGST,2458500
2024-12-31,2024-12-30,IGSTP,1102710
2024-12-31,2024-12-30,INGR,84286
2024-12-31,2024-12-30,IRAO,462052739.8
2024-12-31,2024-12-30,IRKT,384701905
2024-12-31,2024-12-30,IVAT,28962628.55
2024-12-31,2024-12-30,JNOS,562050
2024-12-31,2024-12-30,JNOSP,563540
2024-12-31,2024-12-30,KAZT,5188772
2024-12-31,2024-12-30,KAZTP,849825
2024-12-31,2024-12-30,KBSB,741345
2024-12-31,2024-12-30,KCHE,163940
2024-12-31,2024-12-30,KCHEP,396950
2024-12-31,2024-12-30,KGKC,113594
2024-12-31,2024-12-30,KGKCP,668366
2024-12-31,2024-12-30,KLSB,2347408
2024-12-31,2024-12-30,KLVZ,9032322.2
2024-12-31,2024-12-30,KMAZ,153717269
2024-12-31,2024-12-30,KMEZ,1431630
2024-12-31,2024-12-30,KOGK,335400
2024-12-31,2024-12-30,KRKN,18200
2024-12-31,2024-12-30,KRKNP,4527520
2024-12-31,2024-12-30,KRKOP,100752
2024-12-31,2024-12-30,KROT,10852700
2024-12-31,2024-12-30,KROTP,466920
2024-12-31,2024-12-30,KRSB,1244582
2024-12-31,2024-12-30,KRSBP,881934
2024-12-31,2024-12-30,KUZB,940963.5
2024-12-31,2024-12-30,KZOS,3845613
2024-12-31,2024-12-30,KZOSP,4151376.7
2024-12-31,2024-12-30,LEAS,322491142.6
2024-12-31,2024-12-30,LENT,64114085
2024-12-31,2024-12-30,LIFE,31104673.5
2024-12-31,2024-12-30,LKOH,5560649924.5
2024-12-31,2024-12-30,LMBZ,628252.25
2024-12-31,2024-12-30,LNZL,50107480
2024-12-31,2024-12-30,LNZLP,10534325
2024-12-31,2024-12-30,LPSB,3293725
2024-12-31,2024-12-30,LSNG,8048567
2024-12-31,2024-12-30,LSNGP,44254074.5
2024-12-31,2024-12-30,LSRG,75314927
2024-12-31,2024-12-30,LVHK,1293715
2024-12-31,2024-12-30,MAGE,604739
2024-12-31,2024-12-30,MAGEP,632922
2024-12-31,2024-12-30,MAGN,888718639.25
2024-12-31,2024-12-30,MBNK,90469731.5
2024-12-31,2024-12-30,MDMG,107722362.8
2024-12-31,2024-12-30,MFGS,1267660
2024-12-31,2024-12-30,MFGSP,1401450
2024-12-31,2024-12-30,MGKL,12898718.55
2024-12-31,2024-12-30,MGNT,4590803760.5
2024-12-31,2024-12-30,MGNZ,0
2024-12-31,2024-12-30,MGTS,603595
2024-12-31,2024-12-30,MGTSP,11381148
2024-12-31,2024-12-30,MISB,744670
2024-12-31,2024-12-30,MISBP,1015230
2024-12-31,2024-12-30,MOEX,1931758046.2
2024-12-31,2024-12-30,MRKC,17553417.6
2024-12-31,2024-12-30,MRKK,2456474.2
2024-12-31,2024-12-30,MRKP,29422310
2024-12-31,2024-12-30,MRKS,16433269.5
2024-12-31,2024-12-30,MRKU,33636752
2024-12-31,2024-12-30,MRKV,16151305
2024-12-31,2024-12-30,MRKY,8444239
2024-12-31,2024-12-30,MRKZ,54985354
2024-12-31,2024-12-30,MRSB,2710220
2024-12-31,2024-12-30,MSNG,50814737.5
2024-12-31,2024-12-30,MSRS,13872380.5
2024-12-31,2024-12-30,MSTT,35029639
2024-12-31,2024-12-30,MTLR,6891743298.46
2024-12-31,2024-12-30,MTLRP,1143243399
2024-12-31,2024-12-30,MTSS,1285574992
2024-12-31,2024-12-30,MVID,229339276
2024-12-31,2024-12-30,NAUK,745960
2024-12-31,2024-12-30,NFAZ,1018565
2024-12-31,2024-12-30,NKHP,23371870
2024-12-31,2024-12-30,NKNC,8693543.5
2024-12-31,2024-12-30,NKNCP,12511856
2024-12-31,2024-12-30,NKSH,1163820
2024-12-31,2024-12-30,NLMK,1609066657.4
2024-12-31,2024-12-30,NMTP,142226217
2024-12-31,2024-12-30,NNSB,89140
2024-12-31,2024-12-30,NNSBP,393824
2024-12-31,2024-12-30,NSVZ,4403010
2024-12-31,2024-12-30,NVTK,2078996851.2
2024-12-31,2024-12-30,OGKB,52551607.6
2024-12-31,2024-12-30,OKEY,154533509.4
2024-12-31,2024-12-30,OMZZP,258800
2024-12-31,2024-12-30,OZON,3201738080.5
2024-12-31,2024-12-30,OZPH,815644015.5
2024-12-31,2024-12-30,PAZA,586900
2024-12-31,2024-12-30,PHOR,479581691
2024-12-31,2024-12-30,PIKK,1324535155.6
2024-12-31,2024-12-30,PLZL,883862371
2024-12-31,2024-12-30,PMSB,11492461
2024-12-31,2024-12-30,PMSBP,5433472
2024-12-31,2024-12-30,POSI,1236276725
2024-12-31,2024-12-30,PRFN,10859228
2024-12-31,2024-12-30,PRMB,302400
2024-12-31,2024-12-30,PRMD,97566994.85
2024-12-31,2024-12-30,QIWI,174827993.8
2024-12-31,2024-12-30,RASP,103906163
2024-12-31,2024-12-30,RBCM,23435943.5
2024-12-31,2024-12-30,RDRB,667620
2024-12-31,2024-12-30,RENI,58758757.4
2024-12-31,2024-12-30,RGSS,2579878.6
2024-12-31,2024-12-30,RKKE,6494080
2024-12-31,2024-12-30,RNFT,2368633837.1
2024-12-31,2024-12-30,ROLO,32979365.4
2024-12-31,2024-12-30,ROSB,0
2024-12-31,2024-12-30,ROSN,4080174478.8
2024-12-31,2024-12-30,ROST,693114
2024-12-31,2024-12-30,RTGZ,137100
2024-12-31,2024-12-30,RTKM,526992451.1
2024-12-31,2024-12-30,RTKMP,143153397.5
2024-12-31,2024-12-30,RTSB,365285
2024-12-31,2024-12-30,RTSBP,607168
2024-12-31,2024-12-30,RUAL,543701749.65
2024-12-31,2024-12-30,RUSI,751806
2024-12-31,2024-12-30,RZSB,2739898
2024-12-31,2024-12-30,SAGO,2384185
2024-12-31,2024-12-30,SAGOP,1038985
2024-12-31,2024-12-30,SARE,467420
2024-12-31,2024-12-30,SAREP,301685
2024-12-31,2024-12-30,SBER,14559469001.2
2024-12-31,2024-12-30,SBERP,1245180690.9
2024-12-31,2024-12-30,SELG,122944510.7
2024-12-31,2024-12-30,SFIN,464627031.2
2024-12-31,2024-12-30,SGZH,441618745.7
2024-12-31,2024-12-30,SIBN,1015048552.55
2024-12-31,2024-12-30,SLEN,1755059
2024-12-31,2024-12-30,SMLT,3969346440
2024-12-31,2024-12-30,SNGS,1452318249.5
2024-12-31,2024-12-30,SNGSP,1153584775.75
2024-12-31,2024-12-30,SOFL,146698131.8
2024-12-31,2024-12-30,SPBE,390470994.4
2024-12-31,2024-12-30,STSB,219895
2024-12-31,2024-12-30,STSBP,1513240
2024-12-31,2024-12-30,SVAV,184812583.5
2024-12-31,2024-12-30,SVCB,524617873.5
2024-12-31,2024-12-30,SVET,5075414.2
2024-12-31,2024-12-30,SVETP,2505161.2
2024-12-31,2024-12-30,T,14525287923.6
2024-12-31,2024-12-30,TASB,337706
2024-12-31,2024-12-30,TASBP,147900
2024-12-31,2024-12-30,TATN,2617449063.9
2024-12-31,2024-12-30,TATNP,500955031.5
2024-12-31,2024-12-30,TGKA,59495123.4
2024-12-31,2024-12-30,TGKB,19735095
2024-12-31,2024-12-30,TGKBP,6630844
2024-12-31,2024-12-30,TGKN,56290476
2024-12-31,2024-12-30,TNSE,328585
2024-12-31,2024-12-30,TORS,360300
2024-12-31,2024-12-30,TORSP,147930
2024-12-31,2024-12-30,TRMK,253502257.2
2024-12-31,2024-12-30,TRNFP,4409780662.5
2024-12-31,2024-12-30,TTLK,3364159
2024-12-31,2024-12-30,TUZA,3791360
2024-12-31,2024-12-30,UGLD,610504282.1
2024-12-31,2024-12-30,UKUZ,119732
2024-12-31,2024-12-30,UNAC,177772646
2024-12-31,2024-12-30,UNKL,4935360
2024-12-31,2024-12-30,UPRO,414184077
2024-12-31,2024-12-30,URKZ,188400
2024-12-31,2024-12-30,USBN,2191705
2024-12-31,2024-12-30,UTAR,1740513
2024-12-31,2024-12-30,UWGN,483673752.1
2024-12-31,2024-12-30,VEON-RX,2438915.5
2024-12-31,2024-12-30,VGSB,655460
2024-12-31,2024-12-30,VGSBP,272960
2024-12-31,2024-12-30,VJGZ,2046600
2024-12-31,2024-12-30,VJGZP,1152995
2024-12-31,2024-12-30,VKCO,1535230761.6
2024-12-31,2024-12-30,VLHZ,2122476
2024-12-31,2024-12-30,VRSB,14538880
2024-12-31,2024-12-30,VRSBP,448784
2024-12-31,2024-12-30,VSEH,42196358.95
2024-12-31,2024-12-30,VSMO,91242840
2024-12-31,2024-12-30,VSYD,165100
2024-12-31,2024-12-30,VSYDP,140950
2024-12-31,2024-12-30,VTBR,1749330631.8
2024-12-31,2024-12-30,WTCM,457608
2024-12-31,2024-12-30,WTCMP,1696698
2024-12-31,2024-12-30,WUSH,292168788.84
2024-12-31,2024-12-30,YAKG,3538693
2024-12-31,2024-12-30,YDEX,2444258396
2024-12-31,2024-12-30,YKEN,1095000
2024-12-31,2024-12-30,YKENP,506580
2024-12-31,2024-12-30,YRSB,529980
2024-12-31,2024-12-30,YRSBP,953235
2024-12-31,2024-12-30,ZAYM,71759804
2024-12-31,2024-12-30,ZILL,2077060
2024-12-31,2024-12-30,ZVEZ,1478850
2025-01-31,2025-01-31,ABIO,42893455
2025-01-31,2025-01-31,ABRD,9640840
2025-01-31,2025-01-31,ACKO,0
2025-01-31,2025-01-31,AFKS,1540309728.2
2025-01-31,2025-01-31,AFLT,5342172379.4
2025-01-31,2025-01-31,AGRO,0
2025-01-31,2025-01-31,AKRN,10057132
2025-01-31,2025-01-31,ALRS,1888690766.8
2025-01-31,2025-01-31,AMEZ,186810855
2025-01-31,2025-01-31,APRI,4655116.36
2025-01-31,2025-01-31,APTK,20213546
2025-01-31,2025-01-31,AQUA,138302802
2025-01-31,2025-01-31,ARSA,551813
2025-01-31,2025-01-31,ASSB,2753555
2025-01-31,2025-01-31,ASTR,225402743.15
2025-01-31,2025-01-31,AVAN,1789313
2025-01-31,2025-01-31,BANE,38335983
2025-01-31,2025-01-31,BANEP,88960493.5
2025-01-31,2025-01-31,BELU,287584131
2025-01-31,2025-01-31,BISVP,189886
2025-01-31,2025-01-31,BLNG,143422919
2025-01-31,2025-01-31,BRZL,7028965
2025-01-31,2025-01-31,BSPB,274202582
2025-01-31,2025-01-31,BSPBP,12635840
2025-01-31,2025-01-31,CARM,60161088.9
2025-01-31,2025-01-31,CBOM,90270936
2025-01-31,2025-01-31,CHGZ,340552
2025-01-31,2025-01-31,CHKZ,1971450
2025-01-31,2025-01-31,CHMF,4536888336
2025-01-31,2025-01-31,CHMK,2464575
2025-01-31,2025-01-31,CIAN,14184044.2
2025-01-31,2025-01-31,CNTL,12648950
2025-01-31,2025-01-31,CNTLP,3765294
2025-01-31,2025-01-31,DATA,672965124.84
2025-01-31,2025-01-31,DELI,48039045.35
2025-01-31,2025-01-31,DIAS,36070900.5
2025-01-31,2025-01-31,DIOD,784145
2025-01-31,2025-01-31,DSKY,0
2025-01-31,2025-01-31,DVEC,5732424
2025-01-31,2025-01-31,DZRD,876165
2025-01-31,2025-01-31,DZRDP,2569090
2025-01-31,2025-01-31,EELT,3152061.8
2025-01-31,2025-01-31,ELFV,13478786
2025-01-31,2025-01-31,ELMT,10492489
2025-01-31,2025-01-31,ENPG,135795839.6
2025-01-31,2025-01-31,ETLN,20616874.46
2025-01-31,2025-01-31,EUTR,305831256.25
2025-01-31,2025-01-31,FEES,221550893.4
2025-01-31,2025-01-31,FESH,326939459.5
2025-01-31,2025-01-31,FIXP,49083235.7
2025-01-31,2025-01-31,FLOT,332371168.6
2025-01-31,2025-01-31,GAZA,539850
2025-01-31,2025-01-31,GAZAP,421795
2025-01-31,2025-01-31,GAZC,0
2025-01-31,2025-01-31,GAZP,14868400816.8
2025-01-31,2025-01-31,GAZS,0
2025-01-31,2025-01-31,GAZT,0
2025-01-31,2025-01-31,GCHE,11562043
2025-01-31,2025-01-31,GECO,7293224.9
2025-01-31,2025-01-31,GEMA,3882751
2025-01-31,2025-01-31,GEMC,25254352
2025-01-31,2025-01-31,GMKN,3007858928.4
2025-01-31,2025-01-31,GTRK,247404882
2025-01-31,2025-01-31,HEAD,962323062
2025-01-31,2025-01-31,HIMCP,1054978
2025-01-31,2025-01-31,HNFG,29218755.3
2025-01-31,2025-01-31,HYDR,311684382.9
2025-01-31,2025-01-31,IGST,9267840
2025-01-31,2025-01-31,IGSTP,5927880
2025-01-31,2025-01-31,INGR,140298
2025-01-31,2025-01-31,IRAO,378698637.9
2025-01-31,2025-01-31,IRKT,114903045
2025-01-31,2025-01-31,IVAT,11000223.35
2025-01-31,2025-01-31,JNOS,435975
2025-01-31,2025-01-31,JNOSP,777098
2025-01-31,2025-01-31,KAZT,1779978
2025-01-31,2025-01-31,KAZTP,2390025
2025-01-31,2025-01-31,KBSB,4149635
2025-01-31,2025-01-31,KCHE,908500
2025-01-31,2025-01-31,KCHEP,19000
2025-01-31,2025-01-31,KGKC,252888
2025-01-31,2025-01-31,KGKCP,109570
2025-01-31,2025-01-31,KLSB,48139382
2025-01-31,2025-01-31,KLVZ,2458740.8
2025-01-31,2025-01-31,KMAZ,41491296
2025-01-31,2025-01-31,KMEZ,550072
2025-01-31,2025-01-31,KOGK,363600
2025-01-31,2025-01-31,KRKN,27700
2025-01-31,2025-01-31,KRKNP,2161540
2025-01-31,2025-01-31,KRKOP,198620
2025-01-31,2025-01-31,KROT,38721640
2025-01-31,2025-01-31,KROTP,4231430
2025-01-31,2025-01-31,KRSB,643352
2025-01-31,2025-01-31,KRSBP,249876
2025-01-31,2025-01-31,KUZB,382913.5
2025-01-31,2025-01-31,KZOS,2962984
2025-01-31,2025-01-31,KZOSP,5663094.5
2025-01-31,2025-01-31,LEAS,344468400.1
2025-01-31,2025-01-31,LENT,55360171
2025-01-31,2025-01-31,LIFE,59837383.5
2025-01-31,2025-01-31,LKOH,3885562270.5
2025-01-31,2025-01-31,LMBZ,300192.6
2025-01-31,2025-01-31,LNZL,10202230
2025-01-31,2025-01-31,LNZLP,4760655
2025-01-31,2025-01-31,LPSB,8006815
2025-01-31,2025-01-31,LSNG,3503802
2025-01-31,2025-01-31,LSNGP,24360542
2025-01-31,2025-01-31,LSRG,65083989.4
2025-01-31,2025-01-31,LVHK,3788815
2025-01-31,2025-01-31,MAGE,1184563
2025-01-31,2025-01-31,MAGEP,215106
2025-01-31,2025-01-31,MAGN,1343648129.5
2025-01-31,2025-01-31,MBNK,88280245
2025-01-31,2025-01-31,MDMG,143066175.8
2025-01-31,2025-01-31,MFGS,328545
2025-01-31,2025-01-31,MFGSP,155740
2025-01-31,2025-01-31,MGKL,8624039.95
2025-01-31,2025-01-31,MGNT,2288798897.5
2025-01-31,2025-01-31,MGNZ,0
2025-01-31,2025-01-31,MGTS,411405
2025-01-31,2025-01-31,MGTSP,7926928
2025-01-31,2025-01-31,MISB,1645570
2025-01-31,2025-01-31,MISBP,399410
2025-01-31,2025-01-31,MOEX,2039474013.8
2025-01-31,2025-01-31,MRKC,14401615
2025-01-31,2025-01-31,MRKK,273336.2
2025-01-31,2025-01-31,MRKP,22041385
2025-01-31,2025-01-31,MRKS,3712340
2025-01-31,2025-01-31,MRKU,21591646
2025-01-31,2025-01-31,MRKV,5728264
2025-01-31,2025-01-31,MRKY,10982934.5
2025-01-31,2025-01-31,MRKZ,6477431
2025-01-31,2025-01-31,MRSB,713860
2025-01-31,2025-01-31,MSNG,50923527
2025-01-31,2025-01-31,MSRS,11154899
2025-01-31,2025-01-31,MSTT,39187058
2025-01-31,2025-01-31,MTLR,2996955511.96
2025-01-31,2025-01-31,MTLRP,1167967760.5
2025-01-31,2025-01-31,MTSS,1476183841.5
2025-01-31,2025-01-31,MVID,57563539.2
2025-01-31,2025-01-31,NAUK,1488195
2025-01-31,2025-01-31,NFAZ,1506830
2025-01-31,2025-01-31,NKHP,18480335
2025-01-31,2025-01-31,NKNC,14122662
2025-01-31,2025-01-31,NKNCP,13622751.2
2025-01-31,2025-01-31,NKSH,1456555
2025-01-31,2025-01-31,NLMK,1461943424.2
2025-01-31,2025-01-31,NMTP,180021096
2025-01-31,2025-01-31,NNSB,265200
2025-01-31,2025-01-31,NNSBP,387688
2025-01-31,2025-01-31,NSVZ,20167430
2025-01-31,2025-01-31,NVTK,5279389732.6
2025-01-31,2025-01-31,OGKB,58745168.1
2025-01-31,2025-01-31,OKEY,12309125.9
2025-01-31,2025-01-31,OMZZP,815580
2025-01-31,2025-01-31,OZON,2507545874.5
2025-01-31,2025-01-31,OZPH,134714135.6
2025-01-31,2025-01-31,PAZA,159140
2025-01-31,2025-01-31,PHOR,470215708
2025-01-31,2025-01-31,PIKK,2230135967.7
2025-01-31,2025-01-31,PLZL,2755937314
2025-01-31,2025-01-31,PMSB,3771294
2025-01-31,2025-01-31,PMSBP,1962930
2025-01-31,2025-01-31,POSI,786873940.2
2025-01-31,2025-01-31,PRFN,48760335.2
2025-01-31,2025-01-31,PRMB,497800
2025-01-31,2025-01-31,PRMD,50008758.85
2025-01-31,2025-01-31,QIWI,24763172.6
2025-01-31,2025-01-31,RASP,164100577
2025-01-31,2025-01-31,RBCM,10837103.5
2025-01-31,2025-01-31,RDRB,606995
2025-01-31,2025-01-31,RENI,93418612.6
2025-01-31,2025-01-31,RGSS,1428627.6
2025-01-31,2025-01-31,RKKE,3420810
2025-01-31,2025-01-31,RNFT,4397791843.1
2025-01-31,2025-01-31,ROLO,41736409.8
2025-01-31,2025-01-31,ROSN,3621471564.6
2025-01-31,2025-01-31,ROST,234008
2025-01-31,2025-01-31,RTGZ,247800
2025-01-31,2025-01-31,RTKM,309668724.8
2025-01-31,2025-01-31,RTKMP,54334165
2025-01-31,2025-01-31,RTSB,4432005
2025-01-31,2025-01-31,RTSBP,1751976
2025-01-31,2025-01-31,RUAL,673021039.2
2025-01-31,2025-01-31,RUSI,837476
2025-01-31,2025-01-31,RZSB,778732
2025-01-31,2025-01-31,SAGO,2683585
2025-01-31,2025-01-31,SAGOP,18061200
2025-01-31,2025-01-31,SARE,894750
2025-01-31,2025-01-31,SAREP,986650
2025-01-31,2025-01-31,SBER,11395665602
2025-01-31,2025-01-31,SBERP,653000722.9
2025-01-31,2025-01-31,SELG,122474367.5
2025-01-31,2025-01-31,SFIN,331893369.4
2025-01-31,2025-01-31,SGZH,445219097
2025-01-31,2025-01-31,SIBN,1122569981.45
2025-01-31,2025-01-31,SLEN,630696
2025-01-31,2025-01-31,SMLT,5455621740
2025-01-31,2025-01-31,SNGS,1523539790
2025-01-31,2025-01-31,SNGSP,1165483227.1
2025-01-31,2025-01-31,SOFL,77552378.2
2025-01-31,2025-01-31,SPBE,548952228.7
2025-01-31,2025-01-31,STSB,449830
2025-01-31,2025-01-31,STSBP,601285
2025-01-31,2025-01-31,SVAV,72736019.5
2025-01-31,2025-01-31,SVCB,279252559.5
2025-01-31,2025-01-31,SVET,21227984.25
2025-01-31,2025-01-31,SVETP,4941913
2025-01-31,2025-01-31,T,11844114777.2
2025-01-31,2025-01-31,TASB,366598
2025-01-31,2025-01-31,TASBP,922640
2025-01-31,2025-01-31,TATN,1328125477.7
2025-01-31,2025-01-31,TATNP,282581559.2
2025-01-31,2025-01-31,TGKA,26868796.4
2025-01-31,2025-01-31,TGKB,8995060
2025-01-31,2025-01-31,TGKBP,1807069
2025-01-31,2025-01-31,TGKN,185536428
2025-01-31,2025-01-31,TNSE,581570
2025-01-31,2025-01-31,TORS,1083320
2025-01-31,2025-01-31,TORSP,124430
2025-01-31,2025-01-31,TRMK,118165428.6
2025-01-31,2025-01-31,TRNFP,2032285695.5
2025-01-31,2025-01-31,TTLK,4948311
2025-01-31,2025-01-31,TUZA,6679400
2025-01-31,2025-01-31,UGLD,510012164.3
2025-01-31,2025-01-31,UKUZ,198682
2025-01-31,2025-01-31,UNAC,88573124
2025-01-31,2025-01-31,UNKL,6782480
2025-01-31,2025-01-31,UPRO,301733216
2025-01-31,2025-01-31,URKZ,301500
2025-01-31,2025-01-31,USBN,9451717
2025-01-31,2025-01-31,UTAR,1912240
2025-01-31,2025-01-31,UWGN,437132905.6
2025-01-31,2025-01-31,VEON-RX,2657813
2025-01-31,2025-01-31,VGSB,825440
2025-01-31,2025-01-31,VGSBP,1584620
2025-01-31,2025-01-31,VJGZ,165070
2025-01-31,2025-01-31,VJGZP,743885
2025-01-31,2025-01-31,VKCO,1797535457.6
2025-01-31,2025-01-31,VLHZ,402464
2025-01-31,2025-01-31,VRSB,6730115
2025-01-31,2025-01-31,VRSBP,232216
2025-01-31,2025-01-31,VSEH,132278107.25
2025-01-31,2025-01-31,VSMO,42386480
2025-01-31,2025-01-31,VSYD,213300
2025-01-31,2025-01-31,VSYDP,80400
2025-01-31,2025-01-31,VTBR,6467359034.83
2025-01-31,2025-01-31,WTCM,2250436
2025-01-31,2025-01-31,WTCMP,916054
2025-01-31,2025-01-31,WUSH,251827707.39
2025-01-31,2025-01-31,X5,5050480704
2025-01-31,2025-01-31,YAKG,6031573
2025-01-31,2025-01-31,YDEX,3115536643.5
2025-01-31,2025-01-31,YKEN,629970
2025-01-31,2025-01-31,YKENP,269340
2025-01-31,2025-01-31,YRSB,250940
2025-01-31,2025-01-31,YRSBP,480765
2025-01-31,2025-01-31,ZAYM,37960276.5
2025-01-31,2025-01-31,ZILL,340365
2025-01-31,2025-01-31,ZVEZ,1130130
2025-02-28,2025-02-28,ABIO,125737092.4
2025-02-28,2025-02-28,ABRD,37115120
2025-02-28,2025-02-28,ACKO,0
2025-02-28,2025-02-28,AFKS,4260220264.3
2025-02-28,2025-02-28,AFLT,10940831712.9
2025-02-28,2025-02-28,AGRO,0
2025-02-28,2025-02-28,AKRN,46435080
2025-02-28,2025-02-28,ALRS,4413471503.1
2025-02-28,2025-02-28,AMEZ,13787980
2025-02-28,2025-02-28,APRI,1864899.1
2025-02-28,2025-02-28,APTK,45511339.96
2025-02-28,2025-02-28,AQUA,177712634.5
2025-02-28,2025-02-28,ARSA,1111960
2025-02-28,2025-02-28,ASSB,881650
2025-02-28,2025-02-28,ASTR,358543936
2025-02-28,2025-02-28,AVAN,4504248
2025-02-28,2025-02-28,BANE,169746439.5
2025-02-28,2025-02-28,BANEP,366713079
2025-02-28,2025-02-28,BELU,250719586.5
2025-02-28,2025-02-28,BISVP,747764
2025-02-28,2025-02-28,BLNG,35613725
2025-02-28,2025-02-28,BRZL,3225757
2025-02-28,2025-02-28,BSPB,620870989
2025-02-28,2025-02-28,BSPBP,572175520
2025-02-28,2025-02-28,CARM,7661314.95
2025-02-28,2025-02-28,CBOM,183032487.5
2025-02-28,2025-02-28,CHGZ,37493796
2025-02-28,2025-02-28,CHKZ,93900
2025-02-28,2025-02-28,CHMF,1772948670
2025-02-28,2025-02-28,CHMK,12537530
2025-02-28,2025-02-28,CIAN,0
2025-02-28,2025-02-28,CNRU,0
2025-02-28,2025-02-28,CNTL,3993688
2025-02-28,2025-02-28,CNTLP,3319698
2025-02-28,2025-02-28,DATA,146202297.84
2025-02-28,2025-02-28,DELI,59576061.15
2025-02-28,2025-02-28,DIAS,39538880
2025-02-28,2025-02-28,DIOD,1133250
2025-02-28,2025-02-28,DVEC,3313917
2025-02-28,2025-02-28,DZRD,366090
2025-02-28,2025-02-28,DZRDP,46410
2025-02-28,2025-02-28,EELT,1200001.6
2025-02-28,2025-02-28,ELFV,46875394
2025-02-28,2025-02-28,ELMT,10796314.35
2025-02-28,2025-02-28,ENPG,494655615.5
2025-02-28,2025-02-28,ETLN,9520260.18
2025-02-28,2025-02-28,EUTR,837555249.55
2025-02-28,2025-02-28,FEES,365485370
2025-02-28,2025-02-28,FESH,323408786.2
2025-02-28,2025-02-28,FIXP,61108017.2
2025-02-28,2025-02-28,FLOT,1116308168.2
2025-02-28,2025-02-28,GAZA,639480
2025-02-28,2025-02-28,GAZAP,342970
2025-02-28,2025-02-28,GAZC,0
2025-02-28,2025-02-28,GAZP,24516216582.8
2025-02-28,2025-02-28,GAZS,0
2025-02-28,2025-02-28,GAZT,0
2025-02-28,2025-02-28,GCHE,23061452
2025-02-28,2025-02-28,GECO,33360263.4
2025-02-28,2025-02-28,GEMA,1741289
2025-02-28,2025-02-28,GEMC,26521833.3
2025-02-28,2025-02-28,GMKN,6471251271.4
2025-02-28,2025-02-28,GTRK,368778717
2025-02-28,2025-02-28,HEAD,2464081376
2025-02-28,2025-02-28,HIMCP,1298146
2025-02-28,2025-02-28,HNFG,21488558.9
2025-02-28,2025-02-28,HYDR,381016649.7
2025-02-28,2025-02-28,IGST,1270340
2025-02-28,2025-02-28,IGSTP,1590790
2025-02-28,2025-02-28,INGR,151304
2025-02-28,2025-02-28,IRAO,2218519611.3
2025-02-28,2025-02-28,IRKT,3593244530
2025-02-28,2025-02-28,IVAT,81384244
2025-02-28,2025-02-28,JNOS,457145
2025-02-28,2025-02-28,JNOSP,396214
2025-02-28,2025-02-28,KAZT,5733242
2025-02-28,2025-02-28,KAZTP,1640365
2025-02-28,2025-02-28,KBSB,1105550
2025-02-28,2025-02-28,KCHE,403660
2025-02-28,2025-02-28,KCHEP,620900
2025-02-28,2025-02-28,KGKC,121340
2025-02-28,2025-02-28,KGKCP,381832
2025-02-28,2025-02-28,KLSB,7536222
2025-02-28,2025-02-28,KLVZ,4207551.6
2025-02-28,2025-02-28,KMAZ,200565501
2025-02-28,2025-02-28,KMEZ,2462724
2025-02-28,2025-02-28,KOGK,485400
2025-02-28,2025-02-28,KRKN,27250
2025-02-28,2025-02-28,KRKNP,1512780
2025-02-28,2025-02-28,KRKOP,178870
2025-02-28,2025-02-28,KROT,3737410
2025-02-28,2025-02-28,KROTP,1318990
2025-02-28,2025-02-28,KRSB,77058
2025-02-28,2025-02-28,KRSBP,279462
2025-02-28,2025-02-28,KUZB,2032939.5
2025-02-28,2025-02-28,KZOS,10620380
2025-02-28,2025-02-28,KZOSP,8039320.4
2025-02-28,2025-02-28,LEAS,438589091.3
2025-02-28,2025-02-28,LENT,46107331
2025-02-28,2025-02-28,LIFE,20104455
2025-02-28,2025-02-28,LKOH,5919015358.5
2025-02-28,2025-02-28,LMBZ,5490758.5
2025-02-28,2025-02-28,LNZL,10234320
2025-02-28,2025-02-28,LNZLP,5569445
2025-02-28,2025-02-28,LPSB,2003990
2025-02-28,2025-02-28,LSNG,14139678
2025-02-28,2025-02-28,LSNGP,74590684.5
2025-02-28,2025-02-28,LSRG,202574660
2025-02-28,2025-02-28,LVHK,726665
2025-02-28,2025-02-28,MAGE,690971
2025-02-28,2025-02-28,MAGEP,315753
2025-02-28,2025-02-28,MAGN,2448716206.3
2025-02-28,2025-02-28,MBNK,68587173
2025-02-28,2025-02-28,MDMG,59888599.9
2025-02-28,2025-02-28,MFGS,702200
2025-02-28,2025-02-28,MFGSP,59810
2025-02-28,2025-02-28,MGKL,9790885.55
2025-02-28,2025-02-28,MGNT,7731838716.5
2025-02-28,2025-02-28,MGNZ,0
2025-02-28,2025-02-28,MGTS,418675
2025-02-28,2025-02-28,MGTSP,5808808
2025-02-28,2025-02-28,MISB,1131360
2025-02-28,2025-02-28,MISBP,829310
2025-02-28,2025-02-28,MOEX,2856075565.3
2025-02-28,2025-02-28,MRKC,48221456
2025-02-28,2025-02-28,MRKK,985518
2025-02-28,2025-02-28,MRKP,65615203
2025-02-28,2025-02-28,MRKS,8610502.5
2025-02-28,2025-02-28,MRKU,17183338
2025-02-28,2025-02-28,MRKV,22751315
2025-02-28,2025-02-28,MRKY,15513882.5
2025-02-28,2025-02-28,MRKZ,14544642
2025-02-28,2025-02-28,MRSB,949560
2025-02-28,2025-02-28,MSNG,64059673.5
2025-02-28,2025-02-28,MSRS,29683386.5
2025-02-28,2025-02-28,MSTT,20015726
2025-02-28,2025-02-28,MTLR,3278432189.45
2025-02-28,2025-02-28,MTLRP,1447992251.5
2025-02-28,2025-02-28,MTSS,1431166811.5
2025-02-28,2025-02-28,MVID,130562342.3
2025-02-28,2025-02-28,NAUK,4627510
2025-02-28,2025-02-28,NFAZ,861035
2025-02-28,2025-02-28,NKHP,17806045
2025-02-28,2025-02-28,NKNC,6320913.5
2025-02-28,2025-02-28,NKNCP,12446394.6
2025-02-28,2025-02-28,NKSH,750780
2025-02-28,2025-02-28,NLMK,2075298177.4
2025-02-28,2025-02-28,NMTP,359918152.5
2025-02-28,2025-02-28,NNSB,154800
2025-02-28,2025-02-28,NNSBP,173256
2025-02-28,2025-02-28,NSVZ,3446965
2025-02-28,2025-02-28,NVTK,6678321230.8
2025-02-28,2025-02-28,OGKB,279081908.8
2025-02-28,2025-02-28,OKEY,3780985.2
2025-02-28,2025-02-28,OMZZP,952400
2025-02-28,2025-02-28,OZON,4984947087.5
2025-02-28,2025-02-28,OZPH,141550329.1
2025-02-28,2025-02-28,PAZA,589920
2025-02-28,2025-02-28,PHOR,542436403
2025-02-28,2025-02-28,PIKK,1856156448.3
2025-02-28,2025-02-28,PLZL,3587395501.5
2025-02-28,2025-02-28,PMSB,2681286
2025-02-28,2025-02-28,PMSBP,2375470
2025-02-28,2025-02-28,POSI,980282396.8
2025-02-28,2025-02-28,PRFN,5407713
2025-02-28,2025-02-28,PRMB,2505600
2025-02-28,2025-02-28,PRMD,35389408
2025-02-28,2025-02-28,QIWI,153678305.6
2025-02-28,2025-02-28,RAGR,418779779.98
2025-02-28,2025-02-28,RASP,300297820.5
2025-02-28,2025-02-28,RBCM,52322845
2025-02-28,2025-02-28,RDRB,389985
2025-02-28,2025-02-28,RENI,254966864.6
2025-02-28,2025-02-28,RGSS,23398846.2
2025-02-28,2025-02-28,RKKE,12498050
2025-02-28,2025-02-28,RNFT,1300721314.1
2025-02-28,2025-02-28,ROLO,40352559.4
2025-02-28,2025-02-28,ROSN,3889828370.8
2025-02-28,2025-02-28,ROST,137922
2025-02-28,2025-02-28,RTGZ,304800
2025-02-28,2025-02-28,RTKM,892950772
2025-02-28,2025-02-28,RTKMP,211640550.5
2025-02-28,2025-02-28,RTSB,1185285
2025-02-28,2025-02-28,RTSBP,537704
2025-02-28,2025-02-28,RUAL,3360436370.1
2025-02-28,2025-02-28,RUSI,16698969
2025-02-28,2025-02-28,RZSB,3369162
2025-02-28,2025-02-28,SAGO,1010945
2025-02-28,2025-02-28,SAGOP,2376890
2025-02-28,2025-02-28,SARE,643310
2025-02-28,2025-02-28,SAREP,624705
2025-02-28,2025-02-28,SBER,20165953351
2025-02-28,2025-02-28,SBERP,1710493278.2
2025-02-28,2025-02-28,SELG,494753426.2
2025-02-28,2025-02-28,SFIN,508571081
2025-02-28,2025-02-28,SGZH,2607483026.5
2025-02-28,2025-02-28,SIBN,980223146.8
2025-02-28,2025-02-28,SLEN,472029
2025-02-28,2025-02-28,SMLT,5678323825.5
2025-02-28,2025-02-28,SNGS,1411125745.5
2025-02-28,2025-02-28,SNGSP,1996972085.1
2025-02-28,2025-02-28,SOFL,480716940.2
2025-02-28,2025-02-28,SPBE,5121594706.1
2025-02-28,2025-02-28,STSB,1450615
2025-02-28,2025-02-28,STSBP,3633675
2025-02-28,2025-02-28,SVAV,156729677
2025-02-28,2025-02-28,SVCB,1665954196
2025-02-28,2025-02-28,SVET,3774374.45
2025-02-28,2025-02-28,SVETP,975918.85
2025-02-28,2025-02-28,T,21434528167.6
2025-02-28,2025-02-28,TASB,329722
2025-02-28,2025-02-28,TASBP,231500
2025-02-28,2025-02-28,TATN,2111534625.2
2025-02-28,2025-02-28,TATNP,501279207.4
2025-02-28,2025-02-28,TGKA,53777904.6
2025-02-28,2025-02-28,TGKB,12365870
2025-02-28,2025-02-28,TGKBP,828280
2025-02-28,2025-02-28,TGKN,73745485
2025-02-28,2025-02-28,TNSE,444375
2025-02-28,2025-02-28,TORS,319480
2025-02-28,2025-02-28,TORSP,325040
2025-02-28,2025-02-28,TRMK,1560813853.4
2025-02-28,2025-02-28,TRNFP,1517291851.6
2025-02-28,2025-02-28,TTLK,5929049
2025-02-28,2025-02-28,TUZA,6618295
2025-02-28,2025-02-28,UGLD,665620954
2025-02-28,2025-02-28,UKUZ,39280
2025-02-28,2025-02-28,UNAC,2460205812
2025-02-28,2025-02-28,UNKL,4003410
2025-02-28,2025-02-28,UPRO,1852722204
2025-02-28,2025-02-28,URKZ,873400
2025-02-28,2025-02-28,USBN,1700516
2025-02-28,2025-02-28,UTAR,5362860
2025-02-28,2025-02-28,UWGN,3682821305.44
2025-02-28,2025-02-28,VEON-RX,7766506
2025-02-28,2025-02-28,VGSB,195150
2025-02-28,2025-02-28,VGSBP,360960
2025-02-28,2025-02-28,VJGZ,115240
2025-02-28,2025-02-28,VJGZP,969890
2025-02-28,2025-02-28,VKCO,2058122417.1
2025-02-28,2025-02-28,VLHZ,1107970
2025-02-28,2025-02-28,VRSB,8931350
2025-02-28,2025-02-28,VRSBP,517510
2025-02-28,2025-02-28,VSEH,43817963.55
2025-02-28,2025-02-28,VSMO,321990840
2025-02-28,2025-02-28,VSYD,1741500
2025-02-28,2025-02-28,VSYDP,122900
2025-02-28,2025-02-28,VTBR,12732010702.86
2025-02-28,2025-02-28,WTCM,606422
2025-02-28,2025-02-28,WTCMP,255352
2025-02-28,2025-02-28,WUSH,3102307716.78
2025-02-28,2025-02-28,X5,4476318403
2025-02-28,2025-02-28,YAKG,6403124.5
2025-02-28,2025-02-28,YDEX,6074727703
2025-02-28,2025-02-28,YKEN,563220
2025-02-28,2025-02-28,YKENP,208350
2025-02-28,2025-02-28,YRSB,3268780
2025-02-28,2025-02-28,YRSBP,3740655
2025-02-28,2025-02-28,ZAYM,141795466
2025-02-28,2025-02-28,ZILL,9267500
2025-02-28,2025-02-28,ZVEZ,1356190
2025-03-31,2025-03-31,ABIO,46233625.2
2025-03-31,2025-03-31,ABRD,27454364
2025-03-31,2025-03-31,AFKS,2965614975.4
2025-03-31,2025-03-31,AFLT,2557852385.7
2025-03-31,2025-03-31,AGRO,0
2025-03-31,2025-03-31,AKRN,41475206
2025-03-31,2025-03-31,ALRS,1127063150
2025-03-31,2025-03-31,AMEZ,0
2025-03-31,2025-03-31,APRI,690154.3
2025-03-31,2025-03-31,APTK,11439846.32
2025-03-31,2025-03-31,AQUA,155471628
2025-03-31,2025-03-31,ARSA,621686
2025-03-31,2025-03-31,ASSB,488205
2025-03-31,2025-03-31,ASTR,401579735.45
2025-03-31,2025-03-31,AVAN,1378454
2025-03-31,2025-03-31,BANE,120273707
2025-03-31,2025-03-31,BANEP,163994237
2025-03-31,2025-03-31,BELU,561153646.5
2025-03-31,2025-03-31,BISVP,363217
2025-03-31,2025-03-31,BLNG,15548242
2025-03-31,2025-03-31,BRZL,2070017
2025-03-31,2025-03-31,BSPB,493620198.3
2025-03-31,2025-03-31,BSPBP,11055815
2025-03-31,2025-03-31,CARM,2134424.35
2025-03-31,2025-03-31,CBOM,149835845.8
2025-03-31,2025-03-31,CHGZ,15506684
2025-03-31,2025-03-31,CHKZ,323000
2025-03-31,2025-03-31,CHMF,1915636409.8
2025-03-31,2025-03-31,CHMK,56679220
2025-03-31,2025-03-31,CIAN,0
2025-03-31,2025-03-31,CNRU,0
2025-03-31,2025-03-31,CNTL,2055658
2025-03-31,2025-03-31,CNTLP,2286092
2025-03-31,2025-03-31,DATA,26654643.02
2025-03-31,2025-03-31,DELI,17640124.6
2025-03-31,2025-03-31,DIAS,75297109.5
2025-03-31,2025-03-31,DIOD,1045853
2025-03-31,2025-03-31,DVEC,3699797
2025-03-31,2025-03-31,DZRD,240765
2025-03-31,2025-03-31,DZRDP,358890
2025-03-31,2025-03-31,EELT,1970209.8
2025-03-31,2025-03-31,ELFV,82410893
2025-03-31,2025-03-31,ELMT,15225809.1
2025-03-31,2025-03-31,ENPG,807762572.4
2025-03-31,2025-03-31,ETLN,24444178.16
2025-03-31,2025-03-31,EUTR,568170482.3
2025-03-31,2025-03-31,FEES,222258045.2
2025-03-31,2025-03-31,FESH,319481148.6
2025-03-31,2025-03-31,FIXP,25678370.8
2025-03-31,2025-03-31,FLOT,827220919.9
2025-03-31,2025-03-31,GAZA,829560
2025-03-31,2025-03-31,GAZAP,843510
2025-03-31,2025-03-31,GAZC,0
2025-03-31,2025-03-31,GAZP,16456641987
2025-03-31,2025-03-31,GAZS,0
2025-03-31,2025-03-31,GAZT,0
2025-03-31,2025-03-31,GCHE,41023401
2025-03-31,2025-03-31,GECO,4758472.3
2025-03-31,2025-03-31,GEMA,1372777
2025-03-31,2025-03-31,GEMC,30285484.2
2025-03-31,2025-03-31,GMKN,3363716763.2
2025-03-31,2025-03-31,GTRK,263817386
2025-03-31,2025-03-31,HEAD,2863570121
2025-03-31,2025-03-31,HIMCP,5258414
2025-03-31,2025-03-31,HNFG,29064746.7
2025-03-31,2025-03-31,HYDR,220250861.9
2025-03-31,2025-03-31,IGST,465020
2025-03-31,2025-03-31,IGSTP,1481510
2025-03-31,2025-03-31,INGR,273808
2025-03-31,2025-03-31,IRAO,711235953
2025-03-31,2025-03-31,IRKT,348985356
2025-03-31,2025-03-31,IVAT,38460862.6
2025-03-31,2025-03-31,JNOS,168700
2025-03-31,2025-03-31,JNOSP,115684
2025-03-31,2025-03-31,KAZT,10085278
2025-03-31,2025-03-31,KAZTP,2510680
2025-03-31,2025-03-31,KBSB,296860
2025-03-31,2025-03-31,KCHE,431510
2025-03-31,2025-03-31,KCHEP,568600
2025-03-31,2025-03-31,KGKC,193624
2025-03-31,2025-03-31,KGKCP,231484
2025-03-31,2025-03-31,KLSB,2642645
2025-03-31,2025-03-31,KLVZ,2108171
2025-03-31,2025-03-31,KMAZ,73576613
2025-03-31,2025-03-31,KMEZ,367188
2025-03-31,2025-03-31,KOGK,697000
2025-03-31,2025-03-31,KRKN,596450
2025-03-31,2025-03-31,KRKNP,2491180
2025-03-31,2025-03-31,KRKOP,124582
2025-03-31,2025-03-31,KROT,7447820
2025-03-31,2025-03-31,KROTP,670080
2025-03-31,2025-03-31,KRSB,854174
2025-03-31,2025-03-31,KRSBP,744170
2025-03-31,2025-03-31,KUZB,786607
2025-03-31,2025-03-31,KZOS,10640970
2025-03-31,2025-03-31,KZOSP,4914715.3
2025-03-31,2025-03-31,LEAS,173994223.2
2025-03-31,2025-03-31,LENT,135359882.5
2025-03-31,2025-03-31,LIFE,16436952
2025-03-31,2025-03-31,LKOH,8522786243
2025-03-31,2025-03-31,LMBZ,68850.5
2025-03-31,2025-03-31,LNZL,4795200
2025-03-31,2025-03-31,LNZLP,4419385
2025-03-31,2025-03-31,LPSB,2914575
2025-03-31,2025-03-31,LSNG,9867306
2025-03-31,2025-03-31,LSNGP,47560469.5
2025-03-31,2025-03-31,LSRG,37400791.6
2025-03-31,2025-03-31,LVHK,640325
2025-03-31,2025-03-31,MAGE,1028528
2025-03-31,2025-03-31,MAGEP,194711
2025-03-31,2025-03-31,MAGN,1498516806.45
2025-03-31,2025-03-31,MBNK,65620713
2025-03-31,2025-03-31,MDMG,420042133.5
2025-03-31,2025-03-31,MFGS,116350
2025-03-31,2025-03-31,MFGSP,131210
2025-03-31,2025-03-31,MGKL,13751542.4
2025-03-31,2025-03-31,MGNT,3189553203
2025-03-31,2025-03-31,MGNZ,0
2025-03-31,2025-03-31,MGTS,327605
2025-03-31,2025-03-31,MGTSP,5543380
2025-03-31,2025-03-31,MISB,611330
2025-03-31,2025-03-31,MISBP,738760
2025-03-31,2025-03-31,MOEX,1960816944.9
2025-03-31,2025-03-31,MRKC,49599400.4
2025-03-31,2025-03-31,MRKK,1366980
2025-03-31,2025-03-31,MRKP,41520603
2025-03-31,2025-03-31,MRKS,7449614
2025-03-31,2025-03-31,MRKU,17914256
2025-03-31,2025-03-31,MRKV,15546254.5
2025-03-31,2025-03-31,MRKY,7032174.5
2025-03-31,2025-03-31,MRKZ,13892021
2025-03-31,2025-03-31,MRSB,1244660
2025-03-31,2025-03-31,MSNG,63513901.5
2025-03-31,2025-03-31,MSRS,19656227
2025-03-31,2025-03-31,MSTT,6493510
2025-03-31,2025-03-31,MTLR,2589125215.42
2025-03-31,2025-03-31,MTLRP,533058471
2025-03-31,2025-03-31,MTSS,879073195.5
2025-03-31,2025-03-31,MVID,170252150.4
2025-03-31,2025-03-31,NAUK,1643505
2025-03-31,2025-03-31,NFAZ,10409580
2025-03-31,2025-03-31,NKHP,102715550
2025-03-31,2025-03-31,NKNC,8926621
2025-03-31,2025-03-31,NKNCP,8707409.6
2025-03-31,2025-03-31,NKSH,1427155
2025-03-31,2025-03-31,NLMK,2270380598.2
2025-03-31,2025-03-31,NMTP,426056009.5
2025-03-31,2025-03-31,NNSB,122370
2025-03-31,2025-03-31,NNSBP,94254
2025-03-31,2025-03-31,NSVZ,8815885
2025-03-31,2025-03-31,NVTK,5575295128.6
2025-03-31,2025-03-31,OGKB,28101198
2025-03-31,2025-03-31,OKEY,4067752.2
2025-03-31,2025-03-31,OMZZP,2761940
2025-03-31,2025-03-31,OZON,1279227558
2025-03-31,2025-03-31,OZPH,94910631.1
2025-03-31,2025-03-31,PAZA,4310980
2025-03-31,2025-03-31,PHOR,1118483903
2025-03-31,2025-03-31,PIKK,2157828712.7
2025-03-31,2025-03-31,PLZL,1806963801.4
2025-03-31,2025-03-31,PMSB,3509477
2025-03-31,2025-03-31,PMSBP,1279838
2025-03-31,2025-03-31,POSI,1256242016.4
2025-03-31,2025-03-31,PRFN,5329567.2
2025-03-31,2025-03-31,PRMB,358800
2025-03-31,2025-03-31,PRMD,24939480.2
2025-03-31,2025-03-31,QIWI,90719893.8
2025-03-31,2025-03-31,RAGR,6209586386.24
2025-03-31,2025-03-31,RASP,245808718
2025-03-31,2025-03-31,RBCM,37564482
2025-03-31,2025-03-31,RDRB,303265
2025-03-31,2025-03-31,RENI,211110311.4
2025-03-31,2025-03-31,RGSS,3752088.2
2025-03-31,2025-03-31,RKKE,55975060
2025-03-31,2025-03-31,RNFT,2091776101.15
2025-03-31,2025-03-31,ROLO,21134238
2025-03-31,2025-03-31,ROSN,4170845587.05
2025-03-31,2025-03-31,ROST,169406
2025-03-31,2025-03-31,RTGZ,1840200
2025-03-31,2025-03-31,RTKM,548387076
2025-03-31,2025-03-31,RTKMP,78982001
2025-03-31,2025-03-31,RTSB,356095
2025-03-31,2025-03-31,RTSBP,422978
2025-03-31,2025-03-31,RUAL,1236202668
2025-03-31,2025-03-31,RUSI,18682425
2025-03-31,2025-03-31,RZSB,1082738
2025-03-31,2025-03-31,SAGO,133920
2025-03-31,2025-03-31,SAGOP,915550
2025-03-31,2025-03-31,SARE,691050
2025-03-31,2025-03-31,SAREP,1927420
2025-03-31,2025-03-31,SBER,19421334931.8
2025-03-31,2025-03-31,SBERP,1833845850.5
2025-03-31,2025-03-31,SELG,260009451.2
2025-03-31,2025-03-31,SFIN,547972259.8
2025-03-31,2025-03-31,SGZH,709501015.2
2025-03-31,2025-03-31,SIBN,1000888035
2025-03-31,2025-03-31,SLEN,135754.5
2025-03-31,2025-03-31,SMLT,4280114198
2025-03-31,2025-03-31,SNGS,1540390075
2025-03-31,2025-03-31,SNGSP,2425988512.55
2025-03-31,2025-03-31,SOFL,183784299
2025-03-31,2025-03-31,SPBE,4533322204.5
2025-03-31,2025-03-31,STSB,1926155
2025-03-31,2025-03-31,STSBP,1711685
2025-03-31,2025-03-31,SVAV,83909774
2025-03-31,2025-03-31,SVCB,1373450510.5
2025-03-31,2025-03-31,SVET,4290697.4
2025-03-31,2025-03-31,SVETP,2059303.45
2025-03-31,2025-03-31,T,16962434757.8
2025-03-31,2025-03-31,TASB,2478746
2025-03-31,2025-03-31,TASBP,127120
2025-03-31,2025-03-31,TATN,1808937960.5
2025-03-31,2025-03-31,TATNP,914465881.8
2025-03-31,2025-03-31,TGKA,68003278.2
2025-03-31,2025-03-31,TGKB,2873505
2025-03-31,2025-03-31,TGKBP,4772758
2025-03-31,2025-03-31,TGKN,52043137
2025-03-31,2025-03-31,TNSE,552910
2025-03-31,2025-03-31,TORS,134480
2025-03-31,2025-03-31,TORSP,179780
2025-03-31,2025-03-31,TRMK,285233247
2025-03-31,2025-03-31,TRNFP,3802511943.8
2025-03-31,2025-03-31,TTLK,8715231
2025-03-31,2025-03-31,TUZA,7648035
2025-03-31,2025-03-31,UGLD,852069968.4
2025-03-31,2025-03-31,UKUZ,332206
2025-03-31,2025-03-31,UNAC,135447080.5
2025-03-31,2025-03-31,UNKL,1110380
2025-03-31,2025-03-31,UPRO,1056230248
2025-03-31,2025-03-31,URKZ,3056400
2025-03-31,2025-03-31,USBN,1717786
2025-03-31,2025-03-31,UTAR,1462113
2025-03-31,2025-03-31,UWGN,839910155.76
2025-03-31,2025-03-31,VEON-RX,8377327.5
2025-03-31,2025-03-31,VGSB,12250
2025-03-31,2025-03-31,VGSBP,44640
2025-03-31,2025-03-31,VJGZ,391085
2025-03-31,2025-03-31,VJGZP,486130
2025-03-31,2025-03-31,VKCO,1318240390.8
2025-03-31,2025-03-31,VLHZ,2301270
2025-03-31,2025-03-31,VRSB,1893365
2025-03-31,2025-03-31,VRSBP,125022
2025-03-31,2025-03-31,VSEH,50494578.6
2025-03-31,2025-03-31,VSMO,118474740
2025-03-31,2025-03-31,VSYD,99050
2025-03-31,2025-03-31,VSYDP,27950
2025-03-31,2025-03-31,VTBR,6262477237.16
2025-03-31,2025-03-31,WTCM,1493836
2025-03-31,2025-03-31,WTCMP,4970892
2025-03-31,2025-03-31,WUSH,2391605296.47
2025-03-31,2025-03-31,X5,4515278697
2025-03-31,2025-03-31,YAKG,2436619
2025-03-31,2025-03-31,YDEX,4731675881.5
2025-03-31,2025-03-31,YKEN,545750
2025-03-31,2025-03-31,YKENP,125400
2025-03-31,2025-03-31,YRSB,279140
2025-03-31,2025-03-31,YRSBP,333185
2025-03-31,2025-03-31,ZAYM,56675726.5
2025-03-31,2025-03-31,ZILL,3481690
2025-03-31,2025-03-31,ZVEZ,602210
2025-04-30,2025-04-30,ABIO,32052586.2
2025-04-30,2025-04-30,ABRD,4671838
2025-04-30,2025-04-30,AFKS,1345237960.3
2025-04-30,2025-04-30,AFLT,3044250269.7
2025-04-30,2025-04-30,AGRO,0
2025-04-30,2025-04-30,AKRN,37684038
2025-04-30,2025-04-30,ALRS,1079262568.5
2025-04-30,2025-04-30,AMEZ,0
2025-04-30,2025-04-30,APRI,150148.1
2025-04-30,2025-04-30,APTK,23593408.62
2025-04-30,2025-04-30,AQUA,58368181.5
2025-04-30,2025-04-30,ARSA,149525
2025-04-30,2025-04-30,ASSB,174095
2025-04-30,2025-04-30,ASTR,161889027.6
2025-04-30,2025-04-30,AVAN,4106272
2025-04-30,2025-04-30,BANE,52400800
2025-04-30,2025-04-30,BANEP,133076526.5
2025-04-30,2025-04-30,BELU,148324900
2025-04-30,2025-04-30,BISVP,176773
2025-04-30,2025-04-30,BLNG,8890832
2025-04-30,2025-04-30,BRZL,851177
2025-04-30,2025-04-30,BSPB,670372798.6
2025-04-30,2025-04-30,BSPBP,8444185
2025-04-30,2025-04-30,CARM,20633415.6
2025-04-30,2025-04-30,CBOM,53059642.8
2025-04-30,2025-04-30,CHGZ,290610
2025-04-30,2025-04-30,CHKZ,327100
2025-04-30,2025-04-30,CHMF,2303064034.8
2025-04-30,2025-04-30,CHMK,2682695
2025-04-30,2025-04-30,CNRU,64105612.4
2025-04-30,2025-04-30,CNTL,1496988
2025-04-30,2025-04-30,CNTLP,972396
2025-04-30,2025-04-30,DATA,64620669.82
2025-04-30,2025-04-30,DELI,13650309.15
2025-04-30,2025-04-30,DIAS,14248852.5
2025-04-30,2025-04-30,DIOD,922883
2025-04-30,2025-04-30,DVEC,1242698
2025-04-30,2025-04-30,DZRD,30855
2025-04-30,2025-04-30,DZRDP,405490
2025-04-30,2025-04-30,EELT,2342601.2
2025-04-30,2025-04-30,ELFV,17025478
2025-04-30,2025-04-30,ELMT,7683050.9
2025-04-30,2025-04-30,ENPG,634057256.45
2025-04-30,2025-04-30,ETLN,4001803.56
2025-04-30,2025-04-30,EUTR,202119829.95
2025-04-30,2025-04-30,FEES,201489475.6
2025-04-30,2025-04-30,FESH,185807308
2025-04-30,2025-04-30,FIXP,32966360.4
2025-04-30,2025-04-30,FLOT,409720421.3
2025-04-30,2025-04-30,GAZA,134960
2025-04-30,2025-04-30,GAZAP,508565
2025-04-30,2025-04-30,GAZC,0
2025-04-30,2025-04-30,GAZP,30563699524.5
2025-04-30,2025-04-30,GAZS,0
2025-04-30,2025-04-30,GAZT,0
2025-04-30,2025-04-30,GCHE,8865688
2025-04-30,2025-04-30,GECO,5873395.9
2025-04-30,2025-04-30,GEMA,295888
2025-04-30,2025-04-30,GEMC,13801328
2025-04-30,2025-04-30,GMKN,2924219865.2
2025-04-30,2025-04-30,GTRK,67757743
2025-04-30,2025-04-30,HEAD,333533376
2025-04-30,2025-04-30,HIMCP,607854
2025-04-30,2025-04-30,HNFG,52928281.6
2025-04-30,2025-04-30,HYDR,144301710.6
2025-04-30,2025-04-30,IGST,2561520
2025-04-30,2025-04-30,IGSTP,299950
2025-04-30,2025-04-30,INGR,19328
2025-04-30,2025-04-30,IRAO,534844118.45
2025-04-30,2025-04-30,IRKT,451504978
2025-04-30,2025-04-30,IVAT,8711758.05
2025-04-30,2025-04-30,JNOS,330905
2025-04-30,2025-04-30,JNOSP,179374
2025-04-30,2025-04-30,KAZT,1393084
2025-04-30,2025-04-30,KAZTP,481960
2025-04-30,2025-04-30,KBSB,150715
2025-04-30,2025-04-30,KCHE,82140
2025-04-30,2025-04-30,KCHEP,232900
2025-04-30,2025-04-30,KGKC,63288
2025-04-30,2025-04-30,KGKCP,81024
2025-04-30,2025-04-30,KLSB,3191712
2025-04-30,2025-04-30,KLVZ,862870.8
2025-04-30,2025-04-30,KMAZ,65287240
2025-04-30,2025-04-30,KMEZ,295682
2025-04-30,2025-04-30,KOGK,39600
2025-04-30,2025-04-30,KRKN,18050
2025-04-30,2025-04-30,KRKNP,1216060
2025-04-30,2025-04-30,KRKOP,91244
2025-04-30,2025-04-30,KROT,542390
2025-04-30,2025-04-30,KROTP,189710
2025-04-30,2025-04-30,KRSB,667014
2025-04-30,2025-04-30,KRSBP,943328
2025-04-30,2025-04-30,KUZB,695382
2025-04-30,2025-04-30,KZOS,1149713
2025-04-30,2025-04-30,KZOSP,2761487.2
2025-04-30,2025-04-30,LEAS,205655414
2025-04-30,2025-04-30,LENT,163488885.5
2025-04-30,2025-04-30,LIFE,4488181.5
2025-04-30,2025-04-30,LKOH,4575063179
2025-04-30,2025-04-30,LMBZ,44248.5
2025-04-30,2025-04-30,LNZL,1322250
2025-04-30,2025-04-30,LNZLP,1243135
2025-04-30,2025-04-30,LPSB,1926480
2025-04-30,2025-04-30,LSNG,2734583
2025-04-30,2025-04-30,LSNGP,29936033.5
2025-04-30,2025-04-30,LSRG,225658015
2025-04-30,2025-04-30,LVHK,333260
2025-04-30,2025-04-30,MAGE,200011
2025-04-30,2025-04-30,MAGEP,1065642
2025-04-30,2025-04-30,MAGN,1437415983.75
2025-04-30,2025-04-30,MBNK,53814017
2025-04-30,2025-04-30,MDMG,110980344.6
2025-04-30,2025-04-30,MFGS,7080
2025-04-30,2025-04-30,MFGSP,43505
2025-04-30,2025-04-30,MGKL,6474728.55
2025-04-30,2025-04-30,MGNT,3838621403.5
2025-04-30,2025-04-30,MGNZ,0
2025-04-30,2025-04-30,MGTS,167000
2025-04-30,2025-04-30,MGTSP,838058
2025-04-30,2025-04-30,MISB,198360
2025-04-30,2025-04-30,MISBP,769990
2025-04-30,2025-04-30,MOEX,1923193859.5
2025-04-30,2025-04-30,MRKC,69840884
2025-04-30,2025-04-30,MRKK,433437
2025-04-30,2025-04-30,MRKP,39370776
2025-04-30,2025-04-30,MRKS,7546446.5
2025-04-30,2025-04-30,MRKU,22803844
2025-04-30,2025-04-30,MRKV,61364019.5
2025-04-30,2025-04-30,MRKY,8490270
2025-04-30,2025-04-30,MRKZ,8282122
2025-04-30,2025-04-30,MRSB,276820
2025-04-30,2025-04-30,MSNG,24983456.5
2025-04-30,2025-04-30,MSRS,16119077
2025-04-30,2025-04-30,MSTT,4121358
2025-04-30,2025-04-30,MTLR,2264241571.27
2025-04-30,2025-04-30,MTLRP,182885542
2025-04-30,2025-04-30,MTSS,492987438.5
2025-04-30,2025-04-30,MVID,154031566.5
2025-04-30,2025-04-30,NAUK,1350490
2025-04-30,2025-04-30,NFAZ,1129050
2025-04-30,2025-04-30,NKHP,28988675
2025-04-30,2025-04-30,NKNC,3225912.5
2025-04-30,2025-04-30,NKNCP,5431378.2
2025-04-30,2025-04-30,NKSH,790545
2025-04-30,2025-04-30,NLMK,896389577.6
2025-04-30,2025-04-30,NMTP,71685906.5
2025-04-30,2025-04-30,NNSB,134090
2025-04-30,2025-04-30,NNSBP,44076
2025-04-30,2025-04-30,NSVZ,5790310
2025-04-30,2025-04-30,NVTK,4448294283.6
2025-04-30,2025-04-30,OGKB,22244616.6
2025-04-30,2025-04-30,OKEY,2986443.5
2025-04-30,2025-04-30,OMZZP,1464920
2025-04-30,2025-04-30,OZON,629066470.5
2025-04-30,2025-04-30,OZPH,82195896.5
2025-04-30,2025-04-30,PAZA,528600
2025-04-30,2025-04-30,PHOR,543614233
2025-04-30,2025-04-30,PIKK,2230030430.7
2025-04-30,2025-04-30,PLZL,1890799707.8
2025-04-30,2025-04-30,PMSB,14800723
2025-04-30,2025-04-30,PMSBP,7179116
2025-04-30,2025-04-30,POSI,370814953.4
2025-04-30,2025-04-30,PRFN,1031536.8
2025-04-30,2025-04-30,PRMB,0
2025-04-30,2025-04-30,PRMD,23885368.35
2025-04-30,2025-04-30,QIWI,40248641.8
2025-04-30,2025-04-30,RAGR,546558241.98
2025-04-30,2025-04-30,RASP,235674671
2025-04-30,2025-04-30,RBCM,9655407.5
2025-04-30,2025-04-30,RDRB,121935
2025-04-30,2025-04-30,RENI,152024316.8
2025-04-30,2025-04-30,RGSS,3093673
2025-04-30,2025-04-30,RKKE,11700620
2025-04-30,2025-04-30,RNFT,1211796381.5
2025-04-30,2025-04-30,ROLO,11791406.8
2025-04-30,2025-04-30,ROSN,1763547102.85
2025-04-30,2025-04-30,ROST,892000
2025-04-30,2025-04-30,RTGZ,1571800
2025-04-30,2025-04-30,RTKM,458199010.2
2025-04-30,2025-04-30,RTKMP,38920956
2025-04-30,2025-04-30,RTSB,387950
2025-04-30,2025-04-30,RTSBP,476766
2025-04-30,2025-04-30,RUAL,785201048.25
2025-04-30,2025-04-30,RUSI,478787
2025-04-30,2025-04-30,RZSB,4339242
2025-04-30,2025-04-30,SAGO,239125
2025-04-30,2025-04-30,SAGOP,683830
2025-04-30,2025-04-30,SARE,206720
2025-04-30,2025-04-30,SAREP,431695
2025-04-30,2025-04-30,SBER,12646916301.8
2025-04-30,2025-04-30,SBERP,1182978923.2
2025-04-30,2025-04-30,SELG,144807874.9
2025-04-30,2025-04-30,SFIN,235049365.8
2025-04-30,2025-04-30,SGZH,222988196
2025-04-30,2025-04-30,SIBN,644071795.75
2025-04-30,2025-04-30,SLEN,612652.5
2025-04-30,2025-04-30,SMLT,2463602929
2025-04-30,2025-04-30,SNGS,722834660.5
2025-04-30,2025-04-30,SNGSP,842086605.9
2025-04-30,2025-04-30,SOFL,78651619.8
2025-04-30,2025-04-30,SPBE,3607081297.4
2025-04-30,2025-04-30,STSB,427805
2025-04-30,2025-04-30,STSBP,1932975
2025-04-30,2025-04-30,SVAV,19204982.5
2025-04-30,2025-04-30,SVCB,674019056.5
2025-04-30,2025-04-30,SVET,1989067.25
2025-04-30,2025-04-30,SVETP,1930575.8
2025-04-30,2025-04-30,T,9031258833.8
2025-04-30,2025-04-30,TASB,947458
2025-04-30,2025-04-30,TASBP,101340
2025-04-30,2025-04-30,TATN,2389984330
2025-04-30,2025-04-30,TATNP,280707892.4
2025-04-30,2025-04-30,TGKA,39380316
2025-04-30,2025-04-30,TGKB,6934785
2025-04-30,2025-04-30,TGKBP,2852328
2025-04-30,2025-04-30,TGKN,55460849
2025-04-30,2025-04-30,TNSE,98975
2025-04-30,2025-04-30,TORS,137800
2025-04-30,2025-04-30,TORSP,830630
2025-04-30,2025-04-30,TRMK,143018759.4
2025-04-30,2025-04-30,TRNFP,969305895.2
2025-04-30,2025-04-30,TTLK,7991495
2025-04-30,2025-04-30,TUZA,8127500
2025-04-30,2025-04-30,UGLD,374719457.4
2025-04-30,2025-04-30,UKUZ,122208
2025-04-30,2025-04-30,UNAC,60931984
2025-04-30,2025-04-30,UNKL,838110
2025-04-30,2025-04-30,UPRO,588303602
2025-04-30,2025-04-30,URKZ,0
2025-04-30,2025-04-30,USBN,965685
2025-04-30,2025-04-30,UTAR,256640
2025-04-30,2025-04-30,UWGN,99721203.18
2025-04-30,2025-04-30,VEON-RX,2082043.5
2025-04-30,2025-04-30,VGSB,97400
2025-04-30,2025-04-30,VGSBP,297240
2025-04-30,2025-04-30,VJGZ,131755
2025-04-30,2025-04-30,VJGZP,148825
2025-04-30,2025-04-30,VKCO,717187998.2
2025-04-30,2025-04-30,VLHZ,7713748
2025-04-30,2025-04-30,VRSB,1008855
2025-04-30,2025-04-30,VRSBP,334934
2025-04-30,2025-04-30,VSEH,32311058.25
2025-04-30,2025-04-30,VSMO,86222000
2025-04-30,2025-04-30,VSYD,203150
2025-04-30,2025-04-30,VSYDP,90200
2025-04-30,2025-04-30,VTBR,12758500829.48
2025-04-30,2025-04-30,WTCM,687846
2025-04-30,2025-04-30,WTCMP,1242854
2025-04-30,2025-04-30,WUSH,361909706.28
2025-04-30,2025-04-30,X5,2272766913.5
2025-04-30,2025-04-30,YAKG,2883550.5
2025-04-30,2025-04-30,YDEX,2926352929
2025-04-30,2025-04-30,YKEN,101790
2025-04-30,2025-04-30,YKENP,48370
2025-04-30,2025-04-30,YRSB,7240
2025-04-30,2025-04-30,YRSBP,909380
2025-04-30,2025-04-30,ZAYM,16908205
2025-04-30,2025-04-30,ZILL,3774675
2025-04-30,2025-04-30,ZVEZ,202000
2025-05-31,2025-05-30,ABIO,8127694
2025-05-31,2025-05-30,ABRD,3886888
2025-05-31,2025-05-30,AFKS,1221725134.7
2025-05-31,2025-05-30,AFLT,2969733254.5
2025-05-31,2025-05-30,AGRO,0
2025-05-31,2025-05-30,AKRN,8849054
2025-05-31,2025-05-30,ALRS,357318717.5
2025-05-31,2025-05-30,AMEZ,0
2025-05-31,2025-05-30,APRI,24700.48
2025-05-31,2025-05-30,APTK,8180975.66
2025-05-31,2025-05-30,AQUA,23268113.5
2025-05-31,2025-05-30,ARSA,106585
2025-05-31,2025-05-30,ASSB,203710
2025-05-31,2025-05-30,ASTR,97782645.95
2025-05-31,2025-05-30,AVAN,386994
2025-05-31,2025-05-30,BANE,20793605.5
2025-05-31,2025-05-30,BANEP,89289520.5
2025-05-31,2025-05-30,BELU,103457940.5
2025-05-31,2025-05-30,BISVP,1080265
2025-05-31,2025-05-30,BLNG,12760639
2025-05-31,2025-05-30,BRZL,1072554
2025-05-31,2025-05-30,BSPB,119054423.1
2025-05-31,2025-05-30,BSPBP,16329555
2025-05-31,2025-05-30,CARM,1860286.45
2025-05-31,2025-05-30,CBOM,259277608.4
2025-05-31,2025-05-30,CHGZ,385958
2025-05-31,2025-05-30,CHKZ,417800
2025-05-31,2025-05-30,CHMF,535483751.6
2025-05-31,2025-05-30,CHMK,362505
2025-05-31,2025-05-30,CNRU,64585182
2025-05-31,2025-05-30,CNTL,1681104
2025-05-31,2025-05-30,CNTLP,1648882
2025-05-31,2025-05-30,DATA,12947421.62
2025-05-31,2025-05-30,DELI,14592674.1
2025-05-31,2025-05-30,DIAS,13213481.5
2025-05-31,2025-05-30,DIOD,310204
2025-05-31,2025-05-30,DVEC,433677
2025-05-31,2025-05-30,DZRD,234290
2025-05-31,2025-05-30,DZRDP,496530
2025-05-31,2025-05-30,EELT,3217462
2025-05-31,2025-05-30,ELFV,6149288
2025-05-31,2025-05-30,ELMT,5101915.2
2025-05-31,2025-05-30,ENPG,175069783.3
2025-05-31,2025-05-30,ETLN,5798857.42
2025-05-31,2025-05-30,EUTR,92892353.05
2025-05-31,2025-05-30,FEES,81785454
2025-05-31,2025-05-30,FESH,114397010.6
2025-05-31,2025-05-30,FIXP,15904069
2025-05-31,2025-05-30,FLOT,539273481.7
2025-05-31,2025-05-30,GAZA,60780
2025-05-31,2025-05-30,GAZAP,12110
2025-05-31,2025-05-30,GAZC,0
2025-05-31,2025-05-30,GAZP,11078352120.3
2025-05-31,2025-05-30,GAZS,0
2025-05-31,2025-05-30,GAZT,0
2025-05-31,2025-05-30,GCHE,7048362
2025-05-31,2025-05-30,GECO,5032026.1
2025-05-31,2025-05-30,GEMA,235383
2025-05-31,2025-05-30,GEMC,13612854.5
2025-05-31,2025-05-30,GMKN,1494316295.2
2025-05-31,2025-05-30,GTRK,100776378
2025-05-31,2025-05-30,HEAD,176357371
2025-05-31,2025-05-30,HIMCP,610326
2025-05-31,2025-05-30,HNFG,29719217.1
2025-05-31,2025-05-30,HYDR,103833572.9
2025-05-31,2025-05-30,IGST,353960
2025-05-31,2025-05-30,IGSTP,12870
2025-05-31,2025-05-30,INGR,159792
2025-05-31,2025-05-30,IRAO,356583333.4
2025-05-31,2025-05-30,IRKT,124250106
2025-05-31,2025-05-30,IVAT,44439171.45
2025-05-31,2025-05-30,JNOS,25745
2025-05-31,2025-05-30,JNOSP,476658
2025-05-31,2025-05-30,KAZT,929150
2025-05-31,2025-05-30,KAZTP,266840
2025-05-31,2025-05-30,KBSB,701425
2025-05-31,2025-05-30,KCHE,79520
2025-05-31,2025-05-30,KCHEP,370400
2025-05-31,2025-05-30,KGKC,24312
2025-05-31,2025-05-30,KGKCP,146652
2025-05-31,2025-05-30,KLSB,616639
2025-05-31,2025-05-30,KLVZ,766317.4
2025-05-31,2025-05-30,KMAZ,27127198
2025-05-31,2025-05-30,KMEZ,345012
2025-05-31,2025-05-30,KOGK,36200
2025-05-31,2025-05-30,KRKN,25950
2025-05-31,2025-05-30,KRKNP,690900
2025-05-31,2025-05-30,KRKOP,30524
2025-05-31,2025-05-30,KROT,320760
2025-05-31,2025-05-30,KROTP,54830
2025-05-31,2025-05-30,KRSB,270074
2025-05-31,2025-05-30,KRSBP,1072696
2025-05-31,2025-05-30,KUZB,377823
2025-05-31,2025-05-30,KZOS,821961
2025-05-31,2025-05-30,KZOSP,1195839.4
2025-05-31,2025-05-30,LEAS,89669036.5
2025-05-31,2025-05-30,LENT,22296602.5
2025-05-31,2025-05-30,LIFE,4447846
2025-05-31,2025-05-30,LKOH,5083316070.5
2025-05-31,2025-05-30,LMBZ,2437395.5
2025-05-31,2025-05-30,LNZL,1011460
2025-05-31,2025-05-30,LNZLP,3110615
2025-05-31,2025-05-30,LPSB,648015
2025-05-31,2025-05-30,LSNG,1839031
2025-05-31,2025-05-30,LSNGP,20539831.5
2025-05-31,2025-05-30,LSRG,47459610.2
2025-05-31,2025-05-30,LVHK,131230
2025-05-31,2025-05-30,MAGE,535509
2025-05-31,2025-05-30,MAGEP,95597
2025-05-31,2025-05-30,MAGN,343858096.5
2025-05-31,2025-05-30,MBNK,30646947
2025-05-31,2025-05-30,MDMG,122627444.5
2025-05-31,2025-05-30,MFGS,40350
2025-05-31,2025-05-30,MFGSP,143950
2025-05-31,2025-05-30,MGKL,1988757.3
2025-05-31,2025-05-30,MGNT,892469816
2025-05-31,2025-05-30,MGNZ,0
2025-05-31,2025-05-30,MGTS,144275
2025-05-31,2025-05-30,MGTSP,1062482
2025-05-31,2025-05-30,MISB,73130
2025-05-31,2025-05-30,MISBP,78740
2025-05-31,2025-05-30,MOEX,997763894.4
2025-05-31,2025-05-30,MRKC,20060606.2
2025-05-31,2025-05-30,MRKK,134168.8
2025-05-31,2025-05-30,MRKP,54128548
2025-05-31,2025-05-30,MRKS,7306985
2025-05-31,2025-05-30,MRKU,34024394
2025-05-31,2025-05-30,MRKV,18795195.5
2025-05-31,2025-05-30,MRKY,1041090
2025-05-31,2025-05-30,MRKZ,19859204
2025-05-31,2025-05-30,MRSB,521680
2025-05-31,2025-05-30,MSNG,32252561
2025-05-31,2025-05-30,MSRS,14062752.5
2025-05-31,2025-05-30,MSTT,7227888.5
2025-05-31,2025-05-30,MTLR,1985233861.08
2025-05-31,2025-05-30,MTLRP,253381680.5
2025-05-31,2025-05-30,MTSS,448214196.5
2025-05-31,2025-05-30,MVID,13981208.4
2025-05-31,2025-05-30,NAUK,663860
2025-05-31,2025-05-30,NFAZ,145425
2025-05-31,2025-05-30,NKHP,130967755
2025-05-31,2025-05-30,NKNC,1674427
2025-05-31,2025-05-30,NKNCP,6792648
2025-05-31,2025-05-30,NKSH,325755
2025-05-31,2025-05-30,NLMK,822683679.2
2025-05-31,2025-05-30,NMTP,189061555.5
2025-05-31,2025-05-30,NNSB,30620
2025-05-31,2025-05-30,NNSBP,122016
2025-05-31,2025-05-30,NSVZ,1776920
2025-05-31,2025-05-30,NVTK,2380794499
2025-05-31,2025-05-30,OGKB,40352167.9
2025-05-31,2025-05-30,OKEY,689898.8
2025-05-31,2025-05-30,OMZZP,92180
2025-05-31,2025-05-30,OZON,374661828.5
2025-05-31,2025-05-30,OZPH,44091482.2
2025-05-31,2025-05-30,PAZA,81020
2025-05-31,2025-05-30,PHOR,252884385
2025-05-31,2025-05-30,PIKK,3127706426.5
2025-05-31,2025-05-30,PLZL,720427503.4
2025-05-31,2025-05-30,PMSB,45069600
2025-05-31,2025-05-30,PMSBP,19046464
2025-05-31,2025-05-30,POSI,248102560.2
2025-05-31,2025-05-30,PRFN,549187.4
2025-05-31,2025-05-30,PRMB,58000
2025-05-31,2025-05-30,PRMD,84735436.4
2025-05-31,2025-05-30,QIWI,41732556.2
2025-05-31,2025-05-30,RAGR,472980902.46
2025-05-31,2025-05-30,RASP,92535386.5
2025-05-31,2025-05-30,RBCM,34930252.5
2025-05-31,2025-05-30,RDRB,117470
2025-05-31,2025-05-30,RENI,56382613.4
2025-05-31,2025-05-30,RGSS,689081
2025-05-31,2025-05-30,RKKE,2594080
2025-05-31,2025-05-30,RNFT,470174922.7
2025-05-31,2025-05-30,ROLO,4831172.8
2025-05-31,2025-05-30,ROSN,1938648906.55
2025-05-31,2025-05-30,ROST,525208
2025-05-31,2025-05-30,RTGZ,371400
2025-05-31,2025-05-30,RTKM,1158767508.7
2025-05-31,2025-05-30,RTKMP,59508001
2025-05-31,2025-05-30,RTSB,122025
2025-05-31,2025-05-30,RTSBP,465908
2025-05-31,2025-05-30,RUAL,321975865.45
2025-05-31,2025-05-30,RUSI,63361
2025-05-31,2025-05-30,RZSB,1490178
2025-05-31,2025-05-30,SAGO,101070
2025-05-31,2025-05-30,SAGOP,102820
2025-05-31,2025-05-30,SARE,32150
2025-05-31,2025-05-30,SAREP,109520
2025-05-31,2025-05-30,SBER,6759369553.5
2025-05-31,2025-05-30,SBERP,520067307
2025-05-31,2025-05-30,SELG,53660515
2025-05-31,2025-05-30,SFIN,78351733.4
2025-05-31,2025-05-30,SGZH,789562757.5
2025-05-31,2025-05-30,SIBN,121642389.55
2025-05-31,2025-05-30,SLEN,8717
2025-05-31,2025-05-30,SMLT,1631561563
2025-05-31,2025-05-30,SNGS,607038127
2025-05-31,2025-05-30,SNGSP,503895792.15
2025-05-31,2025-05-30,SOFL,29817109.2
2025-05-31,2025-05-30,SPBE,2226992633.3
2025-05-31,2025-05-30,STSB,1202575
2025-05-31,2025-05-30,STSBP,513345
2025-05-31,2025-05-30,SVAV,27429049.5
2025-05-31,2025-05-30,SVCB,428722578.5
2025-05-31,2025-05-30,SVET,3645643.5
2025-05-31,2025-05-30,SVETP,2297730.05
2025-05-31,2025-05-30,T,7244243647.2
2025-05-31,2025-05-30,TASB,2528
2025-05-31,2025-05-30,TASBP,0
2025-05-31,2025-05-30,TATN,2341396951.9
2025-05-31,2025-05-30,TATNP,580318717.3
2025-05-31,2025-05-30,TGKA,20724973.6
2025-05-31,2025-05-30,TGKB,861495
2025-05-31,2025-05-30,TGKBP,720715
2025-05-31,2025-05-30,TGKN,224870126
2025-05-31,2025-05-30,TNSE,166630
2025-05-31,2025-05-30,TORS,67720
2025-05-31,2025-05-30,TORSP,203150
2025-05-31,2025-05-30,TRMK,116985287.6
2025-05-31,2025-05-30,TRNFP,1559916537.2
2025-05-31,2025-05-30,TTLK,969839.5
2025-05-31,2025-05-30,TUZA,210330
2025-05-31,2025-05-30,UGLD,493874147.7
2025-05-31,2025-05-30,UKUZ,89344
2025-05-31,2025-05-30,UNAC,33521017
2025-05-31,2025-05-30,UNKL,232260
2025-05-31,2025-05-30,UPRO,315455186
2025-05-31,2025-05-30,URKZ,0
2025-05-31,2025-05-30,USBN,4992884
2025-05-31,2025-05-30,UTAR,253826
2025-05-31,2025-05-30,UWGN,74572986.92
2025-05-31,2025-05-30,VEON-RX,2123948.5
2025-05-31,2025-05-30,VGSB,10250
2025-05-31,2025-05-30,VGSBP,275480
2025-05-31,2025-05-30,VJGZ,24565
2025-05-31,2025-05-30,VJGZP,70695
2025-05-31,2025-05-30,VKCO,450079103.6
2025-05-31,2025-05-30,VLHZ,372614
2025-05-31,2025-05-30,VRSB,1205935
2025-05-31,2025-05-30,VRSBP,160838
2025-05-31,2025-05-30,VSEH,49882574.65
2025-05-31,2025-05-30,VSMO,28735660
2025-05-31,2025-05-30,VSYD,573700
2025-05-31,2025-05-30,VSYDP,8000
2025-05-31,2025-05-30,VTBR,7769180043.97
2025-05-31,2025-05-30,WTCM,55760
2025-05-31,2025-05-30,WTCMP,138038
2025-05-31,2025-05-30,WUSH,175209449.97
2025-05-31,2025-05-30,X5,969170320
2025-05-31,2025-05-30,YAKG,757116
2025-05-31,2025-05-30,YDEX,2831406602
2025-05-31,2025-05-30,YKEN,66560
2025-05-31,2025-05-30,YKENP,18500
2025-05-31,2025-05-30,YRSB,338020
2025-05-31,2025-05-30,YRSBP,59375
2025-05-31,2025-05-30,ZAYM,9484064.5
2025-05-31,2025-05-30,ZILL,150395
2025-05-31,2025-05-30,ZVEZ,42500
2025-06-30,2025-06-30,ABIO,35299860.8
2025-06-30,2025-06-30,ABRD,10439512
2025-06-30,2025-06-30,AFKS,2295186183.7
2025-06-30,2025-06-30,AFLT,1056092388.8
2025-06-30,2025-06-30,AGRO,0
2025-06-30,2025-06-30,AKRN,7250488
2025-06-30,2025-06-30,ALRS,1320546436.3
2025-06-30,2025-06-30,AMEZ,0
2025-06-30,2025-06-30,APRI,2009496.1
2025-06-30,2025-06-30,APTK,22933848.52
2025-06-30,2025-06-30,AQUA,49210919
2025-06-30,2025-06-30,ARSA,449732
2025-06-30,2025-06-30,ASSB,128620
2025-06-30,2025-06-30,ASTR,168417283.9
2025-06-30,2025-06-30,AVAN,918923
2025-06-30,2025-06-30,BANE,37973282.5
2025-06-30,2025-06-30,BANEP,86614188
2025-06-30,2025-06-30,BELU,219898048
2025-06-30,2025-06-30,BISVP,78042
2025-06-30,2025-06-30,BLNG,14842141
2025-06-30,2025-06-30,BRZL,785067
2025-06-30,2025-06-30,BSPB,216780011.7
2025-06-30,2025-06-30,BSPBP,21400970
2025-06-30,2025-06-30,CARM,3953542
2025-06-30,2025-06-30,CBOM,142230996
2025-06-30,2025-06-30,CHGZ,85524
2025-06-30,2025-06-30,CHKZ,217500
2025-06-30,2025-06-30,CHMF,1194369211.8
2025-06-30,2025-06-30,CHMK,944620
2025-06-30,2025-06-30,CNRU,50437356.2
2025-06-30,2025-06-30,CNTL,409252
2025-06-30,2025-06-30,CNTLP,1168248
2025-06-30,2025-06-30,DATA,52217384.76
2025-06-30,2025-06-30,DELI,27382506.55
2025-06-30,2025-06-30,DIAS,77856853
2025-06-30,2025-06-30,DIOD,2045538
2025-06-30,2025-06-30,DVEC,7702221
2025-06-30,2025-06-30,DZRD,322350
2025-06-30,2025-06-30,DZRDP,73690
2025-06-30,2025-06-30,EELT,2025036
2025-06-30,2025-06-30,ELFV,18499137.8
2025-06-30,2025-06-30,ELMT,12785898.5
2025-06-30,2025-06-30,ENPG,695662244.95
2025-06-30,2025-06-30,ETLN,0
2025-06-30,2025-06-30,EUTR,422828713.3
2025-06-30,2025-06-30,FEES,165355078.8
2025-06-30,2025-06-30,FESH,533637832
2025-06-30,2025-06-30,FIXP,0
2025-06-30,2025-06-30,FLOT,455047897.3
2025-06-30,2025-06-30,GAZA,272380
2025-06-30,2025-06-30,GAZAP,240745
2025-06-30,2025-06-30,GAZC,0
2025-06-30,2025-06-30,GAZP,9585982134.6
2025-06-30,2025-06-30,GAZS,0
2025-06-30,2025-06-30,GAZT,0
2025-06-30,2025-06-30,GCHE,7863022
2025-06-30,2025-06-30,GECO,5948531.2
2025-06-30,2025-06-30,GEMA,345692
2025-06-30,2025-06-30,GEMC,120275989.8
2025-06-30,2025-06-30,GMKN,3415587785.4
2025-06-30,2025-06-30,GTRK,308804720
2025-06-30,2025-06-30,HEAD,469158904
2025-06-30,2025-06-30,HIMCP,1467416
2025-06-30,2025-06-30,HNFG,31520778.8
2025-06-30,2025-06-30,HYDR,200726333.7
2025-06-30,2025-06-30,IGST,230340
2025-06-30,2025-06-30,IGSTP,132690
2025-06-30,2025-06-30,IRAO,1326134283.15
2025-06-30,2025-06-30,IRKT,241477068
2025-06-30,2025-06-30,IVAT,152341018.8
2025-06-30,2025-06-30,JNOS,48110
2025-06-30,2025-06-30,JNOSP,416430
2025-06-30,2025-06-30,KAZT,1415762
2025-06-30,2025-06-30,KAZTP,833740
2025-06-30,2025-06-30,KBSB,4240155
2025-06-30,2025-06-30,KCHE,24680
2025-06-30,2025-06-30,KCHEP,23900
2025-06-30,2025-06-30,KFBA,109904
2025-06-30,2025-06-30,KGKC,75434
2025-06-30,2025-06-30,KGKCP,1342746
2025-06-30,2025-06-30,KLSB,914546
2025-06-30,2025-06-30,KLVZ,1298795
2025-06-30,2025-06-30,KMAZ,43815515
2025-06-30,2025-06-30,KMEZ,803278
2025-06-30,2025-06-30,KOGK,472400
2025-06-30,2025-06-30,KRKN,25200
2025-06-30,2025-06-30,KRKNP,4146480
2025-06-30,2025-06-30,KRKOP,554346
2025-06-30,2025-06-30,KROT,1027830
2025-06-30,2025-06-30,KROTP,108760
2025-06-30,2025-06-30,KRSB,1392384
2025-06-30,2025-06-30,KRSBP,625042
2025-06-30,2025-06-30,KUZB,444123.5
2025-06-30,2025-06-30,KZOS,2120570
2025-06-30,2025-06-30,KZOSP,2051394.1
2025-06-30,2025-06-30,LEAS,315165838.9
2025-06-30,2025-06-30,LENT,42402267
2025-06-30,2025-06-30,LIFE,4273436
2025-06-30,2025-06-30,LKOH,4041902237
2025-06-30,2025-06-30,LMBZ,3155871.5
2025-06-30,2025-06-30,LNZL,2936600
2025-06-30,2025-06-30,LNZLP,1458570
2025-06-30,2025-06-30,LPSB,588295
2025-06-30,2025-06-30,LSNG,1719499
2025-06-30,2025-06-30,LSNGP,115292645
2025-06-30,2025-06-30,LSRG,117547124.6
2025-06-30,2025-06-30,LVHK,3089430
2025-06-30,2025-06-30,MAGE,108824
2025-06-30,2025-06-30,MAGEP,40512
2025-06-30,2025-06-30,MAGN,1435425293.1
2025-06-30,2025-06-30,MBNK,163285551.5
2025-06-30,2025-06-30,MDMG,71900186.2
2025-06-30,2025-06-30,MFGS,71550
2025-06-30,2025-06-30,MFGSP,289190
2025-06-30,2025-06-30,MGKL,6575078.55
2025-06-30,2025-06-30,MGNT,1759795281.5
2025-06-30,2025-06-30,MGNZ,0
2025-06-30,2025-06-30,MGTS,73705
2025-06-30,2025-06-30,MGTSP,2946970
2025-06-30,2025-06-30,MISB,49640
2025-06-30,2025-06-30,MISBP,311260
2025-06-30,2025-06-30,MOEX,1390953748.9
2025-06-30,2025-06-30,MRKC,85830554.4
2025-06-30,2025-06-30,MRKK,393128.8
2025-06-30,2025-06-30,MRKP,534332849
2025-06-30,2025-06-30,MRKS,4222972
2025-06-30,2025-06-30,MRKU,16266456
2025-06-30,2025-06-30,MRKV,39933318.5
2025-06-30,2025-06-30,MRKY,2401353
2025-06-30,2025-06-30,MRKZ,18176968.5
2025-06-30,2025-06-30,MRSB,108920
2025-06-30,2025-06-30,MSNG,60453173.5
2025-06-30,2025-06-30,MSRS,17760890.5
2025-06-30,2025-06-30,MSTT,6854775
2025-06-30,2025-06-30,MTLR,3072219244.1
2025-06-30,2025-06-30,MTLRP,439943164
2025-06-30,2025-06-30,MTSS,2044439578
2025-06-30,2025-06-30,MVID,77974574.95
2025-06-30,2025-06-30,NAUK,764625
2025-06-30,2025-06-30,NFAZ,688560
2025-06-30,2025-06-30,NKHP,16609085
2025-06-30,2025-06-30,NKNC,7280624.5
2025-06-30,2025-06-30,NKNCP,9832152.8
2025-06-30,2025-06-30,NKSH,439010
2025-06-30,2025-06-30,NLMK,1819350138.2
2025-06-30,2025-06-30,NMTP,237978242
2025-06-30,2025-06-30,NNSB,200950
2025-06-30,2025-06-30,NNSBP,1063510
2025-06-30,2025-06-30,NSVZ,1199020
2025-06-30,2025-06-30,NVTK,2820330819.8
2025-06-30,2025-06-30,OGKB,123691126.9
2025-06-30,2025-06-30,OKEY,1674620
2025-06-30,2025-06-30,OMZZP,95700
2025-06-30,2025-06-30,OZON,435027971
2025-06-30,2025-06-30,OZPH,187119378.7
2025-06-30,2025-06-30,PAZA,1479120
2025-06-30,2025-06-30,PHOR,536346838
2025-06-30,2025-06-30,PIKK,6845421465.2
2025-06-30,2025-06-30,PLZL,1465037408.2
2025-06-30,2025-06-30,PMSB,12800324
2025-06-30,2025-06-30,PMSBP,4700434
2025-06-30,2025-06-30,POSI,1064753980.8
2025-06-30,2025-06-30,PRFN,4041082.8
2025-06-30,2025-06-30,PRMB,0
2025-06-30,2025-06-30,PRMD,65984057.7
2025-06-30,2025-06-30,QIWI,14032079.8
2025-06-30,2025-06-30,RAGR,1113877113
2025-06-30,2025-06-30,RASP,184229583.5
2025-06-30,2025-06-30,RBCM,16538304.5
2025-06-30,2025-06-30,RDRB,452965
2025-06-30,2025-06-30,RENI,142621884
2025-06-30,2025-06-30,RGSS,1376845.6
2025-06-30,2025-06-30,RKKE,2558800
2025-06-30,2025-06-30,RNFT,997824902.45
2025-06-30,2025-06-30,ROLO,23422511.8
2025-06-30,2025-06-30,ROSN,2054558178.35
2025-06-30,2025-06-30,ROST,377344
2025-06-30,2025-06-30,RTGZ,263400
2025-06-30,2025-06-30,RTKM,782279073.9
2025-06-30,2025-06-30,RTKMP,331657675.5
2025-06-30,2025-06-30,RTSB,323430
2025-06-30,2025-06-30,RTSBP,174418
2025-06-30,2025-06-30,RUAL,739035034.9
2025-06-30,2025-06-30,RUSI,276711
2025-06-30,2025-06-30,RZSB,2062902
2025-06-30,2025-06-30,SAGO,206175
2025-06-30,2025-06-30,SAGOP,872060
2025-06-30,2025-06-30,SARE,1053480
2025-06-30,2025-06-30,SAREP,126020
2025-06-30,2025-06-30,SBER,9525329651.4
2025-06-30,2025-06-30,SBERP,862608999.8
2025-06-30,2025-06-30,SELG,139268767.4
2025-06-30,2025-06-30,SFIN,308114613.4
2025-06-30,2025-06-30,SGZH,322834478.2
2025-06-30,2025-06-30,SIBN,245868086.95
2025-06-30,2025-06-30,SLEN,67922.5
2025-06-30,2025-06-30,SMLT,4611611943.5
2025-06-30,2025-06-30,SNGS,913625503
2025-06-30,2025-06-30,SNGSP,1259806578.05
2025-06-30,2025-06-30,SOFL,97419631.8
2025-06-30,2025-06-30,SPBE,1239167622.4
2025-06-30,2025-06-30,STSB,398805
2025-06-30,2025-06-30,STSBP,1592405
2025-06-30,2025-06-30,SVAV,147126097
2025-06-30,2025-06-30,SVCB,1222443712.5
2025-06-30,2025-06-30,SVET,2578686.45
2025-06-30,2025-06-30,SVETP,13169632.7
2025-06-30,2025-06-30,T,7692980783.2
2025-06-30,2025-06-30,TASB,69390
2025-06-30,2025-06-30,TASBP,98320
2025-06-30,2025-06-30,TATN,1148778316.2
2025-06-30,2025-06-30,TATNP,239557513.2
2025-06-30,2025-06-30,TGKA,66518391
2025-06-30,2025-06-30,TGKB,946650
2025-06-30,2025-06-30,TGKBP,275001
2025-06-30,2025-06-30,TGKN,181073614
2025-06-30,2025-06-30,TNSE,69200
2025-06-30,2025-06-30,TORS,80260
2025-06-30,2025-06-30,TORSP,392850
2025-06-30,2025-06-30,TRMK,85655582.2
2025-06-30,2025-06-30,TRNFP,1190448715
2025-06-30,2025-06-30,TTLK,1247226
2025-06-30,2025-06-30,TUZA,3630700
2025-06-30,2025-06-30,UGLD,347637999.1
2025-06-30,2025-06-30,UKUZ,33720
2025-06-30,2025-06-30,UNAC,38031825
2025-06-30,2025-06-30,UNKL,1508220
2025-06-30,2025-06-30,UPRO,265515043
2025-06-30,2025-06-30,URKZ,5420700
2025-06-30,2025-06-30,USBN,882308
2025-06-30,2025-06-30,UTAR,419979
2025-06-30,2025-06-30,UWGN,119937003.94
2025-06-30,2025-06-30,VEON-RX,1565203
2025-06-30,2025-06-30,VGSB,149750
2025-06-30,2025-06-30,VGSBP,45360
2025-06-30,2025-06-30,VJGZ,117125
2025-06-30,2025-06-30,VJGZP,117245
2025-06-30,2025-06-30,VKCO,1631419119.4
2025-06-30,2025-06-30,VLHZ,295108
2025-06-30,2025-06-30,VRSB,1857010
2025-06-30,2025-06-30,VRSBP,908740
2025-06-30,2025-06-30,VSEH,48169791.45
2025-06-30,2025-06-30,VSMO,23374100
2025-06-30,2025-06-30,VSYD,328900
2025-06-30,2025-06-30,VSYDP,32150
2025-06-30,2025-06-30,VTBR,11180129080.49
2025-06-30,2025-06-30,WTCM,22524
2025-06-30,2025-06-30,WTCMP,476776
2025-06-30,2025-06-30,WUSH,579120204.99
2025-06-30,2025-06-30,X5,3504497864.5
2025-06-30,2025-06-30,YAKG,1606739
2025-06-30,2025-06-30,YDEX,2492320266
2025-06-30,2025-06-30,YKEN,151240
2025-06-30,2025-06-30,YKENP,35270
2025-06-30,2025-06-30,YRSB,238500
2025-06-30,2025-06-30,YRSBP,674140
2025-06-30,2025-06-30,ZAYM,28034883.5
2025-06-30,2025-06-30,ZILL,1621730
2025-06-30,2025-06-30,ZVEZ,121760
2025-07-31,2025-07-31,ABIO,4223520.2
2025-07-31,2025-07-31,ABRD,11469522
2025-07-31,2025-07-31,AFKS,726178215.3
2025-07-31,2025-07-31,AFLT,1161721607.3
2025-07-31,2025-07-31,AGRO,0
2025-07-31,2025-07-31,AKRN,2706994
2025-07-31,2025-07-31,ALRS,244904800.6
2025-07-31,2025-07-31,AMEZ,0
2025-07-31,2025-07-31,APRI,22478.54
2025-07-31,2025-07-31,APTK,10136042.04
2025-07-31,2025-07-31,AQUA,27076906.5
2025-07-31,2025-07-31,ARSA,207042
2025-07-31,2025-07-31,ASSB,695775
2025-07-31,2025-07-31,ASTR,167858821.75
2025-07-31,2025-07-31,AVAN,884437
2025-07-31,2025-07-31,BANE,23805363.5
2025-07-31,2025-07-31,BANEP,51082473
2025-07-31,2025-07-31,BELU,116381535
2025-07-31,2025-07-31,BISVP,89041
2025-07-31,2025-07-31,BLNG,2734058
2025-07-31,2025-07-31,BRZL,2167758
2025-07-31,2025-07-31,BSPB,162760201
2025-07-31,2025-07-31,BSPBP,5036640
2025-07-31,2025-07-31,CARM,49048009.7
2025-07-31,2025-07-31,CBOM,34595322.9
2025-07-31,2025-07-31,CHGZ,97568
2025-07-31,2025-07-31,CHKZ,54850
2025-07-31,2025-07-31,CHMF,439372224.2
2025-07-31,2025-07-31,CHMK,435655
2025-07-31,2025-07-31,CNRU,61211489.6
2025-07-31,2025-07-31,CNTL,691074
2025-07-31,2025-07-31,CNTLP,335534
2025-07-31,2025-07-31,DATA,27094822.42
2025-07-31,2025-07-31,DELI,65923921.05
2025-07-31,2025-07-31,DIAS,38791539
2025-07-31,2025-07-31,DIOD,171772
2025-07-31,2025-07-31,DVEC,1925199
2025-07-31,2025-07-31,DZRD,37955
2025-07-31,2025-07-31,DZRDP,221960
2025-07-31,2025-07-31,EELT,895829
2025-07-31,2025-07-31,ELFV,6279784
2025-07-31,2025-07-31,ELMT,42274560.25
2025-07-31,2025-07-31,ENPG,225728138.75
2025-07-31,2025-07-31,ETLN,0
2025-07-31,2025-07-31,EUTR,209409524.9
2025-07-31,2025-07-31,FEES,89924040.6
2025-07-31,2025-07-31,FESH,21581887.3
2025-07-31,2025-07-31,FIXP,0
2025-07-31,2025-07-31,FIXR,0
2025-07-31,2025-07-31,FLOT,304654900
2025-07-31,2025-07-31,GAZA,141740
2025-07-31,2025-07-31,GAZAP,281850
2025-07-31,2025-07-31,GAZC,0
2025-07-31,2025-07-31,GAZP,3453339564.1
2025-07-31,2025-07-31,GAZS,0
2025-07-31,2025-07-31,GAZT,0
2025-07-31,2025-07-31,GCHE,8805333
2025-07-31,2025-07-31,GECO,1470939.4
2025-07-31,2025-07-31,GEMA,3767609
2025-07-31,2025-07-31,GEMC,26916368.9
2025-07-31,2025-07-31,GMKN,3474373283.2
2025-07-31,2025-07-31,GTRK,136000787
2025-07-31,2025-07-31,HEAD,239305977
2025-07-31,2025-07-31,HIMCP,592488
2025-07-31,2025-07-31,HNFG,12099669.1
2025-07-31,2025-07-31,HYDR,66593848.3
2025-07-31,2025-07-31,IGST,422580
2025-07-31,2025-07-31,IGSTP,369640
2025-07-31,2025-07-31,IRAO,244838574.95
2025-07-31,2025-07-31,IRKT,28884532
2025-07-31,2025-07-31,IVAT,1296262287.15
2025-07-31,2025-07-31,JNOS,587695
2025-07-31,2025-07-31,JNOSP,794246
2025-07-31,2025-07-31,KAZT,1475124
2025-07-31,2025-07-31,KAZTP,833635
2025-07-31,2025-07-31,KBSB,919025
2025-07-31,2025-07-31,KCHE,289400
2025-07-31,2025-07-31,KCHEP,89300
2025-07-31,2025-07-31,KFBA,112222
2025-07-31,2025-07-31,KGKC,49530
2025-07-31,2025-07-31,KGKCP,201306
2025-07-31,2025-07-31,KLSB,928309
2025-07-31,2025-07-31,KLVZ,3154984.6
2025-07-31,2025-07-31,KMAZ,1020054384
2025-07-31,2025-07-31,KMEZ,224136
2025-07-31,2025-07-31,KOGK,0
2025-07-31,2025-07-31,KRKN,0
2025-07-31,2025-07-31,KRKNP,1121940
2025-07-31,2025-07-31,KRKOP,9234
2025-07-31,2025-07-31,KROT,1534000
2025-07-31,2025-07-31,KROTP,366650
2025-07-31,2025-07-31,KRSB,921468
2025-07-31,2025-07-31,KRSBP,1067228
2025-07-31,2025-07-31,KUZB,121435.5
2025-07-31,2025-07-31,KZOS,2603526
2025-07-31,2025-07-31,KZOSP,1658666
2025-07-31,2025-07-31,LEAS,73380206.1
2025-07-31,2025-07-31,LENT,98783323
2025-07-31,2025-07-31,LIFE,5630000
2025-07-31,2025-07-31,LKOH,2765019588.5
2025-07-31,2025-07-31,LMBZ,1422258.5
2025-07-31,2025-07-31,LNZL,9391880
2025-07-31,2025-07-31,LNZLP,5616600
2025-07-31,2025-07-31,LPSB,3540575
2025-07-31,2025-07-31,LSNG,5380936
2025-07-31,2025-07-31,LSNGP,20425629.5
2025-07-31,2025-07-31,LSRG,33771875.8
2025-07-31,2025-07-31,LVHK,387575
2025-07-31,2025-07-31,MAGE,209241
2025-07-31,2025-07-31,MAGEP,318471
2025-07-31,2025-07-31,MAGN,390068019.25
2025-07-31,2025-07-31,MBNK,70694581
2025-07-31,2025-07-31,MDMG,170348866.7
2025-07-31,2025-07-31,MFGS,320690
2025-07-31,2025-07-31,MFGSP,34470
2025-07-31,2025-07-31,MGKL,7980841.85
2025-07-31,2025-07-31,MGNT,771106693.5
2025-07-31,2025-07-31,MGNZ,0
2025-07-31,2025-07-31,MGTS,11880
2025-07-31,2025-07-31,MGTSP,627270
2025-07-31,2025-07-31,MISB,164000
2025-07-31,2025-07-31,MISBP,62210
2025-07-31,2025-07-31,MOEX,418105413.1
2025-07-31,2025-07-31,MRKC,29543068.8
2025-07-31,2025-07-31,MRKK,1244378.2
2025-07-31,2025-07-31,MRKP,76197893
2025-07-31,2025-07-31,MRKS,17713408.5
2025-07-31,2025-07-31,MRKU,20096000
2025-07-31,2025-07-31,MRKV,130763451
2025-07-31,2025-07-31,MRKY,9762143.5
2025-07-31,2025-07-31,MRKZ,9090559.5
2025-07-31,2025-07-31,MRSB,852620
2025-07-31,2025-07-31,MSNG,64849971
2025-07-31,2025-07-31,MSRS,45156125
2025-07-31,2025-07-31,MSTT,6872857.5
2025-07-31,2025-07-31,MTLR,398523627.25
2025-07-31,2025-07-31,MTLRP,42968818
2025-07-31,2025-07-31,MTSS,671174682
2025-07-31,2025-07-31,MVID,14919052.15
2025-07-31,2025-07-31,NAUK,87950
2025-07-31,2025-07-31,NFAZ,1416290
2025-07-31,2025-07-31,NKHP,26713535
2025-07-31,2025-07-31,NKNC,853668.5
2025-07-31,2025-07-31,NKNCP,6704003.4
2025-07-31,2025-07-31,NKSH,699835
2025-07-31,2025-07-31,NLMK,361188337.8
2025-07-31,2025-07-31,NMTP,46816914.5
2025-07-31,2025-07-31,NNSB,136880
2025-07-31,2025-07-31,NNSBP,137438
2025-07-31,2025-07-31,NSVZ,628185
2025-07-31,2025-07-31,NVTK,1557577408.2
2025-07-31,2025-07-31,OGKB,23602395.1
2025-07-31,2025-07-31,OKEY,471175.1
2025-07-31,2025-07-31,OMZZP,280480
2025-07-31,2025-07-31,OZON,1093508577.5
2025-07-31,2025-07-31,OZPH,246031610.3
2025-07-31,2025-07-31,PAZA,151220
2025-07-31,2025-07-31,PHOR,267599273
2025-07-31,2025-07-31,PIKK,1361887989.8
2025-07-31,2025-07-31,PLZL,1321240199.2
2025-07-31,2025-07-31,PMSB,3661854
2025-07-31,2025-07-31,PMSBP,4481516
2025-07-31,2025-07-31,POSI,162998593.6
2025-07-31,2025-07-31,PRFN,1571367.6
2025-07-31,2025-07-31,PRMB,286600
2025-07-31,2025-07-31,PRMD,25223028.8
2025-07-31,2025-07-31,QIWI,33318351.2
2025-07-31,2025-07-31,RAGR,162836000.4
2025-07-31,2025-07-31,RASP,26620743
2025-07-31,2025-07-31,RBCM,15017106
2025-07-31,2025-07-31,RDRB,249120
2025-07-31,2025-07-31,RENI,119747613
2025-07-31,2025-07-31,RGSS,969713.6
2025-07-31,2025-07-31,RKKE,22829840
2025-07-31,2025-07-31,RNFT,219715670.35
2025-07-31,2025-07-31,ROLO,7922033.4
2025-07-31,2025-07-31,ROSN,869057619.95
2025-07-31,2025-07-31,ROST,30884
2025-07-31,2025-07-31,RTGZ,305600
2025-07-31,2025-07-31,RTKM,203036301.4
2025-07-31,2025-07-31,RTKMP,146311917.5
2025-07-31,2025-07-31,RTSB,457115
2025-07-31,2025-07-31,RTSBP,377422
2025-07-31,2025-07-31,RUAL,563033685.6
2025-07-31,2025-07-31,RUSI,690161
2025-07-31,2025-07-31,RZSB,1386842
2025-07-31,2025-07-31,SAGO,28112480
2025-07-31,2025-07-31,SAGOP,23517765
2025-07-31,2025-07-31,SARE,1637790
2025-07-31,2025-07-31,SAREP,734435
2025-07-31,2025-07-31,SBER,6052599147.2
2025-07-31,2025-07-31,SBERP,355500516.6
2025-07-31,2025-07-31,SELG,69260432.7
2025-07-31,2025-07-31,SFIN,47700667.2
2025-07-31,2025-07-31,SGZH,107473032.4
2025-07-31,2025-07-31,SIBN,101324994.1
2025-07-31,2025-07-31,SLEN,971524
2025-07-31,2025-07-31,SMLT,1847130550
2025-07-31,2025-07-31,SNGS,245481801
2025-07-31,2025-07-31,SNGSP,412881373.45
2025-07-31,2025-07-31,SOFL,84778000
2025-07-31,2025-07-31,SPBE,405449799.9
2025-07-31,2025-07-31,STSB,3464685
2025-07-31,2025-07-31,STSBP,1305085
2025-07-31,2025-07-31,SVAV,187958034.5
2025-07-31,2025-07-31,SVCB,1314591627.5
2025-07-31,2025-07-31,SVET,3694856
2025-07-31,2025-07-31,SVETP,4341692.95
2025-07-31,2025-07-31,T,6130546389.2
2025-07-31,2025-07-31,TASB,163852
2025-07-31,2025-07-31,TASBP,270700
2025-07-31,2025-07-31,TATN,770299830.3
2025-07-31,2025-07-31,TATNP,268463362.5
2025-07-31,2025-07-31,TGKA,6829435.8
2025-07-31,2025-07-31,TGKB,833690
2025-07-31,2025-07-31,TGKBP,209642
2025-07-31,2025-07-31,TGKN,15599002
2025-07-31,2025-07-31,TNSE,210045
2025-07-31,2025-07-31,TORS,1772060
2025-07-31,2025-07-31,TORSP,824300
2025-07-31,2025-07-31,TRMK,112738932.2
2025-07-31,2025-07-31,TRNFP,679075631.6
2025-07-31,2025-07-31,TTLK,2281110.5
2025-07-31,2025-07-31,TUZA,1171560
2025-07-31,2025-07-31,UGLD,139590242.9
2025-07-31,2025-07-31,UKUZ,1009478
2025-07-31,2025-07-31,UNAC,13875434
2025-07-31,2025-07-31,UNKL,683780
2025-07-31,2025-07-31,UPRO,128903231
2025-07-31,2025-07-31,URKZ,0
2025-07-31,2025-07-31,USBN,932658
2025-07-31,2025-07-31,UTAR,223444
2025-07-31,2025-07-31,UWGN,78649743.84
2025-07-31,2025-07-31,VEON-RX,1956016
2025-07-31,2025-07-31,VGSB,1169250
2025-07-31,2025-07-31,VGSBP,66860
2025-07-31,2025-07-31,VJGZ,60810
2025-07-31,2025-07-31,VJGZP,181615
2025-07-31,2025-07-31,VKCO,1030652882.6
2025-07-31,2025-07-31,VLHZ,5693114
2025-07-31,2025-07-31,VRSB,1026815
2025-07-31,2025-07-31,VRSBP,277074
2025-07-31,2025-07-31,VSEH,40863607.1
2025-07-31,2025-07-31,VSMO,17521080
2025-07-31,2025-07-31,VSYD,9500
2025-07-31,2025-07-31,VSYDP,0
2025-07-31,2025-07-31,VTBR,25118010481.17
2025-07-31,2025-07-31,WTCM,32272
2025-07-31,2025-07-31,WTCMP,815958
2025-07-31,2025-07-31,WUSH,147460735.7
2025-07-31,2025-07-31,X5,1661883264
2025-07-31,2025-07-31,YAKG,326948.5
2025-07-31,2025-07-31,YDEX,1854874566.5
2025-07-31,2025-07-31,YKEN,216350
2025-07-31,2025-07-31,YKENP,48050
2025-07-31,2025-07-31,YRSB,105380
2025-07-31,2025-07-31,YRSBP,10020
2025-07-31,2025-07-31,ZAYM,7740960.5
2025-07-31,2025-07-31,ZILL,915935
2025-07-31,2025-07-31,ZVEZ,14310
2025-08-31,2025-08-29,ABIO,9288900.2
2025-08-31,2025-08-29,ABRD,1387414
2025-08-31,2025-08-29,AFKS,798001554.3
2025-08-31,2025-08-29,AFLT,1471478476.9
2025-08-31,2025-08-29,AKRN,15286358
2025-08-31,2025-08-29,ALRS,949676412.5
2025-08-31,2025-08-29,AMEZ,0
2025-08-31,2025-08-29,APRI,135462.72
2025-08-31,2025-08-29,APTK,5267316.8
2025-08-31,2025-08-29,AQUA,290388405
2025-08-31,2025-08-29,ARSA,155811
2025-08-31,2025-08-29,ASSB,129255
2025-08-31,2025-08-29,ASTR,122817780.05
2025-08-31,2025-08-29,AVAN,930473
2025-08-31,2025-08-29,BANE,33748211
2025-08-31,2025-08-29,BANEP,68575112
2025-08-31,2025-08-29,BELU,136178084.8
2025-08-31,2025-08-29,BISVP,143954
2025-08-31,2025-08-29,BLNG,819597
2025-08-31,2025-08-29,BRZL,714466
2025-08-31,2025-08-29,BSPB,184521298.6
2025-08-31,2025-08-29,BSPBP,1671390
2025-08-31,2025-08-29,CARM,6581787.6
2025-08-31,2025-08-29,CBOM,70381877.3
2025-08-31,2025-08-29,CHGZ,1371884
2025-08-31,2025-08-29,CHKZ,261700
2025-08-31,2025-08-29,CHMF,728601076.2
2025-08-31,2025-08-29,CHMK,1391090
2025-08-31,2025-08-29,CNRU,69894044
2025-08-31,2025-08-29,CNTL,1176340
2025-08-31,2025-08-29,CNTLP,486772
2025-08-31,2025-08-29,DATA,43131604.88
2025-08-31,2025-08-29,DELI,20394178.7
2025-08-31,2025-08-29,DIAS,25359537.5
2025-08-31,2025-08-29,DIOD,1154710
2025-08-31,2025-08-29,DVEC,758815
2025-08-31,2025-08-29,DZRD,528075
2025-08-31,2025-08-29,DZRDP,795940
2025-08-31,2025-08-29,EELT,1723594.4
2025-08-31,2025-08-29,ELFV,20268806
2025-08-31,2025-08-29,ELMT,29827706.15
2025-08-31,2025-08-29,ENPG,101937858.55
2025-08-31,2025-08-29,ETLN,0
2025-08-31,2025-08-29,EUTR,528862862.5
2025-08-31,2025-08-29,FEES,372649901
2025-08-31,2025-08-29,FESH,74570051.1
2025-08-31,2025-08-29,FIXR,123468205.6
2025-08-31,2025-08-29,FLOT,266995915.2
2025-08-31,2025-08-29,GAZA,159210
2025-08-31,2025-08-29,GAZAP,7705
2025-08-31,2025-08-29,GAZC,0
2025-08-31,2025-08-29,GAZP,12593753842.9
2025-08-31,2025-08-29,GAZS,0
2025-08-31,2025-08-29,GAZT,0
2025-08-31,2025-08-29,GCHE,8957580
2025-08-31,2025-08-29,GECO,2716402.3
2025-08-31,2025-08-29,GEMA,1669655
2025-08-31,2025-08-29,GEMC,171158058.7
2025-08-31,2025-08-29,GMKN,1092084607.6
2025-08-31,2025-08-29,GTRK,24895328
2025-08-31,2025-08-29,HEAD,228233118
2025-08-31,2025-08-29,HIMCP,385534
2025-08-31,2025-08-29,HNFG,24102374.8
2025-08-31,2025-08-29,HYDR,327918093
2025-08-31,2025-08-29,IGST,1124400
2025-08-31,2025-08-29,IGSTP,534170
2025-08-31,2025-08-29,IRAO,354299913.5
2025-08-31,2025-08-29,IRKT,50875884
2025-08-31,2025-08-29,IVAT,103886934.4
2025-08-31,2025-08-29,JNOS,52340
2025-08-31,2025-08-29,JNOSP,71756
2025-08-31,2025-08-29,KAZT,6579280
2025-08-31,2025-08-29,KAZTP,1288320
2025-08-31,2025-08-29,KBSB,5949375
2025-08-31,2025-08-29,KCHE,350820
2025-08-31,2025-08-29,KCHEP,294500
2025-08-31,2025-08-29,KFBA,78704
2025-08-31,2025-08-29,KGKC,101364
2025-08-31,2025-08-29,KGKCP,620724
2025-08-31,2025-08-29,KLSB,2451229
2025-08-31,2025-08-29,KLVZ,1846905.2
2025-08-31,2025-08-29,KMAZ,96364190
2025-08-31,2025-08-29,KMEZ,237282
2025-08-31,2025-08-29,KOGK,348389.7
2025-08-31,2025-08-29,KRKN,8550
2025-08-31,2025-08-29,KRKNP,965560
2025-08-31,2025-08-29,KRKOP,71520
2025-08-31,2025-08-29,KROT,1154060
2025-08-31,2025-08-29,KROTP,72220
2025-08-31,2025-08-29,KRSB,188044
2025-08-31,2025-08-29,KRSBP,248974
2025-08-31,2025-08-29,KUZB,193216.5
2025-08-31,2025-08-29,KZOS,1336223
2025-08-31,2025-08-29,KZOSP,1370471.9
2025-08-31,2025-08-29,LEAS,36279718.4
2025-08-31,2025-08-29,LENT,107747972.5
2025-08-31,2025-08-29,LIFE,3300407.5
2025-08-31,2025-08-29,LKOH,23487140131
2025-08-31,2025-08-29,LMBZ,1708309.5
2025-08-31,2025-08-29,LNZL,11607960
2025-08-31,2025-08-29,LNZLP,12473360
2025-08-31,2025-08-29,LPSB,792425
2025-08-31,2025-08-29,LSNG,11852873
2025-08-31,2025-08-29,LSNGP,46040985
2025-08-31,2025-08-29,LSRG,57952451.4
2025-08-31,2025-08-29,LVHK,531840
2025-08-31,2025-08-29,MAGE,146136
2025-08-31,2025-08-29,MAGEP,199274
2025-08-31,2025-08-29,MAGN,310837810.75
2025-08-31,2025-08-29,MBNK,45403922
2025-08-31,2025-08-29,MDMG,192679582.7
2025-08-31,2025-08-29,MFGS,13280
2025-08-31,2025-08-29,MFGSP,17175
2025-08-31,2025-08-29,MGKL,7144180.55
2025-08-31,2025-08-29,MGNT,1480617006
2025-08-31,2025-08-29,MGNZ,0
2025-08-31,2025-08-29,MGTS,371270
2025-08-31,2025-08-29,MGTSP,1035804
2025-08-31,2025-08-29,MISB,2811880
2025-08-31,2025-08-29,MISBP,419170
2025-08-31,2025-08-29,MOEX,435225985.6
2025-08-31,2025-08-29,MRKC,35253259.4
2025-08-31,2025-08-29,MRKK,917459.4
2025-08-31,2025-08-29,MRKP,12284864
2025-08-31,2025-08-29,MRKS,5189778.5
2025-08-31,2025-08-29,MRKU,10722246
2025-08-31,2025-08-29,MRKV,21478880
2025-08-31,2025-08-29,MRKY,26144025.5
2025-08-31,2025-08-29,MRKZ,5133240.5
2025-08-31,2025-08-29,MRSB,757180
2025-08-31,2025-08-29,MSNG,22962766
2025-08-31,2025-08-29,MSRS,10837640.5
2025-08-31,2025-08-29,MSTT,7592293
2025-08-31,2025-08-29,MTLR,1086460331.94
2025-08-31,2025-08-29,MTLRP,130633629.5
2025-08-31,2025-08-29,MTSS,426075380
2025-08-31,2025-08-29,MVID,188311716.95
2025-08-31,2025-08-29,NAUK,650055
2025-08-31,2025-08-29,NFAZ,323985
2025-08-31,2025-08-29,NKHP,17602785
2025-08-31,2025-08-29,NKNC,2988269.5
2025-08-31,2025-08-29,NKNCP,4765183
2025-08-31,2025-08-29,NKSH,136690
2025-08-31,2025-08-29,NLMK,605614654.8
2025-08-31,2025-08-29,NMTP,57207226.5
2025-08-31,2025-08-29,NNSB,4691310
2025-08-31,2025-08-29,NNSBP,2492964
2025-08-31,2025-08-29,NSVZ,10713215
2025-08-31,2025-08-29,NVTK,6204670265
2025-08-31,2025-08-29,OGKB,10938548.3
2025-08-31,2025-08-29,OKEY,1512664.1
2025-08-31,2025-08-29,OMZZP,698200
2025-08-31,2025-08-29,OZON,139189698
2025-08-31,2025-08-29,OZPH,690481171.3
2025-08-31,2025-08-29,PAZA,1297060
2025-08-31,2025-08-29,PHOR,208930400
2025-08-31,2025-08-29,PIKK,1172804265.8
2025-08-31,2025-08-29,PLZL,2024804494
2025-08-31,2025-08-29,PMSB,4314814
2025-08-31,2025-08-29,PMSBP,4562226
2025-08-31,2025-08-29,POSI,357963250.4
2025-08-31,2025-08-29,PRFN,4113137.4
2025-08-31,2025-08-29,PRMB,0
2025-08-31,2025-08-29,PRMD,66636531.25
2025-08-31,2025-08-29,QIWI,6617491.2
2025-08-31,2025-08-29,RAGR,969832998.24
2025-08-31,2025-08-29,RASP,64960239.5
2025-08-31,2025-08-29,RBCM,20821272.5
2025-08-31,2025-08-29,RDRB,188830
2025-08-31,2025-08-29,RENI,149344317.2
2025-08-31,2025-08-29,RGSS,19270939.2
2025-08-31,2025-08-29,RKKE,7870720
2025-08-31,2025-08-29,RNFT,226679708.9
2025-08-31,2025-08-29,ROLO,16936389.8
2025-08-31,2025-08-29,ROSN,1289984205.55
2025-08-31,2025-08-29,ROST,67752
2025-08-31,2025-08-29,RTGZ,207400
2025-08-31,2025-08-29,RTKM,244735291.3
2025-08-31,2025-08-29,RTKMP,85054335.5
2025-08-31,2025-08-29,RTSB,1991945
2025-08-31,2025-08-29,RTSBP,997164
2025-08-31,2025-08-29,RUAL,543193628.95
2025-08-31,2025-08-29,RUSI,289578
2025-08-31,2025-08-29,RZSB,1338938
2025-08-31,2025-08-29,SAGO,308900
2025-08-31,2025-08-29,SAGOP,1064505
2025-08-31,2025-08-29,SARE,6002630
2025-08-31,2025-08-29,SAREP,566305
2025-08-31,2025-08-29,SBER,4611253588.03
2025-08-31,2025-08-29,SBERP,351743825.98
2025-08-31,2025-08-29,SELG,623801921.8
2025-08-31,2025-08-29,SFIN,127745726.2
2025-08-31,2025-08-29,SGZH,941177884
2025-08-31,2025-08-29,SIBN,184951649.2
2025-08-31,2025-08-29,SLEN,91234
2025-08-31,2025-08-29,SMLT,2714279505
2025-08-31,2025-08-29,SNGS,411313399
2025-08-31,2025-08-29,SNGSP,811479985.75
2025-08-31,2025-08-29,SOFL,58647057
2025-08-31,2025-08-29,SPBE,1791071428.2
2025-08-31,2025-08-29,STSB,228380
2025-08-31,2025-08-29,STSBP,1859130
2025-08-31,2025-08-29,SVAV,34855579.5
2025-08-31,2025-08-29,SVCB,227523520.5
2025-08-31,2025-08-29,SVET,54661986.82
2025-08-31,2025-08-29,SVETP,24859924.5
2025-08-31,2025-08-29,T,5480449582.6
2025-08-31,2025-08-29,TASB,270778
2025-08-31,2025-08-29,TASBP,145800
2025-08-31,2025-08-29,TATN,961406223
2025-08-31,2025-08-29,TATNP,327237618.7
2025-08-31,2025-08-29,TGKA,23378486.8
2025-08-31,2025-08-29,TGKB,27414780
2025-08-31,2025-08-29,TGKBP,10648853
2025-08-31,2025-08-29,TGKN,41460082
2025-08-31,2025-08-29,TNSE,945290
2025-08-31,2025-08-29,TORS,136900
2025-08-31,2025-08-29,TORSP,476000
2025-08-31,2025-08-29,TRMK,123788494
2025-08-31,2025-08-29,TRNFP,564132037
2025-08-31,2025-08-29,TTLK,2506132
2025-08-31,2025-08-29,TUZA,3412865
2025-08-31,2025-08-29,UGLD,583665194.8
2025-08-31,2025-08-29,UKUZ,22286
2025-08-31,2025-08-29,UNAC,20006711.5
2025-08-31,2025-08-29,UNKL,885890
2025-08-31,2025-08-29,UPRO,486017398
2025-08-31,2025-08-29,URKZ,241350.65
2025-08-31,2025-08-29,USBN,1051206
2025-08-31,2025-08-29,UTAR,332920
2025-08-31,2025-08-29,UWGN,89784410.52
2025-08-31,2025-08-29,VEON-RX,2176318
2025-08-31,2025-08-29,VGSB,771450
2025-08-31,2025-08-29,VGSBP,192150
2025-08-31,2025-08-29,VJGZ,28445
2025-08-31,2025-08-29,VJGZP,381790
2025-08-31,2025-08-29,VKCO,504811349.1
2025-08-31,2025-08-29,VLHZ,3260508
2025-08-31,2025-08-29,VRSB,831960
2025-08-31,2025-08-29,VRSBP,209572
2025-08-31,2025-08-29,VSEH,33163840.36
2025-08-31,2025-08-29,VSMO,159858660
2025-08-31,2025-08-29,VSYD,177100
2025-08-31,2025-08-29,VSYDP,80450
2025-08-31,2025-08-29,VTBR,3273613196.61
2025-08-31,2025-08-29,WTCM,57110
2025-08-31,2025-08-29,WTCMP,165044
2025-08-31,2025-08-29,WUSH,304595564.88
2025-08-31,2025-08-29,X5,2623080116.5
2025-08-31,2025-08-29,YAKG,1167166.5
2025-08-31,2025-08-29,YDEX,1457953768.5
2025-08-31,2025-08-29,YKEN,338950
2025-08-31,2025-08-29,YKENP,44830
2025-08-31,2025-08-29,YRSB,120560
2025-08-31,2025-08-29,YRSBP,424730
2025-08-31,2025-08-29,ZAYM,10545044
2025-08-31,2025-08-29,ZILL,142620
2025-08-31,2025-08-29,ZVEZ,292580
2025-09-30,2025-09-30,ABIO,7597736
2025-09-30,2025-09-30,ABRD,6440192
2025-09-30,2025-09-30,AFKS,905486565
2025-09-30,2025-09-30,AFLT,963205621
2025-09-30,2025-09-30,AKRN,4462006
2025-09-30,2025-09-30,ALRS,651444471.2
2025-09-30,2025-09-30,AMEZ,0
2025-09-30,2025-09-30,APRI,64538.94
2025-09-30,2025-09-30,APTK,4992551.1
2025-09-30,2025-09-30,AQUA,35002085
2025-09-30,2025-09-30,ARSA,22327
2025-09-30,2025-09-30,ASSB,6605545
2025-09-30,2025-09-30,ASTR,974880411.4
2025-09-30,2025-09-30,AVAN,888831
2025-09-30,2025-09-30,BANE,15336821
2025-09-30,2025-09-30,BANEP,36589505
2025-09-30,2025-09-30,BELU,294052016
2025-09-30,2025-09-30,BISVP,109400
2025-09-30,2025-09-30,BLNG,4844031
2025-09-30,2025-09-30,BRZL,1063600
2025-09-30,2025-09-30,BSPB,337793179.8
2025-09-30,2025-09-30,BSPBP,7178425
2025-09-30,2025-09-30,CARM,6815623.75
2025-09-30,2025-09-30,CBOM,67686886.5
2025-09-30,2025-09-30,CHGZ,3575104
2025-09-30,2025-09-30,CHKZ,53050
2025-09-30,2025-09-30,CHMF,905113060.8
2025-09-30,2025-09-30,CHMK,863225
2025-09-30,2025-09-30,CNRU,123546843
2025-09-30,2025-09-30,CNTL,688680
2025-09-30,2025-09-30,CNTLP,1193942
2025-09-30,2025-09-30,DATA,53448362.86
2025-09-30,2025-09-30,DELI,55126281.75
2025-09-30,2025-09-30,DIAS,144183870
2025-09-30,2025-09-30,DIOD,627549
2025-09-30,2025-09-30,DVEC,414763
2025-09-30,2025-09-30,DZRD,1239740
2025-09-30,2025-09-30,DZRDP,1793400
2025-09-30,2025-09-30,EELT,838521
2025-09-30,2025-09-30,ELFV,11011005.2
2025-09-30,2025-09-30,ELMT,12585196.35
2025-09-30,2025-09-30,ENPG,194936124.5
2025-09-30,2025-09-30,ETLN,105953994.28
2025-09-30,2025-09-30,EUTR,194539957.85
2025-09-30,2025-09-30,FEES,165481438.6
2025-09-30,2025-09-30,FESH,68911669.1
2025-09-30,2025-09-30,FIXR,153571274.2
2025-09-30,2025-09-30,FLOT,311461003.5
2025-09-30,2025-09-30,GAZA,79030
2025-09-30,2025-09-30,GAZAP,58355
2025-09-30,2025-09-30,GAZC,0
2025-09-30,2025-09-30,GAZP,5844046846.3
2025-09-30,2025-09-30,GAZS,0
2025-09-30,2025-09-30,GAZT,0
2025-09-30,2025-09-30,GCHE,9611045
2025-09-30,2025-09-30,GECO,2847888
2025-09-30,2025-09-30,GEMA,2863783
2025-09-30,2025-09-30,GEMC,37253468.1
2025-09-30,2025-09-30,GMKN,2829172098.6
2025-09-30,2025-09-30,GTRK,38770548
2025-09-30,2025-09-30,HEAD,1027176176
2025-09-30,2025-09-30,HIMCP,300830
2025-09-30,2025-09-30,HNFG,39182518.8
2025-09-30,2025-09-30,HYDR,128888035.6
2025-09-30,2025-09-30,IGST,2677940
2025-09-30,2025-09-30,IGSTP,2185420
2025-09-30,2025-09-30,IRAO,427350845.5
2025-09-30,2025-09-30,IRKT,69178352
2025-09-30,2025-09-30,IVAT,405256314.85
2025-09-30,2025-09-30,JNOS,125845
2025-09-30,2025-09-30,JNOSP,35388
2025-09-30,2025-09-30,KAZT,2221202
2025-09-30,2025-09-30,KAZTP,773910
2025-09-30,2025-09-30,KBSB,93655
2025-09-30,2025-09-30,KCHE,189370
2025-09-30,2025-09-30,KCHEP,58100
2025-09-30,2025-09-30,KFBA,57092
2025-09-30,2025-09-30,KGKC,0
2025-09-30,2025-09-30,KGKCP,0
2025-09-30,2025-09-30,KLSB,3624008
2025-09-30,2025-09-30,KLVZ,1404407.4
2025-09-30,2025-09-30,KMAZ,17262356
2025-09-30,2025-09-30,KMEZ,327754
2025-09-30,2025-09-30,KOGK,267014.75
2025-09-30,2025-09-30,KRKN,0
2025-09-30,2025-09-30,KRKNP,901140
2025-09-30,2025-09-30,KRKOP,446262
2025-09-30,2025-09-30,KROT,446080
2025-09-30,2025-09-30,KROTP,150120
2025-09-30,2025-09-30,KRSB,2054038
2025-09-30,2025-09-30,KRSBP,842830
2025-09-30,2025-09-30,KUZB,525433
2025-09-30,2025-09-30,KZOS,873778
2025-09-30,2025-09-30,KZOSP,1142128.7
2025-09-30,2025-09-30,LEAS,153137552.5
2025-09-30,2025-09-30,LENT,129816031
2025-09-30,2025-09-30,LIFE,1862839
2025-09-30,2025-09-30,LKOH,4576919733.5
2025-09-30,2025-09-30,LMBZ,90689
2025-09-30,2025-09-30,LNZL,4688810
2025-09-30,2025-09-30,LNZLP,6197650
2025-09-30,2025-09-30,LPSB,1727860
2025-09-30,2025-09-30,LSNG,14037306
2025-09-30,2025-09-30,LSNGP,47373638
2025-09-30,2025-09-30,LSRG,65177539.2
2025-09-30,2025-09-30,LVHK,4714635
2025-09-30,2025-09-30,MAGE,470624
2025-09-30,2025-09-30,MAGEP,74052
2025-09-30,2025-09-30,MAGN,1433562686.3
2025-09-30,2025-09-30,MBNK,76018261
2025-09-30,2025-09-30,MDMG,121870668.7
2025-09-30,2025-09-30,MFGS,160250
2025-09-30,2025-09-30,MFGSP,8100
2025-09-30,2025-09-30,MGKL,7903713.25
2025-09-30,2025-09-30,MGNT,5516282639
2025-09-30,2025-09-30,MGNZ,0
2025-09-30,2025-09-30,MGTS,60480
2025-09-30,2025-09-30,MGTSP,1366630
2025-09-30,2025-09-30,MISB,333930
2025-09-30,2025-09-30,MISBP,2114930
2025-09-30,2025-09-30,MOEX,657472234
2025-09-30,2025-09-30,MRKC,90903795
2025-09-30,2025-09-30,MRKK,1136083.6
2025-09-30,2025-09-30,MRKP,27664340
2025-09-30,2025-09-30,MRKS,1610600
2025-09-30,2025-09-30,MRKU,22438834
2025-09-30,2025-09-30,MRKV,13279918.5
2025-09-30,2025-09-30,MRKY,3246173.5
2025-09-30,2025-09-30,MRKZ,10640308
2025-09-30,2025-09-30,MRSB,1788060
2025-09-30,2025-09-30,MSNG,28195047.5
2025-09-30,2025-09-30,MSRS,36423079.5
2025-09-30,2025-09-30,MSTT,1245771
2025-09-30,2025-09-30,MTLR,678972271.37
2025-09-30,2025-09-30,MTLRP,133505487.5
2025-09-30,2025-09-30,MTSS,759874608
2025-09-30,2025-09-30,MVID,6031238087.3
2025-09-30,2025-09-30,NAUK,690580
2025-09-30,2025-09-30,NFAZ,141860
2025-09-30,2025-09-30,NKHP,21857690
2025-09-30,2025-09-30,NKNC,6687514
2025-09-30,2025-09-30,NKNCP,13627416.6
2025-09-30,2025-09-30,NKSH,188500
2025-09-30,2025-09-30,NLMK,953017358.6
2025-09-30,2025-09-30,NMTP,51498665.5
2025-09-30,2025-09-30,NNSB,3197210
2025-09-30,2025-09-30,NNSBP,103330
2025-09-30,2025-09-30,NSVZ,1427210
2025-09-30,2025-09-30,NVTK,3041558622.2
2025-09-30,2025-09-30,OGKB,192697547.4
2025-09-30,2025-09-30,OKEY,510270.4
2025-09-30,2025-09-30,OMZZP,1197680
2025-09-30,2025-09-30,OZON,0
2025-09-30,2025-09-30,OZPH,105586216.4
2025-09-30,2025-09-30,PAZA,602500
2025-09-30,2025-09-30,PHOR,1335643347
2025-09-30,2025-09-30,PIKK,1225237352
2025-09-30,2025-09-30,PLZL,3954849399.6
2025-09-30,2025-09-30,PMSB,4018452
2025-09-30,2025-09-30,PMSBP,3552096
2025-09-30,2025-09-30,POSI,1013985329
2025-09-30,2025-09-30,PRFN,1168574.4
2025-09-30,2025-09-30,PRMB,193000
2025-09-30,2025-09-30,PRMD,100771814.4
2025-09-30,2025-09-30,QIWI,12451061.6
2025-09-30,2025-09-30,RAGR,696330239.86
2025-09-30,2025-09-30,RASP,44262263.5
2025-09-30,2025-09-30,RBCM,23678194.5
2025-09-30,2025-09-30,RDRB,185785
2025-09-30,2025-09-30,RENI,180234698
2025-09-30,2025-09-30,RGSS,10000865.4
2025-09-30,2025-09-30,RKKE,4744920
2025-09-30,2025-09-30,RNFT,342559591.95
2025-09-30,2025-09-30,ROLO,6528598
2025-09-30,2025-09-30,ROSN,1860302955.15
2025-09-30,2025-09-30,ROST,189916
2025-09-30,2025-09-30,RTGZ,0
2025-09-30,2025-09-30,RTKM,365772025
2025-09-30,2025-09-30,RTKMP,110629362.5
2025-09-30,2025-09-30,RTSB,1733855
2025-09-30,2025-09-30,RTSBP,1306502
2025-09-30,2025-09-30,RUAL,391385484.95
2025-09-30,2025-09-30,RUSI,8494270
2025-09-30,2025-09-30,RZSB,1282048
2025-09-30,2025-09-30,SAGO,1568830
2025-09-30,2025-09-30,SAGOP,1935365
2025-09-30,2025-09-30,SARE,5861940
2025-09-30,2025-09-30,SAREP,5827175
2025-09-30,2025-09-30,SBER,8448898245.35
2025-09-30,2025-09-30,SBERP,537941844.62
2025-09-30,2025-09-30,SELG,58354229.1
2025-09-30,2025-09-30,SFIN,720116524.6
2025-09-30,2025-09-30,SGZH,109185414.2
2025-09-30,2025-09-30,SIBN,323442959.5
2025-09-30,2025-09-30,SLEN,954839.5
2025-09-30,2025-09-30,SMLT,1785516807.5
2025-09-30,2025-09-30,SNGS,413774694.5
2025-09-30,2025-09-30,SNGSP,1637707326.95
2025-09-30,2025-09-30,SOFL,516750744.4
2025-09-30,2025-09-30,SPBE,711320959.1
2025-09-30,2025-09-30,STSB,428090
2025-09-30,2025-09-30,STSBP,846395
2025-09-30,2025-09-30,SVAV,90132577.5
2025-09-30,2025-09-30,SVCB,836733827
2025-09-30,2025-09-30,SVET,18086051.66
2025-09-30,2025-09-30,SVETP,15044071.7
2025-09-30,2025-09-30,T,6541485142.2
2025-09-30,2025-09-30,TASB,161568
2025-09-30,2025-09-30,TASBP,1026280
2025-09-30,2025-09-30,TATN,1158824220.3
2025-09-30,2025-09-30,TATNP,295426312.5
2025-09-30,2025-09-30,TGKA,21870077.6
2025-09-30,2025-09-30,TGKB,578205
2025-09-30,2025-09-30,TGKBP,374837
2025-09-30,2025-09-30,TGKN,12940607
2025-09-30,2025-09-30,TNSE,1452795
2025-09-30,2025-09-30,TORS,1414560
2025-09-30,2025-09-30,TORSP,3048960
2025-09-30,2025-09-30,TRMK,265562580.2
2025-09-30,2025-09-30,TRNFP,773047775
2025-09-30,2025-09-30,TTLK,2601537.5
2025-09-30,2025-09-30,TUZA,466800
2025-09-30,2025-09-30,UGLD,534718634.5
2025-09-30,2025-09-30,UKUZ,4796
2025-09-30,2025-09-30,UNAC,75006852.5
2025-09-30,2025-09-30,UNKL,710290
2025-09-30,2025-09-30,UPRO,246746911
2025-09-30,2025-09-30,URKZ,471298.1
2025-09-30,2025-09-30,USBN,2675970
2025-09-30,2025-09-30,UTAR,92082
2025-09-30,2025-09-30,UWGN,73579835.78
2025-09-30,2025-09-30,VEON-RX,1090802
2025-09-30,2025-09-30,VGSB,1004650
2025-09-30,2025-09-30,VGSBP,1653300
2025-09-30,2025-09-30,VJGZ,1886710
2025-09-30,2025-09-30,VJGZP,257630
2025-09-30,2025-09-30,VKCO,1136055464.1
2025-09-30,2025-09-30,VLHZ,5490318
2025-09-30,2025-09-30,VRSB,764300
2025-09-30,2025-09-30,VRSBP,531660
2025-09-30,2025-09-30,VSEH,29185500.17
2025-09-30,2025-09-30,VSMO,32336300
2025-09-30,2025-09-30,VSYD,60250
2025-09-30,2025-09-30,VSYDP,64950
2025-09-30,2025-09-30,VTBR,6903628804.36
2025-09-30,2025-09-30,WTCM,34870
2025-09-30,2025-09-30,WTCMP,57022
2025-09-30,2025-09-30,WUSH,336719404.64
2025-09-30,2025-09-30,X5,3837451972
2025-09-30,2025-09-30,YAKG,2286776
2025-09-30,2025-09-30,YDEX,2412515286.5
2025-09-30,2025-09-30,YKEN,1192610
2025-09-30,2025-09-30,YKENP,974560
2025-09-30,2025-09-30,YRSB,410140
2025-09-30,2025-09-30,YRSBP,3193000
2025-09-30,2025-09-30,ZAYM,9242620
2025-09-30,2025-09-30,ZILL,3033475
2025-09-30,2025-09-30,ZVEZ,147830
2025-10-31,2025-10-31,ABIO,4956314.2
2025-10-31,2025-10-31,ABRD,2130604
2025-10-31,2025-10-31,AFKS,632935806.4
2025-10-31,2025-10-31,AFLT,745460507.8
2025-10-31,2025-10-31,AKRN,9385180
2025-10-31,2025-10-31,ALRS,246006197.4
2025-10-31,2025-10-31,AMEZ,0
2025-10-31,2025-10-31,APRI,767634.82
2025-10-31,2025-10-31,APTK,4562897.06
2025-10-31,2025-10-31,AQUA,51839545.5
2025-10-31,2025-10-31,ARSA,788611
2025-10-31,2025-10-31,ASSB,6156030
2025-10-31,2025-10-31,ASTR,293431525.85
2025-10-31,2025-10-31,AVAN,733578
2025-10-31,2025-10-31,BANE,88044202.5
2025-10-31,2025-10-31,BANEP,39479528
2025-10-31,2025-10-31,BELU,164434920.6
2025-10-31,2025-10-31,BISVP,44707
2025-10-31,2025-10-31,BLNG,715286
2025-10-31,2025-10-31,BRZL,463404
2025-10-31,2025-10-31,BSPB,101767762.8
2025-10-31,2025-10-31,BSPBP,863480
2025-10-31,2025-10-31,CARM,2629311.75
2025-10-31,2025-10-31,CBOM,39671652.8
2025-10-31,2025-10-31,CHGZ,41626
2025-10-31,2025-10-31,CHKZ,570950
2025-10-31,2025-10-31,CHMF,1341439113.2
2025-10-31,2025-10-31,CHMK,88145
2025-10-31,2025-10-31,CNRU,88882027.6
2025-10-31,2025-10-31,CNTL,240112
2025-10-31,2025-10-31,CNTLP,2913816
2025-10-31,2025-10-31,DATA,26826594.32
2025-10-31,2025-10-31,DELI,33233515.6
2025-10-31,2025-10-31,DIAS,77916292
2025-10-31,2025-10-31,DIOD,566300
2025-10-31,2025-10-31,DVEC,1209290
2025-10-31,2025-10-31,DZRD,29750
2025-10-31,2025-10-31,DZRDP,402090
2025-10-31,2025-10-31,EELT,95994.4
2025-10-31,2025-10-31,ELFV,42605577.8
2025-10-31,2025-10-31,ELMT,6650773.65
2025-10-31,2025-10-31,ENPG,152059394.15
2025-10-31,2025-10-31,ETLN,13145406.16
2025-10-31,2025-10-31,EUTR,103817194.7
2025-10-31,2025-10-31,FEES,105453578.8
2025-10-31,2025-10-31,FESH,50647521
2025-10-31,2025-10-31,FIXR,45294493.4
2025-10-31,2025-10-31,FLOT,132946551.4
2025-10-31,2025-10-31,GAZA,2576670
2025-10-31,2025-10-31,GAZAP,118635
2025-10-31,2025-10-31,GAZC,0
2025-10-31,2025-10-31,GAZP,3736745911.9
2025-10-31,2025-10-31,GAZS,0
2025-10-31,2025-10-31,GAZT,0
2025-10-31,2025-10-31,GCHE,4574245
2025-10-31,2025-10-31,GECO,4651474.8
2025-10-31,2025-10-31,GEMA,202530
2025-10-31,2025-10-31,GEMC,123064516.4
2025-10-31,2025-10-31,GLRX,272902232.47
2025-10-31,2025-10-31,GMKN,1453953466.2
2025-10-31,2025-10-31,GTRK,28084171
2025-10-31,2025-10-31,HEAD,315332626
2025-10-31,2025-10-31,HIMCP,1402194
2025-10-31,2025-10-31,HNFG,13351987.2
2025-10-31,2025-10-31,HYDR,74156796.3
2025-10-31,2025-10-31,IGST,1009300
2025-10-31,2025-10-31,IGSTP,847210
2025-10-31,2025-10-31,IRAO,252196172.05
2025-10-31,2025-10-31,IRKT,36670194
2025-10-31,2025-10-31,IVAT,3680373234.4
2025-10-31,2025-10-31,JNOS,40540
2025-10-31,2025-10-31,JNOSP,83802
2025-10-31,2025-10-31,KAZT,5227592
2025-10-31,2025-10-31,KAZTP,1332580
2025-10-31,2025-10-31,KBSB,587170
2025-10-31,2025-10-31,KCHE,143150
2025-10-31,2025-10-31,KCHEP,6041250
2025-10-31,2025-10-31,KFBA,422610
2025-10-31,2025-10-31,KGKC,0
2025-10-31,2025-10-31,KGKCP,0
2025-10-31,2025-10-31,KLSB,596882
2025-10-31,2025-10-31,KLVZ,340813.8
2025-10-31,2025-10-31,KMAZ,7873271
2025-10-31,2025-10-31,KMEZ,40580
2025-10-31,2025-10-31,KOGK,75079.25
2025-10-31,2025-10-31,KRKN,8800
2025-10-31,2025-10-31,KRKNP,177280
2025-10-31,2025-10-31,KRKOP,29190
2025-10-31,2025-10-31,KROT,1130090
2025-10-31,2025-10-31,KROTP,1272430
2025-10-31,2025-10-31,KRSB,1199736
2025-10-31,2025-10-31,KRSBP,543914
2025-10-31,2025-10-31,KUZB,135256
2025-10-31,2025-10-31,KZOS,2308065
2025-10-31,2025-10-31,KZOSP,1774470.5
2025-10-31,2025-10-31,LEAS,255750352.2
2025-10-31,2025-10-31,LENT,137695909
2025-10-31,2025-10-31,LIFE,4465315.5
2025-10-31,2025-10-31,LKOH,5756551306.5
2025-10-31,2025-10-31,LMBZ,6105437
2025-10-31,2025-10-31,LNZL,13523980
2025-10-31,2025-10-31,LNZLP,10009250
2025-10-31,2025-10-31,LPSB,211020
2025-10-31,2025-10-31,LSNG,1979610
2025-10-31,2025-10-31,LSNGP,45741416.5
2025-10-31,2025-10-31,LSRG,26719726.8
2025-10-31,2025-10-31,LVHK,252310
2025-10-31,2025-10-31,MAGE,220411
2025-10-31,2025-10-31,MAGEP,203383
2025-10-31,2025-10-31,MAGN,593681172.1
2025-10-31,2025-10-31,MBNK,46595883.5
2025-10-31,2025-10-31,MDMG,133430880.4
2025-10-31,2025-10-31,MFGS,5119050
2025-10-31,2025-10-31,MFGSP,3542725
2025-10-31,2025-10-31,MGKL,3159634.5
2025-10-31,2025-10-31,MGNT,643243954
2025-10-31,2025-10-31,MGNZ,0
2025-10-31,2025-10-31,MGTS,33020
2025-10-31,2025-10-31,MGTSP,1346972
2025-10-31,2025-10-31,MISB,1342650
2025-10-31,2025-10-31,MISBP,32280
2025-10-31,2025-10-31,MOEX,811782345.1
2025-10-31,2025-10-31,MRKC,42773037.2
2025-10-31,2025-10-31,MRKK,71791.6
2025-10-31,2025-10-31,MRKP,27718523
2025-10-31,2025-10-31,MRKS,1545581
2025-10-31,2025-10-31,MRKU,22827580
2025-10-31,2025-10-31,MRKV,13000767.5
2025-10-31,2025-10-31,MRKY,4069495.5
2025-10-31,2025-10-31,MRKZ,5534452
2025-10-31,2025-10-31,MRSB,9009280
2025-10-31,2025-10-31,MSNG,21299058.5
2025-10-31,2025-10-31,MSRS,18134348
2025-10-31,2025-10-31,MSTT,2216102.5
2025-10-31,2025-10-31,MTLR,960666757.48
2025-10-31,2025-10-31,MTLRP,248628186.5
2025-10-31,2025-10-31,MTSS,314373083.5
2025-10-31,2025-10-31,MVID,79300113.35
2025-10-31,2025-10-31,NAUK,1096980
2025-10-31,2025-10-31,NFAZ,578540
2025-10-31,2025-10-31,NKHP,14385035
2025-10-31,2025-10-31,NKNC,1675282.5
2025-10-31,2025-10-31,NKNCP,5057927.2
2025-10-31,2025-10-31,NKSH,926315
2025-10-31,2025-10-31,NLMK,422652312.6
2025-10-31,2025-10-31,NMTP,32386850.5
2025-10-31,2025-10-31,NNSB,83030
2025-10-31,2025-10-31,NNSBP,54360
2025-10-31,2025-10-31,NSVZ,1827875
2025-10-31,2025-10-31,NVTK,1213310946.6
2025-10-31,2025-10-31,OGKB,148811696.5
2025-10-31,2025-10-31,OKEY,290042.5
2025-10-31,2025-10-31,OMZZP,888820
2025-10-31,2025-10-31,OZON,0
2025-10-31,2025-10-31,OZPH,267132771.7
2025-10-31,2025-10-31,PAZA,269880
2025-10-31,2025-10-31,PHOR,345032332
2025-10-31,2025-10-31,PIKK,942151720.5
2025-10-31,2025-10-31,PLZL,2232802519.4
2025-10-31,2025-10-31,PMSB,3958538
2025-10-31,2025-10-31,PMSBP,2152708
2025-10-31,2025-10-31,POSI,328950546.6
2025-10-31,2025-10-31,PRFN,280739.6
2025-10-31,2025-10-31,PRMB,273800
2025-10-31,2025-10-31,PRMD,15191811.5
2025-10-31,2025-10-31,QIWI,6300150.2
2025-10-31,2025-10-31,RAGR,118490189.6
2025-10-31,2025-10-31,RASP,56966588
2025-10-31,2025-10-31,RBCM,3437106.5
2025-10-31,2025-10-31,RDRB,547770
2025-10-31,2025-10-31,RENI,190382760.8
2025-10-31,2025-10-31,RGSS,784110.4
2025-10-31,2025-10-31,RKKE,2830190
2025-10-31,2025-10-31,RNFT,139717417.2
2025-10-31,2025-10-31,ROLO,11073909.2
2025-10-31,2025-10-31,ROSN,1033389187.6
2025-10-31,2025-10-31,ROST,34452
2025-10-31,2025-10-31,RTGZ,1284600
2025-10-31,2025-10-31,RTKM,319120088.6
2025-10-31,2025-10-31,RTKMP,70472163
2025-10-31,2025-10-31,RTSB,1976795
2025-10-31,2025-10-31,RTSBP,42330
2025-10-31,2025-10-31,RUAL,288344799.55
2025-10-31,2025-10-31,RUSI,382016
2025-10-31,2025-10-31,RZSB,4298020
2025-10-31,2025-10-31,SAGO,362710
2025-10-31,2025-10-31,SAGOP,217390
2025-10-31,2025-10-31,SARE,40950
2025-10-31,2025-10-31,SAREP,1021165
2025-10-31,2025-10-31,SBER,9302630867.51
2025-10-31,2025-10-31,SBERP,653053706.39
2025-10-31,2025-10-31,SELG,35680144.1
2025-10-31,2025-10-31,SFIN,391736688.8
2025-10-31,2025-10-31,SGZH,123373469
2025-10-31,2025-10-31,SIBN,218663167.75
2025-10-31,2025-10-31,SLEN,296240
2025-10-31,2025-10-31,SMLT,1076318238.5
2025-10-31,2025-10-31,SNGS,327564329
2025-10-31,2025-10-31,SNGSP,351231080
2025-10-31,2025-10-31,SOFL,391475054.8
2025-10-31,2025-10-31,SPBE,2207334977.6
2025-10-31,2025-10-31,STSB,428400
2025-10-31,2025-10-31,STSBP,552835
2025-10-31,2025-10-31,SVAV,23564658
2025-10-31,2025-10-31,SVCB,385711402
2025-10-31,2025-10-31,SVET,6407951.66
2025-10-31,2025-10-31,SVETP,5957582.35
2025-10-31,2025-10-31,T,5825497198.6
2025-10-31,2025-10-31,TASB,1699176
2025-10-31,2025-10-31,TASBP,40860
2025-10-31,2025-10-31,TATN,871963043.9
2025-10-31,2025-10-31,TATNP,223391194.4
2025-10-31,2025-10-31,TGKA,23732675.6
2025-10-31,2025-10-31,TGKB,3138450
2025-10-31,2025-10-31,TGKBP,573587
2025-10-31,2025-10-31,TGKN,7651140
2025-10-31,2025-10-31,TNSE,52150
2025-10-31,2025-10-31,TORS,1502060
2025-10-31,2025-10-31,TORSP,83870
2025-10-31,2025-10-31,TRMK,49061721.8
2025-10-31,2025-10-31,TRNFP,277716709
2025-10-31,2025-10-31,TTLK,5845097
2025-10-31,2025-10-31,TUZA,1251850
2025-10-31,2025-10-31,UGLD,135297938.3
2025-10-31,2025-10-31,UKUZ,14834
2025-10-31,2025-10-31,UNAC,19425286.5
2025-10-31,2025-10-31,UNKL,361520
2025-10-31,2025-10-31,UPRO,312008050
2025-10-31,2025-10-31,URKZ,184600.85
2025-10-31,2025-10-31,USBN,593116
2025-10-31,2025-10-31,UTAR,131880
2025-10-31,2025-10-31,UWGN,210147843.3
2025-10-31,2025-10-31,VEON-RX,1623245
2025-10-31,2025-10-31,VGSB,123050
2025-10-31,2025-10-31,VGSBP,1951300
2025-10-31,2025-10-31,VJGZ,161205
2025-10-31,2025-10-31,VJGZP,256660
2025-10-31,2025-10-31,VKCO,348540770.6
2025-10-31,2025-10-31,VLHZ,5066182
2025-10-31,2025-10-31,VRSB,629690
2025-10-31,2025-10-31,VRSBP,147568
2025-10-31,2025-10-31,VSEH,149225667.4
2025-10-31,2025-10-31,VSMO,17888680
2025-10-31,2025-10-31,VSYD,37050
2025-10-31,2025-10-31,VSYDP,0
2025-10-31,2025-10-31,VTBR,2439195080.3
2025-10-31,2025-10-31,WTCM,40576
2025-10-31,2025-10-31,WTCMP,47110
2025-10-31,2025-10-31,WUSH,3295664313.41
2025-10-31,2025-10-31,X5,1084510049.5
2025-10-31,2025-10-31,YAKG,540253.5
2025-10-31,2025-10-31,YDEX,2124284845
2025-10-31,2025-10-31,YKEN,1219590
2025-10-31,2025-10-31,YKENP,466760
2025-10-31,2025-10-31,YRSB,1716560
2025-10-31,2025-10-31,YRSBP,1868705
2025-10-31,2025-10-31,ZAYM,24059310.5
2025-10-31,2025-10-31,ZILL,50380
2025-10-31,2025-10-31,ZVEZ,1317240
2025-11-30,2025-11-28,ABIO,12896149.8
2025-11-30,2025-11-28,ABRD,3243932
2025-11-30,2025-11-28,AFKS,853911839.5
2025-11-30,2025-11-28,AFLT,2092154855.9
2025-11-30,2025-11-28,AKRN,20146088
2025-11-30,2025-11-28,ALRS,325824788.5
2025-11-30,2025-11-28,AMEZ,0
2025-11-30,2025-11-28,APRI,54640.96
2025-11-30,2025-11-28,APTK,5124952
2025-11-30,2025-11-28,AQUA,18551362
2025-11-30,2025-11-28,ARSA,99005
2025-11-30,2025-11-28,ASSB,3455110
2025-11-30,2025-11-28,ASTR,638996941.85
2025-11-30,2025-11-28,AVAN,736859
2025-11-30,2025-11-28,BANE,23214712
2025-11-30,2025-11-28,BANEP,41264881
2025-11-30,2025-11-28,BELU,242176623.2
2025-11-30,2025-11-28,BISVP,192599
2025-11-30,2025-11-28,BLNG,1748958
2025-11-30,2025-11-28,BRZL,1030734
2025-11-30,2025-11-28,BSPB,144946685.4
2025-11-30,2025-11-28,BSPBP,5478260
2025-11-30,2025-11-28,CARM,1391181.45
2025-11-30,2025-11-28,CBOM,93094599.2
2025-11-30,2025-11-28,CHGZ,599322
2025-11-30,2025-11-28,CHKZ,201400
2025-11-30,2025-11-28,CHMF,599198873.4
2025-11-30,2025-11-28,CHMK,1598610
2025-11-30,2025-11-28,CNRU,248039260.4
2025-11-30,2025-11-28,CNTL,474444
2025-11-30,2025-11-28,CNTLP,462638
2025-11-30,2025-11-28,DATA,38193404.3
2025-11-30,2025-11-28,DELI,16334628.8
2025-11-30,2025-11-28,DIAS,29761897.5
2025-11-30,2025-11-28,DIOD,132080
2025-11-30,2025-11-28,DOMRF,327647693.9
2025-11-30,2025-11-28,DVEC,1446535
2025-11-30,2025-11-28,DZRD,313455
2025-11-30,2025-11-28,DZRDP,56970
2025-11-30,2025-11-28,EELT,4479665
2025-11-30,2025-11-28,ELFV,10943724.8
2025-11-30,2025-11-28,ELMT,12136597.25
2025-11-30,2025-11-28,ENPG,114881153.6
2025-11-30,2025-11-28,ETLN,69904484.78
2025-11-30,2025-11-28,EUTR,72908123.85
2025-11-30,2025-11-28,FEES,135114295
2025-11-30,2025-11-28,FESH,48812810
2025-11-30,2025-11-28,FIXR,22621033.8
2025-11-30,2025-11-28,FLOT,502971970.2
2025-11-30,2025-11-28,GAZA,225990
2025-11-30,2025-11-28,GAZAP,12290
2025-11-30,2025-11-28,GAZC,0
2025-11-30,2025-11-28,GAZP,8720680051.5
2025-11-30,2025-11-28,GAZS,0
2025-11-30,2025-11-28,GAZT,0
2025-11-30,2025-11-28,GCHE,40668620
2025-11-30,2025-11-28,GECO,2999407.9
2025-11-30,2025-11-28,GEMA,230329
2025-11-30,2025-11-28,GEMC,28701892
2025-11-30,2025-11-28,GLRX,36254943.4
2025-11-30,2025-11-28,GMKN,1398158231.4
2025-11-30,2025-11-28,GTRK,65268822
2025-11-30,2025-11-28,HEAD,302206443
2025-11-30,2025-11-28,HIMCP,106994
2025-11-30,2025-11-28,HNFG,30269626.8
2025-11-30,2025-11-28,HYDR,52335873.7
2025-11-30,2025-11-28,IGST,1622040
2025-11-30,2025-11-28,IGSTP,400380
2025-11-30,2025-11-28,IRAO,229004504.3
2025-11-30,2025-11-28,IRKT,36947044
2025-11-30,2025-11-28,IVAT,741503914.15
2025-11-30,2025-11-28,JNOS,103290
2025-11-30,2025-11-28,JNOSP,157114
2025-11-30,2025-11-28,KAZT,4027174
2025-11-30,2025-11-28,KAZTP,474190
2025-11-30,2025-11-28,KBSB,302800
2025-11-30,2025-11-28,KCHE,176730
2025-11-30,2025-11-28,KCHEP,15850
2025-11-30,2025-11-28,KFBA,1751040
2025-11-30,2025-11-28,KGKC,0
2025-11-30,2025-11-28,KGKCP,0
2025-11-30,2025-11-28,KLSB,818799
2025-11-30,2025-11-28,KLVZ,1369229.6
2025-11-30,2025-11-28,KMAZ,21005359
2025-11-30,2025-11-28,KMEZ,135400
2025-11-30,2025-11-28,KOGK,188653.65
2025-11-30,2025-11-28,KRKN,125450
2025-11-30,2025-11-28,KRKNP,664340
2025-11-30,2025-11-28,KRKOP,70774
2025-11-30,2025-11-28,KROT,1859690
2025-11-30,2025-11-28,KROTP,367100
2025-11-30,2025-11-28,KRSB,297860
2025-11-30,2025-11-28,KRSBP,78166
2025-11-30,2025-11-28,KUZB,172279
2025-11-30,2025-11-28,KZOS,1860481
2025-11-30,2025-11-28,KZOSP,444905.7
2025-11-30,2025-11-28,LEAS,90550069.8
2025-11-30,2025-11-28,LENT,110072171
2025-11-30,2025-11-28,LIFE,2500519.5
2025-11-30,2025-11-28,LKOH,5624002748.5
2025-11-30,2025-11-28,LMBZ,1813983
2025-11-30,2025-11-28,LNZL,1853960
2025-11-30,2025-11-28,LNZLP,2296235
2025-11-30,2025-11-28,LPSB,809070
2025-11-30,2025-11-28,LSNG,2225754
2025-11-30,2025-11-28,LSNGP,30765750
2025-11-30,2025-11-28,LSRG,61725677.6
2025-11-30,2025-11-28,LVHK,206430
2025-11-30,2025-11-28,MAGE,157948
2025-11-30,2025-11-28,MAGEP,483602
2025-11-30,2025-11-28,MAGN,505061487.9
2025-11-30,2025-11-28,MBNK,49738831
2025-11-30,2025-11-28,MDMG,207229213.2
2025-11-30,2025-11-28,MFGS,2306270
2025-11-30,2025-11-28,MFGSP,84730
2025-11-30,2025-11-28,MGKL,5569818.35
2025-11-30,2025-11-28,MGNT,518672093.5
2025-11-30,2025-11-28,MGNZ,0
2025-11-30,2025-11-28,MGTS,690455
2025-11-30,2025-11-28,MGTSP,5966090
2025-11-30,2025-11-28,MISB,117650
2025-11-30,2025-11-28,MISBP,117330
2025-11-30,2025-11-28,MOEX,780555802.9
2025-11-30,2025-11-28,MRKC,33558962.8
2025-11-30,2025-11-28,MRKK,117158
2025-11-30,2025-11-28,MRKP,21591660
2025-11-30,2025-11-28,MRKS,2715918.5
2025-11-30,2025-11-28,MRKU,19868576
2025-11-30,2025-11-28,MRKV,21996437.5
2025-11-30,2025-11-28,MRKY,3517473
2025-11-30,2025-11-28,MRKZ,8833707.5
2025-11-30,2025-11-28,MRSB,3732780
2025-11-30,2025-11-28,MSNG,17148523
2025-11-30,2025-11-28,MSRS,9078991.5
2025-11-30,2025-11-28,MSTT,3494422
2025-11-30,2025-11-28,MTLR,728482474.93
2025-11-30,2025-11-28,MTLRP,209215077
2025-11-30,2025-11-28,MTSS,341579926
2025-11-30,2025-11-28,MVID,34941729.7
2025-11-30,2025-11-28,NAUK,493775
2025-11-30,2025-11-28,NFAZ,2199820
2025-11-30,2025-11-28,NKHP,41029925
2025-11-30,2025-11-28,NKNC,1352522.5
2025-11-30,2025-11-28,NKNCP,4789246.8
2025-11-30,2025-11-28,NKSH,109250
2025-11-30,2025-11-28,NLMK,693405569.8
2025-11-30,2025-11-28,NMTP,54730119
2025-11-30,2025-11-28,NNSB,383560
2025-11-30,2025-11-28,NNSBP,79690
2025-11-30,2025-11-28,NSVZ,1494630
2025-11-30,2025-11-28,NVTK,3399333742.4
2025-11-30,2025-11-28,OGKB,42438888.6
2025-11-30,2025-11-28,OKEY,230048.4
2025-11-30,2025-11-28,OMZZP,2687340
2025-11-30,2025-11-28,OZON,1203804434
2025-11-30,2025-11-28,OZPH,60548565.9
2025-11-30,2025-11-28,PAZA,172800
2025-11-30,2025-11-28,PHOR,306655197
2025-11-30,2025-11-28,PIKK,892558824.4
2025-11-30,2025-11-28,PLZL,1393041271.8
2025-11-30,2025-11-28,PMSB,8294379
2025-11-30,2025-11-28,PMSBP,4281634
2025-11-30,2025-11-28,POSI,146646741.4
2025-11-30,2025-11-28,PRFN,1174902.4
2025-11-30,2025-11-28,PRMB,25800
2025-11-30,2025-11-28,PRMD,15025622.5
2025-11-30,2025-11-28,RAGR,183313131.42
2025-11-30,2025-11-28,RASP,76108004
2025-11-30,2025-11-28,RBCM,19333847.5
2025-11-30,2025-11-28,RDRB,74595
2025-11-30,2025-11-28,RENI,74863215.6
2025-11-30,2025-11-28,RGSS,337647.4
2025-11-30,2025-11-28,RKKE,5505990
2025-11-30,2025-11-28,RNFT,135403843.85
2025-11-30,2025-11-28,ROLO,9124353.6
2025-11-30,2025-11-28,ROSN,1015677649.2
2025-11-30,2025-11-28,ROST,12430
2025-11-30,2025-11-28,RTGZ,130000
2025-11-30,2025-11-28,RTKM,266795337.5
2025-11-30,2025-11-28,RTKMP,46432246
2025-11-30,2025-11-28,RTSB,696905
2025-11-30,2025-11-28,RTSBP,779284
2025-11-30,2025-11-28,RUAL,429384939.8
2025-11-30,2025-11-28,RUSI,350818
2025-11-30,2025-11-28,RZSB,508656
2025-11-30,2025-11-28,SAGO,760765
2025-11-30,2025-11-28,SAGOP,292040
2025-11-30,2025-11-28,SARE,128870
2025-11-30,2025-11-28,SAREP,461670
2025-11-30,2025-11-28,SBER,7515783116.96
2025-11-30,2025-11-28,SBERP,571677723.75
2025-11-30,2025-11-28,SELG,54366447.3
2025-11-30,2025-11-28,SFIN,404484020.8
2025-11-30,2025-11-28,SGZH,150230811.2
2025-11-30,2025-11-28,SIBN,202117216.45
2025-11-30,2025-11-28,SLEN,144857.5
2025-11-30,2025-11-28,SMLT,871721822
2025-11-30,2025-11-28,SNGS,816927457.5
2025-11-30,2025-11-28,SNGSP,471056893.95
2025-11-30,2025-11-28,SOFL,124341184.8
2025-11-30,2025-11-28,SPBE,2681280059.8
2025-11-30,2025-11-28,STSB,2781125
2025-11-30,2025-11-28,STSBP,252030
2025-11-30,2025-11-28,SVAV,818404738.5
2025-11-30,2025-11-28,SVCB,642633671.5
2025-11-30,2025-11-28,SVET,2392772.52
2025-11-30,2025-11-28,SVETP,3914850.85
2025-11-30,2025-11-28,T,5005182322.8
2025-11-30,2025-11-28,TASB,131126
2025-11-30,2025-11-28,TASBP,39880
2025-11-30,2025-11-28,TATN,1431129038.1
2025-11-30,2025-11-28,TATNP,520818314.9
2025-11-30,2025-11-28,TGKA,8369508
2025-11-30,2025-11-28,TGKB,1855935
2025-11-30,2025-11-28,TGKBP,544732
2025-11-30,2025-11-28,TGKN,7625456
2025-11-30,2025-11-28,TNSE,1739100
2025-11-30,2025-11-28,TORS,428580
2025-11-30,2025-11-28,TORSP,1652920
2025-11-30,2025-11-28,TRMK,32458467.8
2025-11-30,2025-11-28,TRNFP,479441803
2025-11-30,2025-11-28,TTLK,2407604
2025-11-30,2025-11-28,TUZA,16337890
2025-11-30,2025-11-28,UGLD,87935653.4
2025-11-30,2025-11-28,UKUZ,1748
2025-11-30,2025-11-28,UNAC,33868524
2025-11-30,2025-11-28,UNKL,7447320
2025-11-30,2025-11-28,UPRO,393912317
2025-11-30,2025-11-28,URKZ,189690.25
2025-11-30,2025-11-28,USBN,1047836
2025-11-30,2025-11-28,UTAR,1035996
2025-11-30,2025-11-28,UWGN,55496056.56
2025-11-30,2025-11-28,VEON-RX,1086253
2025-11-30,2025-11-28,VGSB,661900
2025-11-30,2025-11-28,VGSBP,249900
2025-11-30,2025-11-28,VJGZ,119710
2025-11-30,2025-11-28,VJGZP,605500
2025-11-30,2025-11-28,VKCO,470698073
2025-11-30,2025-11-28,VLHZ,390344
2025-11-30,2025-11-28,VRSB,609310
2025-11-30,2025-11-28,VRSBP,35534
2025-11-30,2025-11-28,VSEH,61643319.19
2025-11-30,2025-11-28,VSMO,49378720
2025-11-30,2025-11-28,VSYD,0
2025-11-30,2025-11-28,VSYDP,15700
2025-11-30,2025-11-28,VTBR,9452180282
2025-11-30,2025-11-28,WTCM,70112
2025-11-30,2025-11-28,WTCMP,226552
2025-11-30,2025-11-28,WUSH,200670587.18
2025-11-30,2025-11-28,X5,1173319028.5
2025-11-30,2025-11-28,YAKG,521781
2025-11-30,2025-11-28,YDEX,1517717630.5
2025-11-30,2025-11-28,YKEN,55500
2025-11-30,2025-11-28,YKENP,30600
2025-11-30,2025-11-28,YRSB,586620
2025-11-30,2025-11-28,YRSBP,27280
2025-11-30,2025-11-28,ZAYM,15302150
2025-11-30,2025-11-28,ZILL,677030
2025-11-30,2025-11-28,ZVEZ,82700
2025-12-31,2025-12-30,ABIO,6425369.4
2025-12-31,2025-12-30,ABRD,8731968
2025-12-31,2025-12-30,AFKS,412372835.2
2025-12-31,2025-12-30,AFLT,819429092.3
2025-12-31,2025-12-30,AKRN,4747846
2025-12-31,2025-12-30,ALRS,363981034.1
2025-12-31,2025-12-30,AMEZ,0
2025-12-31,2025-12-30,APRI,1324684.92
2025-12-31,2025-12-30,APTK,4959555.6
2025-12-31,2025-12-30,AQUA,46110008.6
2025-12-31,2025-12-30,ARSA,289522
2025-12-31,2025-12-30,ASSB,335760
2025-12-31,2025-12-30,ASTR,189811017.05
2025-12-31,2025-12-30,AVAN,2034206
2025-12-31,2025-12-30,BANE,17551273.5
2025-12-31,2025-12-30,BANEP,52196898
2025-12-31,2025-12-30,BAZA,12842475.4
2025-12-31,2025-12-30,BELU,108145929
2025-12-31,2025-12-30,BISVP,4568225
2025-12-31,2025-12-30,BLNG,1976883
2025-12-31,2025-12-30,BRZL,4899334
2025-12-31,2025-12-30,BSPB,128060129.6
2025-12-31,2025-12-30,BSPBP,7033730
2025-12-31,2025-12-30,CARM,2488099.5
2025-12-31,2025-12-30,CBOM,181830208
2025-12-31,2025-12-30,CHGZ,422518
2025-12-31,2025-12-30,CHKZ,278150
2025-12-31,2025-12-30,CHMF,517712010.2
2025-12-31,2025-12-30,CHMK,1274940
2025-12-31,2025-12-30,CNRU,80609201.4
2025-12-31,2025-12-30,CNTL,2075522
2025-12-31,2025-12-30,CNTLP,689840
2025-12-31,2025-12-30,DATA,99866265.72
2025-12-31,2025-12-30,DELI,32174635.8
2025-12-31,2025-12-30,DIAS,38618274
2025-12-31,2025-12-30,DIOD,1038785
2025-12-31,2025-12-30,DOMRF,493633731.7
2025-12-31,2025-12-30,DVEC,983778
2025-12-31,2025-12-30,DZRD,281260
2025-12-31,2025-12-30,DZRDP,336320
2025-12-31,2025-12-30,EELT,1518869
2025-12-31,2025-12-30,ELFV,14921271.4
2025-12-31,2025-12-30,ELMT,7258431.75
2025-12-31,2025-12-30,ENPG,150347246.3
2025-12-31,2025-12-30,ETLN,44286595.56
2025-12-31,2025-12-30,EUTR,215088953.35
2025-12-31,2025-12-30,FEES,67589010
2025-12-31,2025-12-30,FESH,53799159.9
2025-12-31,2025-12-30,FIXR,63854840.5
2025-12-31,2025-12-30,FLOT,118637426.8
2025-12-31,2025-12-30,GAZA,58180
2025-12-31,2025-12-30,GAZAP,104595
2025-12-31,2025-12-30,GAZC,0
2025-12-31,2025-12-30,GAZP,4333523104.9
2025-12-31,2025-12-30,GAZS,0
2025-12-31,2025-12-30,GAZT,0
2025-12-31,2025-12-30,GCHE,9115763
2025-12-31,2025-12-30,GECO,2247589.8
2025-12-31,2025-12-30,GEMA,1849033
2025-12-31,2025-12-30,GEMC,72233372.3
2025-12-31,2025-12-30,GLRX,10690092.8
2025-12-31,2025-12-30,GMKN,2519717044
2025-12-31,2025-12-30,GTRK,23026974
2025-12-31,2025-12-30,HEAD,475491762
2025-12-31,2025-12-30,HIMCP,797076
2025-12-31,2025-12-30,HNFG,15472894.4
2025-12-31,2025-12-30,HYDR,93511916.7
2025-12-31,2025-12-30,IGST,718620
2025-12-31,2025-12-30,IGSTP,400920
2025-12-31,2025-12-30,IRAO,446896174.7
2025-12-31,2025-12-30,IRKT,29646948
2025-12-31,2025-12-30,IVAT,85497577.85
2025-12-31,2025-12-30,JNOS,164635
2025-12-31,2025-12-30,JNOSP,119482
2025-12-31,2025-12-30,KAZT,5992844
2025-12-31,2025-12-30,KAZTP,1484000
2025-12-31,2025-12-30,KBSB,2302825
2025-12-31,2025-12-30,KCHE,562010
2025-12-31,2025-12-30,KCHEP,15700
2025-12-31,2025-12-30,KFBA,690826
2025-12-31,2025-12-30,KGKC,0
2025-12-31,2025-12-30,KGKCP,0
2025-12-31,2025-12-30,KLSB,3374722
2025-12-31,2025-12-30,KLVZ,2071100.8
2025-12-31,2025-12-30,KMAZ,16758556
2025-12-31,2025-12-30,KMEZ,146462
2025-12-31,2025-12-30,KOGK,418113.15
2025-12-31,2025-12-30,KRKN,496550
2025-12-31,2025-12-30,KRKNP,1123140
2025-12-31,2025-12-30,KRKOP,262128
2025-12-31,2025-12-30,KROT,10184450
2025-12-31,2025-12-30,KROTP,6817590
2025-12-31,2025-12-30,KRSB,806734
2025-12-31,2025-12-30,KRSBP,312300
2025-12-31,2025-12-30,KUZB,154596
2025-12-31,2025-12-30,KZOS,1978261
2025-12-31,2025-12-30,KZOSP,2461757.2
2025-12-31,2025-12-30,LEAS,112777924.2
2025-12-31,2025-12-30,LENT,47043531
2025-12-31,2025-12-30,LIFE,11447706.5
2025-12-31,2025-12-30,LKOH,4582824191
2025-12-31,2025-12-30,LMBZ,148388.5
2025-12-31,2025-12-30,LNZL,10257220
2025-12-31,2025-12-30,LNZLP,4224750
2025-12-31,2025-12-30,LPSB,1647700
2025-12-31,2025-12-30,LSNG,3836368
2025-12-31,2025-12-30,LSNGP,42622896.5
2025-12-31,2025-12-30,LSRG,43611189.4
2025-12-31,2025-12-30,LVHK,347325
2025-12-31,2025-12-30,MAGE,423467
2025-12-31,2025-12-30,MAGEP,201189
2025-12-31,2025-12-30,MAGN,544239518.05
2025-12-31,2025-12-30,MBNK,38037329
2025-12-31,2025-12-30,MDMG,225733189.1
2025-12-31,2025-12-30,MFGS,143550
2025-12-31,2025-12-30,MFGSP,239335
2025-12-31,2025-12-30,MGKL,71268455.4
2025-12-31,2025-12-30,MGNT,427624700
2025-12-31,2025-12-30,MGNZ,0
2025-12-31,2025-12-30,MGTS,3901565
2025-12-31,2025-12-30,MGTSP,6627740
2025-12-31,2025-12-30,MISB,148140
2025-12-31,2025-12-30,MISBP,112810
2025-12-31,2025-12-30,MOEX,972571149.8
2025-12-31,2025-12-30,MRKC,109897563.2
2025-12-31,2025-12-30,MRKK,136806.6
2025-12-31,2025-12-30,MRKP,29672158
2025-12-31,2025-12-30,MRKS,6220661
2025-12-31,2025-12-30,MRKU,38021792
2025-12-31,2025-12-30,MRKV,18171226
2025-12-31,2025-12-30,MRKY,2100241.5
2025-12-31,2025-12-30,MRKZ,13060332.5
2025-12-31,2025-12-30,MRSB,3274500
2025-12-31,2025-12-30,MSNG,34424160
2025-12-31,2025-12-30,MSRS,18028557.5
2025-12-31,2025-12-30,MSTT,4343531.5
2025-12-31,2025-12-30,MTLR,212095920.86
2025-12-31,2025-12-30,MTLRP,96891564.5
2025-12-31,2025-12-30,MTSS,346572129.5
2025-12-31,2025-12-30,MVID,23322494.4
2025-12-31,2025-12-30,NAUK,2817575
2025-12-31,2025-12-30,NFAZ,308050
2025-12-31,2025-12-30,NKHP,8955110
2025-12-31,2025-12-30,NKNC,2698764
2025-12-31,2025-12-30,NKNCP,6866948.2
2025-12-31,2025-12-30,NKSH,2927245
2025-12-31,2025-12-30,NLMK,654277717
2025-12-31,2025-12-30,NMTP,37115142.5
2025-12-31,2025-12-30,NNSB,543790
2025-12-31,2025-12-30,NNSBP,397940
2025-12-31,2025-12-30,NSVZ,1103385
2025-12-31,2025-12-30,NVTK,1920660995.6
2025-12-31,2025-12-30,OGKB,14074911.5
2025-12-31,2025-12-30,OKEY,476464.5
2025-12-31,2025-12-30,OMZZP,314980
2025-12-31,2025-12-30,OZON,1426318267
2025-12-31,2025-12-30,OZPH,83376173.4
2025-12-31,2025-12-30,PAZA,134060
2025-12-31,2025-12-30,PHOR,283114688
2025-12-31,2025-12-30,PIKK,758142438.1
2025-12-31,2025-12-30,PLZL,1695586671.2
2025-12-31,2025-12-30,PMSB,7973050
2025-12-31,2025-12-30,PMSBP,2979320
2025-12-31,2025-12-30,POSI,177358069.4
2025-12-31,2025-12-30,PRFN,912071.2
2025-12-31,2025-12-30,PRMB,51800
2025-12-31,2025-12-30,PRMD,50860516
2025-12-31,2025-12-30,RAGR,144010104.54
2025-12-31,2025-12-30,RASP,45466902
2025-12-31,2025-12-30,RBCM,9338612.5
2025-12-31,2025-12-30,RDRB,321920
2025-12-31,2025-12-30,RENI,76674840.2
2025-12-31,2025-12-30,RGSS,1949541.6
2025-12-31,2025-12-30,RKKE,3125410
2025-12-31,2025-12-30,RNFT,119021068.35
2025-12-31,2025-12-30,ROLO,6810885.6
2025-12-31,2025-12-30,ROSN,1267685615.65
2025-12-31,2025-12-30,ROST,49912
2025-12-31,2025-12-30,RTGZ,171400
2025-12-31,2025-12-30,RTKM,272205375.3
2025-12-31,2025-12-30,RTKMP,40179861.5
2025-12-31,2025-12-30,RTSB,1077770
2025-12-31,2025-12-30,RTSBP,1019344
2025-12-31,2025-12-30,RUAL,398368273.95
2025-12-31,2025-12-30,RUSI,823402
2025-12-31,2025-12-30,RZSB,1600690
2025-12-31,2025-12-30,SAGO,98625
2025-12-31,2025-12-30,SAGOP,508050
2025-12-31,2025-12-30,SARE,1622520
2025-12-31,2025-12-30,SAREP,1980665
2025-12-31,2025-12-30,SBER,5995707082.49
2025-12-31,2025-12-30,SBERP,809038119.6
2025-12-31,2025-12-30,SELG,67915538.2
2025-12-31,2025-12-30,SFIN,354792572
2025-12-31,2025-12-30,SGZH,74283502.2
2025-12-31,2025-12-30,SIBN,139746398.75
2025-12-31,2025-12-30,SLEN,156375
2025-12-31,2025-12-30,SMLT,494366004.5
2025-12-31,2025-12-30,SNGS,508564696
2025-12-31,2025-12-30,SNGSP,1175696916
2025-12-31,2025-12-30,SOFL,71298895.4
2025-12-31,2025-12-30,SPBE,1043554279.8
2025-12-31,2025-12-30,STSB,686845
2025-12-31,2025-12-30,STSBP,2205790
2025-12-31,2025-12-30,SVAV,35721685.5
2025-12-31,2025-12-30,SVCB,427519473
2025-12-31,2025-12-30,SVET,4607539.12
2025-12-31,2025-12-30,SVETP,35156214.8
2025-12-31,2025-12-30,T,4677121832
2025-12-31,2025-12-30,TASB,1478776
2025-12-31,2025-12-30,TASBP,74880
2025-12-31,2025-12-30,TATN,1063478110.7
2025-12-31,2025-12-30,TATNP,242532768.8
2025-12-31,2025-12-30,TGKA,25743799.2
2025-12-31,2025-12-30,TGKB,1670615
2025-12-31,2025-12-30,TGKBP,200293
2025-12-31,2025-12-30,TGKN,11207707
2025-12-31,2025-12-30,TNSE,6361750
2025-12-31,2025-12-30,TORS,718120
2025-12-31,2025-12-30,TORSP,538580
2025-12-31,2025-12-30,TRMK,42634400
2025-12-31,2025-12-30,TRNFP,476130661.8
2025-12-31,2025-12-30,TTLK,5405451.5
2025-12-31,2025-12-30,TUZA,1718400
2025-12-31,2025-12-30,UGLD,2188524707.6
2025-12-31,2025-12-30,UKUZ,14952
2025-12-31,2025-12-30,UNAC,38959372.5
2025-12-31,2025-12-30,UNKL,2031230
2025-12-31,2025-12-30,UPRO,202712575
2025-12-31,2025-12-30,URKZ,66030.9
2025-12-31,2025-12-30,USBN,469283
2025-12-31,2025-12-30,UTAR,259183
2025-12-31,2025-12-30,UWGN,43314165.18
2025-12-31,2025-12-30,VEON-RX,465817
2025-12-31,2025-12-30,VGSB,1691300
2025-12-31,2025-12-30,VGSBP,332550
2025-12-31,2025-12-30,VJGZ,33550
2025-12-31,2025-12-30,VJGZP,462180
2025-12-31,2025-12-30,VKCO,363934966.3
2025-12-31,2025-12-30,VLHZ,13903618
2025-12-31,2025-12-30,VRSB,1041130
2025-12-31,2025-12-30,VRSBP,254798
2025-12-31,2025-12-30,VSEH,327783164.21
2025-12-31,2025-12-30,VSMO,21881380
2025-12-31,2025-12-30,VSYD,148950
2025-12-31,2025-12-30,VSYDP,157900
2025-12-31,2025-12-30,VTBR,2928539886.56
2025-12-31,2025-12-30,WTCM,56794
2025-12-31,2025-12-30,WTCMP,204056
2025-12-31,2025-12-30,WUSH,157699746.43
2025-12-31,2025-12-30,X5,2256759737
2025-12-31,2025-12-30,YAKG,1910411.5
2025-12-31,2025-12-30,YDEX,2431471491
2025-12-31,2025-12-30,YKEN,1799280
2025-12-31,2025-12-30,YKENP,382880
2025-12-31,2025-12-30,YRSB,152080
2025-12-31,2025-12-30,YRSBP,271725
2025-12-31,2025-12-30,ZAYM,48370817.5
2025-12-31,2025-12-30,ZILL,214310
2025-12-31,2025-12-30,ZVEZ,328250
2026-01-31,2026-01-30,ABIO,9763940.8
2026-01-31,2026-01-30,ABRD,9944422
2026-01-31,2026-01-30,AFKS,926899866.9
2026-01-31,2026-01-30,AFLT,1293747235.6
2026-01-31,2026-01-30,AKRN,17344368
2026-01-31,2026-01-30,ALRS,551652672.6
2026-01-31,2026-01-30,AMEZ,0
2026-01-31,2026-01-30,APRI,2309068.28
2026-01-31,2026-01-30,APTK,88393624.2
2026-01-31,2026-01-30,AQUA,47838415
2026-01-31,2026-01-30,ARSA,139465
2026-01-31,2026-01-30,ASSB,2734830
2026-01-31,2026-01-30,ASTR,118627043.65
2026-01-31,2026-01-30,AVAN,1198130
2026-01-31,2026-01-30,BANE,14738153
2026-01-31,2026-01-30,BANEP,91594193
2026-01-31,2026-01-30,BAZA,30134337.8
2026-01-31,2026-01-30,BELU,328920031.4
2026-01-31,2026-01-30,BISVP,4925617
2026-01-31,2026-01-30,BLNG,20085540
2026-01-31,2026-01-30,BRZL,17949502
2026-01-31,2026-01-30,BSPB,291145670.4
2026-01-31,2026-01-30,BSPBP,2999155
2026-01-31,2026-01-30,CARM,1628062.95
2026-01-31,2026-01-30,CBOM,91842747.3
2026-01-31,2026-01-30,CHGZ,409554
2026-01-31,2026-01-30,CHKZ,197750
2026-01-31,2026-01-30,CHMF,1256926655.6
2026-01-31,2026-01-30,CHMK,3723470
2026-01-31,2026-01-30,CNRU,113216761
2026-01-31,2026-01-30,CNTL,994616
2026-01-31,2026-01-30,CNTLP,653766
2026-01-31,2026-01-30,DATA,158442258.14
2026-01-31,2026-01-30,DELI,10555380
2026-01-31,2026-01-30,DIAS,29944259.5
2026-01-31,2026-01-30,DIOD,2223940
2026-01-31,2026-01-30,DOMRF,602695669.7
2026-01-31,2026-01-30,DVEC,4639037
2026-01-31,2026-01-30,DZRD,62545
2026-01-31,2026-01-30,DZRDP,145040
2026-01-31,2026-01-30,EELT,1194597.8
2026-01-31,2026-01-30,ELFV,13749641.6
2026-01-31,2026-01-30,ELMT,12496819.55
2026-01-31,2026-01-30,ENPG,457849492.35
2026-01-31,2026-01-30,ETLN,78716129.2
2026-01-31,2026-01-30,EUTR,181047191.8
2026-01-31,2026-01-30,FEES,334412304.4
2026-01-31,2026-01-30,FESH,65539981.5
2026-01-31,2026-01-30,FIXR,66232932.9
2026-01-31,2026-01-30,FLOT,237875663.3
2026-01-31,2026-01-30,GAZA,53440
2026-01-31,2026-01-30,GAZAP,129780
2026-01-31,2026-01-30,GAZC,0
2026-01-31,2026-01-30,GAZP,7520091830.8
2026-01-31,2026-01-30,GAZS,0
2026-01-31,2026-01-30,GAZT,0
2026-01-31,2026-01-30,GCHE,24311460
2026-01-31,2026-01-30,GECO,6567693.5
2026-01-31,2026-01-30,GEMA,380976
2026-01-31,2026-01-30,GEMC,17397384.1
2026-01-31,2026-01-30,GLRX,12534130.84
2026-01-31,2026-01-30,GMKN,7724195146.2
2026-01-31,2026-01-30,GTRK,29485913
2026-01-31,2026-01-30,HEAD,367084554
2026-01-31,2026-01-30,HIMCP,1452718
2026-01-31,2026-01-30,HNFG,28539328.6
2026-01-31,2026-01-30,HYDR,380718511.4
2026-01-31,2026-01-30,IGST,597120
2026-01-31,2026-01-30,IGSTP,315850
2026-01-31,2026-01-30,IRAO,979001740.9
2026-01-31,2026-01-30,IRKT,64016390
2026-01-31,2026-01-30,IVAT,103161684.9
2026-01-31,2026-01-30,JNOS,1875490
2026-01-31,2026-01-30,JNOSP,810316
2026-01-31,2026-01-30,KAZT,4205942
2026-01-31,2026-01-30,KAZTP,626125
2026-01-31,2026-01-30,KBSB,2185015
2026-01-31,2026-01-30,KCHE,545550
2026-01-31,2026-01-30,KCHEP,810350
2026-01-31,2026-01-30,KFBA,2529636
2026-01-31,2026-01-30,KGKC,0
2026-01-31,2026-01-30,KGKCP,0
2026-01-31,2026-01-30,KLSB,1093980
2026-01-31,2026-01-30,KLVZ,10471113.8
2026-01-31,2026-01-30,KMAZ,22806930
2026-01-31,2026-01-30,KMEZ,521142
2026-01-31,2026-01-30,KOGK,332168.2
2026-01-31,2026-01-30,KRKN,5494000
2026-01-31,2026-01-30,KRKNP,1112100
2026-01-31,2026-01-30,KRKOP,125076
2026-01-31,2026-01-30,KROT,11291740
2026-01-31,2026-01-30,KROTP,683100
2026-01-31,2026-01-30,KRSB,801564
2026-01-31,2026-01-30,KRSBP,1742154
2026-01-31,2026-01-30,KUZB,421939
2026-01-31,2026-01-30,KZOS,6420798
2026-01-31,2026-01-30,KZOSP,1989305.3
2026-01-31,2026-01-30,LEAS,199645332.4
2026-01-31,2026-01-30,LENT,209847172
2026-01-31,2026-01-30,LIFE,20826248.5
2026-01-31,2026-01-30,LKOH,4255070205.5
2026-01-31,2026-01-30,LMBZ,2153160.5
2026-01-31,2026-01-30,LNZL,20188230
2026-01-31,2026-01-30,LNZLP,17160830
2026-01-31,2026-01-30,LPSB,998105
2026-01-31,2026-01-30,LSNG,6111766
2026-01-31,2026-01-30,LSNGP,26198121.5
2026-01-31,2026-01-30,LSRG,56383916.4
2026-01-31,2026-01-30,LVHK,595230
2026-01-31,2026-01-30,MAGE,2568742
2026-01-31,2026-01-30,MAGEP,1227358
2026-01-31,2026-01-30,MAGN,1786294654.8
2026-01-31,2026-01-30,MBNK,115958088.5
2026-01-31,2026-01-30,MDMG,140731190.4
2026-01-31,2026-01-30,MFGS,2151000
2026-01-31,2026-01-30,MFGSP,2807140
2026-01-31,2026-01-30,MGKL,18108730.15
2026-01-31,2026-01-30,MGNT,913888566.5
2026-01-31,2026-01-30,MGNZ,0
2026-01-31,2026-01-30,MGTS,1525355
2026-01-31,2026-01-30,MGTSP,5481296
2026-01-31,2026-01-30,MISB,952710
2026-01-31,2026-01-30,MISBP,1277040
2026-01-31,2026-01-30,MOEX,1386697246.9
2026-01-31,2026-01-30,MRKC,87988933.6
2026-01-31,2026-01-30,MRKK,1574139.4
2026-01-31,2026-01-30,MRKP,44750838
2026-01-31,2026-01-30,MRKS,6958716.5
2026-01-31,2026-01-30,MRKU,15077760
2026-01-31,2026-01-30,MRKV,64684937
2026-01-31,2026-01-30,MRKY,6403915.5
2026-01-31,2026-01-30,MRKZ,78969164.5
2026-01-31,2026-01-30,MRSB,1247140
2026-01-31,2026-01-30,MSNG,108370154
2026-01-31,2026-01-30,MSRS,38273034.5
2026-01-31,2026-01-30,MSTT,4109356.5
2026-01-31,2026-01-30,MTLR,487323082.89
2026-01-31,2026-01-30,MTLRP,160621224
2026-01-31,2026-01-30,MTSS,540413448.5
2026-01-31,2026-01-30,MVID,111117594
2026-01-31,2026-01-30,NAUK,7308710
2026-01-31,2026-01-30,NFAZ,431605
2026-01-31,2026-01-30,NKHP,68550085
2026-01-31,2026-01-30,NKNC,2722742.5
2026-01-31,2026-01-30,NKNCP,7161270.4
2026-01-31,2026-01-30,NKSH,1312815
2026-01-31,2026-01-30,NLMK,1333666870
2026-01-31,2026-01-30,NMTP,92821805
2026-01-31,2026-01-30,NNSB,657680
2026-01-31,2026-01-30,NNSBP,1097544
2026-01-31,2026-01-30,NSVZ,6706920
2026-01-31,2026-01-30,NVTK,3399352625.4
2026-01-31,2026-01-30,OGKB,61386104.7
2026-01-31,2026-01-30,OKEY,939324.2
2026-01-31,2026-01-30,OMZZP,476860
2026-01-31,2026-01-30,OZON,4636619480
2026-01-31,2026-01-30,OZPH,103882377
2026-01-31,2026-01-30,PAZA,1689700
2026-01-31,2026-01-30,PHOR,279922433
2026-01-31,2026-01-30,PIKK,620928019.5
2026-01-31,2026-01-30,PLZL,8734745847.6
2026-01-31,2026-01-30,PMSB,52162543
2026-01-31,2026-01-30,PMSBP,52257162
2026-01-31,2026-01-30,POSI,331701162.6
2026-01-31,2026-01-30,PRFN,13489810.2
2026-01-31,2026-01-30,PRMB,28600
2026-01-31,2026-01-30,PRMD,32917874.95
2026-01-31,2026-01-30,RAGR,1602954887.74
2026-01-31,2026-01-30,RASP,101359433.5
2026-01-31,2026-01-30,RBCM,12702371
2026-01-31,2026-01-30,RDRB,431185
2026-01-31,2026-01-30,RENI,65875514.2
2026-01-31,2026-01-30,RGSS,1302376
2026-01-31,2026-01-30,RKKE,6522700
2026-01-31,2026-01-30,RNFT,1042013258.2
2026-01-31,2026-01-30,ROLO,318524957.6
2026-01-31,2026-01-30,ROSN,1016343257.3
2026-01-31,2026-01-30,ROST,815850
2026-01-31,2026-01-30,RTGZ,93000
2026-01-31,2026-01-30,RTKM,172494190.8
2026-01-31,2026-01-30,RTKMP,42686274
2026-01-31,2026-01-30,RTSB,5416925
2026-01-31,2026-01-30,RTSBP,1328472
2026-01-31,2026-01-30,RUAL,5013121756.2
2026-01-31,2026-01-30,RUSI,973503
2026-01-31,2026-01-30,RZSB,1929920
2026-01-31,2026-01-30,SAGO,964110
2026-01-31,2026-01-30,SAGOP,1681275
2026-01-31,2026-01-30,SARE,6079850
2026-01-31,2026-01-30,SAREP,3058125
2026-01-31,2026-01-30,SBER,7241568363.89
2026-01-31,2026-01-30,SBERP,517544687.26
2026-01-31,2026-01-30,SELG,4829427685.7
2026-01-31,2026-01-30,SFIN,464584225.8
2026-01-31,2026-01-30,SGZH,199781509.7
2026-01-31,2026-01-30,SIBN,358652357.4
2026-01-31,2026-01-30,SLEN,9372041
2026-01-31,2026-01-30,SMLT,1272058117.5
2026-01-31,2026-01-30,SNGS,803249996
2026-01-31,2026-01-30,SNGSP,473646474.55
2026-01-31,2026-01-30,SOFL,102620091.6
2026-01-31,2026-01-30,SPBE,1510292885.3
2026-01-31,2026-01-30,STSB,1800270
2026-01-31,2026-01-30,STSBP,5505305
2026-01-31,2026-01-30,SVAV,50361304.5
2026-01-31,2026-01-30,SVCB,1143932105.5
2026-01-31,2026-01-30,SVET,4498844.54
2026-01-31,2026-01-30,SVETP,7305789.65
2026-01-31,2026-01-30,T,4664241636.4
2026-01-31,2026-01-30,TASB,1332916
2026-01-31,2026-01-30,TASBP,276040
2026-01-31,2026-01-30,TATN,875827145
2026-01-31,2026-01-30,TATNP,186278218.9
2026-01-31,2026-01-30,TGKA,2323568296.6
2026-01-31,2026-01-30,TGKB,33077065
2026-01-31,2026-01-30,TGKBP,6428686
2026-01-31,2026-01-30,TGKN,727253915
2026-01-31,2026-01-30,TNSE,2737895
2026-01-31,2026-01-30,TORS,211200
2026-01-31,2026-01-30,TORSP,725190
2026-01-31,2026-01-30,TRMK,46583994.6
2026-01-31,2026-01-30,TRNFP,338391919.2
2026-01-31,2026-01-30,TTLK,2008592
2026-01-31,2026-01-30,TUZA,3758605
2026-01-31,2026-01-30,UGLD,10370778142.2
2026-01-31,2026-01-30,UKUZ,141594
2026-01-31,2026-01-30,UNAC,64486746
2026-01-31,2026-01-30,UNKL,3722460
2026-01-31,2026-01-30,UPRO,516860983
2026-01-31,2026-01-30,URKZ,752677.25
2026-01-31,2026-01-30,USBN,2163606
2026-01-31,2026-01-30,UTAR,1081525
2026-01-31,2026-01-30,UWGN,132485779
2026-01-31,2026-01-30,VEON-RX,816222
2026-01-31,2026-01-30,VGSB,246050
2026-01-31,2026-01-30,VGSBP,596450
2026-01-31,2026-01-30,VJGZ,658085
2026-01-31,2026-01-30,VJGZP,356120
2026-01-31,2026-01-30,VKCO,780209982.8
2026-01-31,2026-01-30,VLHZ,8036564
2026-01-31,2026-01-30,VRSB,8256030
2026-01-31,2026-01-30,VRSBP,288238
2026-01-31,2026-01-30,VSEH,287983358.75
2026-01-31,2026-01-30,VSMO,51491680
2026-01-31,2026-01-30,VSYD,133850
2026-01-31,2026-01-30,VSYDP,1070950
2026-01-31,2026-01-30,VTBR,17624817573.23
2026-01-31,2026-01-30,WTCM,1110874
2026-01-31,2026-01-30,WTCMP,2221972
2026-01-31,2026-01-30,WUSH,184368729.39
2026-01-31,2026-01-30,X5,2151271647
2026-01-31,2026-01-30,YAKG,10005372
2026-01-31,2026-01-30,YDEX,2832916610
2026-01-31,2026-01-30,YKEN,2930910
2026-01-31,2026-01-30,YKENP,562400
2026-01-31,2026-01-30,YRSB,312260
2026-01-31,2026-01-30,YRSBP,707320
2026-01-31,2026-01-30,ZAYM,7311532
2026-01-31,2026-01-30,ZILL,2917295
2026-01-31,2026-01-30,ZVEZ,299750
2026-02-28,2026-02-27,ABIO,12965631.6
2026-02-28,2026-02-27,ABRD,2767540
2026-02-28,2026-02-27,AFKS,717331931.7
2026-02-28,2026-02-27,AFLT,376010640.9
2026-02-28,2026-02-27,AKRN,33429542
2026-02-28,2026-02-27,ALRS,347167048.1
2026-02-28,2026-02-27,AMEZ,0
2026-02-28,2026-02-27,APRI,454597.8
2026-02-28,2026-02-27,APTK,2791292.92
2026-02-28,2026-02-27,AQUA,31480534.5
2026-02-28,2026-02-27,ARSA,331223
2026-02-28,2026-02-27,ASSB,599560
2026-02-28,2026-02-27,ASTR,50103294.95
2026-02-28,2026-02-27,AVAN,499532
2026-02-28,2026-02-27,BANE,16125610.5
2026-02-28,2026-02-27,BANEP,41596630.5
2026-02-28,2026-02-27,BAZA,151204008.2
2026-02-28,2026-02-27,BELU,96808098.8
2026-02-28,2026-02-27,BISVP,233473
2026-02-28,2026-02-27,BLNG,2622817
2026-02-28,2026-02-27,BRZL,2377730
2026-02-28,2026-02-27,BSPB,142323621
2026-02-28,2026-02-27,BSPBP,22668065
2026-02-28,2026-02-27,CARM,601777.1
2026-02-28,2026-02-27,CBOM,43396165.4
2026-02-28,2026-02-27,CHGZ,109518
2026-02-28,2026-02-27,CHKZ,71250
2026-02-28,2026-02-27,CHMF,524004839
2026-02-28,2026-02-27,CHMK,1093205
2026-02-28,2026-02-27,CNRU,91583297.8
2026-02-28,2026-02-27,CNTL,55270
2026-02-28,2026-02-27,CNTLP,401119
2026-02-28,2026-02-27,DATA,179448915.28
2026-02-28,2026-02-27,DELI,3084829.8
2026-02-28,2026-02-27,DIAS,178325588.5
2026-02-28,2026-02-27,DIOD,2713750
2026-02-28,2026-02-27,DOMRF,805083408
2026-02-28,2026-02-27,DVEC,1365660
2026-02-28,2026-02-27,DZRD,57785
2026-02-28,2026-02-27,DZRDP,17430
2026-02-28,2026-02-27,EELT,641963.8
2026-02-28,2026-02-27,ELFV,6162286.6
2026-02-28,2026-02-27,ELMT,14895837.8
2026-02-28,2026-02-27,ENPG,303838702.8
2026-02-28,2026-02-27,ETLN,27465500.84
2026-02-28,2026-02-27,EUTR,102589183.1
2026-02-28,2026-02-27,FEES,165802056.2
2026-02-28,2026-02-27,FESH,28503058.1
2026-02-28,2026-02-27,FIXR,17048724.7
2026-02-28,2026-02-27,FLOT,87638219.4
2026-02-28,2026-02-27,GAZA,6074100
2026-02-28,2026-02-27,GAZAP,6000235
2026-02-28,2026-02-27,GAZC,0
2026-02-28,2026-02-27,GAZP,2371540953.6
2026-02-28,2026-02-27,GAZS,0
2026-02-28,2026-02-27,GAZT,0
2026-02-28,2026-02-27,GCHE,5885413
2026-02-28,2026-02-27,GECO,7958505.7
2026-02-28,2026-02-27,GEMA,163309
2026-02-28,2026-02-27,GEMC,12684488.1
2026-02-28,2026-02-27,GLRX,20345766.69
2026-02-28,2026-02-27,GMKN,4156206686.2
2026-02-28,2026-02-27,GTRK,232242136
2026-02-28,2026-02-27,HEAD,809187922
2026-02-28,2026-02-27,HIMCP,888432
2026-02-28,2026-02-27,HNFG,8490105.6
2026-02-28,2026-02-27,HYDR,262461292.3
2026-02-28,2026-02-27,IGST,92080
2026-02-28,2026-02-27,IGSTP,71190
2026-02-28,2026-02-27,IRAO,737853087.1
2026-02-28,2026-02-27,IRKT,57820342
2026-02-28,2026-02-27,IVAT,50764809.9
2026-02-28,2026-02-27,JNOS,18360802
2026-02-28,2026-02-27,JNOSP,25137140
2026-02-28,2026-02-27,KAZT,1363260
2026-02-28,2026-02-27,KAZTP,1961140
2026-02-28,2026-02-27,KBSB,583280
2026-02-28,2026-02-27,KCHE,2246820
2026-02-28,2026-02-27,KCHEP,1459600
2026-02-28,2026-02-27,KFBA,1271190
2026-02-28,2026-02-27,KGKC,0
2026-02-28,2026-02-27,KGKCP,0
2026-02-28,2026-02-27,KLSB,379558
2026-02-28,2026-02-27,KLVZ,174494.2
2026-02-28,2026-02-27,KMAZ,17325945
2026-02-28,2026-02-27,KMEZ,130974
2026-02-28,2026-02-27,KOGK,224252.6
2026-02-28,2026-02-27,KRKN,8186300
2026-02-28,2026-02-27,KRKNP,622940
2026-02-28,2026-02-27,KRKOP,39504
2026-02-28,2026-02-27,KROT,1937480
2026-02-28,2026-02-27,KROTP,156050
2026-02-28,2026-02-27,KRSB,894540
2026-02-28,2026-02-27,KRSBP,605338
2026-02-28,2026-02-27,KUZB,410468
2026-02-28,2026-02-27,KZOS,1038427
2026-02-28,2026-02-27,KZOSP,631303.1
2026-02-28,2026-02-27,LEAS,77069127.1
2026-02-28,2026-02-27,LENT,539526528
2026-02-28,2026-02-27,LIFE,2779838
2026-02-28,2026-02-27,LKOH,2384167996.5
2026-02-28,2026-02-27,LMBZ,85347.5
2026-02-28,2026-02-27,LNZL,10048860
2026-02-28,2026-02-27,LNZLP,15999798
2026-02-28,2026-02-27,LPSB,381190
2026-02-28,2026-02-27,LSNG,2228074
2026-02-28,2026-02-27,LSNGP,28574177
2026-02-28,2026-02-27,LSRG,107209738.8
2026-02-28,2026-02-27,LVHK,2039195
2026-02-28,2026-02-27,MAGE,393185.5
2026-02-28,2026-02-27,MAGEP,61485
2026-02-28,2026-02-27,MAGN,944286401.95
2026-02-28,2026-02-27,MBNK,98361055
2026-02-28,2026-02-27,MDMG,110765883.7
2026-02-28,2026-02-27,MFGS,1274470
2026-02-28,2026-02-27,MFGSP,156730
2026-02-28,2026-02-27,MGKL,12034831.05
2026-02-28,2026-02-27,MGNT,321643157
2026-02-28,2026-02-27,MGNZ,0
2026-02-28,2026-02-27,MGTS,308052
2026-02-28,2026-02-27,MGTSP,3510424
2026-02-28,2026-02-27,MISB,107690
2026-02-28,2026-02-27,MISBP,89590
2026-02-28,2026-02-27,MOEX,333346080.7
2026-02-28,2026-02-27,MRKC,12177704.2
2026-02-28,2026-02-27,MRKK,1345701.8
2026-02-28,2026-02-27,MRKP,28537655
2026-02-28,2026-02-27,MRKS,1809545
2026-02-28,2026-02-27,MRKU,18041122
2026-02-28,2026-02-27,MRKV,24501271
2026-02-28,2026-02-27,MRKY,1683906
2026-02-28,2026-02-27,MRKZ,17086533.5
2026-02-28,2026-02-27,MRSB,319360
2026-02-28,2026-02-27,MSNG,66412792
2026-02-28,2026-02-27,MSRS,15477313.5
2026-02-28,2026-02-27,MSTT,1648337.5
2026-02-28,2026-02-27,MTLR,173934343.33
2026-02-28,2026-02-27,MTLRP,33576459.5
2026-02-28,2026-02-27,MTSS,640034133
2026-02-28,2026-02-27,MVID,13113101.65
2026-02-28,2026-02-27,NAUK,1425730
2026-02-28,2026-02-27,NFAZ,456730
2026-02-28,2026-02-27,NKHP,6888745
2026-02-28,2026-02-27,NKNC,1578634.5
2026-02-28,2026-02-27,NKNCP,6242510.6
2026-02-28,2026-02-27,NKSH,502905
2026-02-28,2026-02-27,NLMK,594566154.6
2026-02-28,2026-02-27,NMTP,74321733.5
2026-02-28,2026-02-27,NNSB,279810
2026-02-28,2026-02-27,NNSBP,98624
2026-02-28,2026-02-27,NSVZ,2081105
2026-02-28,2026-02-27,NVTK,1569163814.1
2026-02-28,2026-02-27,OGKB,19304060.6
2026-02-28,2026-02-27,OKEY,1588738.2
2026-02-28,2026-02-27,OMZZP,118020
2026-02-28,2026-02-27,OZON,1908773933.5
2026-02-28,2026-02-27,OZPH,52049765.1
2026-02-28,2026-02-27,PAZA,162660
2026-02-28,2026-02-27,PHOR,443653004
2026-02-28,2026-02-27,PIKK,1623807621.6
2026-02-28,2026-02-27,PLZL,1675498981.2
2026-02-28,2026-02-27,PMSB,36863307
2026-02-28,2026-02-27,PMSBP,8197520
2026-02-28,2026-02-27,POSI,364933506.6
2026-02-28,2026-02-27,PRFN,1949608.2
2026-02-28,2026-02-27,PRMB,0
2026-02-28,2026-02-27,PRMD,39833516.6
2026-02-28,2026-02-27,RAGR,182636817.48
2026-02-28,2026-02-27,RASP,29498728.5
2026-02-28,2026-02-27,RBCM,3866420.5
2026-02-28,2026-02-27,RDRB,647942
2026-02-28,2026-02-27,RENI,117872994
2026-02-28,2026-02-27,RGSS,1159737.6
2026-02-28,2026-02-27,RKKE,43565130
2026-02-28,2026-02-27,RNFT,527517209.4
2026-02-28,2026-02-27,ROLO,70597475.8
2026-02-28,2026-02-27,ROSN,2100330434.8
2026-02-28,2026-02-27,ROST,141292
2026-02-28,2026-02-27,RTGZ,46400
2026-02-28,2026-02-27,RTKM,169542552.6
2026-02-28,2026-02-27,RTKMP,25261976.5
2026-02-28,2026-02-27,RTSB,3410360
2026-02-28,2026-02-27,RTSBP,667412
2026-02-28,2026-02-27,RUAL,1938396372.85
2026-02-28,2026-02-27,RUSI,377877
2026-02-28,2026-02-27,RZSB,1563948
2026-02-28,2026-02-27,SAGO,350925
2026-02-28,2026-02-27,SAGOP,81420
2026-02-28,2026-02-27,SARE,8795440
2026-02-28,2026-02-27,SAREP,8802655
2026-02-28,2026-02-27,SBER,6634480527.56
2026-02-28,2026-02-27,SBERP,510804004.27
2026-02-28,2026-02-27,SELG,156633799
2026-02-28,2026-02-27,SFIN,68157369.2
2026-02-28,2026-02-27,SGZH,51280687.85
2026-02-28,2026-02-27,SIBN,190657320.35
2026-02-28,2026-02-27,SLEN,133175
2026-02-28,2026-02-27,SMLT,1176254670.4
2026-02-28,2026-02-27,SNGS,475614880
2026-02-28,2026-02-27,SNGSP,2422734480.75
2026-02-28,2026-02-27,SOFL,150166028.6
2026-02-28,2026-02-27,SPBE,202266528.7
2026-02-28,2026-02-27,STSB,2527250
2026-02-28,2026-02-27,STSBP,891920
2026-02-28,2026-02-27,SVAV,47579920.5
2026-02-28,2026-02-27,SVCB,849067843.5
2026-02-28,2026-02-27,SVET,446256.66
2026-02-28,2026-02-27,SVETP,530609.15
2026-02-28,2026-02-27,T,4534163594.4
2026-02-28,2026-02-27,TASB,46064
2026-02-28,2026-02-27,TASBP,327860
2026-02-28,2026-02-27,TATN,939458652.2
2026-02-28,2026-02-27,TATNP,141944993
2026-02-28,2026-02-27,TGKA,91574742.2
2026-02-28,2026-02-27,TGKB,4184520
2026-02-28,2026-02-27,TGKBP,1446370
2026-02-28,2026-02-27,TGKN,39975034
2026-02-28,2026-02-27,TNSE,504595
2026-02-28,2026-02-27,TORS,296160
2026-02-28,2026-02-27,TORSP,115180
2026-02-28,2026-02-27,TRMK,44849173.2
2026-02-28,2026-02-27,TRNFP,252773344.2
2026-02-28,2026-02-27,TTLK,484177
2026-02-28,2026-02-27,TUZA,1245594
2026-02-28,2026-02-27,UGLD,835210644.8
2026-02-28,2026-02-27,UKUZ,177436
2026-02-28,2026-02-27,UNAC,46782286
2026-02-28,2026-02-27,UNKL,1347260
2026-02-28,2026-02-27,UPRO,283458341.5
2026-02-28,2026-02-27,URKZ,78613.2
2026-02-28,2026-02-27,USBN,2735161
2026-02-28,2026-02-27,UTAR,281997
2026-02-28,2026-02-27,UWGN,35104087.92
2026-02-28,2026-02-27,VEON-RX,587350
2026-02-28,2026-02-27,VGSB,454650
2026-02-28,2026-02-27,VGSBP,282250
2026-02-28,2026-02-27,VJGZ,147275
2026-02-28,2026-02-27,VJGZP,74550
2026-02-28,2026-02-27,VKCO,302056146.2
2026-02-28,2026-02-27,VLHZ,1035928
2026-02-28,2026-02-27,VRSB,1937580
2026-02-28,2026-02-27,VRSBP,63270
2026-02-28,2026-02-27,VSEH,79555183.55
2026-02-28,2026-02-27,VSMO,34885320
2026-02-28,2026-02-27,VSYD,963900
2026-02-28,2026-02-27,VSYDP,45750
2026-02-28,2026-02-27,VTBR,5110838134.71
2026-02-28,2026-02-27,WTCM,639534
2026-02-28,2026-02-27,WTCMP,1629888
2026-02-28,2026-02-27,WUSH,558052442.87
2026-02-28,2026-02-27,X5,955494440.5
2026-02-28,2026-02-27,YAKG,1296491
2026-02-28,2026-02-27,YDEX,1561862281.5
2026-02-28,2026-02-27,YKEN,394190
2026-02-28,2026-02-27,YKENP,13670
2026-02-28,2026-02-27,YRSB,32340
2026-02-28,2026-02-27,YRSBP,80435
2026-02-28,2026-02-27,ZAYM,7024662.5
2026-02-28,2026-02-27,ZILL,6117350
2026-02-28,2026-02-27,ZVEZ,213530
2026-03-31,2026-03-31,ABIO,3377392.2
2026-03-31,2026-03-31,ABRD,7171202
2026-03-31,2026-03-31,AFKS,418842300.2
2026-03-31,2026-03-31,AFLT,611036605.2
2026-03-31,2026-03-31,AKRN,7320908
2026-03-31,2026-03-31,ALRS,972644928.2
2026-03-31,2026-03-31,AMEZ,0
2026-03-31,2026-03-31,APRI,698402.2
2026-03-31,2026-03-31,APTK,10635063.46
2026-03-31,2026-03-31,AQUA,255216681.9
2026-03-31,2026-03-31,ARSA,189758
2026-03-31,2026-03-31,ASSB,1007105
2026-03-31,2026-03-31,ASTR,58855643.65
2026-03-31,2026-03-31,AVAN,1476324
2026-03-31,2026-03-31,BANE,21341007.5
2026-03-31,2026-03-31,BANEP,91407363
2026-03-31,2026-03-31,BAZA,49877050.8
2026-03-31,2026-03-31,BELU,80172925.4
2026-03-31,2026-03-31,BISVP,89813
2026-03-31,2026-03-31,BLNG,4104141
2026-03-31,2026-03-31,BRZL,4352122
2026-03-31,2026-03-31,BSPB,99977215.3
2026-03-31,2026-03-31,BSPBP,12873935
2026-03-31,2026-03-31,CARM,1436388.05
2026-03-31,2026-03-31,CBOM,30679086.2
2026-03-31,2026-03-31,CHGZ,84905754
2026-03-31,2026-03-31,CHKZ,1124700
2026-03-31,2026-03-31,CHMF,794530944
2026-03-31,2026-03-31,CHMK,1306065
2026-03-31,2026-03-31,CNRU,38884207.6
2026-03-31,2026-03-31,CNTL,295512
2026-03-31,2026-03-31,CNTLP,380668
2026-03-31,2026-03-31,DATA,104404164.7
2026-03-31,2026-03-31,DELI,21889646.55
2026-03-31,2026-03-31,DIAS,25697918
2026-03-31,2026-03-31,DIOD,1239495
2026-03-31,2026-03-31,DOMRF,292623848.5
2026-03-31,2026-03-31,DVEC,4191602
2026-03-31,2026-03-31,DZRD,2067035
2026-03-31,2026-03-31,DZRDP,809130
2026-03-31,2026-03-31,EELT,1864898.4
2026-03-31,2026-03-31,ELFV,3920002
2026-03-31,2026-03-31,ELMT,7388997.7
2026-03-31,2026-03-31,ENPG,134090310.2
2026-03-31,2026-03-31,ETLN,48271386.82
2026-03-31,2026-03-31,EUTR,114566962.85
2026-03-31,2026-03-31,FEES,738173301.2
2026-03-31,2026-03-31,FESH,1170809287.6
2026-03-31,2026-03-31,FIXR,64647711.2
2026-03-31,2026-03-31,FLOT,1226516269
2026-03-31,2026-03-31,GAZA,195100
2026-03-31,2026-03-31,GAZAP,46255
2026-03-31,2026-03-31,GAZC,0
2026-03-31,2026-03-31,GAZP,11139981427.4
2026-03-31,2026-03-31,GAZS,0
2026-03-31,2026-03-31,GAZT,0
2026-03-31,2026-03-31,GCHE,20892846
2026-03-31,2026-03-31,GECO,5536008.8
2026-03-31,2026-03-31,GEMA,176818
2026-03-31,2026-03-31,GEMC,4252852.3
2026-03-31,2026-03-31,GLRX,7541932.01
2026-03-31,2026-03-31,GMKN,2542290412.8
2026-03-31,2026-03-31,GTRK,14029063
2026-03-31,2026-03-31,HEAD,504092577
2026-03-31,2026-03-31,HIMCP,331644
2026-03-31,2026-03-31,HNFG,20488311.2
2026-03-31,2026-03-31,HYDR,59265327.7
2026-03-31,2026-03-31,IGST,114460
2026-03-31,2026-03-31,IGSTP,350890
2026-03-31,2026-03-31,IRAO,635670545.35
2026-03-31,2026-03-31,IRKT,58141258
2026-03-31,2026-03-31,IVAT,487214332.85
2026-03-31,2026-03-31,JNOS,100401036
2026-03-31,2026-03-31,JNOSP,51090120
2026-03-31,2026-03-31,KAZT,12977510
2026-03-31,2026-03-31,KAZTP,1913050
2026-03-31,2026-03-31,KBSB,953570
2026-03-31,2026-03-31,KCHE,318000
2026-03-31,2026-03-31,KCHEP,1098350
2026-03-31,2026-03-31,KFBA,85015
2026-03-31,2026-03-31,KGKC,0
2026-03-31,2026-03-31,KGKCP,0
2026-03-31,2026-03-31,KLSB,1280987
2026-03-31,2026-03-31,KLVZ,743045.4
2026-03-31,2026-03-31,KMAZ,6469252
2026-03-31,2026-03-31,KMEZ,143996
2026-03-31,2026-03-31,KOGK,36327
2026-03-31,2026-03-31,KRKN,74900
2026-03-31,2026-03-31,KRKNP,969840
2026-03-31,2026-03-31,KRKOP,124962
2026-03-31,2026-03-31,KROT,3000290
2026-03-31,2026-03-31,KROTP,2092290
2026-03-31,2026-03-31,KRSB,938100
2026-03-31,2026-03-31,KRSBP,614208
2026-03-31,2026-03-31,KUZB,21788
2026-03-31,2026-03-31,KZOS,22022142
2026-03-31,2026-03-31,KZOSP,4056033.5
2026-03-31,2026-03-31,LEAS,37584067.4
2026-03-31,2026-03-31,LENT,89788678.5
2026-03-31,2026-03-31,LIFE,2668232.5
2026-03-31,2026-03-31,LKOH,3180548808.5
2026-03-31,2026-03-31,LMBZ,41220.5
2026-03-31,2026-03-31,LNZL,0
2026-03-31,2026-03-31,LNZLP,0
2026-03-31,2026-03-31,LPSB,643335
2026-03-31,2026-03-31,LSNG,4002910
2026-03-31,2026-03-31,LSNGP,37910279
2026-03-31,2026-03-31,LSRG,30819986.4
2026-03-31,2026-03-31,LVHK,168450
2026-03-31,2026-03-31,MAGE,688732.5
2026-03-31,2026-03-31,MAGEP,1263101.5
2026-03-31,2026-03-31,MAGN,847239048.7
2026-03-31,2026-03-31,MBNK,21282450
2026-03-31,2026-03-31,MDMG,74285360.3
2026-03-31,2026-03-31,MFGS,58550720
2026-03-31,2026-03-31,MFGSP,18081220
2026-03-31,2026-03-31,MGKL,4255477.15
2026-03-31,2026-03-31,MGNT,304594721.5
2026-03-31,2026-03-31,MGNZ,0
2026-03-31,2026-03-31,MGTS,570600
2026-03-31,2026-03-31,MGTSP,1831066
2026-03-31,2026-03-31,MISB,862280
2026-03-31,2026-03-31,MISBP,2907440
2026-03-31,2026-03-31,MOEX,732929652.8
2026-03-31,2026-03-31,MRKC,59290071.2
2026-03-31,2026-03-31,MRKK,589381
2026-03-31,2026-03-31,MRKP,72624918
2026-03-31,2026-03-31,MRKS,5991848
2026-03-31,2026-03-31,MRKU,43931038
2026-03-31,2026-03-31,MRKV,102330951.5
2026-03-31,2026-03-31,MRKY,3845337
2026-03-31,2026-03-31,MRKZ,8041130.5
2026-03-31,2026-03-31,MRSB,2687460
2026-03-31,2026-03-31,MSNG,23928038.5
2026-03-31,2026-03-31,MSRS,24472838
2026-03-31,2026-03-31,MSTT,1223959.5
2026-03-31,2026-03-31,MTLR,339714952.17
2026-03-31,2026-03-31,MTLRP,29876672
2026-03-31,2026-03-31,MTSS,443771695
2026-03-31,2026-03-31,MVID,17553782.35
2026-03-31,2026-03-31,NAUK,978230
2026-03-31,2026-03-31,NFAZ,3625135
2026-03-31,2026-03-31,NKHP,26659835
2026-03-31,2026-03-31,NKNC,36489973
2026-03-31,2026-03-31,NKNCP,151253421.2
2026-03-31,2026-03-31,NKSH,762135
2026-03-31,2026-03-31,NLMK,406059512.4
2026-03-31,2026-03-31,NMTP,115568136
2026-03-31,2026-03-31,NNSB,677920
2026-03-31,2026-03-31,NNSBP,1090108
2026-03-31,2026-03-31,NSVZ,1082360
2026-03-31,2026-03-31,NVTK,4613133895.8
2026-03-31,2026-03-31,OGKB,34316845.3
2026-03-31,2026-03-31,OKEY,721984.5
2026-03-31,2026-03-31,OMZZP,213640
2026-03-31,2026-03-31,OZON,1589166406
2026-03-31,2026-03-31,OZPH,58225274.8
2026-03-31,2026-03-31,PAZA,76120
2026-03-31,2026-03-31,PHOR,960700985
2026-03-31,2026-03-31,PIKK,157816078.4
2026-03-31,2026-03-31,PLZL,3930382267.2
2026-03-31,2026-03-31,PMSB,23332226
2026-03-31,2026-03-31,PMSBP,24507514
2026-03-31,2026-03-31,POSI,166161364.8
2026-03-31,2026-03-31,PRFN,14268611.2
2026-03-31,2026-03-31,PRMB,392800
2026-03-31,2026-03-31,PRMD,33056067.3
2026-03-31,2026-03-31,RAGR,60555029.4
2026-03-31,2026-03-31,RASP,51805428.5
2026-03-31,2026-03-31,RBCM,21010410.5
2026-03-31,2026-03-31,RDRB,896026
2026-03-31,2026-03-31,RENI,101408437.4
2026-03-31,2026-03-31,RGSS,1094739.8
2026-03-31,2026-03-31,RKKE,5252520
2026-03-31,2026-03-31,RNFT,580780263.05
2026-03-31,2026-03-31,ROLO,17070897.4
2026-03-31,2026-03-31,ROSN,8241472263.2
2026-03-31,2026-03-31,ROST,42304
2026-03-31,2026-03-31,RTGZ,86200
2026-03-31,2026-03-31,RTKM,168471410.9
2026-03-31,2026-03-31,RTKMP,27254471
2026-03-31,2026-03-31,RTSB,581945
2026-03-31,2026-03-31,RTSBP,2258066
2026-03-31,2026-03-31,RUAL,1213399593.7
2026-03-31,2026-03-31,RUSI,766105
2026-03-31,2026-03-31,RZSB,1639474
2026-03-31,2026-03-31,SAGO,232165
2026-03-31,2026-03-31,SAGOP,392410
2026-03-31,2026-03-31,SARE,280360
2026-03-31,2026-03-31,SAREP,216890
2026-03-31,2026-03-31,SBER,4097036146.54
2026-03-31,2026-03-31,SBERP,236134114.02
2026-03-31,2026-03-31,SELG,235039372.6
2026-03-31,2026-03-31,SFIN,164300720.2
2026-03-31,2026-03-31,SGZH,46515238.55
2026-03-31,2026-03-31,SIBN,399941073.75
2026-03-31,2026-03-31,SLEN,1101670.5
2026-03-31,2026-03-31,SMLT,2609194621.6
2026-03-31,2026-03-31,SNGS,772808719.5
2026-03-31,2026-03-31,SNGSP,1335211719.35
2026-03-31,2026-03-31,SOFL,55424453
2026-03-31,2026-03-31,SPBE,198714283.3
2026-03-31,2026-03-31,STSB,1511260
2026-03-31,2026-03-31,STSBP,2762205
2026-03-31,2026-03-31,SVAV,41269058.5
2026-03-31,2026-03-31,SVCB,329652327
2026-03-31,2026-03-31,SVET,671042.74
2026-03-31,2026-03-31,SVETP,1218094.65
2026-03-31,2026-03-31,T,4596946491.4
2026-03-31,2026-03-31,TASB,658346
2026-03-31,2026-03-31,TASBP,2690420
2026-03-31,2026-03-31,TATN,1665577474.6
2026-03-31,2026-03-31,TATNP,449950169.8
2026-03-31,2026-03-31,TGKA,85778520.4
2026-03-31,2026-03-31,TGKB,12723190
2026-03-31,2026-03-31,TGKBP,7258031
2026-03-31,2026-03-31,TGKN,149903143
2026-03-31,2026-03-31,TNSE,2546560
2026-03-31,2026-03-31,TORS,428140
2026-03-31,2026-03-31,TORSP,376000
2026-03-31,2026-03-31,TRMK,85883646.2
2026-03-31,2026-03-31,TRNFP,2451612068.6
2026-03-31,2026-03-31,TTLK,5784512.5
2026-03-31,2026-03-31,TUZA,1588758
2026-03-31,2026-03-31,UGLD,385287281
2026-03-31,2026-03-31,UKUZ,93900
2026-03-31,2026-03-31,UNAC,69273085
2026-03-31,2026-03-31,UNKL,1224050
2026-03-31,2026-03-31,UPRO,62421808
2026-03-31,2026-03-31,URKZ,440312.6
2026-03-31,2026-03-31,USBN,2134134
2026-03-31,2026-03-31,UTAR,417165
2026-03-31,2026-03-31,UWGN,24470052.08
2026-03-31,2026-03-31,VEON-RX,563263
2026-03-31,2026-03-31,VGSB,1347750
2026-03-31,2026-03-31,VGSBP,1922550
2026-03-31,2026-03-31,VJGZ,31469395
2026-03-31,2026-03-31,VJGZP,50945412
2026-03-31,2026-03-31,VKCO,463777702.15
2026-03-31,2026-03-31,VLHZ,3807184
2026-03-31,2026-03-31,VRSB,1466890
2026-03-31,2026-03-31,VRSBP,670052
2026-03-31,2026-03-31,VSEH,523007599.34
2026-03-31,2026-03-31,VSMO,24670400
2026-03-31,2026-03-31,VSYD,1710600
2026-03-31,2026-03-31,VSYDP,2100550
2026-03-31,2026-03-31,VTBR,6554004655.81
2026-03-31,2026-03-31,WTCM,1211904
2026-03-31,2026-03-31,WTCMP,2669424
2026-03-31,2026-03-31,WUSH,219632272.43
2026-03-31,2026-03-31,X5,924859760
2026-03-31,2026-03-31,YAKG,3735048.5
2026-03-31,2026-03-31,YDEX,2766584335
2026-03-31,2026-03-31,YKEN,703810
2026-03-31,2026-03-31,YKENP,438210
2026-03-31,2026-03-31,YRSB,1122680
2026-03-31,2026-03-31,YRSBP,908085
2026-03-31,2026-03-31,ZAYM,17465503.5
2026-03-31,2026-03-31,ZILL,110995
2026-03-31,2026-03-31,ZVEZ,327620
2026-04-30,2026-04-30,ABIO,9186470.8
2026-04-30,2026-04-30,ABRD,3746668
2026-04-30,2026-04-30,AFKS,409820809.8
2026-04-30,2026-04-30,AFLT,827711044.8
2026-04-30,2026-04-30,AKRN,5781196
2026-04-30,2026-04-30,ALRS,2248931060.1
2026-04-30,2026-04-30,AMEZ,0
2026-04-30,2026-04-30,APRI,324817.1
2026-04-30,2026-04-30,APTK,20939233.6
2026-04-30,2026-04-30,AQUA,29493375.5
2026-04-30,2026-04-30,ARSA,1132484
2026-04-30,2026-04-30,ASSB,1986100
2026-04-30,2026-04-30,ASTR,897370784.15
2026-04-30,2026-04-30,AVAN,2149859
2026-04-30,2026-04-30,BANE,14323564
2026-04-30,2026-04-30,BANEP,71073950.5
2026-04-30,2026-04-30,BAZA,32598456.6
2026-04-30,2026-04-30,BELU,266149650.8
2026-04-30,2026-04-30,BISVP,997029
2026-04-30,2026-04-30,BLNG,1684264
2026-04-30,2026-04-30,BRZL,2735064
2026-04-30,2026-04-30,BSPB,79594095.9
2026-04-30,2026-04-30,BSPBP,4311465
2026-04-30,2026-04-30,BTBR,58403696.66
2026-04-30,2026-04-30,CARM,15397043.3
2026-04-30,2026-04-30,CBOM,51994996
2026-04-30,2026-04-30,CHGZ,27811122
2026-04-30,2026-04-30,CHKZ,84050
2026-04-30,2026-04-30,CHMF,667418215.6
2026-04-30,2026-04-30,CHMK,226935
2026-04-30,2026-04-30,CNRU,71380010
2026-04-30,2026-04-30,CNTL,108662
2026-04-30,2026-04-30,CNTLP,465110
2026-04-30,2026-04-30,DATA,42699706.84
2026-04-30,2026-04-30,DELI,6070386.2
2026-04-30,2026-04-30,DIAS,10946958.5
2026-04-30,2026-04-30,DIOD,1211352
2026-04-30,2026-04-30,DOMRF,258792411.5
2026-04-30,2026-04-30,DVEC,3103644
2026-04-30,2026-04-30,DZRD,2600220
2026-04-30,2026-04-30,DZRDP,49810
2026-04-30,2026-04-30,EELT,739615.6
2026-04-30,2026-04-30,ELFV,6683817.2
2026-04-30,2026-04-30,ELMT,14861460.3
2026-04-30,2026-04-30,ENPG,101281735.6
2026-04-30,2026-04-30,ETLN,97849975.08
2026-04-30,2026-04-30,EUTR,1145732582.5
2026-04-30,2026-04-30,FEES,160165390.6
2026-04-30,2026-04-30,FESH,569253791.4
2026-04-30,2026-04-30,FIAI,0
2026-04-30,2026-04-30,FIXR,289323531
2026-04-30,2026-04-30,FLOT,132301873.4
2026-04-30,2026-04-30,GAZA,1424080
2026-04-30,2026-04-30,GAZAP,321175
2026-04-30,2026-04-30,GAZC,0
2026-04-30,2026-04-30,GAZP,8947724018.5
2026-04-30,2026-04-30,GAZS,0
2026-04-30,2026-04-30,GAZT,0
2026-04-30,2026-04-30,GCHE,7603202
2026-04-30,2026-04-30,GECO,777502.9
2026-04-30,2026-04-30,GEMA,504231
2026-04-30,2026-04-30,GEMC,7568245.3
2026-04-30,2026-04-30,GLRX,21733090.2
2026-04-30,2026-04-30,GMKN,2546379118
2026-04-30,2026-04-30,GTRK,2839794
2026-04-30,2026-04-30,HEAD,277079477
2026-04-30,2026-04-30,HIMCP,1218684
2026-04-30,2026-04-30,HNFG,8756600.2
2026-04-30,2026-04-30,HYDR,91723426.3
2026-04-30,2026-04-30,IGST,3847720
2026-04-30,2026-04-30,IGSTP,689090
2026-04-30,2026-04-30,IRAO,362131085.4
2026-04-30,2026-04-30,IRKT,61880014
2026-04-30,2026-04-30,IVAT,138206573.95
2026-04-30,2026-04-30,JNOS,20746914
2026-04-30,2026-04-30,JNOSP,10214734
2026-04-30,2026-04-30,KAZT,4488828
2026-04-30,2026-04-30,KAZTP,394300
2026-04-30,2026-04-30,KBSB,1241410
2026-04-30,2026-04-30,KCHE,438860
2026-04-30,2026-04-30,KCHEP,273200
2026-04-30,2026-04-30,KFBA,390185
2026-04-30,2026-04-30,KGKC,0
2026-04-30,2026-04-30,KGKCP,0
2026-04-30,2026-04-30,KLSB,2330974
2026-04-30,2026-04-30,KLVZ,2469492.4
2026-04-30,2026-04-30,KMAZ,7336141
2026-04-30,2026-04-30,KMEZ,5061166
2026-04-30,2026-04-30,KOGK,175983.4
2026-04-30,2026-04-30,KRKN,11050
2026-04-30,2026-04-30,KRKNP,711560
2026-04-30,2026-04-30,KRKOP,490470
2026-04-30,2026-04-30,KROT,4260790
2026-04-30,2026-04-30,KROTP,455160
2026-04-30,2026-04-30,KRSB,898282
2026-04-30,2026-04-30,KRSBP,1594934
2026-04-30,2026-04-30,KUZB,196973.5
2026-04-30,2026-04-30,KZOS,2477204
2026-04-30,2026-04-30,KZOSP,575154.3
2026-04-30,2026-04-30,LEAS,21209068.2
2026-04-30,2026-04-30,LENT,253875582.5
2026-04-30,2026-04-30,LIFE,4464040.5
2026-04-30,2026-04-30,LKOH,5313683073
2026-04-30,2026-04-30,LMBZ,47771.5
2026-04-30,2026-04-30,LNZL,0
2026-04-30,2026-04-30,LNZLP,0
2026-04-30,2026-04-30,LPSB,187125
2026-04-30,2026-04-30,LSNG,9497195
2026-04-30,2026-04-30,LSNGP,41848382
2026-04-30,2026-04-30,LSRG,28375442
2026-04-30,2026-04-30,LVHK,438310
2026-04-30,2026-04-30,MAGE,249208
2026-04-30,2026-04-30,MAGEP,114880.5
2026-04-30,2026-04-30,MAGN,856322478.25
2026-04-30,2026-04-30,MBNK,45115368
2026-04-30,2026-04-30,MDMG,59492708.1
2026-04-30,2026-04-30,MFGS,15827890
2026-04-30,2026-04-30,MFGSP,7798830
2026-04-30,2026-04-30,MGKL,6642685.2
2026-04-30,2026-04-30,MGNT,1647057968
2026-04-30,2026-04-30,MGNZ,0
2026-04-30,2026-04-30,MGTS,123522
2026-04-30,2026-04-30,MGTSP,1634774
2026-04-30,2026-04-30,MISB,289450
2026-04-30,2026-04-30,MISBP,3572980
2026-04-30,2026-04-30,MOEX,523822868.9
2026-04-30,2026-04-30,MRKC,76033126.8
2026-04-30,2026-04-30,MRKK,770809.6
2026-04-30,2026-04-30,MRKP,41976469
2026-04-30,2026-04-30,MRKS,677169.5
2026-04-30,2026-04-30,MRKU,64153466
2026-04-30,2026-04-30,MRKV,88399124
2026-04-30,2026-04-30,MRKY,3254190.5
2026-04-30,2026-04-30,MRKZ,291460747.5
2026-04-30,2026-04-30,MRSB,111940
2026-04-30,2026-04-30,MSNG,58254966.5
2026-04-30,2026-04-30,MSRS,174689067.5
2026-04-30,2026-04-30,MSTT,30369071.5
2026-04-30,2026-04-30,MTLR,356135600.33
2026-04-30,2026-04-30,MTLRP,105669043
2026-04-30,2026-04-30,MTSS,340083658.5
2026-04-30,2026-04-30,MVID,145094920.8
2026-04-30,2026-04-30,NAUK,324195
2026-04-30,2026-04-30,NFAZ,1759830
2026-04-30,2026-04-30,NKHP,7333235
2026-04-30,2026-04-30,NKNC,394648.5
2026-04-30,2026-04-30,NKNCP,3481190.2
2026-04-30,2026-04-30,NKSH,3400945
2026-04-30,2026-04-30,NLMK,428821316.8
2026-04-30,2026-04-30,NMTP,30352172
2026-04-30,2026-04-30,NNSB,779400
2026-04-30,2026-04-30,NNSBP,1436320
2026-04-30,2026-04-30,NSVZ,2150920
2026-04-30,2026-04-30,NVTK,2613868040
2026-04-30,2026-04-30,OGKB,34438447.8
2026-04-30,2026-04-30,OKEY,5770119.4
2026-04-30,2026-04-30,OMZZP,551680
2026-04-30,2026-04-30,OZON,1253802240
2026-04-30,2026-04-30,OZPH,98562218.9
2026-04-30,2026-04-30,PAZA,73000
2026-04-30,2026-04-30,PHOR,374098652
2026-04-30,2026-04-30,PIKK,376372496.2
2026-04-30,2026-04-30,PLZL,3230167846.6
2026-04-30,2026-04-30,PMSB,9510050
2026-04-30,2026-04-30,PMSBP,5499026
2026-04-30,2026-04-30,POSI,142723799.4
2026-04-30,2026-04-30,PRFN,2040070.4
2026-04-30,2026-04-30,PRMB,125400
2026-04-30,2026-04-30,PRMD,154938001.2
2026-04-30,2026-04-30,RAGR,247475678.64
2026-04-30,2026-04-30,RASP,33164762
2026-04-30,2026-04-30,RBCM,3352758.5
2026-04-30,2026-04-30,RDRB,1407842
2026-04-30,2026-04-30,RENI,41508444.8
2026-04-30,2026-04-30,RGSS,827175
2026-04-30,2026-04-30,RKKE,1586490
2026-04-30,2026-04-30,RNFT,351292993
2026-04-30,2026-04-30,ROLO,12589476.2
2026-04-30,2026-04-30,ROSN,1865556204.2
2026-04-30,2026-04-30,ROST,98342
2026-04-30,2026-04-30,RTGZ,40600
2026-04-30,2026-04-30,RTKM,123839396.9
2026-04-30,2026-04-30,RTKMP,44041656.5
2026-04-30,2026-04-30,RTSB,262650
2026-04-30,2026-04-30,RTSBP,3606468
2026-04-30,2026-04-30,RUAL,778628308.8
2026-04-30,2026-04-30,RUSI,1239952
2026-04-30,2026-04-30,RZSB,1050092
2026-04-30,2026-04-30,SAGO,108925
2026-04-30,2026-04-30,SAGOP,229445
2026-04-30,2026-04-30,SARE,4562300
2026-04-30,2026-04-30,SAREP,3455435
2026-04-30,2026-04-30,SBER,6053620257.56
2026-04-30,2026-04-30,SBERP,449090215.1
2026-04-30,2026-04-30,SELG,149085722.1
2026-04-30,2026-04-30,SFIN,100970718.8
2026-04-30,2026-04-30,SGZH,248667912.45
2026-04-30,2026-04-30,SIBN,320736965.65
2026-04-30,2026-04-30,SLEN,768339
2026-04-30,2026-04-30,SMLT,1763011460
2026-04-30,2026-04-30,SNGS,601026785.5
2026-04-30,2026-04-30,SNGSP,1068294736.25
2026-04-30,2026-04-30,SOFL,99855689.8
2026-04-30,2026-04-30,SPBE,818869650
2026-04-30,2026-04-30,STSB,18634835
2026-04-30,2026-04-30,STSBP,4159185
2026-04-30,2026-04-30,SVAV,26698448.5
2026-04-30,2026-04-30,SVCB,469411313.5
2026-04-30,2026-04-30,SVET,607812
2026-04-30,2026-04-30,SVETP,2962541.75
2026-04-30,2026-04-30,T,2609274917.1
2026-04-30,2026-04-30,TASB,2441794
2026-04-30,2026-04-30,TASBP,573500
2026-04-30,2026-04-30,TATN,1099066430.5
2026-04-30,2026-04-30,TATNP,262543161.1
2026-04-30,2026-04-30,TGKA,9528248.6
2026-04-30,2026-04-30,TGKB,3713335
2026-04-30,2026-04-30,TGKBP,92596
2026-04-30,2026-04-30,TGKN,24103439
2026-04-30,2026-04-30,TNSE,2074705
2026-04-30,2026-04-30,TORS,642580
2026-04-30,2026-04-30,TORSP,184610
2026-04-30,2026-04-30,TRMK,53531698.4
2026-04-30,2026-04-30,TRNFP,584006751
2026-04-30,2026-04-30,TTLK,15951850
2026-04-30,2026-04-30,TUZA,1059090
2026-04-30,2026-04-30,UGLD,609917780.4
2026-04-30,2026-04-30,UKUZ,785788
2026-04-30,2026-04-30,UNAC,61009085.5
2026-04-30,2026-04-30,UNKL,380160
2026-04-30,2026-04-30,UPRO,194645329.5
2026-04-30,2026-04-30,URKZ,33118.6
2026-04-30,2026-04-30,USBN,1326483
2026-04-30,2026-04-30,UTAR,976479
2026-04-30,2026-04-30,UWGN,149768699.56
2026-04-30,2026-04-30,VEON-RX,44251
2026-04-30,2026-04-30,VGSB,725100
2026-04-30,2026-04-30,VGSBP,689150
2026-04-30,2026-04-30,VJGZ,12746675
2026-04-30,2026-04-30,VJGZP,19263466
2026-04-30,2026-04-30,VKCO,641445850.4
2026-04-30,2026-04-30,VLHZ,2376310
2026-04-30,2026-04-30,VRSB,9323170
2026-04-30,2026-04-30,VRSBP,13820286
2026-04-30,2026-04-30,VSEH,62660558.38
2026-04-30,2026-04-30,VSMO,17456620
2026-04-30,2026-04-30,VSYD,2792500
2026-04-30,2026-04-30,VSYDP,22200
2026-04-30,2026-04-30,VTBR,3657335532.46
2026-04-30,2026-04-30,WTCM,347128
2026-04-30,2026-04-30,WTCMP,524612
2026-04-30,2026-04-30,WUSH,145358427.65
2026-04-30,2026-04-30,X5,1539657936
2026-04-30,2026-04-30,YAKG,2153049.5
2026-04-30,2026-04-30,YDEX,2643169407.5
2026-04-30,2026-04-30,YKEN,133840
2026-04-30,2026-04-30,YKENP,272540
2026-04-30,2026-04-30,YRSB,168420
2026-04-30,2026-04-30,YRSBP,256970
2026-04-30,2026-04-30,ZAYM,8789672
2026-04-30,2026-04-30,ZILL,1034445
2026-04-30,2026-04-30,ZVEZ,220240
2026-05-31,2026-05-29,ABIO,5930770.4
2026-05-31,2026-05-29,ABRD,2572998
2026-05-31,2026-05-29,AFKS,3614901418.4
2026-05-31,2026-05-29,AFLT,3596087512.6
2026-05-31,2026-05-29,AKRN,13393384
2026-05-31,2026-05-29,ALRS,1078347255.4
2026-05-31,2026-05-29,AMEZ,0
2026-05-31,2026-05-29,APRI,165678.1
2026-05-31,2026-05-29,APTK,2144287.3
2026-05-31,2026-05-29,AQUA,60490307.6
2026-05-31,2026-05-29,ARSA,88124
2026-05-31,2026-05-29,ASSB,3222870
2026-05-31,2026-05-29,ASTR,523430686.75
2026-05-31,2026-05-29,AVAN,571287
2026-05-31,2026-05-29,BANE,17546075
2026-05-31,2026-05-29,BANEP,48254869
2026-05-31,2026-05-29,BAZA,17241479
2026-05-31,2026-05-29,BELU,165989048.4
2026-05-31,2026-05-29,BISVP,1505353
2026-05-31,2026-05-29,BLNG,2249790
2026-05-31,2026-05-29,BRZL,290544
2026-05-31,2026-05-29,BSPB,63209596.9
2026-05-31,2026-05-29,BSPBP,1783220
2026-05-31,2026-05-29,BTBR,25673514.01
2026-05-31,2026-05-29,CARM,447127.65
2026-05-31,2026-05-29,CBOM,602086807.4
2026-05-31,2026-05-29,CHGZ,14175116
2026-05-31,2026-05-29,CHKZ,470850
2026-05-31,2026-05-29,CHMF,649145644
2026-05-31,2026-05-29,CHMK,1756635
2026-05-31,2026-05-29,CNRU,132953401.8
2026-05-31,2026-05-29,CNTL,564538
2026-05-31,2026-05-29,CNTLP,211641
2026-05-31,2026-05-29,DATA,26111026.62
2026-05-31,2026-05-29,DELI,41374361.85
2026-05-31,2026-05-29,DIAS,75475989.5
2026-05-31,2026-05-29,DIOD,66773
2026-05-31,2026-05-29,DOMRF,601541147.9
2026-05-31,2026-05-29,DVEC,1174117
2026-05-31,2026-05-29,DZRD,849045
2026-05-31,2026-05-29,DZRDP,217180
2026-05-31,2026-05-29,EELT,2493628.4
2026-05-31,2026-05-29,ELFV,3612509.8
2026-05-31,2026-05-29,ELMT,7597319.95
2026-05-31,2026-05-29,ENPG,74912694.5
2026-05-31,2026-05-29,ETLN,29187040.12
2026-05-31,2026-05-29,EUTR,317065210.35
2026-05-31,2026-05-29,EVRZ,131781967.9
2026-05-31,2026-05-29,FEES,204506507.2
2026-05-31,2026-05-29,FESH,149577386.2
2026-05-31,2026-05-29,FIXR,217898689.6
2026-05-31,2026-05-29,FLOT,445277061.2
2026-05-31,2026-05-29,GAZA,133470
2026-05-31,2026-05-29,GAZAP,100650
2026-05-31,2026-05-29,GAZC,0
2026-05-31,2026-05-29,GAZP,3584112730.3
2026-05-31,2026-05-29,GAZS,0
2026-05-31,2026-05-29,GAZT,0
2026-05-31,2026-05-29,GCHE,13692986
2026-05-31,2026-05-29,GECO,4355957.1
2026-05-31,2026-05-29,GEMA,1345118
2026-05-31,2026-05-29,GEMC,3887338.2
2026-05-31,2026-05-29,GLRX,174258704.02
2026-05-31,2026-05-29,GMKN,1409887762.2
2026-05-31,2026-05-29,GTRK,9073280
2026-05-31,2026-05-29,HEAD,529505905
2026-05-31,2026-05-29,HIMCP,1878418
2026-05-31,2026-05-29,HNFG,6308384.6
2026-05-31,2026-05-29,HYDR,103556914.2
2026-05-31,2026-05-29,IGST,1295660
2026-05-31,2026-05-29,IGSTP,107250
2026-05-31,2026-05-29,IRAO,215680881.8
2026-05-31,2026-05-29,IRKT,34269866
2026-05-31,2026-05-29,IVAT,360345835.3
2026-05-31,2026-05-29,JNOS,5792388
2026-05-31,2026-05-29,JNOSP,2451344
2026-05-31,2026-05-29,KAZT,2370444
2026-05-31,2026-05-29,KAZTP,665595
2026-05-31,2026-05-29,KBSB,513720
2026-05-31,2026-05-29,KCHE,10560
2026-05-31,2026-05-29,KCHEP,85700
2026-05-31,2026-05-29,KFBA,42270
2026-05-31,2026-05-29,KGKC,0
2026-05-31,2026-05-29,KGKCP,0
2026-05-31,2026-05-29,KLSB,314853
2026-05-31,2026-05-29,KLVZ,474849.8
2026-05-31,2026-05-29,KMAZ,12358557
2026-05-31,2026-05-29,KMEZ,426122
2026-05-31,2026-05-29,KOGK,249420.4
2026-05-31,2026-05-29,KRKN,2492200
2026-05-31,2026-05-29,KRKNP,4118640
2026-05-31,2026-05-29,KRKOP,266666
2026-05-31,2026-05-29,KROT,549650
2026-05-31,2026-05-29,KROTP,109620
2026-05-31,2026-05-29,KRSB,504840
2026-05-31,2026-05-29,KRSBP,378020
2026-05-31,2026-05-29,KUZB,228741
2026-05-31,2026-05-29,KZOS,535204
2026-05-31,2026-05-29,KZOSP,1047825.5
2026-05-31,2026-05-29,LEAS,23031478.4
2026-05-31,2026-05-29,LENT,94426707
2026-05-31,2026-05-29,LIFE,2148879
2026-05-31,2026-05-29,LKOH,3790534350
2026-05-31,2026-05-29,LMBZ,6828731
2026-05-31,2026-05-29,LNZL,0
2026-05-31,2026-05-29,LNZLP,0
2026-05-31,2026-05-29,LPSB,532550
2026-05-31,2026-05-29,LSNG,3195384
2026-05-31,2026-05-29,LSNGP,107812193.5
2026-05-31,2026-05-29,LSRG,56455772.2
2026-05-31,2026-05-29,LVHK,1279185
2026-05-31,2026-05-29,MAGE,726916
2026-05-31,2026-05-29,MAGEP,39418.5
2026-05-31,2026-05-29,MAGN,1640461120.1
2026-05-31,2026-05-29,MBNK,33634970
2026-05-31,2026-05-29,MDMG,38575492.2
2026-05-31,2026-05-29,MFGS,430700
2026-05-31,2026-05-29,MFGSP,473750
2026-05-31,2026-05-29,MGKL,2380577.75
2026-05-31,2026-05-29,MGNT,717985178
2026-05-31,2026-05-29,MGNZ,0
2026-05-31,2026-05-29,MGTS,1019228
2026-05-31,2026-05-29,MGTSP,11100744
2026-05-31,2026-05-29,MISB,430070
2026-05-31,2026-05-29,MISBP,613340
2026-05-31,2026-05-29,MOEX,947282767.8
2026-05-31,2026-05-29,MRKC,85507748
2026-05-31,2026-05-29,MRKK,2118176.4
2026-05-31,2026-05-29,MRKP,28076070
2026-05-31,2026-05-29,MRKS,3277552.5
2026-05-31,2026-05-29,MRKU,12221212
2026-05-31,2026-05-29,MRKV,22701118.5
2026-05-31,2026-05-29,MRKY,3254326.5
2026-05-31,2026-05-29,MRKZ,93531317.5
2026-05-31,2026-05-29,MRSB,153760
2026-05-31,2026-05-29,MSNG,77564715.5
2026-05-31,2026-05-29,MSRS,24564333.5
2026-05-31,2026-05-29,MSTT,3462982
2026-05-31,2026-05-29,MTLR,1172513412.28
2026-05-31,2026-05-29,MTLRP,121794109
2026-05-31,2026-05-29,MTSS,621967277.5
2026-05-31,2026-05-29,MVID,206802221
2026-05-31,2026-05-29,NAUK,324290
2026-05-31,2026-05-29,NFAZ,2630220
2026-05-31,2026-05-29,NKHP,2827440
2026-05-31,2026-05-29,NKNC,1233689.5
2026-05-31,2026-05-29,NKNCP,4379086.6
2026-05-31,2026-05-29,NKSH,870515
2026-05-31,2026-05-29,NLMK,722267595.4
2026-05-31,2026-05-29,NMTP,103682929
2026-05-31,2026-05-29,NNSB,971880
2026-05-31,2026-05-29,NNSBP,486008
2026-05-31,2026-05-29,NSVZ,527955
2026-05-31,2026-05-29,NVTK,1285960315.6
2026-05-31,2026-05-29,OGKB,25665796.3
2026-05-31,2026-05-29,OKEY,1731813.7
2026-05-31,2026-05-29,OMZZP,132900
2026-05-31,2026-05-29,OZON,1332126689.5
2026-05-31,2026-05-29,OZPH,32211424.1
2026-05-31,2026-05-29,PAZA,43040
2026-05-31,2026-05-29,PHOR,566848637
2026-05-31,2026-05-29,PIKK,140000893
2026-05-31,2026-05-29,PLZL,788160439.2
2026-05-31,2026-05-29,PMSB,16105121
2026-05-31,2026-05-29,PMSBP,7808396
2026-05-31,2026-05-29,POSI,542051056
2026-05-31,2026-05-29,PRFN,377522.6
2026-05-31,2026-05-29,PRMB,757400
2026-05-31,2026-05-29,PRMD,46420696.55
2026-05-31,2026-05-29,RAGR,1640384739.24
2026-05-31,2026-05-29,RASP,70523064.5
2026-05-31,2026-05-29,RBCM,10326537.5
2026-05-31,2026-05-29,RDRB,993014
2026-05-31,2026-05-29,RENI,75086053.4
2026-05-31,2026-05-29,RGSS,87918.8
2026-05-31,2026-05-29,RKKE,1360470
2026-05-31,2026-05-29,RNFT,397636300.15
2026-05-31,2026-05-29,ROLO,29776177
2026-05-31,2026-05-29,ROSN,1570430707.05
2026-05-31,2026-05-29,ROST,1912024
2026-05-31,2026-05-29,RTGZ,484200
2026-05-31,2026-05-29,RTKM,162913844
2026-05-31,2026-05-29,RTKMP,49998385.5
2026-05-31,2026-05-29,RTSB,118265
2026-05-31,2026-05-29,RTSBP,1863714
2026-05-31,2026-05-29,RUAL,707081723.45
2026-05-31,2026-05-29,RUSI,582797
2026-05-31,2026-05-29,RZSB,1179524
2026-05-31,2026-05-29,SAGO,126110
2026-05-31,2026-05-29,SAGOP,122955
2026-05-31,2026-05-29,SARE,937290
2026-05-31,2026-05-29,SAREP,132630
2026-05-31,2026-05-29,SBER,5531357567.21
2026-05-31,2026-05-29,SBERP,390199085.11
2026-05-31,2026-05-29,SELG,63982026.8
2026-05-31,2026-05-29,SFIN,235229248
2026-05-31,2026-05-29,SGZH,93161757.9
2026-05-31,2026-05-29,SIBN,267218519.2
2026-05-31,2026-05-29,SLEN,630094
2026-05-31,2026-05-29,SMLT,3915678416.6
2026-05-31,2026-05-29,SNGS,274453236.5
2026-05-31,2026-05-29,SNGSP,508150994.95
2026-05-31,2026-05-29,SOFL,68732861.8
2026-05-31,2026-05-29,SPBE,449194290.2
2026-05-31,2026-05-29,STSB,4242755
2026-05-31,2026-05-29,STSBP,4874090
2026-05-31,2026-05-29,SVAV,88904889.5
2026-05-31,2026-05-29,SVCB,359388442.5
2026-05-31,2026-05-29,SVET,308407.18
2026-05-31,2026-05-29,SVETP,1233307.4
2026-05-31,2026-05-29,T,2331521488.32
2026-05-31,2026-05-29,TASB,133334
2026-05-31,2026-05-29,TASBP,558020
2026-05-31,2026-05-29,TATN,833487732.7
2026-05-31,2026-05-29,TATNP,125629818.6
2026-05-31,2026-05-29,TGKA,27184686
2026-05-31,2026-05-29,TGKB,7735250
2026-05-31,2026-05-29,TGKBP,2989749
2026-05-31,2026-05-29,TGKN,31691021
2026-05-31,2026-05-29,TNSE,1558265
2026-05-31,2026-05-29,TORS,255460
2026-05-31,2026-05-29,TORSP,1289120
2026-05-31,2026-05-29,TRMK,94613332.4
2026-05-31,2026-05-29,TRNFP,635963879
2026-05-31,2026-05-29,TTLK,1930040
2026-05-31,2026-05-29,TUZA,3701784
2026-05-31,2026-05-29,UGLD,920639829.8
2026-05-31,2026-05-29,UKUZ,6264
2026-05-31,2026-05-29,UNAC,50760418.5
2026-05-31,2026-05-29,UNKL,2063030
2026-05-31,2026-05-29,UPRO,99991101.5
2026-05-31,2026-05-29,URKZ,21217.4
2026-05-31,2026-05-29,USBN,3155922
2026-05-31,2026-05-29,UTAR,364899
2026-05-31,2026-05-29,UWGN,48439930.54
2026-05-31,2026-05-29,VEON-RX,1619885
2026-05-31,2026-05-29,VGSB,5812700
2026-05-31,2026-05-29,VGSBP,6459750
2026-05-31,2026-05-29,VJGZ,2835615
2026-05-31,2026-05-29,VJGZP,3682406
2026-05-31,2026-05-29,VKCO,921873536.6
2026-05-31,2026-05-29,VLHZ,1327422
2026-05-31,2026-05-29,VRSB,460370
2026-05-31,2026-05-29,VRSBP,2138030
2026-05-31,2026-05-29,VSEH,14782637.92
2026-05-31,2026-05-29,VSMO,10307300
2026-05-31,2026-05-29,VSYD,5069200
2026-05-31,2026-05-29,VSYDP,714900
2026-05-31,2026-05-29,VTBR,5592005887.23
2026-05-31,2026-05-29,WTCM,348940
2026-05-31,2026-05-29,WTCMP,149460
2026-05-31,2026-05-29,WUSH,1654655483.83
2026-05-31,2026-05-29,X5,773483573
2026-05-31,2026-05-29,YAKG,195875
2026-05-31,2026-05-29,YDEX,1236665160
2026-05-31,2026-05-29,YKEN,337890
2026-05-31,2026-05-29,YKENP,90010
2026-05-31,2026-05-29,YRSB,60340
2026-05-31,2026-05-29,YRSBP,376310
2026-05-31,2026-05-29,ZAYM,7994389.5
2026-05-31,2026-05-29,ZILL,573675
2026-05-31,2026-05-29,ZVEZ,1225790
2026-06-30,2026-06-30,ABIO,11614475.6
2026-06-30,2026-06-30,ABRD,3655400
2026-06-30,2026-06-30,AFKS,6261314189.6
2026-06-30,2026-06-30,AFLT,1333816683.6
2026-06-30,2026-06-30,AKAI,240112.67
2026-06-30,2026-06-30,AKBC,1348817.1
2026-06-30,2026-06-30,AKCN,357052.4
2026-06-30,2026-06-30,AKFB,899457492.22
2026-06-30,2026-06-30,AKFN,91414.2
2026-06-30,2026-06-30,AKGD,16402720.79
2026-06-30,2026-06-30,AKGP,62021345.91
2026-06-30,2026-06-30,AKHT,194547.62
2026-06-30,2026-06-30,AKIE,825230.48
2026-06-30,2026-06-30,AKMB,276372999.92
2026-06-30,2026-06-30,AKMC,2849654.4
2026-06-30,2026-06-30,AKME,29060444.54
2026-06-30,2026-06-30,AKMM,7849921113.78
2026-06-30,2026-06-30,AKMP,451044651.85
2026-06-30,2026-06-30,AKPP,4102316.42
2026-06-30,2026-06-30,AKQU,292083.4
2026-06-30,2026-06-30,AKRN,3994676
2026-06-30,2026-06-30,AKUP,1762136.67
2026-06-30,2026-06-30,ALRS,1073285591.1
2026-06-30,2026-06-30,AMEZ,0
2026-06-30,2026-06-30,AMFL,10553711.9
2026-06-30,2026-06-30,AMGB,850838.4
2026-06-30,2026-06-30,AMGL,27190248.4
2026-06-30,2026-06-30,AMIX,1039010.3
2026-06-30,2026-06-30,AMNR,1130249089.45
2026-06-30,2026-06-30,AMNY,273893977.47
2026-06-30,2026-06-30,AMRE,1395885.8
2026-06-30,2026-06-30,AMRH,78924.5
2026-06-30,2026-06-30,AMVD,3648939
2026-06-30,2026-06-30,AMVY,2322140
2026-06-30,2026-06-30,APRI,1224805
2026-06-30,2026-06-30,APTK,6400463.52
2026-06-30,2026-06-30,AQUA,73337467
2026-06-30,2026-06-30,ARSA,250181
2026-06-30,2026-06-30,ASSB,1243520
2026-06-30,2026-06-30,ASTR,334695489.95
2026-06-30,2026-06-30,AVAN,2326482
2026-06-30,2026-06-30,BANE,23547384.5
2026-06-30,2026-06-30,BANEP,81816875
2026-06-30,2026-06-30,BAZA,42856982.4
2026-06-30,2026-06-30,BCSB,4951037.35
2026-06-30,2026-06-30,BCSD,894366410.24
2026-06-30,2026-06-30,BCSE,2133934.5
2026-06-30,2026-06-30,BCSG,656851.87
2026-06-30,2026-06-30,BCSR,543244.4
2026-06-30,2026-06-30,BCSW,315255.44
2026-06-30,2026-06-30,BELU,173882426.4
2026-06-30,2026-06-30,BISVP,524402
2026-06-30,2026-06-30,BLNG,2421036
2026-06-30,2026-06-30,BNDA,7337.9
2026-06-30,2026-06-30,BNDB,120120.7
2026-06-30,2026-06-30,BNDC,519300.4
2026-06-30,2026-06-30,BOND,4119507.2
2026-06-30,2026-06-30,BRZL,5753472
2026-06-30,2026-06-30,BSPB,199151930.1
2026-06-30,2026-06-30,BSPBP,9889130
2026-06-30,2026-06-30,BTBR,16846469.71
2026-06-30,2026-06-30,CARM,794028.8
2026-06-30,2026-06-30,CASH,239468412.21
2026-06-30,2026-06-30,CBOM,77800778.9
2026-06-30,2026-06-30,CHGZ,36903652
2026-06-30,2026-06-30,CHKZ,190800
2026-06-30,2026-06-30,CHMF,2459035936.2
2026-06-30,2026-06-30,CHMK,441585
2026-06-30,2026-06-30,CNRU,228653828
2026-06-30,2026-06-30,CNTL,279196
2026-06-30,2026-06-30,CNTLP,241781
2026-06-30,2026-06-30,CNYM,140776739.45
2026-06-30,2026-06-30,DATA,118499282.28
2026-06-30,2026-06-30,DELI,30398765.7
2026-06-30,2026-06-30,DIAS,29096865
2026-06-30,2026-06-30,DIOD,1168644
2026-06-30,2026-06-30,DIVD,925005.6
2026-06-30,2026-06-30,DOMRF,849011206
2026-06-30,2026-06-30,DVEC,1981284
2026-06-30,2026-06-30,DZRD,12429140
2026-06-30,2026-06-30,DZRDP,289970
2026-06-30,2026-06-30,EELT,4182600.4
2026-06-30,2026-06-30,ELFV,4470153.4
2026-06-30,2026-06-30,ELMT,5148387
2026-06-30,2026-06-30,ENPG,230142798.45
2026-06-30,2026-06-30,EQMX,180201939.55
2026-06-30,2026-06-30,ESGE,387457.01
2026-06-30,2026-06-30,ESGR,249873.5
2026-06-30,2026-06-30,ETLN,42221363.64
2026-06-30,2026-06-30,EUTR,70284391.1
2026-06-30,2026-06-30,EVRZ,7473120.5
2026-06-30,2026-06-30,FEES,165686200.6
2026-06-30,2026-06-30,FESH,192146490.5
2026-06-30,2026-06-30,FINC,1380.1
2026-06-30,2026-06-30,FIXR,109828773.9
2026-06-30,2026-06-30,FLOT,278808904.1
2026-06-30,2026-06-30,FLOW,21688266.4
2026-06-30,2026-06-30,FMBR,1747656.94
2026-06-30,2026-06-30,FMMM,126127645.22
2026-06-30,2026-06-30,FMSA,58783.05
2026-06-30,2026-06-30,GAZA,71330
2026-06-30,2026-06-30,GAZAP,161690
2026-06-30,2026-06-30,GAZC,0
2026-06-30,2026-06-30,GAZP,6129451091.1
2026-06-30,2026-06-30,GAZS,0
2026-06-30,2026-06-30,GAZT,0
2026-06-30,2026-06-30,GCHE,8621069
2026-06-30,2026-06-30,GECO,3698611.9
2026-06-30,2026-06-30,GEMA,698928
2026-06-30,2026-06-30,GEMC,10956383.9
2026-06-30,2026-06-30,GLRX,51645497.31
2026-06-30,2026-06-30,GMKN,2892070640.6
2026-06-30,2026-06-30,GOLD,129039843.58
2026-06-30,2026-06-30,GOOD,3165365
2026-06-30,2026-06-30,GROD,377816
2026-06-30,2026-06-30,GTRK,3628091
2026-06-30,2026-06-30,HEAD,340752562
2026-06-30,2026-06-30,HIMCP,956358
2026-06-30,2026-06-30,HNFG,29101233.8
2026-06-30,2026-06-30,HYDR,209571402.8
2026-06-30,2026-06-30,IGST,3420680
2026-06-30,2026-06-30,IGSTP,2507560
2026-06-30,2026-06-30,INCB,6862352.04
2026-06-30,2026-06-30,INFL,313477.38
2026-06-30,2026-06-30,INGO,2306793.35
2026-06-30,2026-06-30,IRAO,512013302.4
2026-06-30,2026-06-30,IRKT,103147940
2026-06-30,2026-06-30,IVAT,186090578.75
2026-06-30,2026-06-30,JNOS,23367448
2026-06-30,2026-06-30,JNOSP,17787164
2026-06-30,2026-06-30,KAZT,2908720
2026-06-30,2026-06-30,KAZTP,529760
2026-06-30,2026-06-30,KBSB,1901390
2026-06-30,2026-06-30,KCHE,250060
2026-06-30,2026-06-30,KCHEP,677800
2026-06-30,2026-06-30,KFBA,136860
2026-06-30,2026-06-30,KGKC,0
2026-06-30,2026-06-30,KGKCP,0
2026-06-30,2026-06-30,KLSB,308167
2026-06-30,2026-06-30,KLVZ,348066.4
2026-06-30,2026-06-30,KMAZ,38903145
2026-06-30,2026-06-30,KMEZ,370434
2026-06-30,2026-06-30,KOGK,4857166.2
2026-06-30,2026-06-30,KRKN,800550
2026-06-30,2026-06-30,KRKNP,2182640
2026-06-30,2026-06-30,KRKOP,1826660
2026-06-30,2026-06-30,KROT,5036820
2026-06-30,2026-06-30,KROTP,2586450
2026-06-30,2026-06-30,KRSB,400130
2026-06-30,2026-06-30,KRSBP,63642
2026-06-30,2026-06-30,KUZB,109209.5
2026-06-30,2026-06-30,KZOS,3589253
2026-06-30,2026-06-30,KZOSP,1862534.4
2026-06-30,2026-06-30,LEAS,62412043.3
2026-06-30,2026-06-30,LENT,94927570
2026-06-30,2026-06-30,LIFE,25435347
2026-06-30,2026-06-30,LKOH,6838216134
2026-06-30,2026-06-30,LMBZ,1445907.5
2026-06-30,2026-06-30,LNZL,0
2026-06-30,2026-06-30,LNZLP,0
2026-06-30,2026-06-30,LPSB,2075370
2026-06-30,2026-06-30,LQDT,3598932582.83
2026-06-30,2026-06-30,LSNG,8863266
2026-06-30,2026-06-30,LSNGP,67263881.5
2026-06-30,2026-06-30,LSRG,80571976.4
2026-06-30,2026-06-30,LVHK,679350
2026-06-30,2026-06-30,MAGE,605153
2026-06-30,2026-06-30,MAGEP,735863
2026-06-30,2026-06-30,MAGN,2373450671.3
2026-06-30,2026-06-30,MBNK,68176152
2026-06-30,2026-06-30,MDMG,137580416.2
2026-06-30,2026-06-30,MFGS,17248090
2026-06-30,2026-06-30,MFGSP,8864590
2026-06-30,2026-06-30,MGKL,3527981.5
2026-06-30,2026-06-30,MGNT,1806591277
2026-06-30,2026-06-30,MGNZ,0
2026-06-30,2026-06-30,MGTS,1930150
2026-06-30,2026-06-30,MGTSP,4953152
2026-06-30,2026-06-30,MISB,2272150
2026-06-30,2026-06-30,MISBP,865330
2026-06-30,2026-06-30,MKBD,353233
2026-06-30,2026-06-30,MOEX,834672207
2026-06-30,2026-06-30,MONY,117678.31
2026-06-30,2026-06-30,MRKC,53815337.2
2026-06-30,2026-06-30,MRKK,288148.8
2026-06-30,2026-06-30,MRKP,286100699
2026-06-30,2026-06-30,MRKS,5502193
2026-06-30,2026-06-30,MRKU,116530614
2026-06-30,2026-06-30,MRKV,94396389
2026-06-30,2026-06-30,MRKY,4795185
2026-06-30,2026-06-30,MRKZ,32940270.5
2026-06-30,2026-06-30,MRSB,127460
2026-06-30,2026-06-30,MSNG,261868463.5
2026-06-30,2026-06-30,MSRS,69247491.5
2026-06-30,2026-06-30,MSTT,11020222
2026-06-30,2026-06-30,MTLR,762868265.71
2026-06-30,2026-06-30,MTLRP,115289067
2026-06-30,2026-06-30,MTSS,982287255.5
2026-06-30,2026-06-30,MVID,50505105.95
2026-06-30,2026-06-30,NAUK,197430
2026-06-30,2026-06-30,NFAZ,4402640
2026-06-30,2026-06-30,NFKL,15945.91
2026-06-30,2026-06-30,NKHP,23493130
2026-06-30,2026-06-30,NKNC,2423352
2026-06-30,2026-06-30,NKNCP,12768187.2
2026-06-30,2026-06-30,NKSH,805880
2026-06-30,2026-06-30,NLMK,1869759064.2
2026-06-30,2026-06-30,NMTP,118281720
2026-06-30,2026-06-30,NNSB,2381090
2026-06-30,2026-06-30,NNSBP,155958
2026-06-30,2026-06-30,NSVZ,2347705
2026-06-30,2026-06-30,NVTK,3534540697.1
2026-06-30,2026-06-30,OBLG,65205940.38
2026-06-30,2026-06-30,OGKB,36481459.2
2026-06-30,2026-06-30,OKEY,1335599.5
2026-06-30,2026-06-30,OLIQ,9422.55
2026-06-30,2026-06-30,OMZZP,1382500
2026-06-30,2026-06-30,OZON,2705578966.5
2026-06-30,2026-06-30,OZPH,74276031.5
2026-06-30,2026-06-30,PAZA,32660
2026-06-30,2026-06-30,PHOR,787514784
2026-06-30,2026-06-30,PIKK,206798450.8
2026-06-30,2026-06-30,PLZL,1463944862
2026-06-30,2026-06-30,PMSB,7788425
2026-06-30,2026-06-30,PMSBP,5578170
2026-06-30,2026-06-30,POSI,724785527
2026-06-30,2026-06-30,PRFN,1877036.2
2026-06-30,2026-06-30,PRIE,8872
2026-06-30,2026-06-30,PRMB,542800
2026-06-30,2026-06-30,PRMD,115650748.25
2026-06-30,2026-06-30,PSGM,752360.89
2026-06-30,2026-06-30,PSMM,111406494.19
2026-06-30,2026-06-30,PSRB,322991.4
2026-06-30,2026-06-30,PSRE,21542.93
2026-06-30,2026-06-30,RAGR,281680477.76
2026-06-30,2026-06-30,RASP,111453731
2026-06-30,2026-06-30,RBCM,28655468
2026-06-30,2026-06-30,RDRB,766236
2026-06-30,2026-06-30,RENI,67130481.6
2026-06-30,2026-06-30,RGSS,884947.6
2026-06-30,2026-06-30,RKKE,3510820
2026-06-30,2026-06-30,RNFT,381549509.65
2026-06-30,2026-06-30,ROLO,15001313.6
2026-06-30,2026-06-30,ROSN,3883848592.95
2026-06-30,2026-06-30,ROST,466426
2026-06-30,2026-06-30,RSHU,342523.58
2026-06-30,2026-06-30,RTGZ,6405400
2026-06-30,2026-06-30,RTKM,296112199.6
2026-06-30,2026-06-30,RTKMP,73031905.5
2026-06-30,2026-06-30,RTSB,917545
2026-06-30,2026-06-30,RTSBP,4526852
2026-06-30,2026-06-30,RU0005418747,118567.5
2026-06-30,2026-06-30,RU0006922010,16908406.9
2026-06-30,2026-06-30,RU0006922044,183952.6
2026-06-30,2026-06-30,RU000A0HGNG6,7337910
2026-06-30,2026-06-30,RU000A0HGNH4,40512
2026-06-30,2026-06-30,RU000A0JP773,3636765.6
2026-06-30,2026-06-30,RU000A0JP799,22111896.59
2026-06-30,2026-06-30,RU000A0JPMD2,2818800
2026-06-30,2026-06-30,RU000A0JPZL7,0
2026-06-30,2026-06-30,RU000A0JPZP8,0
2026-06-30,2026-06-30,RU000A0JR282,22507785
2026-06-30,2026-06-30,RU000A0JR290,64285
2026-06-30,2026-06-30,RU000A0JR2A5,0
2026-06-30,2026-06-30,RU000A0JR2C1,3112299.5
2026-06-30,2026-06-30,RU000A0JRHC0,68290
2026-06-30,2026-06-30,RU000A0JRUQ3,0
2026-06-30,2026-06-30,RU000A0JUR61,0
2026-06-30,2026-06-30,RU000A0JUYB1,0
2026-06-30,2026-06-30,RU000A0JVJ29,735003.5
2026-06-30,2026-06-30,RU000A0JWCE7,44995
2026-06-30,2026-06-30,RU000A0JXP78,395050
2026-06-30,2026-06-30,RU000A0JXWF0,14543
2026-06-30,2026-06-30,RU000A0ZYC64,205000
2026-06-30,2026-06-30,RU000A0ZZ422,0
2026-06-30,2026-06-30,RU000A0ZZ5R2,2646082
2026-06-30,2026-06-30,RU000A0ZZCD8,12383840
2026-06-30,2026-06-30,RU000A0ZZMD7,180980
2026-06-30,2026-06-30,RU000A0ZZML0,27600
2026-06-30,2026-06-30,RU000A0ZZMN6,4050
2026-06-30,2026-06-30,RU000A0ZZVH9,0
2026-06-30,2026-06-30,RU000A1000W4,0
2026-06-30,2026-06-30,RU000A1000Y0,0
2026-06-30,2026-06-30,RU000A100EQ2,4851842.73
2026-06-30,2026-06-30,RU000A100WZ5,1657923
2026-06-30,2026-06-30,RU000A101NK4,3099971
2026-06-30,2026-06-30,RU000A101UK9,0
2026-06-30,2026-06-30,RU000A101UY0,1405
2026-06-30,2026-06-30,RU000A1022Z1,735995
2026-06-30,2026-06-30,RU000A1027E5,830740
2026-06-30,2026-06-30,RU000A102AH5,340000
2026-06-30,2026-06-30,RU000A102N77,11892450
2026-06-30,2026-06-30,RU000A102PE0,1283550
2026-06-30,2026-06-30,RU000A102PF7,0
2026-06-30,2026-06-30,RU000A102PN1,0
2026-06-30,2026-06-30,RU000A102PQ4,910800
2026-06-30,2026-06-30,RU000A1034U7,17390200
2026-06-30,2026-06-30,RU000A103B62,2279033.5
2026-06-30,2026-06-30,RU000A103HD7,0
2026-06-30,2026-06-30,RU000A104172,2080910
2026-06-30,2026-06-30,RU000A104FB3,0
2026-06-30,2026-06-30,RU000A104KU3,4355290
2026-06-30,2026-06-30,RU000A104M43,537500
2026-06-30,2026-06-30,RU000A104YX8,2784842
2026-06-30,2026-06-30,RU000A105153,0
2026-06-30,2026-06-30,RU000A105328,8772750
2026-06-30,2026-06-30,RU000A105GY0,0
2026-06-30,2026-06-30,RU000A105R70,0
2026-06-30,2026-06-30,RU000A105RJ8,10700
2026-06-30,2026-06-30,RU000A105TU1,4112607.4
2026-06-30,2026-06-30,RU000A1068X9,5120620
2026-06-30,2026-06-30,RU000A106CX9,0
2026-06-30,2026-06-30,RU000A106G80,4767302
2026-06-30,2026-06-30,RU000A106LB6,0
2026-06-30,2026-06-30,RU000A106LC4,0
2026-06-30,2026-06-30,RU000A106MG3,0
2026-06-30,2026-06-30,RU000A106N57,0
2026-06-30,2026-06-30,RU000A106SA3,0
2026-06-30,2026-06-30,RU000A106XE5,0
2026-06-30,2026-06-30,RU000A1075T2,0
2026-06-30,2026-06-30,RU000A107860,0
2026-06-30,2026-06-30,RU000A1079J5,0
2026-06-30,2026-06-30,RU000A107J37,0
2026-06-30,2026-06-30,RU000A107RE5,0
2026-06-30,2026-06-30,RU000A107U08,8250
2026-06-30,2026-06-30,RU000A108751,0
2026-06-30,2026-06-30,RU000A108KP4,0
2026-06-30,2026-06-30,RU000A108TT7,72108701.56
2026-06-30,2026-06-30,RU000A108UH0,11923327
2026-06-30,2026-06-30,RU000A108VR7,13274881
2026-06-30,2026-06-30,RU000A108ZB2,47429950
2026-06-30,2026-06-30,RU000A1092L4,0
2026-06-30,2026-06-30,RU000A1095D4,1260000
2026-06-30,2026-06-30,RU000A1099U0,1027217.77
2026-06-30,2026-06-30,RU000A109G79,1016640
2026-06-30,2026-06-30,RU000A109GQ8,28608
2026-06-30,2026-06-30,RU000A109NL5,0
2026-06-30,2026-06-30,RU000A109QR5,80905
2026-06-30,2026-06-30,RU000A109R27,44164344
2026-06-30,2026-06-30,RU000A10A489,0
2026-06-30,2026-06-30,RU000A10AN72,1054300
2026-06-30,2026-06-30,RU000A10AQT4,5747386.74
2026-06-30,2026-06-30,RU000A10ATA8,0
2026-06-30,2026-06-30,RU000A10BBS6,148278149
2026-06-30,2026-06-30,RU000A10BM31,1338865
2026-06-30,2026-06-30,RU000A10BQP0,4461741.51
2026-06-30,2026-06-30,RU000A10BQQ8,0
2026-06-30,2026-06-30,RU000A10BT26,0
2026-06-30,2026-06-30,RU000A10BT42,1182.3
2026-06-30,2026-06-30,RU000A10CFM8,3370289
2026-06-30,2026-06-30,RU000A10CKQ9,357400
2026-06-30,2026-06-30,RU000A10CLY1,0
2026-06-30,2026-06-30,RU000A10D7W9,0
2026-06-30,2026-06-30,RU000A10D814,61000
2026-06-30,2026-06-30,RU000A10E3R7,0
2026-06-30,2026-06-30,RU000A10ECF5,0
2026-06-30,2026-06-30,RU000A10EVE8,31357958
2026-06-30,2026-06-30,RUAL,1152015810.3
2026-06-30,2026-06-30,RUSI,2545687
2026-06-30,2026-06-30,RZSB,1049796
2026-06-30,2026-06-30,SAFE,866936851.39
2026-06-30,2026-06-30,SAGO,130305
2026-06-30,2026-06-30,SAGOP,604635
2026-06-30,2026-06-30,SARE,281540
2026-06-30,2026-06-30,SAREP,54860
2026-06-30,2026-06-30,SBBC,11285733.33
2026-06-30,2026-06-30,SBBY,4577791.15
2026-06-30,2026-06-30,SBCB,54534627.5
2026-06-30,2026-06-30,SBCN,26691062.67
2026-06-30,2026-06-30,SBDS,4962619.46
2026-06-30,2026-06-30,SBER,13896680102.2
2026-06-30,2026-06-30,SBERP,1267295660.08
2026-06-30,2026-06-30,SBFR,1490236604.76
2026-06-30,2026-06-30,SBGB,26076282.5
2026-06-30,2026-06-30,SBGD,33832944.89
2026-06-30,2026-06-30,SBHI,421823.04
2026-06-30,2026-06-30,SBLB,18138437.06
2026-06-30,2026-06-30,SBMM,2955934439.37
2026-06-30,2026-06-30,SBMX,60096072.85
2026-06-30,2026-06-30,SBPS,50089.11
2026-06-30,2026-06-30,SBRB,1089474147.39
2026-06-30,2026-06-30,SBRI,234508.47
2026-06-30,2026-06-30,SBRS,9186217.93
2026-06-30,2026-06-30,SBSC,2357406.33
2026-06-30,2026-06-30,SCFT,4086.09
2026-06-30,2026-06-30,SCLI,11441693.36
2026-06-30,2026-06-30,SELG,68685090.5
2026-06-30,2026-06-30,SFIN,92746793
2026-06-30,2026-06-30,SGZH,261938063.05
2026-06-30,2026-06-30,SIBN,460120832.2
2026-06-30,2026-06-30,SILA,10463370.37
2026-06-30,2026-06-30,SIPO,321688.09
2026-06-30,2026-06-30,SLEN,155630.5
2026-06-30,2026-06-30,SMCF,702753.4
2026-06-30,2026-06-30,SMLT,7350435904.4
2026-06-30,2026-06-30,SNGS,557982054
2026-06-30,2026-06-30,SNGSP,1499842021.45
2026-06-30,2026-06-30,SOFL,48459480.6
2026-06-30,2026-06-30,SPBE,1413638247.8
2026-06-30,2026-06-30,SPRN,8231550.69
2026-06-30,2026-06-30,STME,43231814.41
2026-06-30,2026-06-30,STSB,4882975
2026-06-30,2026-06-30,STSBP,5439210
2026-06-30,2026-06-30,SUGB,126566.5
2026-06-30,2026-06-30,SVAV,54020060.5
2026-06-30,2026-06-30,SVCB,935736284.5
2026-06-30,2026-06-30,SVET,2983430.46
2026-06-30,2026-06-30,SVETP,3149079.45
2026-06-30,2026-06-30,T,4946427612.36
2026-06-30,2026-06-30,TASB,720410
2026-06-30,2026-06-30,TASBP,301160
2026-06-30,2026-06-30,TATN,1792236658
2026-06-30,2026-06-30,TATNP,261481211
2026-06-30,2026-06-30,TBEU,158706.66
2026-06-30,2026-06-30,TBRU,733201.46
2026-06-30,2026-06-30,TDIV,27327.3
2026-06-30,2026-06-30,TEUR,406938.7
2026-06-30,2026-06-30,TGKA,57316690.2
2026-06-30,2026-06-30,TGKB,4022985
2026-06-30,2026-06-30,TGKBP,2198378
2026-06-30,2026-06-30,TGKN,51242765
2026-06-30,2026-06-30,TGLD,4422845.41
2026-06-30,2026-06-30,TITR,3701.31
2026-06-30,2026-06-30,TLCB,27970378.8
2026-06-30,2026-06-30,TMON,5314716.66
2026-06-30,2026-06-30,TMOS,4502029.57
2026-06-30,2026-06-30,TNSE,4201990
2026-06-30,2026-06-30,TOFZ,1491192.48
2026-06-30,2026-06-30,TORS,299780
2026-06-30,2026-06-30,TORSP,88090
2026-06-30,2026-06-30,TPAY,601094209.61
2026-06-30,2026-06-30,TRMK,90079839.4
2026-06-30,2026-06-30,TRND,115730.08
2026-06-30,2026-06-30,TRNFP,542074060.4
2026-06-30,2026-06-30,TRUR,491245.36
2026-06-30,2026-06-30,TTLK,3734231
2026-06-30,2026-06-30,TUSD,2321889.56
2026-06-30,2026-06-30,TUZA,1885202
2026-06-30,2026-06-30,UGLD,243998583.2
2026-06-30,2026-06-30,UKUZ,31314
2026-06-30,2026-06-30,UNAC,55820387
2026-06-30,2026-06-30,UNKL,1009420
2026-06-30,2026-06-30,UPRO,166522532.5
2026-06-30,2026-06-30,URKZ,39349.8
2026-06-30,2026-06-30,USBN,6951308
2026-06-30,2026-06-30,UTAR,2618839
2026-06-30,2026-06-30,UWGN,57264252.94
2026-06-30,2026-06-30,VDOR,5813912.02
2026-06-30,2026-06-30,VEON-RX,252854
2026-06-30,2026-06-30,VGSB,1424800
2026-06-30,2026-06-30,VGSBP,517950
2026-06-30,2026-06-30,VJGZ,12066810
2026-06-30,2026-06-30,VJGZP,11182778
2026-06-30,2026-06-30,VKCO,879829377.4
2026-06-30,2026-06-30,VLHZ,9723272
2026-06-30,2026-06-30,VRSB,1417465
2026-06-30,2026-06-30,VRSBP,1840112
2026-06-30,2026-06-30,VSEH,21329096.46
2026-06-30,2026-06-30,VSMO,29759920
2026-06-30,2026-06-30,VSYD,578900
2026-06-30,2026-06-30,VSYDP,782400
2026-06-30,2026-06-30,VTBR,4886964223.55
2026-06-30,2026-06-30,WILD,118866.9
2026-06-30,2026-06-30,WTCM,202216
2026-06-30,2026-06-30,WTCMP,630840
2026-06-30,2026-06-30,WUSH,699183647.34
2026-06-30,2026-06-30,X5,2053478820
2026-06-30,2026-06-30,XACCSK,4273845
2026-06-30,2026-06-30,XCREDI,0
2026-06-30,2026-06-30,XEQTRU,0
2026-06-30,2026-06-30,XFMAGR,0
2026-06-30,2026-06-30,XFMAGY,0
2026-06-30,2026-06-30,XFMAIN,0
2026-06-30,2026-06-30,XFMOMB,0
2026-06-30,2026-06-30,XHEDGE,53343.7
2026-06-30,2026-06-30,XHOUSE,336792
2026-06-30,2026-06-30,XKLUCH,55119.54
2026-06-30,2026-06-30,XNIRUM,31403.8
2026-06-30,2026-06-30,XQUANT,0
2026-06-30,2026-06-30,XSBORA,125589
2026-06-30,2026-06-30,XSKLAD,150179.3
2026-06-30,2026-06-30,XTRIUMF,984229
2026-06-30,2026-06-30,XXRONE,0
2026-06-30,2026-06-30,XXXXXX,5129077.2
2026-06-30,2026-06-30,YAKG,13625711
2026-06-30,2026-06-30,YDEX,4136948558.5
2026-06-30,2026-06-30,YKEN,1861280
2026-06-30,2026-06-30,YKENP,113460
2026-06-30,2026-06-30,YRSB,156780
2026-06-30,2026-06-30,YRSBP,619195
2026-06-30,2026-06-30,YUAN,559408.06
2026-06-30,2026-06-30,ZAYM,52543416.5
2026-06-30,2026-06-30,ZILL,458965
2026-06-30,2026-06-30,ZVEZ,3827740
2026-07-31,2026-07-31,ABIO,10258808.2
2026-07-31,2026-07-31,ABRD,940690
2026-07-31,2026-07-31,AFKS,1296656178.5
2026-07-31,2026-07-31,AFLT,865794402.5
2026-07-31,2026-07-31,AKAI,69169.14
2026-07-31,2026-07-31,AKBC,2191970.5
2026-07-31,2026-07-31,AKCN,18677.8
2026-07-31,2026-07-31,AKFB,604288741.19
2026-07-31,2026-07-31,AKFN,56978.5
2026-07-31,2026-07-31,AKGD,45301077.52
2026-07-31,2026-07-31,AKGP,1760840.75
2026-07-31,2026-07-31,AKHT,202922.05
2026-07-31,2026-07-31,AKIE,529330.01
2026-07-31,2026-07-31,AKMB,96398365.48
2026-07-31,2026-07-31,AKMC,530475435.87
2026-07-31,2026-07-31,AKME,20515265.52
2026-07-31,2026-07-31,AKMM,7024861647.89
2026-07-31,2026-07-31,AKMP,537277802.53
2026-07-31,2026-07-31,AKPP,1530822.46
2026-07-31,2026-07-31,AKQU,148380.08
2026-07-31,2026-07-31,AKRN,46685652
2026-07-31,2026-07-31,AKUP,501743.9
2026-07-31,2026-07-31,ALRS,1538898825.5
2026-07-31,2026-07-31,AMEZ,0
2026-07-31,2026-07-31,AMFL,44970851.5
2026-07-31,2026-07-31,AMGB,243789.9
2026-07-31,2026-07-31,AMGL,667605.2
2026-07-31,2026-07-31,AMIX,595240.4
2026-07-31,2026-07-31,AMNR,1043395173.51
2026-07-31,2026-07-31,AMNY,237554316.81
2026-07-31,2026-07-31,AMRE,1358097.7
2026-07-31,2026-07-31,AMRH,411703.8
2026-07-31,2026-07-31,AMVD,6170
2026-07-31,2026-07-31,AMVY,3483
2026-07-31,2026-07-31,APRI,80195.5
2026-07-31,2026-07-31,APTK,8583924.6
2026-07-31,2026-07-31,AQUA,50416990.1
2026-07-31,2026-07-31,ARSA,255668
2026-07-31,2026-07-31,ASSB,581025
2026-07-31,2026-07-31,ASTR,415845541.35
2026-07-31,2026-07-31,AVAN,1608718
2026-07-31,2026-07-31,BANE,37235215.5
2026-07-31,2026-07-31,BANEP,141892031
2026-07-31,2026-07-31,BAZA,23333673.2
2026-07-31,2026-07-31,BCSB,1583210.04
2026-07-31,2026-07-31,BCSD,612729218.8
2026-07-31,2026-07-31,BCSE,952218.5
2026-07-31,2026-07-31,BCSG,913505.64
2026-07-31,2026-07-31,BCSR,1594985.44
2026-07-31,2026-07-31,BCSW,187853.74
2026-07-31,2026-07-31,BELU,119708749.2
2026-07-31,2026-07-31,BISVP,29011
2026-07-31,2026-07-31,BLNG,1802262
2026-07-31,2026-07-31,BNDA,17367.8
2026-07-31,2026-07-31,BNDB,189740.7
2026-07-31,2026-07-31,BNDC,746862.5
2026-07-31,2026-07-31,BOND,7678913.4
2026-07-31,2026-07-31,BRZL,1379480
2026-07-31,2026-07-31,BSPB,71835596.7
2026-07-31,2026-07-31,BSPBP,3557840
2026-07-31,2026-07-31,BTBR,19182152.88
2026-07-31,2026-07-31,CARM,883369.75
2026-07-31,2026-07-31,CASH,177598212.51
2026-07-31,2026-07-31,CBOM,86931073.6
2026-07-31,2026-07-31,CHGZ,6344970
2026-07-31,2026-07-31,CHKZ,375700
2026-07-31,2026-07-31,CHMF,888526655
2026-07-31,2026-07-31,CHMK,1500720
2026-07-31,2026-07-31,CNRU,161150579.8
2026-07-31,2026-07-31,CNTL,1520198
2026-07-31,2026-07-31,CNTLP,1946336
2026-07-31,2026-07-31,CNYM,106720396.68
2026-07-31,2026-07-31,CORP,24790.04
2026-07-31,2026-07-31,DATA,98280864.72
2026-07-31,2026-07-31,DELI,14891285.75
2026-07-31,2026-07-31,DIAS,18792747
2026-07-31,2026-07-31,DIOD,3799707
2026-07-31,2026-07-31,DIVD,367302.8
2026-07-31,2026-07-31,DOMRF,655908300.1
2026-07-31,2026-07-31,DVEC,1479085
2026-07-31,2026-07-31,DZRD,6942000
2026-07-31,2026-07-31,DZRDP,1408120
2026-07-31,2026-07-31,EELT,667587.2
2026-07-31,2026-07-31,ELFV,2997505
2026-07-31,2026-07-31,ELMT,18017445.85
2026-07-31,2026-07-31,ENPG,390594519.05
2026-07-31,2026-07-31,EQMX,107634755.95
2026-07-31,2026-07-31,ESGE,251667.27
2026-07-31,2026-07-31,ESGR,202023.5
2026-07-31,2026-07-31,ETLN,137616362.86
2026-07-31,2026-07-31,EUTR,160888797.65
2026-07-31,2026-07-31,EVRZ,2076863.3
2026-07-31,2026-07-31,FEES,121033667.6
2026-07-31,2026-07-31,FESH,167691238.2
2026-07-31,2026-07-31,FINC,8395.3
2026-07-31,2026-07-31,FIXR,41675867
2026-07-31,2026-07-31,FLOT,268663558.1
2026-07-31,2026-07-31,FLOW,114214897.5
2026-07-31,2026-07-31,FMBR,521870.49
2026-07-31,2026-07-31,FMMM,119371755.12
2026-07-31,2026-07-31,FMSA,12936.39
2026-07-31,2026-07-31,GAZA,61630
2026-07-31,2026-07-31,GAZAP,90370
2026-07-31,2026-07-31,GAZC,0
2026-07-31,2026-07-31,GAZP,4385891138.8
2026-07-31,2026-07-31,GAZS,0
2026-07-31,2026-07-31,GAZT,0
2026-07-31,2026-07-31,GCHE,5484143
2026-07-31,2026-07-31,GECO,2828838.2
2026-07-31,2026-07-31,GEMA,1481187
2026-07-31,2026-07-31,GEMC,14080670.1
2026-07-31,2026-07-31,GLRX,25191694.56
2026-07-31,2026-07-31,GMKN,6544350707.4
2026-07-31,2026-07-31,GOLD,68748405.85
2026-07-31,2026-07-31,GOOD,3385498
2026-07-31,2026-07-31,GROD,163902.5
2026-07-31,2026-07-31,GTRK,17788412
2026-07-31,2026-07-31,HEAD,381616612
2026-07-31,2026-07-31,HIMCP,724898
2026-07-31,2026-07-31,HNFG,8196934.4
2026-07-31,2026-07-31,HYDR,111769049.5
2026-07-31,2026-07-31,IGST,3610520
2026-07-31,2026-07-31,IGSTP,1836760
2026-07-31,2026-07-31,INCB,434441.56
2026-07-31,2026-07-31,INFL,163730.24
2026-07-31,2026-07-31,INGO,1902674.35
2026-07-31,2026-07-31,IRAO,377442425.15
2026-07-31,2026-07-31,IRKT,87102452
2026-07-31,2026-07-31,IVAT,108175986.3
2026-07-31,2026-07-31,JNOS,10754130
2026-07-31,2026-07-31,JNOSP,1311052
2026-07-31,2026-07-31,KAZT,12127072
2026-07-31,2026-07-31,KAZTP,3840625
2026-07-31,2026-07-31,KBSB,1879770
2026-07-31,2026-07-31,KCHE,259010
2026-07-31,2026-07-31,KCHEP,78600
2026-07-31,2026-07-31,KFBA,6775
2026-07-31,2026-07-31,KGKC,52592
2026-07-31,2026-07-31,KGKCP,146498
2026-07-31,2026-07-31,KLSB,222040
2026-07-31,2026-07-31,KLVZ,511151.4
2026-07-31,2026-07-31,KMAZ,22038943
2026-07-31,2026-07-31,KMEZ,360190
2026-07-31,2026-07-31,KOGK,644398.6
2026-07-31,2026-07-31,KRKN,28800
2026-07-31,2026-07-31,KRKNP,197920
2026-07-31,2026-07-31,KRKOP,399820
2026-07-31,2026-07-31,KROT,1491360
2026-07-31,2026-07-31,KROTP,71050
2026-07-31,2026-07-31,KRSB,228468
2026-07-31,2026-07-31,KRSBP,535474
2026-07-31,2026-07-31,KUZB,544021
2026-07-31,2026-07-31,KZOS,13726745
2026-07-31,2026-07-31,KZOSP,19061892.8
2026-07-31,2026-07-31,LEAS,8905930.5
2026-07-31,2026-07-31,LENT,84651522
2026-07-31,2026-07-31,LIFE,8661982.5
2026-07-31,2026-07-31,LKOH,3886914987
2026-07-31,2026-07-31,LMBZ,314115.5
2026-07-31,2026-07-31,LNZL,0
2026-07-31,2026-07-31,LNZLP,0
2026-07-31,2026-07-31,LPSB,600880
2026-07-31,2026-07-31,LQDT,2695225529.58
2026-07-31,2026-07-31,LSNG,5615676
2026-07-31,2026-07-31,LSNGP,119971804
2026-07-31,2026-07-31,LSRG,138308948.2
2026-07-31,2026-07-31,LVHK,331530
2026-07-31,2026-07-31,MAGE,634887
2026-07-31,2026-07-31,MAGEP,646800.5
2026-07-31,2026-07-31,MAGN,2057873447.05
2026-07-31,2026-07-31,MBNK,33951407.5
2026-07-31,2026-07-31,MDMG,191279346
2026-07-31,2026-07-31,MFGS,6661010
2026-07-31,2026-07-31,MFGSP,1670485
2026-07-31,2026-07-31,MGKL,3672461.55
2026-07-31,2026-07-31,MGNT,1076418227
2026-07-31,2026-07-31,MGNZ,0
2026-07-31,2026-07-31,MGTS,256848
2026-07-31,2026-07-31,MGTSP,1496812
2026-07-31,2026-07-31,MISB,260310
2026-07-31,2026-07-31,MISBP,556830
2026-07-31,2026-07-31,MKBD,10150
2026-07-31,2026-07-31,MOEX,630227438.4
2026-07-31,2026-07-31,MONY,685278.2
2026-07-31,2026-07-31,MRKC,63956051.2
2026-07-31,2026-07-31,MRKK,1073075.2
2026-07-31,2026-07-31,MRKP,33542302
2026-07-31,2026-07-31,MRKS,3276806
2026-07-31,2026-07-31,MRKU,21213378
2026-07-31,2026-07-31,MRKV,35049815
2026-07-31,2026-07-31,MRKY,3074381
2026-07-31,2026-07-31,MRKZ,10923292
2026-07-31,2026-07-31,MRSB,1670560
2026-07-31,2026-07-31,MSNG,53430094.5
2026-07-31,2026-07-31,MSRS,25296612.5
2026-07-31,2026-07-31,MSTT,1366552.5
2026-07-31,2026-07-31,MTLR,3338067478.98
2026-07-31,2026-07-31,MTLRP,115315120
2026-07-31,2026-07-31,MTSS,503739725
2026-07-31,2026-07-31,MVID,574521332.7
2026-07-31,2026-07-31,NAUK,569795
2026-07-31,2026-07-31,NFAZ,1868620
2026-07-31,2026-07-31,NFKL,45762.79
2026-07-31,2026-07-31,NKHP,14006045
2026-07-31,2026-07-31,NKNC,5624990
2026-07-31,2026-07-31,NKNCP,8475546.2
2026-07-31,2026-07-31,NKSH,3050500
2026-07-31,2026-07-31,NLMK,820755916.2
2026-07-31,2026-07-31,NMTP,67325642
2026-07-31,2026-07-31,NNSB,35250
2026-07-31,2026-07-31,NNSBP,153124
2026-07-31,2026-07-31,NSVZ,466810
2026-07-31,2026-07-31,NVTK,2078934683.2
2026-07-31,2026-07-31,OBLG,34924342.4
2026-07-31,2026-07-31,OFZS,1867.23
2026-07-31,2026-07-31,OGKB,29591748.1
2026-07-31,2026-07-31,OKEY,651446.3
2026-07-31,2026-07-31,OLIQ,11163.76
2026-07-31,2026-07-31,OMZZP,262940
2026-07-31,2026-07-31,OZON,12131975212
2026-07-31,2026-07-31,OZPH,112694324.2
2026-07-31,2026-07-31,PAZA,98840
2026-07-31,2026-07-31,PHOR,482864829
2026-07-31,2026-07-31,PIKK,111327033.1
2026-07-31,2026-07-31,PLZL,2763245610.8
2026-07-31,2026-07-31,PMSB,2251196
2026-07-31,2026-07-31,PMSBP,1541288
2026-07-31,2026-07-31,POSI,566515540.2
2026-07-31,2026-07-31,PRFN,1052231.6
2026-07-31,2026-07-31,PRIE,898
2026-07-31,2026-07-31,PRMB,3238400
2026-07-31,2026-07-31,PRMD,39115663.65
2026-07-31,2026-07-31,PSGM,118551.81
2026-07-31,2026-07-31,PSMM,42423653.49
2026-07-31,2026-07-31,PSRB,38558.42
2026-07-31,2026-07-31,PSRE,23731.09
2026-07-31,2026-07-31,RAGR,695616639
2026-07-31,2026-07-31,RASP,66041125.5
2026-07-31,2026-07-31,RBCM,12479562
2026-07-31,2026-07-31,RDRB,219730
2026-07-31,2026-07-31,RENI,65126167
2026-07-31,2026-07-31,RGSS,7711053.2
2026-07-31,2026-07-31,RKKE,4034610
2026-07-31,2026-07-31,RNFT,359172804.75
2026-07-31,2026-07-31,ROLO,52783973.2
2026-07-31,2026-07-31,ROSN,3373795890.35
2026-07-31,2026-07-31,ROST,5952350
2026-07-31,2026-07-31,RSHU,502367.7
2026-07-31,2026-07-31,RTGZ,10807200
2026-07-31,2026-07-31,RTKM,333286354.9
2026-07-31,2026-07-31,RTKMP,114207443.5
2026-07-31,2026-07-31,RTSB,132495
2026-07-31,2026-07-31,RTSBP,49690
2026-07-31,2026-07-31,RU0005418747,14738
2026-07-31,2026-07-31,RU0006922010,29335983
2026-07-31,2026-07-31,RU0006922044,855728.4
2026-07-31,2026-07-31,RU000A0HGNG6,294146
2026-07-31,2026-07-31,RU000A0HGNH4,20184
2026-07-31,2026-07-31,RU000A0JP773,8719438.83
2026-07-31,2026-07-31,RU000A0JP799,15059797.38
2026-07-31,2026-07-31,RU000A0JPMD2,168134
2026-07-31,2026-07-31,RU000A0JPZL7,0
2026-07-31,2026-07-31,RU000A0JPZP8,0
2026-07-31,2026-07-31,RU000A0JR282,9145115
2026-07-31,2026-07-31,RU000A0JR290,342820
2026-07-31,2026-07-31,RU000A0JR2A5,0
2026-07-31,2026-07-31,RU000A0JR2C1,586716
2026-07-31,2026-07-31,RU000A0JRHC0,242585
2026-07-31,2026-07-31,RU000A0JRUQ3,17900
2026-07-31,2026-07-31,RU000A0JUR61,0
2026-07-31,2026-07-31,RU000A0JUYB1,0
2026-07-31,2026-07-31,RU000A0JVJ29,411453.5
2026-07-31,2026-07-31,RU000A0JWCE7,37675
2026-07-31,2026-07-31,RU000A0JXP78,23750
2026-07-31,2026-07-31,RU000A0JXWF0,79388
2026-07-31,2026-07-31,RU000A0ZYC64,0
2026-07-31,2026-07-31,RU000A0ZZ422,0
2026-07-31,2026-07-31,RU000A0ZZ5R2,1241764
2026-07-31,2026-07-31,RU000A0ZZCD8,0
2026-07-31,2026-07-31,RU000A0ZZMD7,52645
2026-07-31,2026-07-31,RU000A0ZZME5,0
2026-07-31,2026-07-31,RU000A0ZZML0,6205
2026-07-31,2026-07-31,RU000A0ZZMN6,23720
2026-07-31,2026-07-31,RU000A0ZZVH9,0
2026-07-31,2026-07-31,RU000A1000W4,171000
2026-07-31,2026-07-31,RU000A1000Y0,0
2026-07-31,2026-07-31,RU000A100EQ2,10316358.8
2026-07-31,2026-07-31,RU000A100WZ5,349701
2026-07-31,2026-07-31,RU000A101NK4,6454897
2026-07-31,2026-07-31,RU000A101UK9,0
2026-07-31,2026-07-31,RU000A101UY0,0
2026-07-31,2026-07-31,RU000A1022Z1,2703561
2026-07-31,2026-07-31,RU000A1027E5,294460
2026-07-31,2026-07-31,RU000A102AH5,0
2026-07-31,2026-07-31,RU000A102N77,1762400
2026-07-31,2026-07-31,RU000A102PE0,8019250
2026-07-31,2026-07-31,RU000A102PF7,1984100
2026-07-31,2026-07-31,RU000A102PN1,0
2026-07-31,2026-07-31,RU000A102PQ4,0
2026-07-31,2026-07-31,RU000A1034U7,6935800
2026-07-31,2026-07-31,RU000A103B62,1168665.5
2026-07-31,2026-07-31,RU000A103HD7,0
2026-07-31,2026-07-31,RU000A104172,4568434
2026-07-31,2026-07-31,RU000A104KU3,3559877
2026-07-31,2026-07-31,RU000A104M43,974700
2026-07-31,2026-07-31,RU000A104YX8,4869782
2026-07-31,2026-07-31,RU000A105153,0
2026-07-31,2026-07-31,RU000A105328,6788680
2026-07-31,2026-07-31,RU000A105GY0,0
2026-07-31,2026-07-31,RU000A105R70,0
2026-07-31,2026-07-31,RU000A105RJ8,7605
2026-07-31,2026-07-31,RU000A105TU1,5426965.6
2026-07-31,2026-07-31,RU000A1068X9,1634774
2026-07-31,2026-07-31,RU000A106CX9,0
2026-07-31,2026-07-31,RU000A106G80,597443.5
2026-07-31,2026-07-31,RU000A106LB6,0
2026-07-31,2026-07-31,RU000A106LC4,0
2026-07-31,2026-07-31,RU000A106MG3,0
2026-07-31,2026-07-31,RU000A106N57,11000250
2026-07-31,2026-07-31,RU000A106SA3,0
2026-07-31,2026-07-31,RU000A106XE5,0
2026-07-31,2026-07-31,RU000A1075T2,0
2026-07-31,2026-07-31,RU000A107860,0
2026-07-31,2026-07-31,RU000A1079J5,10150
2026-07-31,2026-07-31,RU000A107J37,0
2026-07-31,2026-07-31,RU000A107RE5,104000
2026-07-31,2026-07-31,RU000A107U08,1111975
2026-07-31,2026-07-31,RU000A108751,0
2026-07-31,2026-07-31,RU000A108KP4,0
2026-07-31,2026-07-31,RU000A108TT7,4358284.3
2026-07-31,2026-07-31,RU000A108UH0,2283173
2026-07-31,2026-07-31,RU000A108VR7,1886961
2026-07-31,2026-07-31,RU000A108ZB2,4758350
2026-07-31,2026-07-31,RU000A1092L4,79500
2026-07-31,2026-07-31,RU000A1095D4,0
2026-07-31,2026-07-31,RU000A1099U0,12187906.1
2026-07-31,2026-07-31,RU000A109G79,10480
2026-07-31,2026-07-31,RU000A109GQ8,49215
2026-07-31,2026-07-31,RU000A109NL5,0
2026-07-31,2026-07-31,RU000A109QR5,44235
2026-07-31,2026-07-31,RU000A109R27,6585968
2026-07-31,2026-07-31,RU000A10A489,16660
2026-07-31,2026-07-31,RU000A10AN72,0
2026-07-31,2026-07-31,RU000A10AQT4,15723397.13
2026-07-31,2026-07-31,RU000A10ATA8,0
2026-07-31,2026-07-31,RU000A10BBS6,4905918
2026-07-31,2026-07-31,RU000A10BM31,2064375
2026-07-31,2026-07-31,RU000A10BQP0,19328288.49
2026-07-31,2026-07-31,RU000A10BQQ8,0
2026-07-31,2026-07-31,RU000A10BT26,0
2026-07-31,2026-07-31,RU000A10BT42,91659.6
2026-07-31,2026-07-31,RU000A10CFM8,743941
2026-07-31,2026-07-31,RU000A10CKQ9,0
2026-07-31,2026-07-31,RU000A10CLY1,0
2026-07-31,2026-07-31,RU000A10D7W9,0
2026-07-31,2026-07-31,RU000A10D814,29996
2026-07-31,2026-07-31,RU000A10E3R7,0
2026-07-31,2026-07-31,RU000A10ECF5,0
2026-07-31,2026-07-31,RU000A10EVE8,41152754
2026-07-31,2026-07-31,RU000A10F439,0
2026-07-31,2026-07-31,RUAL,1822183698.05
2026-07-31,2026-07-31,RUFO,37654.19
2026-07-31,2026-07-31,RUSI,9705484
2026-07-31,2026-07-31,RZSB,2062238
2026-07-31,2026-07-31,SAFE,1037667297.83
2026-07-31,2026-07-31,SAGO,113015
2026-07-31,2026-07-31,SAGOP,75210
2026-07-31,2026-07-31,SARE,102880
2026-07-31,2026-07-31,SAREP,632380
2026-07-31,2026-07-31,SBBC,547652.45
2026-07-31,2026-07-31,SBBY,2118214.92
2026-07-31,2026-07-31,SBCB,24475579
2026-07-31,2026-07-31,SBCN,8263822.88
2026-07-31,2026-07-31,SBDS,117737.5
2026-07-31,2026-07-31,SBER,6890272882.05
2026-07-31,2026-07-31,SBERP,777221257
2026-07-31,2026-07-31,SBFR,1146725355.18
2026-07-31,2026-07-31,SBGB,8701637.65
2026-07-31,2026-07-31,SBGD,45926914.19
2026-07-31,2026-07-31,SBHI,653216.24
2026-07-31,2026-07-31,SBLB,3161782.03
2026-07-31,2026-07-31,SBMM,2715446863.27
2026-07-31,2026-07-31,SBMX,198245144.51
2026-07-31,2026-07-31,SBPS,1407850.81
2026-07-31,2026-07-31,SBRB,520541792.54
2026-07-31,2026-07-31,SBRI,53627.09
2026-07-31,2026-07-31,SBRS,18197386.64
2026-07-31,2026-07-31,SBSC,45617870.15
2026-07-31,2026-07-31,SCFT,2729.76
2026-07-31,2026-07-31,SCLI,13671604.38
2026-07-31,2026-07-31,SELG,194181447
2026-07-31,2026-07-31,SFIN,213380776.4
2026-07-31,2026-07-31,SGZH,847930168.15
2026-07-31,2026-07-31,SIBN,451303155.6
2026-07-31,2026-07-31,SILA,2244604.83
2026-07-31,2026-07-31,SIPO,68227.27
2026-07-31,2026-07-31,SLEN,1693461
2026-07-31,2026-07-31,SMCF,15256.8
2026-07-31,2026-07-31,SMLT,8521223501.8
2026-07-31,2026-07-31,SNGS,591937087.5
2026-07-31,2026-07-31,SNGSP,1119810491.3
2026-07-31,2026-07-31,SOFL,32447603.8
2026-07-31,2026-07-31,SPBE,778563205.7
2026-07-31,2026-07-31,SPRN,2545596.84
2026-07-31,2026-07-31,STME,38449095.13
2026-07-31,2026-07-31,STSB,587330
2026-07-31,2026-07-31,STSBP,407130
2026-07-31,2026-07-31,SUGB,13612
2026-07-31,2026-07-31,SVAV,62229794.5
2026-07-31,2026-07-31,SVCB,875334777
2026-07-31,2026-07-31,SVET,2049513.62
2026-07-31,2026-07-31,SVETP,1029658.5
2026-07-31,2026-07-31,T,3319493833.36
2026-07-31,2026-07-31,TASB,3054660
2026-07-31,2026-07-31,TASBP,7676540
2026-07-31,2026-07-31,TATN,1587641801.2
2026-07-31,2026-07-31,TATNP,302212778.6
2026-07-31,2026-07-31,TBEU,25928.67
2026-07-31,2026-07-31,TBRU,907767.63
2026-07-31,2026-07-31,TDIV,32723.52
2026-07-31,2026-07-31,TEUR,225391.82
2026-07-31,2026-07-31,TGKA,19336766.4
2026-07-31,2026-07-31,TGKB,2511485
2026-07-31,2026-07-31,TGKBP,2791604
2026-07-31,2026-07-31,TGKN,28519483
2026-07-31,2026-07-31,TGLD,1750660.86
2026-07-31,2026-07-31,TITR,12039.5
2026-07-31,2026-07-31,TLCB,16083254.87
2026-07-31,2026-07-31,TMON,4203313.16
2026-07-31,2026-07-31,TMOS,10947643.55
2026-07-31,2026-07-31,TNSE,724510
2026-07-31,2026-07-31,TOFZ,13402.4
2026-07-31,2026-07-31,TOPS,99616.7
2026-07-31,2026-07-31,TORS,108700
2026-07-31,2026-07-31,TORSP,583450
2026-07-31,2026-07-31,TPAY,873835143.97
2026-07-31,2026-07-31,TRMK,121737685.4
2026-07-31,2026-07-31,TRND,160461.52
2026-07-31,2026-07-31,TRNFP,887822615.6
2026-07-31,2026-07-31,TRUR,1254549.93
2026-07-31,2026-07-31,TSAV,3683.65
2026-07-31,2026-07-31,TTLK,2466510.5
2026-07-31,2026-07-31,TUSD,633872.43
2026-07-31,2026-07-31,TUZA,1572968
2026-07-31,2026-07-31,UGLD,2190088007.6
2026-07-31,2026-07-31,UKUZ,104610
2026-07-31,2026-07-31,UNAC,107967757.5
2026-07-31,2026-07-31,UNKL,548920
2026-07-31,2026-07-31,UPRO,421758626
2026-07-31,2026-07-31,URKZ,61213.4
2026-07-31,2026-07-31,USBN,806113
2026-07-31,2026-07-31,UTAR,262997
2026-07-31,2026-07-31,UWGN,44527386.72
2026-07-31,2026-07-31,VDOR,8379135.26
2026-07-31,2026-07-31,VEON-RX,969082
2026-07-31,2026-07-31,VGSB,1083500
2026-07-31,2026-07-31,VGSBP,10990750
2026-07-31,2026-07-31,VJGZ,7045600
2026-07-31,2026-07-31,VJGZP,4413216
2026-07-31,2026-07-31,VKCO,1121019699.7
2026-07-31,2026-07-31,VLHZ,4011492
2026-07-31,2026-07-31,VRSB,8450910
2026-07-31,2026-07-31,VRSBP,646870
2026-07-31,2026-07-31,VSEH,84523122.42
2026-07-31,2026-07-31,VSMO,32542780
2026-07-31,2026-07-31,VSYD,18611800
2026-07-31,2026-07-31,VSYDP,3605800
2026-07-31,2026-07-31,VTBR,3026224008.07
2026-07-31,2026-07-31,WILD,16820.4
2026-07-31,2026-07-31,WTCM,1083388
2026-07-31,2026-07-31,WTCMP,277426
2026-07-31,2026-07-31,WUSH,308931733.66
2026-07-31,2026-07-31,X5,1021662072.5
2026-07-31,2026-07-31,XACCSK,9021292
2026-07-31,2026-07-31,XAVIUM,51142800
2026-07-31,2026-07-31,XCREDI,0
2026-07-31,2026-07-31,XEQTRU,0
2026-07-31,2026-07-31,XFMAGR,0
2026-07-31,2026-07-31,XFMAGY,0
2026-07-31,2026-07-31,XFMAIN,0
2026-07-31,2026-07-31,XFMOMB,0
2026-07-31,2026-07-31,XHEDGE,50455634.6
2026-07-31,2026-07-31,XHOUSE,150761
2026-07-31,2026-07-31,XIPKSV,0
2026-07-31,2026-07-31,XKLUCH,12441859.25
2026-07-31,2026-07-31,XNIRUM,15330
2026-07-31,2026-07-31,XQUANT,0
2026-07-31,2026-07-31,XSBORA,5092700
2026-07-31,2026-07-31,XSKLAD,102596.5
2026-07-31,2026-07-31,XTRIUMF,6417024
2026-07-31,2026-07-31,XXRONE,0
2026-07-31,2026-07-31,XXXXXX,3853511.4
2026-07-31,2026-07-31,YAKG,674967
2026-07-31,2026-07-31,YDEX,2480775364.5
2026-07-31,2026-07-31,YKEN,586990
2026-07-31,2026-07-31,YKENP,266130
2026-07-31,2026-07-31,YRSB,64440
2026-07-31,2026-07-31,YRSBP,35765
2026-07-31,2026-07-31,YUAN,56360.17
2026-07-31,2026-07-31,ZAYM,7975637.5
2026-07-31,2026-07-31,ZILL,103545
2026-07-31,2026-07-31,ZVEZ,480230
2026-08-31,2026-08-31,ABIO,10779370.6
2026-08-31,2026-08-31,ABRD,1165318
2026-08-31,2026-08-31,AFKS,1961210064.2
2026-08-31,2026-08-31,AFLT,1110513561.9
2026-08-31,2026-08-31,AKAI,157834.43
2026-08-31,2026-08-31,AKBC,4663072.7
2026-08-31,2026-08-31,AKCN,28287.1
2026-08-31,2026-08-31,AKFB,829277346.55
2026-08-31,2026-08-31,AKFN,686737.8
2026-08-31,2026-08-31,AKGD,70271572
2026-08-31,2026-08-31,AKGP,194355540.94
2026-08-31,2026-08-31,AKHT,333735.06
2026-08-31,2026-08-31,AKIE,161750.78
2026-08-31,2026-08-31,AKMB,178229465.53
2026-08-31,2026-08-31,AKMC,14659805.28
2026-08-31,2026-08-31,AKME,27631169.98
2026-08-31,2026-08-31,AKMM,8143212439.71
2026-08-31,2026-08-31,AKMP,795783253.77
2026-08-31,2026-08-31,AKPP,12350367.56
2026-08-31,2026-08-31,AKQU,403480
2026-08-31,2026-08-31,AKRN,7321308
2026-08-31,2026-08-31,AKUP,659687.56
2026-08-31,2026-08-31,ALRS,1718237390.4
2026-08-31,2026-08-31,AMEZ,0
2026-08-31,2026-08-31,AMFL,29297110.8
2026-08-31,2026-08-31,AMGB,709796.5
2026-08-31,2026-08-31,AMGL,64381848.6
2026-08-31,2026-08-31,AMIX,1450840.8
2026-08-31,2026-08-31,AMNR,572612505.09
2026-08-31,2026-08-31,AMNY,55294565.22
2026-08-31,2026-08-31,AMRE,661861.9
2026-08-31,2026-08-31,AMRH,440875.2
2026-08-31,2026-08-31,AMVD,116506
2026-08-31,2026-08-31,AMVY,167242
2026-08-31,2026-08-31,APRI,1203184.1
2026-08-31,2026-08-31,APTK,15916012
2026-08-31,2026-08-31,AQUA,40649598.2
2026-08-31,2026-08-31,ARSA,631387
2026-08-31,2026-08-31,ASSB,2984110
2026-08-31,2026-08-31,ASTR,267739138.55
2026-08-31,2026-08-31,AVAN,1080612
2026-08-31,2026-08-31,BANE,23951268
2026-08-31,2026-08-31,BANEP,107949158
2026-08-31,2026-08-31,BAZA,14365240
2026-08-31,2026-08-31,BCSB,1433218.99
2026-08-31,2026-08-31,BCSD,725062652.8
2026-08-31,2026-08-31,BCSE,3147040.5
2026-08-31,2026-08-31,BCSG,8428247.65
2026-08-31,2026-08-31,BCSR,3706579.92
2026-08-31,2026-08-31,BCSW,365981.62
2026-08-31,2026-08-31,BELU,107789336.8
2026-08-31,2026-08-31,BISVP,174743
2026-08-31,2026-08-31,BLNG,2782818
2026-08-31,2026-08-31,BNDA,2265388.3
2026-08-31,2026-08-31,BNDB,3519350.1
2026-08-31,2026-08-31,BNDC,13164763.7
2026-08-31,2026-08-31,BOND,4481281.4
2026-08-31,2026-08-31,BRZL,672856
2026-08-31,2026-08-31,BSPB,293676706.2
2026-08-31,2026-08-31,BSPBP,6414435
2026-08-31,2026-08-31,BTBR,22934728.77
2026-08-31,2026-08-31,CARM,5122588.45
2026-08-31,2026-08-31,CASH,190701222.53
2026-08-31,2026-08-31,CBOM,154025683.8
2026-08-31,2026-08-31,CHGZ,7086246
2026-08-31,2026-08-31,CHKZ,3376200
2026-08-31,2026-08-31,CHMF,1142612426.6
2026-08-31,2026-08-31,CHMK,504505
2026-08-31,2026-08-31,CNRU,258171890.2
2026-08-31,2026-08-31,CNTL,320086
2026-08-31,2026-08-31,CNTLP,226999
2026-08-31,2026-08-31,CNYM,60665327.19
2026-08-31,2026-08-31,CORP,42391.04
2026-08-31,2026-08-31,DATA,96740892.68
2026-08-31,2026-08-31,DELI,9270316.8
2026-08-31,2026-08-31,DIAS,21930511.5
2026-08-31,2026-08-31,DIOD,270620
2026-08-31,2026-08-31,DIVD,987086
2026-08-31,2026-08-31,DOMRF,605448193.4
2026-08-31,2026-08-31,DVEC,3962372
2026-08-31,2026-08-31,DZRD,11611165
2026-08-31,2026-08-31,DZRDP,2183730
2026-08-31,2026-08-31,EELT,3569408.8
2026-08-31,2026-08-31,ELFV,10176403.6
2026-08-31,2026-08-31,ELMT,4045159.85
2026-08-31,2026-08-31,ENPG,156661877.25
2026-08-31,2026-08-31,EQMX,355277336.45
2026-08-31,2026-08-31,ESGE,279737.19
2026-08-31,2026-08-31,ESGR,46378
2026-08-31,2026-08-31,ETLN,23811168.44
2026-08-31,2026-08-31,EUTR,36450534.3
2026-08-31,2026-08-31,EVRZ,714223.5
2026-08-31,2026-08-31,FEES,207730009.4
2026-08-31,2026-08-31,FESH,262770897.3
2026-08-31,2026-08-31,FINC,131328.2
2026-08-31,2026-08-31,FIXR,63135794.2
2026-08-31,2026-08-31,FLOT,253260012.3
2026-08-31,2026-08-31,FLOW,114849893.4
2026-08-31,2026-08-31,FMBR,3920029.47
2026-08-31,2026-08-31,FMMM,219961182.51
2026-08-31,2026-08-31,FMSA,38952.02
2026-08-31,2026-08-31,GAZA,168330
2026-08-31,2026-08-31,GAZAP,353915
2026-08-31,2026-08-31,GAZC,0
2026-08-31,2026-08-31,GAZP,12074387280.9
2026-08-31,2026-08-31,GAZS,0
2026-08-31,2026-08-31,GAZT,0
2026-08-31,2026-08-31,GCHE,17331668
2026-08-31,2026-08-31,GECO,3428266.1
2026-08-31,2026-08-31,GEMA,1379590
2026-08-31,2026-08-31,GEMC,30713159.4
2026-08-31,2026-08-31,GLRX,137340779.4
2026-08-31,2026-08-31,GMKN,5010550890.4
2026-08-31,2026-08-31,GOLD,264224622.22
2026-08-31,2026-08-31,GOOD,7182563.6
2026-08-31,2026-08-31,GROD,392151.5
2026-08-31,2026-08-31,GTRK,13388183
2026-08-31,2026-08-31,HEAD,345110733
2026-08-31,2026-08-31,HIMCP,2369596
2026-08-31,2026-08-31,HNFG,8338051
2026-08-31,2026-08-31,HYDR,178357780.1
2026-08-31,2026-08-31,IGST,9102320
2026-08-31,2026-08-31,IGSTP,5325970
2026-08-31,2026-08-31,INCB,1257123.76
2026-08-31,2026-08-31,INFL,730308.22
2026-08-31,2026-08-31,INGO,1877573.8
2026-08-31,2026-08-31,IRAO,468605194.7
2026-08-31,2026-08-31,IRKT,100525754
2026-08-31,2026-08-31,IVAT,169829811.65
2026-08-31,2026-08-31,JNOS,9310998
2026-08-31,2026-08-31,JNOSP,2775668
2026-08-31,2026-08-31,KAZT,10422136
2026-08-31,2026-08-31,KAZTP,2481145
2026-08-31,2026-08-31,KBSB,653680
2026-08-31,2026-08-31,KCHE,6518690
2026-08-31,2026-08-31,KCHEP,20442300
2026-08-31,2026-08-31,KFBA,453860
2026-08-31,2026-08-31,KGKC,303382
2026-08-31,2026-08-31,KGKCP,466710
2026-08-31,2026-08-31,KLSB,279795
2026-08-31,2026-08-31,KLVZ,523411.2
2026-08-31,2026-08-31,KMAZ,77524898
2026-08-31,2026-08-31,KMEZ,2546348
2026-08-31,2026-08-31,KOGK,738917.4
2026-08-31,2026-08-31,KRKN,4580450
2026-08-31,2026-08-31,KRKNP,15558000
2026-08-31,2026-08-31,KRKOP,849314
2026-08-31,2026-08-31,KROT,1523550
2026-08-31,2026-08-31,KROTP,797460
2026-08-31,2026-08-31,KRSB,338166
2026-08-31,2026-08-31,KRSBP,573548
2026-08-31,2026-08-31,KUZB,2594397.5
2026-08-31,2026-08-31,KZOS,1388320
2026-08-31,2026-08-31,KZOSP,1439688.9
2026-08-31,2026-08-31,LEAS,6057739.9
2026-08-31,2026-08-31,LENT,128157113
2026-08-31,2026-08-31,LIFE,4676762.5
2026-08-31,2026-08-31,LKOH,11765226274
2026-08-31,2026-08-31,LMBZ,41036
2026-08-31,2026-08-31,LNZL,0
2026-08-31,2026-08-31,LNZLP,0
2026-08-31,2026-08-31,LPSB,4300675
2026-08-31,2026-08-31,LQDT,3188731090.55
2026-08-31,2026-08-31,LSNG,5684492
2026-08-31,2026-08-31,LSNGP,34757434
2026-08-31,2026-08-31,LSRG,36929352.6
2026-08-31,2026-08-31,LVHK,7483140
2026-08-31,2026-08-31,MAGE,454283.5
2026-08-31,2026-08-31,MAGEP,78044
2026-08-31,2026-08-31,MAGN,2518596527.95
2026-08-31,2026-08-31,MBNK,29500964.5
2026-08-31,2026-08-31,MDMG,96245659.9
2026-08-31,2026-08-31,MFGS,993700
2026-08-31,2026-08-31,MFGSP,3164850
2026-08-31,2026-08-31,MGKL,5734592.35
2026-08-31,2026-08-31,MGNT,2271308783
2026-08-31,2026-08-31,MGNZ,0
2026-08-31,2026-08-31,MGTS,2084412
2026-08-31,2026-08-31,MGTSP,5853858
2026-08-31,2026-08-31,MISB,7479930
2026-08-31,2026-08-31,MISBP,158170
2026-08-31,2026-08-31,MKBD,23319
2026-08-31,2026-08-31,MOEX,1157409738.9
2026-08-31,2026-08-31,MONY,857515.71
2026-08-31,2026-08-31,MRKC,15517687.8
2026-08-31,2026-08-31,MRKK,2209133
2026-08-31,2026-08-31,MRKP,24103049
2026-08-31,2026-08-31,MRKS,1437197.5
2026-08-31,2026-08-31,MRKU,18365182
2026-08-31,2026-08-31,MRKV,26717297
2026-08-31,2026-08-31,MRKY,2778219
2026-08-31,2026-08-31,MRKZ,22601965.5
2026-08-31,2026-08-31,MRSB,1380720
2026-08-31,2026-08-31,MSNG,80480978
2026-08-31,2026-08-31,MSRS,18611663
2026-08-31,2026-08-31,MSTT,1555069.5
2026-08-31,2026-08-31,MTLR,792200931.24
2026-08-31,2026-08-31,MTLRP,101528848
2026-08-31,2026-08-31,MTSS,553775286
2026-08-31,2026-08-31,MVID,273088173.55
2026-08-31,2026-08-31,NAUK,330785
2026-08-31,2026-08-31,NFAZ,9783450
2026-08-31,2026-08-31,NFKL,19258
2026-08-31,2026-08-31,NKHP,10831115
2026-08-31,2026-08-31,NKNC,1086644.5
2026-08-31,2026-08-31,NKNCP,3090965
2026-08-31,2026-08-31,NKSH,2200200
2026-08-31,2026-08-31,NLMK,938207304.4
2026-08-31,2026-08-31,NMTP,53378953
2026-08-31,2026-08-31,NNSB,9323240
2026-08-31,2026-08-31,NNSBP,1130472
2026-08-31,2026-08-31,NSVZ,1669010
2026-08-31,2026-08-31,NVTK,2851492883.5
2026-08-31,2026-08-31,OBLG,53053486.38
2026-08-31,2026-08-31,OFZS,35956.13
2026-08-31,2026-08-31,OGKB,21102785.6
2026-08-31,2026-08-31,OKEY,1706873.9
2026-08-31,2026-08-31,OLIQ,119054.09
2026-08-31,2026-08-31,OMZZP,1307860
2026-08-31,2026-08-31,OZON,9052723034.5
2026-08-31,2026-08-31,OZPH,64454554.7
2026-08-31,2026-08-31,PAZA,5868080
2026-08-31,2026-08-31,PHOR,833794687
2026-08-31,2026-08-31,PIKK,49540190.2
2026-08-31,2026-08-31,PLZL,3269003968.2
2026-08-31,2026-08-31,PMSB,9390428
2026-08-31,2026-08-31,PMSBP,6879278
2026-08-31,2026-08-31,POSI,279861020.4
2026-08-31,2026-08-31,PRFN,804325
2026-08-31,2026-08-31,PRIE,5713
2026-08-31,2026-08-31,PRMB,184000
2026-08-31,2026-08-31,PRMD,231457294.15
2026-08-31,2026-08-31,PSGM,2444275.55
2026-08-31,2026-08-31,PSMM,66789166.35
2026-08-31,2026-08-31,PSRB,3231603.74
2026-08-31,2026-08-31,PSRE,258398.03
2026-08-31,2026-08-31,RAGR,550897804.86
2026-08-31,2026-08-31,RASP,45099492.5
2026-08-31,2026-08-31,RBCM,9271346.5
2026-08-31,2026-08-31,RDRB,423260
2026-08-31,2026-08-31,RENI,43201699.4
2026-08-31,2026-08-31,RGSS,1017595.2
2026-08-31,2026-08-31,RKKE,2731260
2026-08-31,2026-08-31,RNFT,395286117.35
2026-08-31,2026-08-31,ROLO,25969889.8
2026-08-31,2026-08-31,ROSN,3661833281.85
2026-08-31,2026-08-31,ROST,1469770
2026-08-31,2026-08-31,RSHU,56448.4
2026-08-31,2026-08-31,RTGZ,25197600
2026-08-31,2026-08-31,RTKM,197184956.8
2026-08-31,2026-08-31,RTKMP,50975759
2026-08-31,2026-08-31,RTSB,1126160
2026-08-31,2026-08-31,RTSBP,911450
2026-08-31,2026-08-31,RU0005418747,8537.5
2026-08-31,2026-08-31,RU0006922010,6894925.5
2026-08-31,2026-08-31,RU0006922044,156458.8
2026-08-31,2026-08-31,RU000A0HGNG6,85050
2026-08-31,2026-08-31,RU000A0HGNH4,0
2026-08-31,2026-08-31,RU000A0JP773,5113345.83
2026-08-31,2026-08-31,RU000A0JP799,26436950.68
2026-08-31,2026-08-31,RU000A0JPMD2,50092
2026-08-31,2026-08-31,RU000A0JPZL7,0
2026-08-31,2026-08-31,RU000A0JPZP8,0
2026-08-31,2026-08-31,RU000A0JR282,7122914.5
2026-08-31,2026-08-31,RU000A0JR290,537870
2026-08-31,2026-08-31,RU000A0JR2A5,0
2026-08-31,2026-08-31,RU000A0JR2C1,516904
2026-08-31,2026-08-31,RU000A0JRHC0,490330
2026-08-31,2026-08-31,RU000A0JRUQ3,0
2026-08-31,2026-08-31,RU000A0JUR61,0
2026-08-31,2026-08-31,RU000A0JUYB1,0
2026-08-31,2026-08-31,RU000A0JVJ29,6155643.5
2026-08-31,2026-08-31,RU000A0JWCE7,7950
2026-08-31,2026-08-31,RU000A0JXP78,129000
2026-08-31,2026-08-31,RU000A0JXWF0,0
2026-08-31,2026-08-31,RU000A0ZYC64,0
2026-08-31,2026-08-31,RU000A0ZZ422,0
2026-08-31,2026-08-31,RU000A0ZZ5R2,1038846
2026-08-31,2026-08-31,RU000A0ZZCD8,1647860
2026-08-31,2026-08-31,RU000A0ZZMD7,6550
2026-08-31,2026-08-31,RU000A0ZZME5,0
2026-08-31,2026-08-31,RU000A0ZZML0,107100
2026-08-31,2026-08-31,RU000A0ZZMN6,0
2026-08-31,2026-08-31,RU000A0ZZVH9,0
2026-08-31,2026-08-31,RU000A1000W4,0
2026-08-31,2026-08-31,RU000A1000Y0,0
2026-08-31,2026-08-31,RU000A100EQ2,10909884.02
2026-08-31,2026-08-31,RU000A100WZ5,351541
2026-08-31,2026-08-31,RU000A101NK4,535737.5
2026-08-31,2026-08-31,RU000A101UK9,0
2026-08-31,2026-08-31,RU000A101UY0,13000
2026-08-31,2026-08-31,RU000A1022Z1,1257610
2026-08-31,2026-08-31,RU000A1027E5,1263080
2026-08-31,2026-08-31,RU000A102AH5,370000
2026-08-31,2026-08-31,RU000A102N77,3721650
2026-08-31,2026-08-31,RU000A102PE0,89250
2026-08-31,2026-08-31,RU000A102PF7,1776700
2026-08-31,2026-08-31,RU000A102PN1,0
2026-08-31,2026-08-31,RU000A102PQ4,0
2026-08-31,2026-08-31,RU000A1034U7,8320400
2026-08-31,2026-08-31,RU000A103B62,2605814
2026-08-31,2026-08-31,RU000A103HD7,0
2026-08-31,2026-08-31,RU000A104172,1738414
2026-08-31,2026-08-31,RU000A104KU3,4132185
2026-08-31,2026-08-31,RU000A104M43,520300
2026-08-31,2026-08-31,RU000A104YX8,737862
2026-08-31,2026-08-31,RU000A105153,0
2026-08-31,2026-08-31,RU000A105328,17539993
2026-08-31,2026-08-31,RU000A105GY0,0
2026-08-31,2026-08-31,RU000A105R70,0
2026-08-31,2026-08-31,RU000A105RJ8,13235
2026-08-31,2026-08-31,RU000A105TU1,1886500.4
2026-08-31,2026-08-31,RU000A1068X9,3704936
2026-08-31,2026-08-31,RU000A106CX9,571040
2026-08-31,2026-08-31,RU000A106G80,5183792
2026-08-31,2026-08-31,RU000A106LB6,0
2026-08-31,2026-08-31,RU000A106LC4,0
2026-08-31,2026-08-31,RU000A106MG3,0
2026-08-31,2026-08-31,RU000A106N57,0
2026-08-31,2026-08-31,RU000A106SA3,0
2026-08-31,2026-08-31,RU000A106XE5,0
2026-08-31,2026-08-31,RU000A1075T2,0
2026-08-31,2026-08-31,RU000A107860,0
2026-08-31,2026-08-31,RU000A1079J5,0
2026-08-31,2026-08-31,RU000A107J37,0
2026-08-31,2026-08-31,RU000A107RE5,100000
2026-08-31,2026-08-31,RU000A107U08,1012745
2026-08-31,2026-08-31,RU000A108751,0
2026-08-31,2026-08-31,RU000A108KP4,0
2026-08-31,2026-08-31,RU000A108TT7,26780707.64
2026-08-31,2026-08-31,RU000A108UH0,76494056
2026-08-31,2026-08-31,RU000A108VR7,21612552
2026-08-31,2026-08-31,RU000A108ZB2,7105150
2026-08-31,2026-08-31,RU000A1092L4,80000
2026-08-31,2026-08-31,RU000A1095D4,0
2026-08-31,2026-08-31,RU000A1099U0,7070965.66
2026-08-31,2026-08-31,RU000A109G79,244300
2026-08-31,2026-08-31,RU000A109GQ8,27391
2026-08-31,2026-08-31,RU000A109NL5,0
2026-08-31,2026-08-31,RU000A109QR5,1089385
2026-08-31,2026-08-31,RU000A109R27,19723513.5
2026-08-31,2026-08-31,RU000A10A489,0
2026-08-31,2026-08-31,RU000A10AN72,0
2026-08-31,2026-08-31,RU000A10AQT4,21940446.82
2026-08-31,2026-08-31,RU000A10ATA8,182000
2026-08-31,2026-08-31,RU000A10BBS6,12320536
2026-08-31,2026-08-31,RU000A10BM31,807490
2026-08-31,2026-08-31,RU000A10BQP0,16959461.65
2026-08-31,2026-08-31,RU000A10BQQ8,0
2026-08-31,2026-08-31,RU000A10BT26,0
2026-08-31,2026-08-31,RU000A10BT42,0
2026-08-31,2026-08-31,RU000A10CFM8,3390629
2026-08-31,2026-08-31,RU000A10CKQ9,0
2026-08-31,2026-08-31,RU000A10CLY1,0
2026-08-31,2026-08-31,RU000A10D7W9,226800
2026-08-31,2026-08-31,RU000A10D814,43978
2026-08-31,2026-08-31,RU000A10E3R7,268000
2026-08-31,2026-08-31,RU000A10ECF5,0
2026-08-31,2026-08-31,RU000A10ECJ7,0
2026-08-31,2026-08-31,RU000A10EVE8,14456395
2026-08-31,2026-08-31,RU000A10F439,0
2026-08-31,2026-08-31,RU000A10FDU9,0
2026-08-31,2026-08-31,RU000A10FQ17,30934583.6
2026-08-31,2026-08-31,RUAL,1009810570.75
2026-08-31,2026-08-31,RUFO,198911.09
2026-08-31,2026-08-31,RUSI,2859717
2026-08-31,2026-08-31,RZSB,376128
2026-08-31,2026-08-31,SAFE,1374413075.68
2026-08-31,2026-08-31,SAGO,7064145
2026-08-31,2026-08-31,SAGOP,1772950
2026-08-31,2026-08-31,SARE,1001350
2026-08-31,2026-08-31,SAREP,891045
2026-08-31,2026-08-31,SBBC,5240980.69
2026-08-31,2026-08-31,SBBY,8533516.63
2026-08-31,2026-08-31,SBCB,40024266.5
2026-08-31,2026-08-31,SBCN,13355841.56
2026-08-31,2026-08-31,SBDS,38854.7
2026-08-31,2026-08-31,SBER,10119660329.96
2026-08-31,2026-08-31,SBERP,932897338.72
2026-08-31,2026-08-31,SBFR,1563272837.35
2026-08-31,2026-08-31,SBGB,9477212.9
2026-08-31,2026-08-31,SBGD,217701336.47
2026-08-31,2026-08-31,SBHI,3775614.43
2026-08-31,2026-08-31,SBLB,31544077.68
2026-08-31,2026-08-31,SBMM,4300876054.99
2026-08-31,2026-08-31,SBMX,156606636.37
2026-08-31,2026-08-31,SBPS,121375.46
2026-08-31,2026-08-31,SBRB,301766807.71
2026-08-31,2026-08-31,SBRI,819299.13
2026-08-31,2026-08-31,SBRS,4095484.2
2026-08-31,2026-08-31,SBSC,742218.23
2026-08-31,2026-08-31,SCFT,2348.08
2026-08-31,2026-08-31,SCLI,21950690.15
2026-08-31,2026-08-31,SELG,165838292.5
2026-08-31,2026-08-31,SFIN,315366406
2026-08-31,2026-08-31,SGZH,797777115.25
2026-08-31,2026-08-31,SIBN,1128885279.35
2026-08-31,2026-08-31,SILA,161655335.84
2026-08-31,2026-08-31,SIPO,1233305.43
2026-08-31,2026-08-31,SLEN,1196413
2026-08-31,2026-08-31,SMCF,21309457.8
2026-08-31,2026-08-31,SMLT,3902884037.8
2026-08-31,2026-08-31,SNGS,658015286
2026-08-31,2026-08-31,SNGSP,1294378438.65
2026-08-31,2026-08-31,SOFL,50426181.2
2026-08-31,2026-08-31,SPBE,1328749755.1
2026-08-31,2026-08-31,SPRN,4535741.86
2026-08-31,2026-08-31,STME,67491317.9
2026-08-31,2026-08-31,STSB,1793930
2026-08-31,2026-08-31,STSBP,1897320
2026-08-31,2026-08-31,SUGB,171933.5
2026-08-31,2026-08-31,SVAV,56896818.5
2026-08-31,2026-08-31,SVCB,709929946
2026-08-31,2026-08-31,SVET,842787.6
2026-08-31,2026-08-31,SVETP,1260016.15
2026-08-31,2026-08-31,T,5073006228.74
2026-08-31,2026-08-31,TASB,76614
2026-08-31,2026-08-31,TASBP,214460
2026-08-31,2026-08-31,TATN,2281113935.2
2026-08-31,2026-08-31,TATNP,575284140.4
2026-08-31,2026-08-31,TBEU,103102.74
2026-08-31,2026-08-31,TBRU,2534827.07
2026-08-31,2026-08-31,TDIV,338949.58
2026-08-31,2026-08-31,TEUR,299851.64
2026-08-31,2026-08-31,TGKA,13336103.6
2026-08-31,2026-08-31,TGKB,2050135
2026-08-31,2026-08-31,TGKBP,665486
2026-08-31,2026-08-31,TGKN,34413424
2026-08-31,2026-08-31,TGLD,14909678.35
2026-08-31,2026-08-31,TITR,20243
2026-08-31,2026-08-31,TLCB,18835831.35
2026-08-31,2026-08-31,TMON,5364715.83
2026-08-31,2026-08-31,TMOS,4067140.96
2026-08-31,2026-08-31,TNSE,2028420
2026-08-31,2026-08-31,TOFZ,25120.78
2026-08-31,2026-08-31,TOPS,51036.33
2026-08-31,2026-08-31,TORS,2506920
2026-08-31,2026-08-31,TORSP,17865740
2026-08-31,2026-08-31,TPAY,915285420.03
2026-08-31,2026-08-31,TRMK,189582487.4
2026-08-31,2026-08-31,TRND,11939.8
2026-08-31,2026-08-31,TRNFP,1214170688
2026-08-31,2026-08-31,TRUR,532564.66
2026-08-31,2026-08-31,TSAV,2655.17
2026-08-31,2026-08-31,TTLK,2285489
2026-08-31,2026-08-31,TUSD,2574939.34
2026-08-31,2026-08-31,TUZA,1267342
2026-08-31,2026-08-31,UGLD,210883959.1
2026-08-31,2026-08-31,UKUZ,209666
2026-08-31,2026-08-31,UNAC,99573834
2026-08-31,2026-08-31,UNKL,1335460
2026-08-31,2026-08-31,UPRO,892773559
2026-08-31,2026-08-31,URKZ,94823.4
2026-08-31,2026-08-31,USBN,603518
2026-08-31,2026-08-31,UTAR,720126
2026-08-31,2026-08-31,UWGN,69602672.08
2026-08-31,2026-08-31,VDOR,3634890.91
2026-08-31,2026-08-31,VEON-RX,263230
2026-08-31,2026-08-31,VGSB,24655900
2026-08-31,2026-08-31,VGSBP,49275800
2026-08-31,2026-08-31,VJGZ,7367575
2026-08-31,2026-08-31,VJGZP,7308718
2026-08-31,2026-08-31,VKCO,1364100785
2026-08-31,2026-08-31,VLHZ,580576
2026-08-31,2026-08-31,VRSB,476575
2026-08-31,2026-08-31,VRSBP,835988
2026-08-31,2026-08-31,VSEH,34499195.75
2026-08-31,2026-08-31,VSMO,59494140
2026-08-31,2026-08-31,VSYD,7944850
2026-08-31,2026-08-31,VSYDP,2363400
2026-08-31,2026-08-31,VTBR,3750395677.75
2026-08-31,2026-08-31,WILD,29418.7
2026-08-31,2026-08-31,WTCM,923574
2026-08-31,2026-08-31,WTCMP,2170666
2026-08-31,2026-08-31,WUSH,190447232.18
2026-08-31,2026-08-31,X5,2943667690
2026-08-31,2026-08-31,XACCSK,2851616
2026-08-31,2026-08-31,XAVIUM,273139
2026-08-31,2026-08-31,XCREDI,0
2026-08-31,2026-08-31,XEQTRU,0
2026-08-31,2026-08-31,XFMAGR,0
2026-08-31,2026-08-31,XFMAGY,0
2026-08-31,2026-08-31,XFMAIN,0
2026-08-31,2026-08-31,XFMOMB,0
2026-08-31,2026-08-31,XHEDGE,10941724.75
2026-08-31,2026-08-31,XHOUSE,1754242
2026-08-31,2026-08-31,XIPKSV,775328
2026-08-31,2026-08-31,XKLUCH,1003805.24
2026-08-31,2026-08-31,XNIRUM,18433.4
2026-08-31,2026-08-31,XQUANT,0
2026-08-31,2026-08-31,XSBORA,13640
2026-08-31,2026-08-31,XSECUR,39907759.91
2026-08-31,2026-08-31,XSKLAD,70396.2
2026-08-31,2026-08-31,XTRIUMF,18520452
2026-08-31,2026-08-31,XXRONE,0
2026-08-31,2026-08-31,XXXXXX,6698244.9
2026-08-31,2026-08-31,YAKG,678111.5
2026-08-31,2026-08-31,YDEX,2909217061.5
2026-08-31,2026-08-31,YKEN,5576050
2026-08-31,2026-08-31,YKENP,15386220
2026-08-31,2026-08-31,YRSB,3030120
2026-08-31,2026-08-31,YRSBP,484505
2026-08-31,2026-08-31,YUAN,516906.74
2026-08-31,2026-08-31,ZAYM,8172454
2026-08-31,2026-08-31,ZILL,26970
2026-08-31,2026-08-31,ZVEZ,607660
2026-09-30,2026-09-25,ABIO,6354040.4
2026-09-30,2026-09-25,ABRD,1748448
2026-09-30,2026-09-25,AFKS,539499356.9
2026-09-30,2026-09-25,AFLT,291260566.3
2026-09-30,2026-09-25,AKAI,1191748.1
2026-09-30,2026-09-25,AKBC,1682443.9
2026-09-30,2026-09-25,AKCN,10023.5
2026-09-30,2026-09-25,AKFB,858635608.92
2026-09-30,2026-09-25,AKFN,75682
2026-09-30,2026-09-25,AKGD,39273834.24
2026-09-30,2026-09-25,AKGP,11342038.57
2026-09-30,2026-09-25,AKHT,89494.27
2026-09-30,2026-09-25,AKIE,166473.64
2026-09-30,2026-09-25,AKMB,122674932.42
2026-09-30,2026-09-25,AKMC,2359026.89
2026-09-30,2026-09-25,AKME,11870187.82
2026-09-30,2026-09-25,AKMM,5817217597.61
2026-09-30,2026-09-25,AKMP,421146594.38
2026-09-30,2026-09-25,AKPP,2858230.4
2026-09-30,2026-09-25,AKQU,595935.91
2026-09-30,2026-09-25,AKRN,2536930
2026-09-30,2026-09-25,AKUP,365222.34
2026-09-30,2026-09-25,ALRS,572679879.4
2026-09-30,2026-09-25,AMEZ,0
2026-09-30,2026-09-25,AMFL,90280550.4
2026-09-30,2026-09-25,AMGB,10976377.7
2026-09-30,2026-09-25,AMGL,90171174.9
2026-09-30,2026-09-25,AMIX,1118674.4
2026-09-30,2026-09-25,AMNR,1073855071.58
2026-09-30,2026-09-25,AMNY,4296521.26
2026-09-30,2026-09-25,AMRE,303467.4
2026-09-30,2026-09-25,AMRH,286454.6
2026-09-30,2026-09-25,AMVD,220963
2026-09-30,2026-09-25,AMVY,35999
2026-09-30,2026-09-25,APRI,64116.6
2026-09-30,2026-09-25,APTK,3027627.88
2026-09-30,2026-09-25,AQUA,33989167.7
2026-09-30,2026-09-25,ARSA,6300078
2026-09-30,2026-09-25,ASSB,3433240
2026-09-30,2026-09-25,ASTR,118771744.9
2026-09-30,2026-09-25,AVAN,139415
2026-09-30,2026-09-25,BANE,3249001.5
2026-09-30,2026-09-25,BANEP,24241506
2026-09-30,2026-09-25,BAZA,12312185.4
2026-09-30,2026-09-25,BCSB,973851.81
2026-09-30,2026-09-25,BCSD,581052674.38
2026-09-30,2026-09-25,BCSE,720928.5
2026-09-30,2026-09-25,BCSG,1023701.06
2026-09-30,2026-09-25,BCSR,614679.65
2026-09-30,2026-09-25,BCSW,76231.98
2026-09-30,2026-09-25,BELU,81709535
2026-09-30,2026-09-25,BISVP,132802
2026-09-30,2026-09-25,BLNG,42027
2026-09-30,2026-09-25,BNDA,30074.2
2026-09-30,2026-09-25,BNDB,377740.9
2026-09-30,2026-09-25,BNDC,37597.3
2026-09-30,2026-09-25,BOND,3054616.6
2026-09-30,2026-09-25,BRZL,783406
2026-09-30,2026-09-25,BSPB,288353707.2
2026-09-30,2026-09-25,BSPBP,12305620
2026-09-30,2026-09-25,BTBR,18375100.71
2026-09-30,2026-09-25,CARM,332263.65
2026-09-30,2026-09-25,CASH,85825050.28
2026-09-30,2026-09-25,CBOM,165433363.5
2026-09-30,2026-09-25,CHGZ,998796
2026-09-30,2026-09-25,CHKZ,3592050
2026-09-30,2026-09-25,CHMF,612305954
2026-09-30,2026-09-25,CHMK,841150
2026-09-30,2026-09-25,CNRU,74257616.8
2026-09-30,2026-09-25,CNTL,1096346
2026-09-30,2026-09-25,CNTLP,1031222
2026-09-30,2026-09-25,CNYM,3888876.25
2026-09-30,2026-09-25,CORP,13258.04
2026-09-30,2026-09-25,DATA,14977490.62
2026-09-30,2026-09-25,DELI,3827319.8
2026-09-30,2026-09-25,DIAS,21599115
2026-09-30,2026-09-25,DIOD,2379031
2026-09-30,2026-09-25,DIVD,288577.6
2026-09-30,2026-09-25,DOMRF,398742637.1
2026-09-30,2026-09-25,DVEC,3490014
2026-09-30,2026-09-25,DZRD,8506505
2026-09-30,2026-09-25,DZRDP,4908990
2026-09-30,2026-09-25,EELT,509533.2
2026-09-30,2026-09-25,ELFV,1884245.4
2026-09-30,2026-09-25,ELMT,776958.5
2026-09-30,2026-09-25,ENPG,142779757.15
2026-09-30,2026-09-25,EQMX,121171648.45
2026-09-30,2026-09-25,ESGE,354484.3
2026-09-30,2026-09-25,ESGR,6010.5
2026-09-30,2026-09-25,ETLN,8522023.08
2026-09-30,2026-09-25,EUTR,14538679.2
2026-09-30,2026-09-25,EVRZ,9747160
2026-09-30,2026-09-25,FEES,109455473.6
2026-09-30,2026-09-25,FESH,82245468.2
2026-09-30,2026-09-25,FINC,305215.2
2026-09-30,2026-09-25,FIXR,15471838.7
2026-09-30,2026-09-25,FLOT,115424977.1
2026-09-30,2026-09-25,FLOW,189260411.4
2026-09-30,2026-09-25,FMBR,660106.63
2026-09-30,2026-09-25,FMMM,166212059.86
2026-09-30,2026-09-25,FMSA,33134.86
2026-09-30,2026-09-25,GAZA,1789090
2026-09-30,2026-09-25,GAZAP,13440550
2026-09-30,2026-09-25,GAZC,0
2026-09-30,2026-09-25,GAZP,7650261434.1
2026-09-30,2026-09-25,GAZS,0
2026-09-30,2026-09-25,GAZT,0
2026-09-30,2026-09-25,GCHE,8478634
2026-09-30,2026-09-25,GECO,2695142.1
2026-09-30,2026-09-25,GEMA,1074788
2026-09-30,2026-09-25,GEMC,8731453.9
2026-09-30,2026-09-25,GLRX,11790706.08
2026-09-30,2026-09-25,GMKN,2338823483.8
2026-09-30,2026-09-25,GOLD,79275094.26
2026-09-30,2026-09-25,GOOD,778091.9
2026-09-30,2026-09-25,GROD,126676
2026-09-30,2026-09-25,GTRK,1282142
2026-09-30,2026-09-25,HEAD,1320547600
2026-09-30,2026-09-25,HIMCP,323306
2026-09-30,2026-09-25,HNFG,3615468.8
2026-09-30,2026-09-25,HYDR,96826738.1
2026-09-30,2026-09-25,IGST,183960
2026-09-30,2026-09-25,IGSTP,6761550
2026-09-30,2026-09-25,INCB,1458155.16
2026-09-30,2026-09-25,INFL,1154403.58
2026-09-30,2026-09-25,INGO,2375856.9
2026-09-30,2026-09-25,IRAO,166077948.15
2026-09-30,2026-09-25,IRKT,9396186
2026-09-30,2026-09-25,IVAT,14620981.75
2026-09-30,2026-09-25,JNOS,408916
2026-09-30,2026-09-25,JNOSP,196000
2026-09-30,2026-09-25,KAZT,1290590
2026-09-30,2026-09-25,KAZTP,405205
2026-09-30,2026-09-25,KBSB,2311380
2026-09-30,2026-09-25,KCHE,21227990
2026-09-30,2026-09-25,KCHEP,5315200
2026-09-30,2026-09-25,KFBA,301950
2026-09-30,2026-09-25,KGKC,18114
2026-09-30,2026-09-25,KGKCP,35876
2026-09-30,2026-09-25,KLSB,6517431
2026-09-30,2026-09-25,KLVZ,648332.8
2026-09-30,2026-09-25,KMAZ,5274683
2026-09-30,2026-09-25,KMEZ,1906222
2026-09-30,2026-09-25,KOGK,1762430
2026-09-30,2026-09-25,KRKN,3765350
2026-09-30,2026-09-25,KRKNP,446240
2026-09-30,2026-09-25,KRKOP,1296
2026-09-30,2026-09-25,KROT,2292860
2026-09-30,2026-09-25,KROTP,5917060
2026-09-30,2026-09-25,KRSB,258842
2026-09-30,2026-09-25,KRSBP,9930440
2026-09-30,2026-09-25,KUZB,49427
2026-09-30,2026-09-25,KZOS,2135534
2026-09-30,2026-09-25,KZOSP,1702977
2026-09-30,2026-09-25,LEAS,3492248.4
2026-09-30,2026-09-25,LENT,101428026.5
2026-09-30,2026-09-25,LIFE,2441274
2026-09-30,2026-09-25,LKOH,3481606865
2026-09-30,2026-09-25,LMBZ,199610
2026-09-30,2026-09-25,LNZL,0
2026-09-30,2026-09-25,LNZLP,0
2026-09-30,2026-09-25,LPSB,8580600
2026-09-30,2026-09-25,LQDT,3581808096.48
2026-09-30,2026-09-25,LSNG,552832
2026-09-30,2026-09-25,LSNGP,31176903.5
2026-09-30,2026-09-25,LSRG,23270002.4
2026-09-30,2026-09-25,LVHK,5685815
2026-09-30,2026-09-25,MAGE,2999536
2026-09-30,2026-09-25,MAGEP,1799435
2026-09-30,2026-09-25,MAGN,897921409.15
2026-09-30,2026-09-25,MBNK,30089326
2026-09-30,2026-09-25,MDMG,118873392.9
2026-09-30,2026-09-25,MFGS,2881640
2026-09-30,2026-09-25,MFGSP,10041080
2026-09-30,2026-09-25,MGKL,5862013.75
2026-09-30,2026-09-25,MGNT,1164409325
2026-09-30,2026-09-25,MGNZ,0
2026-09-30,2026-09-25,MGTS,210402
2026-09-30,2026-09-25,MGTSP,485410
2026-09-30,2026-09-25,MISB,3164690
2026-09-30,2026-09-25,MISBP,43085190
2026-09-30,2026-09-25,MKBD,22283
2026-09-30,2026-09-25,MOEX,458302654.6
2026-09-30,2026-09-25,MONY,261226.06
2026-09-30,2026-09-25,MRKC,44249911
2026-09-30,2026-09-25,MRKK,1465342.2
2026-09-30,2026-09-25,MRKP,30439108
2026-09-30,2026-09-25,MRKS,8020932
2026-09-30,2026-09-25,MRKU,26485352
2026-09-30,2026-09-25,MRKV,22470646.5
2026-09-30,2026-09-25,MRKY,1199658.5
2026-09-30,2026-09-25,MRKZ,15074511
2026-09-30,2026-09-25,MRSB,898120
2026-09-30,2026-09-25,MSNG,47060122
2026-09-30,2026-09-25,MSRS,12097135
2026-09-30,2026-09-25,MSTT,238574
2026-09-30,2026-09-25,MTLR,283486464.92
2026-09-30,2026-09-25,MTLRP,46356975.5
2026-09-30,2026-09-25,MTSS,400101189.5
2026-09-30,2026-09-25,MVID,32559703.65
2026-09-30,2026-09-25,NAUK,100065
2026-09-30,2026-09-25,NFAZ,1154800
2026-09-30,2026-09-25,NFKL,28636.09
2026-09-30,2026-09-25,NKHP,13817545
2026-09-30,2026-09-25,NKNC,1675677.5
2026-09-30,2026-09-25,NKNCP,1023831.2
2026-09-30,2026-09-25,NKSH,8552945
2026-09-30,2026-09-25,NLMK,490405497.4
2026-09-30,2026-09-25,NMTP,35585150.5
2026-09-30,2026-09-25,NNSB,3220460
2026-09-30,2026-09-25,NNSBP,2130518
2026-09-30,2026-09-25,NSVZ,266785
2026-09-30,2026-09-25,NVTK,3080554736.4
2026-09-30,2026-09-25,OBLG,37667938.38
2026-09-30,2026-09-25,OFZS,4008.7
2026-09-30,2026-09-25,OGKB,12543466.5
2026-09-30,2026-09-25,OKEY,2759245.3
2026-09-30,2026-09-25,OLIQ,128617.88
2026-09-30,2026-09-25,OMZZP,8360200
2026-09-30,2026-09-25,OZON,5715191806
2026-09-30,2026-09-25,OZPH,75877245.3
2026-09-30,2026-09-25,PAZA,3534340
2026-09-30,2026-09-25,PHOR,865557940
2026-09-30,2026-09-25,PIKK,25817458.4
2026-09-30,2026-09-25,PLZL,6484652423.6
2026-09-30,2026-09-25,PMSB,736977
2026-09-30,2026-09-25,PMSBP,1558420
2026-09-30,2026-09-25,POSI,311583185.2
2026-09-30,2026-09-25,PRFN,417060.8
2026-09-30,2026-09-25,PRIE,0
2026-09-30,2026-09-25,PRMB,5077800
2026-09-30,2026-09-25,PRMD,70256980.1
2026-09-30,2026-09-25,PSGM,479813.95
2026-09-30,2026-09-25,PSMM,155036460.11
2026-09-30,2026-09-25,PSRB,778872.95
2026-09-30,2026-09-25,PSRE,1663235.55
2026-09-30,2026-09-25,RAGR,185297444.22
2026-09-30,2026-09-25,RASP,35670296
2026-09-30,2026-09-25,RBCM,10676611.5
2026-09-30,2026-09-25,RDRB,95690
2026-09-30,2026-09-25,RENI,34665218.2
2026-09-30,2026-09-25,RGSS,1136299.4
2026-09-30,2026-09-25,RKKE,617930
2026-09-30,2026-09-25,RNFT,177822121.95
2026-09-30,2026-09-25,ROLO,5572906.2
2026-09-30,2026-09-25,ROSN,4225098716.7
2026-09-30,2026-09-25,ROST,22730
2026-09-30,2026-09-25,RSHU,162981.8
2026-09-30,2026-09-25,RTGZ,2787600
2026-09-30,2026-09-25,RTKM,140883642.2
2026-09-30,2026-09-25,RTKMP,23293162
2026-09-30,2026-09-25,RTSB,12506915
2026-09-30,2026-09-25,RTSBP,7885836
2026-09-30,2026-09-25,RU0005418747,5339.5
2026-09-30,2026-09-25,RU0006922010,52052966.85
2026-09-30,2026-09-25,RU0006922044,481493.4
2026-09-30,2026-09-25,RU000A0HGNG6,1790148
2026-09-30,2026-09-25,RU000A0HGNH4,0
2026-09-30,2026-09-25,RU000A0JP773,2632570.74
2026-09-30,2026-09-25,RU000A0JP799,24203578.56
2026-09-30,2026-09-25,RU000A0JPMD2,1390456
2026-09-30,2026-09-25,RU000A0JPZL7,0
2026-09-30,2026-09-25,RU000A0JPZP8,0
2026-09-30,2026-09-25,RU000A0JR282,6417558.5
2026-09-30,2026-09-25,RU000A0JR290,500435
2026-09-30,2026-09-25,RU000A0JR2A5,0
2026-09-30,2026-09-25,RU000A0JR2C1,837673
2026-09-30,2026-09-25,RU000A0JRHC0,68000
2026-09-30,2026-09-25,RU000A0JRUQ3,0
2026-09-30,2026-09-25,RU000A0JUR61,0
2026-09-30,2026-09-25,RU000A0JUYB1,0
2026-09-30,2026-09-25,RU000A0JVJ29,1265213
2026-09-30,2026-09-25,RU000A0JWCE7,160260
2026-09-30,2026-09-25,RU000A0JXP78,0
2026-09-30,2026-09-25,RU000A0JXWF0,82996
2026-09-30,2026-09-25,RU000A0ZYC64,0
2026-09-30,2026-09-25,RU000A0ZZ5R2,2242486
2026-09-30,2026-09-25,RU000A0ZZCD8,2988320
2026-09-30,2026-09-25,RU000A0ZZMD7,108240
2026-09-30,2026-09-25,RU000A0ZZME5,0
2026-09-30,2026-09-25,RU000A0ZZML0,733550
2026-09-30,2026-09-25,RU000A0ZZMN6,0
2026-09-30,2026-09-25,RU000A0ZZVH9,0
2026-09-30,2026-09-25,RU000A1000W4,0
2026-09-30,2026-09-25,RU000A1000Y0,0
2026-09-30,2026-09-25,RU000A100EQ2,680812.54
2026-09-30,2026-09-25,RU000A100WZ5,617375
2026-09-30,2026-09-25,RU000A101NK4,651184
2026-09-30,2026-09-25,RU000A101UK9,0
2026-09-30,2026-09-25,RU000A101UY0,21215
2026-09-30,2026-09-25,RU000A1022Z1,639546
2026-09-30,2026-09-25,RU000A1027E5,787380
2026-09-30,2026-09-25,RU000A102AH5,0
2026-09-30,2026-09-25,RU000A102N77,2634250
2026-09-30,2026-09-25,RU000A102PE0,12271500
2026-09-30,2026-09-25,RU000A102PF7,99900
2026-09-30,2026-09-25,RU000A102PN1,0
2026-09-30,2026-09-25,RU000A102PQ4,1499400
2026-09-30,2026-09-25,RU000A1034U7,4176600
2026-09-30,2026-09-25,RU000A103B62,2254733
2026-09-30,2026-09-25,RU000A103HD7,0
2026-09-30,2026-09-25,RU000A104172,13856950
2026-09-30,2026-09-25,RU000A104KU3,7136121
2026-09-30,2026-09-25,RU000A104M43,61000
2026-09-30,2026-09-25,RU000A104YX8,4931002
2026-09-30,2026-09-25,RU000A105153,0
2026-09-30,2026-09-25,RU000A105328,7797293
2026-09-30,2026-09-25,RU000A105GY0,0
2026-09-30,2026-09-25,RU000A105R70,0
2026-09-30,2026-09-25,RU000A105RJ8,0
2026-09-30,2026-09-25,RU000A105TU1,2431923
2026-09-30,2026-09-25,RU000A1068X9,1134438
2026-09-30,2026-09-25,RU000A106CX9,0
2026-09-30,2026-09-25,RU000A106G80,1626939
2026-09-30,2026-09-25,RU000A106LB6,0
2026-09-30,2026-09-25,RU000A106LC4,0
2026-09-30,2026-09-25,RU000A106MG3,0
2026-09-30,2026-09-25,RU000A106N57,0
2026-09-30,2026-09-25,RU000A106SA3,0
2026-09-30,2026-09-25,RU000A106XE5,0
2026-09-30,2026-09-25,RU000A1075T2,0
2026-09-30,2026-09-25,RU000A107860,0
2026-09-30,2026-09-25,RU000A1079J5,0
2026-09-30,2026-09-25,RU000A107J37,0
2026-09-30,2026-09-25,RU000A107RE5,0
2026-09-30,2026-09-25,RU000A107U08,508685
2026-09-30,2026-09-25,RU000A108751,0
2026-09-30,2026-09-25,RU000A108KP4,0
2026-09-30,2026-09-25,RU000A108TT7,1793047.68
2026-09-30,2026-09-25,RU000A108UH0,5004513
2026-09-30,2026-09-25,RU000A108VR7,5985293
2026-09-30,2026-09-25,RU000A108ZB2,135750
2026-09-30,2026-09-25,RU000A1092L4,0
2026-09-30,2026-09-25,RU000A1095D4,2007310
2026-09-30,2026-09-25,RU000A1099U0,508185.19
2026-09-30,2026-09-25,RU000A109G79,10750
2026-09-30,2026-09-25,RU000A109GQ8,10978
2026-09-30,2026-09-25,RU000A109NL5,0
2026-09-30,2026-09-25,RU000A109QR5,58745
2026-09-30,2026-09-25,RU000A109R27,44058452
2026-09-30,2026-09-25,RU000A10A489,12700
2026-09-30,2026-09-25,RU000A10AN72,0
2026-09-30,2026-09-25,RU000A10AQT4,8794759.3
2026-09-30,2026-09-25,RU000A10ATA8,0
2026-09-30,2026-09-25,RU000A10BBS6,8175543
2026-09-30,2026-09-25,RU000A10BM31,146230
2026-09-30,2026-09-25,RU000A10BQP0,870424.79
2026-09-30,2026-09-25,RU000A10BQQ8,2830
2026-09-30,2026-09-25,RU000A10BT26,0
2026-09-30,2026-09-25,RU000A10BT42,6222.5
2026-09-30,2026-09-25,RU000A10CFM8,1996486
2026-09-30,2026-09-25,RU000A10CKQ9,696200
2026-09-30,2026-09-25,RU000A10CLY1,0
2026-09-30,2026-09-25,RU000A10D7W9,0
2026-09-30,2026-09-25,RU000A10D814,9972.5
2026-09-30,2026-09-25,RU000A10E3R7,109000
2026-09-30,2026-09-25,RU000A10ECF5,0
2026-09-30,2026-09-25,RU000A10ECJ7,0
2026-09-30,2026-09-25,RU000A10EVE8,28496556
2026-09-30,2026-09-25,RU000A10F439,0
2026-09-30,2026-09-25,RU000A10FDU9,0
2026-09-30,2026-09-25,RU000A10FQ17,6862901.2
2026-09-30,2026-09-25,RUAL,966463402.4
2026-09-30,2026-09-25,RUFO,2648.58
2026-09-30,2026-09-25,RUSI,893126
2026-09-30,2026-09-25,RZSB,631240
2026-09-30,2026-09-25,SAFE,1543928047.94
2026-09-30,2026-09-25,SAGO,8195350
2026-09-30,2026-09-25,SAGOP,8225520
2026-09-30,2026-09-25,SARE,7321550
2026-09-30,2026-09-25,SAREP,112635
2026-09-30,2026-09-25,SBBC,610109.98
2026-09-30,2026-09-25,SBBY,1487787.29
2026-09-30,2026-09-25,SBCB,26244206.5
2026-09-30,2026-09-25,SBCN,3839342.58
2026-09-30,2026-09-25,SBDS,34663.05
2026-09-30,2026-09-25,SBER,4860625632.53
2026-09-30,2026-09-25,SBERP,334490320.28
2026-09-30,2026-09-25,SBFR,3301696154.43
2026-09-30,2026-09-25,SBGB,11380945.56
2026-09-30,2026-09-25,SBGD,83772959.11
2026-09-30,2026-09-25,SBHI,554379.74
2026-09-30,2026-09-25,SBLB,199644809.91
2026-09-30,2026-09-25,SBMM,4097921453.35
2026-09-30,2026-09-25,SBMX,125528664.92
2026-09-30,2026-09-25,SBPS,108852.61
2026-09-30,2026-09-25,SBRB,622955688.28
2026-09-30,2026-09-25,SBRI,100159.62
2026-09-30,2026-09-25,SBRS,991535.59
2026-09-30,2026-09-25,SBSC,484053.95
2026-09-30,2026-09-25,SCFT,3645.12
2026-09-30,2026-09-25,SCLI,5798271.91
2026-09-30,2026-09-25,SELG,302956571.8
2026-09-30,2026-09-25,SFIN,53461074.6
2026-09-30,2026-09-25,SGZH,123663941.5
2026-09-30,2026-09-25,SIBN,304185554.45
2026-09-30,2026-09-25,SILA,1171226.32
2026-09-30,2026-09-25,SIPO,13427.66
2026-09-30,2026-09-25,SLEN,983105.5
2026-09-30,2026-09-25,SMCF,210270.9
2026-09-30,2026-09-25,SMLT,1312512274.8
2026-09-30,2026-09-25,SNGS,439849837
2026-09-30,2026-09-25,SNGSP,524725315.65
2026-09-30,2026-09-25,SOFL,19568901.6
2026-09-30,2026-09-25,SPBE,434577011.4
2026-09-30,2026-09-25,SPRN,3205588.4
2026-09-30,2026-09-25,STME,32868094.94
2026-09-30,2026-09-25,STSB,6361755
2026-09-30,2026-09-25,STSBP,1701495
2026-09-30,2026-09-25,SUGB,223641
2026-09-30,2026-09-25,SVAV,8579659.5
2026-09-30,2026-09-25,SVCB,502258102.5
2026-09-30,2026-09-25,SVET,524336.12
2026-09-30,2026-09-25,SVETP,347734.1
2026-09-30,2026-09-25,T,5314807579.3
2026-09-30,2026-09-25,TASB,181226
2026-09-30,2026-09-25,TASBP,1075180
2026-09-30,2026-09-25,TATN,1015595684.3
2026-09-30,2026-09-25,TATNP,225279999.3
2026-09-30,2026-09-25,TBEU,8303.54
2026-09-30,2026-09-25,TBRU,583016.54
2026-09-30,2026-09-25,TDIV,57099.78
2026-09-30,2026-09-25,TEUR,866901.3
2026-09-30,2026-09-25,TGKA,5275260
2026-09-30,2026-09-25,TGKB,2070125
2026-09-30,2026-09-25,TGKBP,281100
2026-09-30,2026-09-25,TGKN,4872346
2026-09-30,2026-09-25,TGLD,2966890.49
2026-09-30,2026-09-25,TITR,62929.66
2026-09-30,2026-09-25,TLCB,5886379.49
2026-09-30,2026-09-25,TMON,48081066.54
2026-09-30,2026-09-25,TMOS,3639589.66
2026-09-30,2026-09-25,TNSE,4921375
2026-09-30,2026-09-25,TOFZ,18590.85
2026-09-30,2026-09-25,TOPS,10960.19
2026-09-30,2026-09-25,TORS,250700
2026-09-30,2026-09-25,TORSP,8895780
2026-09-30,2026-09-25,TPAY,244668889.28
2026-09-30,2026-09-25,TRMK,27399479.6
2026-09-30,2026-09-25,TRND,47892.4
2026-09-30,2026-09-25,TRNFP,350200130.4
2026-09-30,2026-09-25,TRUR,29562724.56
2026-09-30,2026-09-25,TSAV,15792.99
2026-09-30,2026-09-25,TTLK,850460
2026-09-30,2026-09-25,TUSD,1143092.85
2026-09-30,2026-09-25,TUZA,706776
2026-09-30,2026-09-25,UGLD,116215151.2
2026-09-30,2026-09-25,UKUZ,4777494
2026-09-30,2026-09-25,UNAC,19893473.5
2026-09-30,2026-09-25,UNKL,988800
2026-09-30,2026-09-25,UPRO,118220246.5
2026-09-30,2026-09-25,URKZ,44678.6
2026-09-30,2026-09-25,USBN,261839
2026-09-30,2026-09-25,UTAR,1935691
2026-09-30,2026-09-25,UWGN,17030071.2
2026-09-30,2026-09-25,VDOR,5667507.61
2026-09-30,2026-09-25,VEON-RX,1425371
2026-09-30,2026-09-25,VGSB,6715250
2026-09-30,2026-09-25,VGSBP,6736600
2026-09-30,2026-09-25,VJGZ,2930645
2026-09-30,2026-09-25,VJGZP,1566968
2026-09-30,2026-09-25,VKCO,398490050
2026-09-30,2026-09-25,VLHZ,173982
2026-09-30,2026-09-25,VRSB,4052710
2026-09-30,2026-09-25,VRSBP,1088160
2026-09-30,2026-09-25,VSEH,107154879.58
2026-09-30,2026-09-25,VSMO,4974340
2026-09-30,2026-09-25,VSYD,101424450
2026-09-30,2026-09-25,VSYDP,10896550
2026-09-30,2026-09-25,VTBR,2441354872.69
2026-09-30,2026-09-25,WILD,497844.6
2026-09-30,2026-09-25,WTCM,100062
2026-09-30,2026-09-25,WTCMP,298102
2026-09-30,2026-09-25,WUSH,87603488.92
2026-09-30,2026-09-25,X5,727979289.5
2026-09-30,2026-09-25,XACCSK,10419634
2026-09-30,2026-09-25,XAVIUM,22119
2026-09-30,2026-09-25,XCREDI,1800
2026-09-30,2026-09-25,XEQTRU,0
2026-09-30,2026-09-25,XFMAGR,0
2026-09-30,2026-09-25,XFMAGY,0
2026-09-30,2026-09-25,XFMAIN,0
2026-09-30,2026-09-25,XFMOMB,0
2026-09-30,2026-09-25,XHEDGE,833784.5
2026-09-30,2026-09-25,XHOUSE,45088
2026-09-30,2026-09-25,XIPKSV,2141100
2026-09-30,2026-09-25,XKLUCH,216848.38
2026-09-30,2026-09-25,XNIRUM,1050
2026-09-30,2026-09-25,XQUANT,0
2026-09-30,2026-09-25,XSBORA,2328520
2026-09-30,2026-09-25,XSECUR,45665513.94
2026-09-30,2026-09-25,XSKLAD,55318.5
2026-09-30,2026-09-25,XTRIUMF,3925802
2026-09-30,2026-09-25,XWIMRD,0
2026-09-30,2026-09-25,XXRONE,0
2026-09-30,2026-09-25,XXXXXX,8834189.4
2026-09-30,2026-09-25,YAKG,283566.5
2026-09-30,2026-09-25,YDEX,3888363865.5
2026-09-30,2026-09-25,YKEN,4384890
2026-09-30,2026-09-25,YKENP,1063360
2026-09-30,2026-09-25,YRSB,8218160
2026-09-30,2026-09-25,YRSBP,1359170
2026-09-30,2026-09-25,YUAN,127884.08
2026-09-30,2026-09-25,ZAYM,2946274
2026-09-30,2026-09-25,ZILL,84975
2026-09-30,2026-09-25,ZVEZ,9362950
