ук,фонд,дата,url,файл
Т-Капитал,БПИФ РФИ «Т-Капитал Акции роста»,2024-06-28,https://cdn.tbank.ru/static/documents/otchet-scha-titr-28-06-2024.PDF,raw/Т-Капитал/БПИФ РФИ Т-Капитал Акции роста/2024-06-28.pdf
Т-Капитал,БПИФ РФИ «Т-Капитал Акции роста»,2024-07-31,https://cdn.tbank.ru/static/documents/otchet-scha-titr-31-07-2024.PDF,raw/Т-Капитал/БПИФ РФИ Т-Капитал Акции роста/2024-07-31.pdf
Т-Капитал,БПИФ РФИ «Т-Капитал Акции роста»,2024-08-30,https://cdn.tbank.ru/static/documents/otchet-scha-titr-30-08-2024.PDF,raw/Т-Капитал/БПИФ РФИ Т-Капитал Акции роста/2024-08-30.pdf
Т-Капитал,БПИФ РФИ «Т-Капитал Акции роста»,2024-09-30,https://cdn.tbank.ru/static/documents/otchet-scha-titr-30-09-2024.PDF,raw/Т-Капитал/БПИФ РФИ Т-Капитал Акции роста/2024-09-30.pdf
Т-Капитал,БПИФ РФИ «Т-Капитал Акции роста»,2024-10-31,https://cdn.tbank.ru/static/documents/6126-bpif-rynochnyh-finansovyh-instrumentov-t-kapital-rossijskie-tehnologii.PDF,raw/Т-Капитал/БПИФ РФИ Т-Капитал Акции роста/2024-10-31.pdf
Т-Капитал,БПИФ РФИ «Т-Капитал Акции роста»,2024-11-29,https://cdn.tbank.ru/static/documents/otchet-scha-titr-29-11-2024.pdf,raw/Т-Капитал/БПИФ РФИ Т-Капитал Акции роста/2024-11-29.pdf
Т-Капитал,БПИФ РФИ «Т-Капитал Акции роста»,2024-12-28,https://cdn.tbank.ru/static/documents/otchet-scha-titr-28-12-2024.pdf,raw/Т-Капитал/БПИФ РФИ Т-Капитал Акции роста/2024-12-28.pdf
Т-Капитал,БПИФ РФИ «Т-Капитал Акции роста»,2025-01-31,https://cdn.tbank.ru/static/documents/otchet-scha-titr-31-01-2025.PDF,raw/Т-Капитал/БПИФ РФИ Т-Капитал Акции роста/2025-01-31.pdf
Т-Капитал,БПИФ РФИ «Т-Капитал Акции роста»,2025-02-28,https://cdn.tbank.ru/static/documents/otchet-scha-titr-28-02-2025.PDF,raw/Т-Капитал/БПИФ РФИ Т-Капитал Акции роста/2025-02-28.pdf
Т-Капитал,БПИФ РФИ «Т-Капитал Акции роста»,2025-03-31,https://cdn.tbank.ru/static/documents/otchet-scha-titr-31-03-2025.PDF,raw/Т-Капитал/БПИФ РФИ Т-Капитал Акции роста/2025-03-31.pdf
Т-Капитал,БПИФ РФИ «Т-Капитал Акции роста»,2025-04-30,https://cdn.tbank.ru/static/documents/otchet-scha-titr-30-04-2025.PDF,raw/Т-Капитал/БПИФ РФИ Т-Капитал Акции роста/2025-04-30.pdf
Т-Капитал,БПИФ РФИ «Т-Капитал Акции роста»,2025-05-30,https://cdn.tbank.ru/static/documents/otchet-scha-titr-30-05-2025.PDF,raw/Т-Капитал/БПИФ РФИ Т-Капитал Акции роста/2025-05-30.pdf
Т-Капитал,БПИФ РФИ «Т-Капитал Акции роста»,2025-06-30,https://cdn.tbank.ru/static/documents/otchet-scha-titr-30-06-2025.PDF,raw/Т-Капитал/БПИФ РФИ Т-Капитал Акции роста/2025-06-30.pdf
Т-Капитал,БПИФ РФИ «Т-Капитал Акции роста»,2025-07-31,https://cdn.tbank.ru/static/documents/otchet-scha-titr-31-07-2025.pdf,raw/Т-Капитал/БПИФ РФИ Т-Капитал Акции роста/2025-07-31.pdf
Т-Капитал,БПИФ РФИ «Т-Капитал Акции роста»,2025-08-29,https://cdn.tbank.ru/static/documents/otchet-scha-titr-29-08-2025.pdf,raw/Т-Капитал/БПИФ РФИ Т-Капитал Акции роста/2025-08-29.pdf
Т-Капитал,БПИФ РФИ «Т-Капитал Акции роста»,2025-09-30,https://cdn.tbank.ru/static/documents/otchet-scha-titr-30-09-2025.PDF,raw/Т-Капитал/БПИФ РФИ Т-Капитал Акции роста/2025-09-30.pdf
Т-Капитал,БПИФ РФИ «Т-Капитал Акции роста»,2025-10-31,https://cdn.tbank.ru/static/documents/otchet-scha-titr-31-10-2025.pdf,raw/Т-Капитал/БПИФ РФИ Т-Капитал Акции роста/2025-10-31.pdf
Т-Капитал,БПИФ РФИ «Т-Капитал Акции роста»,2025-11-28,https://cdn.tbank.ru/static/documents/otchet-scha-titr-28-11-2025.pdf,raw/Т-Капитал/БПИФ РФИ Т-Капитал Акции роста/2025-11-28.pdf
Т-Капитал,БПИФ РФИ «Т-Капитал Акции роста»,2025-12-30,https://cdn.tbank.ru/static/documents/6126-titr-scha-30-12-2025.pdf,raw/Т-Капитал/БПИФ РФИ Т-Капитал Акции роста/2025-12-30.pdf
Т-Капитал,БПИФ РФИ «Т-Капитал Акции роста»,2026-01-30,https://cdn.tbank.ru/static/documents/titr-scha-30-01-2026.pdf,raw/Т-Капитал/БПИФ РФИ Т-Капитал Акции роста/2026-01-30.pdf
Т-Капитал,БПИФ РФИ «Т-Капитал Акции роста»,2026-02-27,https://cdn.tbank.ru/static/documents/titr-scha-27-02-2026.pdf,raw/Т-Капитал/БПИФ РФИ Т-Капитал Акции роста/2026-02-27.pdf
Т-Капитал,БПИФ РФИ «Т-Капитал Акции роста»,2026-03-31,https://cdn.tbank.ru/static/documents/titr-scha-31-03-2026.PDF,raw/Т-Капитал/БПИФ РФИ Т-Капитал Акции роста/2026-03-31.pdf
Т-Капитал,БПИФ РФИ «Т-Капитал Акции роста»,2026-04-30,https://cdn.tbank.ru/static/documents/titr-scha-30-04-2026.PDF,raw/Т-Капитал/БПИФ РФИ Т-Капитал Акции роста/2026-04-30.pdf
Т-Капитал,БПИФ РФИ «Т-Капитал Акции роста»,2026-05-29,https://cdn.tbank.ru/static/documents/titr-scha-29-05-2026.PDF,raw/Т-Капитал/БПИФ РФИ Т-Капитал Акции роста/2026-05-29.pdf
Т-Капитал,БПИФ РФИ «Т-Капитал Акции роста»,2026-06-30,https://cdn.tbank.ru/static/documents/titr-scha-30-06-2026.PDF,raw/Т-Капитал/БПИФ РФИ Т-Капитал Акции роста/2026-06-30.pdf
Т-Капитал,БПИФ РФИ «Т-Капитал Акции роста»,2026-07-31,https://cdn.tbank.ru/static/documents/titr-scha-31-07-2026.PDF,raw/Т-Капитал/БПИФ РФИ Т-Капитал Акции роста/2026-07-31.pdf
Т-Капитал,БПИФ РФИ «Т-Капитал Акции роста»,2026-08-31,https://cdn.tbank.ru/static/documents/titr-scha-31-08-2026.PDF,raw/Т-Капитал/БПИФ РФИ Т-Капитал Акции роста/2026-08-31.pdf
Т-Капитал,БПИФ РФИ «Т-Капитал Дивидендные акции»,2023-11-30,https://cdn.tbank.ru/static/documents/otchet-scha-tdiv-30-11-2023.PDF,raw/Т-Капитал/БПИФ РФИ Т-Капитал Дивидендные акции/2023-11-30.pdf
Т-Капитал,БПИФ РФИ «Т-Капитал Дивидендные акции»,2023-12-29,https://cdn.tbank.ru/static/documents/otchet-scha-tdiv-29-12-2023.PDF,raw/Т-Капитал/БПИФ РФИ Т-Капитал Дивидендные акции/2023-12-29.pdf
Т-Капитал,БПИФ РФИ «Т-Капитал Дивидендные акции»,2024-01-31,https://cdn.tbank.ru/static/documents/otchet-scha-tdiv-31-01-2024.PDF,raw/Т-Капитал/БПИФ РФИ Т-Капитал Дивидендные акции/2024-01-31.pdf
Т-Капитал,БПИФ РФИ «Т-Капитал Дивидендные акции»,2024-02-29,https://cdn.tbank.ru/static/documents/otchet-scha-tdiv-29-02-2024.PDF,raw/Т-Капитал/БПИФ РФИ Т-Капитал Дивидендные акции/2024-02-29.pdf
Т-Капитал,БПИФ РФИ «Т-Капитал Дивидендные акции»,2024-03-29,https://cdn.tbank.ru/static/documents/otchet-scha-tdiv-29-03-2024.PDF,raw/Т-Капитал/БПИФ РФИ Т-Капитал Дивидендные акции/2024-03-29.pdf
Т-Капитал,БПИФ РФИ «Т-Капитал Дивидендные акции»,2024-04-27,https://cdn.tbank.ru/static/documents/otchet-scha-tdiv-27-04-2024.PDF,raw/Т-Капитал/БПИФ РФИ Т-Капитал Дивидендные акции/2024-04-27.pdf
Т-Капитал,БПИФ РФИ «Т-Капитал Дивидендные акции»,2024-05-31,https://cdn.tbank.ru/static/documents/otchet-scha-tdiv-31-05-2024.PDF,raw/Т-Капитал/БПИФ РФИ Т-Капитал Дивидендные акции/2024-05-31.pdf
Т-Капитал,БПИФ РФИ «Т-Капитал Дивидендные акции»,2024-06-28,https://cdn.tbank.ru/static/documents/otchet-scha-tdiv-28-06-2024.PDF,raw/Т-Капитал/БПИФ РФИ Т-Капитал Дивидендные акции/2024-06-28.pdf
Т-Капитал,БПИФ РФИ «Т-Капитал Дивидендные акции»,2024-07-31,https://cdn.tbank.ru/static/documents/otchet-scha-tdiv-31-07-2024.PDF,raw/Т-Капитал/БПИФ РФИ Т-Капитал Дивидендные акции/2024-07-31.pdf
Т-Капитал,БПИФ РФИ «Т-Капитал Дивидендные акции»,2024-08-30,https://cdn.tbank.ru/static/documents/otchet-scha-tdiv-30-08-2024.PDF,raw/Т-Капитал/БПИФ РФИ Т-Капитал Дивидендные акции/2024-08-30.pdf
Т-Капитал,БПИФ РФИ «Т-Капитал Дивидендные акции»,2024-09-30,https://cdn.tbank.ru/static/documents/otchet-scha-tdiv-30-09-2024.PDF,raw/Т-Капитал/БПИФ РФИ Т-Капитал Дивидендные акции/2024-09-30.pdf
Т-Капитал,БПИФ РФИ «Т-Капитал Дивидендные акции»,2024-10-31,https://cdn.tbank.ru/static/documents/5707-bpif-rynochnyh-finansovyh-instrumentov-t-kapital-dividendnye-akcii.PDF,raw/Т-Капитал/БПИФ РФИ Т-Капитал Дивидендные акции/2024-10-31.pdf
Т-Капитал,БПИФ РФИ «Т-Капитал Дивидендные акции»,2024-11-29,https://cdn.tbank.ru/static/documents/otchet-scha-tdiv-29-11-2024.pdf,raw/Т-Капитал/БПИФ РФИ Т-Капитал Дивидендные акции/2024-11-29.pdf
Т-Капитал,БПИФ РФИ «Т-Капитал Дивидендные акции»,2024-12-28,https://cdn.tbank.ru/static/documents/otchet-scha-tdiv-28-12-2024.pdf,raw/Т-Капитал/БПИФ РФИ Т-Капитал Дивидендные акции/2024-12-28.pdf
Т-Капитал,БПИФ РФИ «Т-Капитал Дивидендные акции»,2025-01-31,https://cdn.tbank.ru/static/documents/otchet-scha-tdiv-31-01-2025.PDF,raw/Т-Капитал/БПИФ РФИ Т-Капитал Дивидендные акции/2025-01-31.pdf
Т-Капитал,БПИФ РФИ «Т-Капитал Дивидендные акции»,2025-02-28,https://cdn.tbank.ru/static/documents/otchet-scha-tdiv-28-02-2025.PDF,raw/Т-Капитал/БПИФ РФИ Т-Капитал Дивидендные акции/2025-02-28.pdf
Т-Капитал,БПИФ РФИ «Т-Капитал Дивидендные акции»,2025-03-31,https://cdn.tbank.ru/static/documents/otchet-scha-tdiv-31-03-2025.PDF,raw/Т-Капитал/БПИФ РФИ Т-Капитал Дивидендные акции/2025-03-31.pdf
Т-Капитал,БПИФ РФИ «Т-Капитал Дивидендные акции»,2025-04-30,https://cdn.tbank.ru/static/documents/otchet-scha-tdiv-30-04-2025.PDF,raw/Т-Капитал/БПИФ РФИ Т-Капитал Дивидендные акции/2025-04-30.pdf
Т-Капитал,БПИФ РФИ «Т-Капитал Дивидендные акции»,2025-05-30,https://cdn.tbank.ru/static/documents/otchet-scha-tdiv-30-05-2025.PDF,raw/Т-Капитал/БПИФ РФИ Т-Капитал Дивидендные акции/2025-05-30.pdf
Т-Капитал,БПИФ РФИ «Т-Капитал Дивидендные акции»,2025-06-30,https://cdn.tbank.ru/static/documents/otchet-scha-tdiv-30-06-2025.PDF,raw/Т-Капитал/БПИФ РФИ Т-Капитал Дивидендные акции/2025-06-30.pdf
Т-Капитал,БПИФ РФИ «Т-Капитал Дивидендные акции»,2025-07-31,https://cdn.tbank.ru/static/documents/otchet-scha-tdiv-31-07-2025.pdf,raw/Т-Капитал/БПИФ РФИ Т-Капитал Дивидендные акции/2025-07-31.pdf
Т-Капитал,БПИФ РФИ «Т-Капитал Дивидендные акции»,2025-08-29,https://cdn.tbank.ru/static/documents/otchet-scha-tdiv-29-08-2025.pdf,raw/Т-Капитал/БПИФ РФИ Т-Капитал Дивидендные акции/2025-08-29.pdf
Т-Капитал,БПИФ РФИ «Т-Капитал Дивидендные акции»,2025-09-30,https://cdn.tbank.ru/static/documents/otchet-scha-tdiv-30-09-2025.PDF,raw/Т-Капитал/БПИФ РФИ Т-Капитал Дивидендные акции/2025-09-30.pdf
Т-Капитал,БПИФ РФИ «Т-Капитал Дивидендные акции»,2025-10-31,https://cdn.tbank.ru/static/documents/otchet-scha-tdiv-31-10-2025.pdf,raw/Т-Капитал/БПИФ РФИ Т-Капитал Дивидендные акции/2025-10-31.pdf
Т-Капитал,БПИФ РФИ «Т-Капитал Дивидендные акции»,2025-11-28,https://cdn.tbank.ru/static/documents/otchet-scha-tdiv-28-11-2025.pdf,raw/Т-Капитал/БПИФ РФИ Т-Капитал Дивидендные акции/2025-11-28.pdf
Т-Капитал,БПИФ РФИ «Т-Капитал Дивидендные акции»,2025-12-30,https://cdn.tbank.ru/static/documents/5707-tdiv-scha-30-12-2025.pdf,raw/Т-Капитал/БПИФ РФИ Т-Капитал Дивидендные акции/2025-12-30.pdf
Т-Капитал,БПИФ РФИ «Т-Капитал Дивидендные акции»,2026-01-30,https://cdn.tbank.ru/static/documents/tdiv-scha-30-01-2026.pdf,raw/Т-Капитал/БПИФ РФИ Т-Капитал Дивидендные акции/2026-01-30.pdf
Т-Капитал,БПИФ РФИ «Т-Капитал Дивидендные акции»,2026-02-27,https://cdn.tbank.ru/static/documents/tdiv-scha-27-02-2026.pdf,raw/Т-Капитал/БПИФ РФИ Т-Капитал Дивидендные акции/2026-02-27.pdf
Т-Капитал,БПИФ РФИ «Т-Капитал Дивидендные акции»,2026-03-31,https://cdn.tbank.ru/static/documents/tdiv-scha-31-03-2026.PDF,raw/Т-Капитал/БПИФ РФИ Т-Капитал Дивидендные акции/2026-03-31.pdf
Т-Капитал,БПИФ РФИ «Т-Капитал Дивидендные акции»,2026-04-30,https://cdn.tbank.ru/static/documents/tdiv-scha-30-04-2026.PDF,raw/Т-Капитал/БПИФ РФИ Т-Капитал Дивидендные акции/2026-04-30.pdf
Т-Капитал,БПИФ РФИ «Т-Капитал Дивидендные акции»,2026-05-29,https://cdn.tbank.ru/static/documents/tdiv-scha-29-05-2026.PDF,raw/Т-Капитал/БПИФ РФИ Т-Капитал Дивидендные акции/2026-05-29.pdf
Т-Капитал,БПИФ РФИ «Т-Капитал Дивидендные акции»,2026-06-30,https://cdn.tbank.ru/static/documents/tdiv-scha-30-06-2026.PDF,raw/Т-Капитал/БПИФ РФИ Т-Капитал Дивидендные акции/2026-06-30.pdf
Т-Капитал,БПИФ РФИ «Т-Капитал Дивидендные акции»,2026-07-31,https://cdn.tbank.ru/static/documents/tdiv-scha-31-07-2026.PDF,raw/Т-Капитал/БПИФ РФИ Т-Капитал Дивидендные акции/2026-07-31.pdf
Т-Капитал,БПИФ РФИ «Т-Капитал Дивидендные акции»,2026-08-31,https://cdn.tbank.ru/static/documents/tdiv-scha-31-08-2026.PDF,raw/Т-Капитал/БПИФ РФИ Т-Капитал Дивидендные акции/2026-08-31.pdf
Т-Капитал,БПИФ РФИ «Т-Капитал Пассивный Доход»,2024-08-30,https://cdn.tbank.ru/static/documents/otchet-scha-tpay-30-08-2024.PDF,raw/Т-Капитал/БПИФ РФИ Т-Капитал Пассивный Доход/2024-08-30.pdf
Т-Капитал,БПИФ РФИ «Т-Капитал Пассивный Доход»,2024-09-30,https://cdn.tbank.ru/static/documents/otchet-scha-tpay-30-09-2024.PDF,raw/Т-Капитал/БПИФ РФИ Т-Капитал Пассивный Доход/2024-09-30.pdf
Т-Капитал,БПИФ РФИ «Т-Капитал Пассивный Доход»,2024-10-31,https://cdn.tbank.ru/static/documents/6287-bpif-rynochnyh-finansovyh-instrumentov-t-kapital-passivnyj-dohod.PDF,raw/Т-Капитал/БПИФ РФИ Т-Капитал Пассивный Доход/2024-10-31.pdf
Т-Капитал,БПИФ РФИ «Т-Капитал Пассивный Доход»,2024-11-29,https://cdn.tbank.ru/static/documents/otchet-scha-tpay-29-11-2024.pdf,raw/Т-Капитал/БПИФ РФИ Т-Капитал Пассивный Доход/2024-11-29.pdf
Т-Капитал,БПИФ РФИ «Т-Капитал Пассивный Доход»,2024-12-28,https://cdn.tbank.ru/static/documents/otchet-scha-tpay-28-12-2024.pdf,raw/Т-Капитал/БПИФ РФИ Т-Капитал Пассивный Доход/2024-12-28.pdf
Т-Капитал,БПИФ РФИ «Т-Капитал Пассивный Доход»,2025-01-31,https://cdn.tbank.ru/static/documents/otchet-scha-tpay-31-01-2025.PDF,raw/Т-Капитал/БПИФ РФИ Т-Капитал Пассивный Доход/2025-01-31.pdf
Т-Капитал,БПИФ РФИ «Т-Капитал Пассивный Доход»,2025-02-28,https://cdn.tbank.ru/static/documents/otchet-scha-tpay-28-02-2025.PDF,raw/Т-Капитал/БПИФ РФИ Т-Капитал Пассивный Доход/2025-02-28.pdf
Т-Капитал,БПИФ РФИ «Т-Капитал Пассивный Доход»,2025-03-31,https://cdn.tbank.ru/static/documents/otchet-scha-tpay-31-03-2025.PDF,raw/Т-Капитал/БПИФ РФИ Т-Капитал Пассивный Доход/2025-03-31.pdf
Т-Капитал,БПИФ РФИ «Т-Капитал Пассивный Доход»,2025-04-30,https://cdn.tbank.ru/static/documents/otchet-scha-tpay-30-04-2025.PDF,raw/Т-Капитал/БПИФ РФИ Т-Капитал Пассивный Доход/2025-04-30.pdf
Т-Капитал,БПИФ РФИ «Т-Капитал Пассивный Доход»,2025-05-30,https://cdn.tbank.ru/static/documents/otchet-scha-tpay-30-05-2025.PDF,raw/Т-Капитал/БПИФ РФИ Т-Капитал Пассивный Доход/2025-05-30.pdf
Т-Капитал,БПИФ РФИ «Т-Капитал Пассивный Доход»,2025-06-30,https://cdn.tbank.ru/static/documents/otchet-scha-tpay-30-06-2025.PDF,raw/Т-Капитал/БПИФ РФИ Т-Капитал Пассивный Доход/2025-06-30.pdf
Т-Капитал,БПИФ РФИ «Т-Капитал Пассивный Доход»,2025-07-31,https://cdn.tbank.ru/static/documents/otchet-scha-tpay-31-07-2025.pdf,raw/Т-Капитал/БПИФ РФИ Т-Капитал Пассивный Доход/2025-07-31.pdf
Т-Капитал,БПИФ РФИ «Т-Капитал Пассивный Доход»,2025-08-29,https://cdn.tbank.ru/static/documents/otchet-scha-tpay-29-08-2025.pdf,raw/Т-Капитал/БПИФ РФИ Т-Капитал Пассивный Доход/2025-08-29.pdf
Т-Капитал,БПИФ РФИ «Т-Капитал Пассивный Доход»,2025-09-30,https://cdn.tbank.ru/static/documents/otchet-scha-tpay-30-09-2025.PDF,raw/Т-Капитал/БПИФ РФИ Т-Капитал Пассивный Доход/2025-09-30.pdf
Т-Капитал,БПИФ РФИ «Т-Капитал Пассивный Доход»,2025-10-31,https://cdn.tbank.ru/static/documents/otchet-scha-tpay-31-10-2025.pdf,raw/Т-Капитал/БПИФ РФИ Т-Капитал Пассивный Доход/2025-10-31.pdf
Т-Капитал,БПИФ РФИ «Т-Капитал Пассивный Доход»,2025-11-28,https://cdn.tbank.ru/static/documents/otchet-scha-tpay-28-11-2025.pdf,raw/Т-Капитал/БПИФ РФИ Т-Капитал Пассивный Доход/2025-11-28.pdf
Т-Капитал,БПИФ РФИ «Т-Капитал Пассивный Доход»,2025-12-30,https://cdn.tbank.ru/static/documents/6287-tpay-scha-30-12-2025.pdf,raw/Т-Капитал/БПИФ РФИ Т-Капитал Пассивный Доход/2025-12-30.pdf
Т-Капитал,БПИФ РФИ «Т-Капитал Пассивный Доход»,2026-01-30,https://cdn.tbank.ru/static/documents/tpay-scha-30-01-2026.pdf,raw/Т-Капитал/БПИФ РФИ Т-Капитал Пассивный Доход/2026-01-30.pdf
Т-Капитал,БПИФ РФИ «Т-Капитал Пассивный Доход»,2026-02-27,https://cdn.tbank.ru/static/documents/tpay-scha-27-02-2026.pdf,raw/Т-Капитал/БПИФ РФИ Т-Капитал Пассивный Доход/2026-02-27.pdf
Т-Капитал,БПИФ РФИ «Т-Капитал Пассивный Доход»,2026-03-31,https://cdn.tbank.ru/static/documents/tpay-scha-31-03-2026.PDF,raw/Т-Капитал/БПИФ РФИ Т-Капитал Пассивный Доход/2026-03-31.pdf
Т-Капитал,БПИФ РФИ «Т-Капитал Пассивный Доход»,2026-04-30,https://cdn.tbank.ru/static/documents/tpay-scha-30-04-2026.PDF,raw/Т-Капитал/БПИФ РФИ Т-Капитал Пассивный Доход/2026-04-30.pdf
Т-Капитал,БПИФ РФИ «Т-Капитал Пассивный Доход»,2026-05-29,https://cdn.tbank.ru/static/documents/tpay-scha-29-05-2026.PDF,raw/Т-Капитал/БПИФ РФИ Т-Капитал Пассивный Доход/2026-05-29.pdf
Т-Капитал,БПИФ РФИ «Т-Капитал Пассивный Доход»,2026-06-30,https://cdn.tbank.ru/static/documents/tpay-scha-30-06-2026.PDF,raw/Т-Капитал/БПИФ РФИ Т-Капитал Пассивный Доход/2026-06-30.pdf
Т-Капитал,БПИФ РФИ «Т-Капитал Пассивный Доход»,2026-07-31,https://cdn.tbank.ru/static/documents/tpay-scha-31-07-2026.PDF,raw/Т-Капитал/БПИФ РФИ Т-Капитал Пассивный Доход/2026-07-31.pdf
Т-Капитал,БПИФ РФИ «Т-Капитал Пассивный Доход»,2026-08-31,https://cdn.tbank.ru/static/documents/tpay-scha-31-08-2026.PDF,raw/Т-Капитал/БПИФ РФИ Т-Капитал Пассивный Доход/2026-08-31.pdf
Т-Капитал,БПИФ РФИ «Т-Капитал Трендовые акции»,2025-03-31,https://cdn.tbank.ru/static/documents/otchet-scha-trnd-31-03-2025.PDF,raw/Т-Капитал/БПИФ РФИ Т-Капитал Трендовые акции/2025-03-31.pdf
Т-Капитал,БПИФ РФИ «Т-Капитал Трендовые акции»,2025-04-30,https://cdn.tbank.ru/static/documents/otchet-scha-trnd-30-04-2025.PDF,raw/Т-Капитал/БПИФ РФИ Т-Капитал Трендовые акции/2025-04-30.pdf
Т-Капитал,БПИФ РФИ «Т-Капитал Трендовые акции»,2025-05-30,https://cdn.tbank.ru/static/documents/otchet-scha-trnd-30-05-2025.PDF,raw/Т-Капитал/БПИФ РФИ Т-Капитал Трендовые акции/2025-05-30.pdf
Т-Капитал,БПИФ РФИ «Т-Капитал Трендовые акции»,2025-06-30,https://cdn.tbank.ru/static/documents/otchet-scha-trnd-30-06-2025.PDF,raw/Т-Капитал/БПИФ РФИ Т-Капитал Трендовые акции/2025-06-30.pdf
Т-Капитал,БПИФ РФИ «Т-Капитал Трендовые акции»,2025-07-31,https://cdn.tbank.ru/static/documents/otchet-scha-trnd-31-07-2025.pdf,raw/Т-Капитал/БПИФ РФИ Т-Капитал Трендовые акции/2025-07-31.pdf
Т-Капитал,БПИФ РФИ «Т-Капитал Трендовые акции»,2025-08-29,https://cdn.tbank.ru/static/documents/otchet-scha-trnd-29-08-2025.pdf,raw/Т-Капитал/БПИФ РФИ Т-Капитал Трендовые акции/2025-08-29.pdf
Т-Капитал,БПИФ РФИ «Т-Капитал Трендовые акции»,2025-09-30,https://cdn.tbank.ru/static/documents/otchet-scha-trnd-30-09-2025.PDF,raw/Т-Капитал/БПИФ РФИ Т-Капитал Трендовые акции/2025-09-30.pdf
Т-Капитал,БПИФ РФИ «Т-Капитал Трендовые акции»,2025-10-31,https://cdn.tbank.ru/static/documents/otchet-scha-trnd-31-10-2025.pdf,raw/Т-Капитал/БПИФ РФИ Т-Капитал Трендовые акции/2025-10-31.pdf
Т-Капитал,БПИФ РФИ «Т-Капитал Трендовые акции»,2025-11-28,https://cdn.tbank.ru/static/documents/otchet-scha-trnd-28-11-2025.pdf,raw/Т-Капитал/БПИФ РФИ Т-Капитал Трендовые акции/2025-11-28.pdf
Т-Капитал,БПИФ РФИ «Т-Капитал Трендовые акции»,2025-12-30,https://cdn.tbank.ru/static/documents/6876-trnd-scha-30-12-2025.pdf,raw/Т-Капитал/БПИФ РФИ Т-Капитал Трендовые акции/2025-12-30.pdf
Т-Капитал,БПИФ РФИ «Т-Капитал Трендовые акции»,2026-01-30,https://cdn.tbank.ru/static/documents/6876-trnd-scha-30-01-2026.pdf,raw/Т-Капитал/БПИФ РФИ Т-Капитал Трендовые акции/2026-01-30.pdf
Т-Капитал,БПИФ РФИ «Т-Капитал Трендовые акции»,2026-02-27,https://cdn.tbank.ru/static/documents/6876-trnd-scha-27-02-2026.pdf,raw/Т-Капитал/БПИФ РФИ Т-Капитал Трендовые акции/2026-02-27.pdf
Т-Капитал,БПИФ РФИ «Т-Капитал Трендовые акции»,2026-03-31,https://cdn.tbank.ru/static/documents/trnd-scha-31-03-2026.PDF,raw/Т-Капитал/БПИФ РФИ Т-Капитал Трендовые акции/2026-03-31.pdf
Т-Капитал,БПИФ РФИ «Т-Капитал Трендовые акции»,2026-04-30,https://cdn.tbank.ru/static/documents/trnd-scha-30-04-2026.PDF,raw/Т-Капитал/БПИФ РФИ Т-Капитал Трендовые акции/2026-04-30.pdf
Т-Капитал,БПИФ РФИ «Т-Капитал Трендовые акции»,2026-05-29,https://cdn.tbank.ru/static/documents/trnd-scha-29-05-2026.PDF,raw/Т-Капитал/БПИФ РФИ Т-Капитал Трендовые акции/2026-05-29.pdf
Т-Капитал,БПИФ РФИ «Т-Капитал Трендовые акции»,2026-06-30,https://cdn.tbank.ru/static/documents/trnd-scha-30-06-2026.PDF,raw/Т-Капитал/БПИФ РФИ Т-Капитал Трендовые акции/2026-06-30.pdf
Т-Капитал,БПИФ РФИ «Т-Капитал Трендовые акции»,2026-07-31,https://cdn.tbank.ru/static/documents/trnd-scha-31-07-2026.PDF,raw/Т-Капитал/БПИФ РФИ Т-Капитал Трендовые акции/2026-07-31.pdf
Т-Капитал,БПИФ РФИ «Т-Капитал Трендовые акции»,2026-08-31,https://cdn.tbank.ru/static/documents/trnd-scha-31-08-2026.PDF,raw/Т-Капитал/БПИФ РФИ Т-Капитал Трендовые акции/2026-08-31.pdf
Т-Капитал,ОПИФ РФИ «Т-Капитал Баланс»,2022-01-31,https://cdn.tbank.ru/static/documents/spravka-o-stoimosti-chistyh-aktivov-v-tom-chisle-stoimosti-aktivov-na-31012022.pdf,raw/Т-Капитал/ОПИФ РФИ Т-Капитал Баланс/2022-01-31.pdf
Т-Капитал,ОПИФ РФИ «Т-Капитал Баланс»,2022-02-28,https://cdn.tbank.ru/static/documents/spravka-o-stoimosti-chistyh-aktivov-v-tom-chisle-stoimosti-aktivov-na-28022022.pdf,raw/Т-Капитал/ОПИФ РФИ Т-Капитал Баланс/2022-02-28.pdf
Т-Капитал,ОПИФ РФИ «Т-Капитал Баланс»,2022-03-31,https://cdn.tbank.ru/static/documents/spravka-o-stoimosti-chistyh-aktivov-v-tom-chisle-stoimosti-aktivov-na-31032022.pdf,raw/Т-Капитал/ОПИФ РФИ Т-Капитал Баланс/2022-03-31.pdf
Т-Капитал,ОПИФ РФИ «Т-Капитал Баланс»,2022-04-29,https://cdn.tbank.ru/static/documents/spravka-o-stoimosti-chistyh-aktivov-v-tom-chisle-stoimosti-aktivov-na-29042022.pdf,raw/Т-Капитал/ОПИФ РФИ Т-Капитал Баланс/2022-04-29.pdf
Т-Капитал,ОПИФ РФИ «Т-Капитал Баланс»,2022-05-31,https://cdn.tbank.ru/static/documents/spravka-o-stoimosti-chistyh-aktivov-v-tom-chisle-stoimosti-aktivov-na-31052022.pdf,raw/Т-Капитал/ОПИФ РФИ Т-Капитал Баланс/2022-05-31.pdf
Т-Капитал,ОПИФ РФИ «Т-Капитал Баланс»,2022-06-30,https://cdn.tbank.ru/static/documents/spravka-o-stoimosti-chistyh-aktivov-v-tom-chisle-stoimosti-aktivov-na-30062022.pdf,raw/Т-Капитал/ОПИФ РФИ Т-Капитал Баланс/2022-06-30.pdf
Т-Капитал,ОПИФ РФИ «Т-Капитал Баланс»,2022-07-29,https://cdn.tbank.ru/static/documents/spravka-o-stoimosti-chistyh-aktivov-v-tom-chisle-stoimosti-aktivov-na-29072022.pdf,raw/Т-Капитал/ОПИФ РФИ Т-Капитал Баланс/2022-07-29.pdf
Т-Капитал,ОПИФ РФИ «Т-Капитал Баланс»,2022-08-31,https://cdn.tbank.ru/static/documents/spravka-o-stoimosti-chistyh-aktivov-v-tom-chisle-stoimosti-aktivov-na-31082022.pdf,raw/Т-Капитал/ОПИФ РФИ Т-Капитал Баланс/2022-08-31.pdf
Т-Капитал,ОПИФ РФИ «Т-Капитал Баланс»,2022-09-30,https://cdn.tbank.ru/static/documents/spravka-o-stoimosti-chistyh-aktivov-v-tom-chisle-stoimosti-aktivov-na-30092022.pdf,raw/Т-Капитал/ОПИФ РФИ Т-Капитал Баланс/2022-09-30.pdf
Т-Капитал,ОПИФ РФИ «Т-Капитал Баланс»,2022-10-31,https://cdn.tbank.ru/static/documents/spravka-o-stoimosti-chistyh-aktivov-v-tom-chisle-stoimosti-aktivov-na-31102022.pdf,raw/Т-Капитал/ОПИФ РФИ Т-Капитал Баланс/2022-10-31.pdf
Т-Капитал,ОПИФ РФИ «Т-Капитал Баланс»,2022-11-30,https://cdn.tbank.ru/static/documents/spravka-o-stoimosti-chistyh-aktivov-v-tom-chisle-stoimosti-aktivov-na-30112022.pdf,raw/Т-Капитал/ОПИФ РФИ Т-Капитал Баланс/2022-11-30.pdf
Т-Капитал,ОПИФ РФИ «Т-Капитал Баланс»,2022-12-30,https://cdn.tbank.ru/static/documents/spravka-o-stoimosti-chistyh-aktivov-v-tom-chisle-stoimosti-aktivov-na-30122022.pdf,raw/Т-Капитал/ОПИФ РФИ Т-Капитал Баланс/2022-12-30.pdf
Т-Капитал,ОПИФ РФИ «Т-Капитал Баланс»,2023-01-31,https://cdn.tbank.ru/static/documents/spravka-o-stoimosti-chistyh-aktivov-v-tom-chisle-stoimosti-aktivov-na-31012023.pdf,raw/Т-Капитал/ОПИФ РФИ Т-Капитал Баланс/2023-01-31.pdf
Т-Капитал,ОПИФ РФИ «Т-Капитал Баланс»,2023-02-28,https://cdn.tbank.ru/static/documents/spravka-o-stoimosti-chistyh-aktivov-v-tom-chisle-stoimosti-aktivov-na-28022023.pdf,raw/Т-Капитал/ОПИФ РФИ Т-Капитал Баланс/2023-02-28.pdf
Т-Капитал,ОПИФ РФИ «Т-Капитал Баланс»,2023-03-31,https://cdn.tbank.ru/static/documents/spravka-o-stoimosti-chistyh-aktivov-v-tom-chisle-stoimosti-aktivov-na-31032023.pdf,raw/Т-Капитал/ОПИФ РФИ Т-Капитал Баланс/2023-03-31.pdf
Т-Капитал,ОПИФ РФИ «Т-Капитал Баланс»,2023-04-28,https://cdn.tbank.ru/static/documents/spravka-o-stoimosti-chistyh-aktivov-v-tom-chisle-stoimosti-aktivov-na-28042023.pdf,raw/Т-Капитал/ОПИФ РФИ Т-Капитал Баланс/2023-04-28.pdf
Т-Капитал,ОПИФ РФИ «Т-Капитал Баланс»,2023-05-31,https://cdn.tbank.ru/static/documents/spravka-o-stoimosti-chistyh-aktivov-v-tom-chisle-stoimosti-aktivov-na-31052023.pdf,raw/Т-Капитал/ОПИФ РФИ Т-Капитал Баланс/2023-05-31.pdf
Т-Капитал,ОПИФ РФИ «Т-Капитал Баланс»,2023-06-30,https://cdn.tbank.ru/static/documents/spravka-o-stoimosti-chistyh-aktivov-v-tom-chisle-stoimosti-aktivov-na-30062023.pdf,raw/Т-Капитал/ОПИФ РФИ Т-Капитал Баланс/2023-06-30.pdf
Т-Капитал,ОПИФ РФИ «Т-Капитал Баланс»,2023-07-31,https://cdn.tbank.ru/static/documents/spravka-o-stoimosti-chistyh-aktivov-v-tom-chisle-stoimosti-aktivov-na-31072023.pdf,raw/Т-Капитал/ОПИФ РФИ Т-Капитал Баланс/2023-07-31.pdf
Т-Капитал,ОПИФ РФИ «Т-Капитал Баланс»,2023-08-31,https://cdn.tbank.ru/static/documents/spravka-o-stoimosti-chistyh-aktivov-v-tom-chisle-stoimosti-aktivov-na-31082023.pdf,raw/Т-Капитал/ОПИФ РФИ Т-Капитал Баланс/2023-08-31.pdf
Т-Капитал,ОПИФ РФИ «Т-Капитал Баланс»,2023-09-29,https://cdn.tbank.ru/static/documents/spravka-o-stoimosti-chistyh-aktivov-v-tom-chisle-stoimosti-aktivov-na-29092023.pdf,raw/Т-Капитал/ОПИФ РФИ Т-Капитал Баланс/2023-09-29.pdf
Т-Капитал,ОПИФ РФИ «Т-Капитал Баланс»,2023-10-31,https://cdn.tbank.ru/static/documents/spravka-o-stoimosti-chistyh-aktivov-v-tom-chisle-stoimosti-aktivov-na-31102023.pdf,raw/Т-Капитал/ОПИФ РФИ Т-Капитал Баланс/2023-10-31.pdf
Т-Капитал,ОПИФ РФИ «Т-Капитал Баланс»,2023-11-30,https://cdn.tbank.ru/static/documents/spravka-o-stoimosti-chistyh-aktivov-v-tom-chisle-stoimosti-aktivov-na-30112023.pdf,raw/Т-Капитал/ОПИФ РФИ Т-Капитал Баланс/2023-11-30.pdf
Т-Капитал,ОПИФ РФИ «Т-Капитал Баланс»,2023-12-29,https://cdn.tbank.ru/static/documents/spravka-o-stoimosti-chistyh-aktivov-v-tom-chisle-stoimosti-aktivov-na-29122023.pdf,raw/Т-Капитал/ОПИФ РФИ Т-Капитал Баланс/2023-12-29.pdf
Т-Капитал,ОПИФ РФИ «Т-Капитал Баланс»,2024-01-31,https://cdn.tbank.ru/static/documents/spravka-o-stoimosti-chistyh-aktivov-v-tom-chisle-stoimosti-aktivov-na-31012024.pdf,raw/Т-Капитал/ОПИФ РФИ Т-Капитал Баланс/2024-01-31.pdf
Т-Капитал,ОПИФ РФИ «Т-Капитал Баланс»,2024-02-29,https://cdn.tbank.ru/static/documents/spravka-o-stoimosti-chistyh-aktivov-v-tom-chisle-stoimosti-aktivov-na-29022024.pdf,raw/Т-Капитал/ОПИФ РФИ Т-Капитал Баланс/2024-02-29.pdf
Т-Капитал,ОПИФ РФИ «Т-Капитал Баланс»,2024-03-29,https://cdn.tbank.ru/static/documents/spravka-o-stoimosti-chistyh-aktivov-v-tom-chisle-stoimosti-aktivov-na-29032024.pdf,raw/Т-Капитал/ОПИФ РФИ Т-Капитал Баланс/2024-03-29.pdf
Т-Капитал,ОПИФ РФИ «Т-Капитал Баланс»,2024-04-27,https://cdn.tbank.ru/static/documents/spravka-o-stoimosti-chistyh-aktivov-v-tom-chisle-stoimosti-aktivov-na-27042024.pdf,raw/Т-Капитал/ОПИФ РФИ Т-Капитал Баланс/2024-04-27.pdf
Т-Капитал,ОПИФ РФИ «Т-Капитал Баланс»,2024-05-31,https://cdn.tbank.ru/static/documents/spravka-o-stoimosti-chistyh-aktivov-v-tom-chisle-stoimosti-aktivov-na-31052024.pdf,raw/Т-Капитал/ОПИФ РФИ Т-Капитал Баланс/2024-05-31.pdf
Т-Капитал,ОПИФ РФИ «Т-Капитал Баланс»,2024-06-28,https://cdn.tbank.ru/static/documents/spravka-o-stoimosti-chistyh-aktivov-v-tom-chisle-stoimosti-aktivov-na-28062024.pdf,raw/Т-Капитал/ОПИФ РФИ Т-Капитал Баланс/2024-06-28.pdf
Т-Капитал,ОПИФ РФИ «Т-Капитал Баланс»,2024-07-31,https://cdn.tbank.ru/static/documents/spravka-o-stoimosti-chistyh-aktivov-v-tom-chisle-stoimosti-aktivov-na-31072024.pdf,raw/Т-Капитал/ОПИФ РФИ Т-Капитал Баланс/2024-07-31.pdf
Т-Капитал,ОПИФ РФИ «Т-Капитал Баланс»,2024-08-30,https://cdn.tbank.ru/static/documents/spravka-o-stoimosti-chistyh-aktivov-v-tom-chisle-stoimosti-aktivov-na-30082024.pdf,raw/Т-Капитал/ОПИФ РФИ Т-Капитал Баланс/2024-08-30.pdf
Т-Капитал,ОПИФ РФИ «Т-Капитал Баланс»,2024-09-30,https://cdn.tbank.ru/static/documents/spravka-o-stoimosti-chistyh-aktivov-v-tom-chisle-stoimosti-aktivov-na-30092024.pdf,raw/Т-Капитал/ОПИФ РФИ Т-Капитал Баланс/2024-09-30.pdf
Т-Капитал,ОПИФ РФИ «Т-Капитал Баланс»,2024-10-31,https://cdn.tbank.ru/static/documents/spravka-o-stoimosti-chistyh-aktivov-v-tom-chisle-stoimosti-aktivov-na-31102024.pdf,raw/Т-Капитал/ОПИФ РФИ Т-Капитал Баланс/2024-10-31.pdf
Т-Капитал,ОПИФ РФИ «Т-Капитал Баланс»,2024-11-29,https://cdn.tbank.ru/static/documents/spravka-o-stoimosti-chistyh-aktivov-v-tom-chisle-stoimosti-aktivov-na-29112024.pdf,raw/Т-Капитал/ОПИФ РФИ Т-Капитал Баланс/2024-11-29.pdf
Т-Капитал,ОПИФ РФИ «Т-Капитал Баланс»,2024-12-28,https://cdn.tbank.ru/static/documents/spravka-o-stoimosti-chistyh-aktivov-v-tom-chisle-stoimosti-aktivov-na-28122024.pdf,raw/Т-Капитал/ОПИФ РФИ Т-Капитал Баланс/2024-12-28.pdf
Т-Капитал,ОПИФ РФИ «Т-Капитал Баланс»,2025-01-31,https://cdn.tbank.ru/static/documents/spravka-o-stoimosti-chistyh-aktivov-v-tom-chisle-stoimosti-aktivov-na-31012025.pdf,raw/Т-Капитал/ОПИФ РФИ Т-Капитал Баланс/2025-01-31.pdf
Т-Капитал,ОПИФ РФИ «Т-Капитал Баланс»,2025-02-28,https://cdn.tbank.ru/static/documents/spravka-o-stoimosti-chistyh-aktivov-v-tom-chisle-stoimosti-aktivov-na-28022025.pdf,raw/Т-Капитал/ОПИФ РФИ Т-Капитал Баланс/2025-02-28.pdf
Т-Капитал,ОПИФ РФИ «Т-Капитал Баланс»,2025-03-31,https://cdn.tbank.ru/static/documents/spravka-o-stoimosti-chistyh-aktivov-v-tom-chisle-stoimosti-aktivov-na-31032025.pdf,raw/Т-Капитал/ОПИФ РФИ Т-Капитал Баланс/2025-03-31.pdf
Т-Капитал,ОПИФ РФИ «Т-Капитал Баланс»,2025-04-30,https://cdn.tbank.ru/static/documents/spravka-o-stoimosti-chistyh-aktivov-v-tom-chisle-stoimosti-aktivov-na-30042025.pdf,raw/Т-Капитал/ОПИФ РФИ Т-Капитал Баланс/2025-04-30.pdf
Т-Капитал,ОПИФ РФИ «Т-Капитал Баланс»,2025-05-30,https://cdn.tbank.ru/static/documents/otchet-scha-RU000A109KH9-30-05-2025.pdf,raw/Т-Капитал/ОПИФ РФИ Т-Капитал Баланс/2025-05-30.pdf
Т-Капитал,ОПИФ РФИ «Т-Капитал Баланс»,2025-06-30,https://cdn.tbank.ru/static/documents/otchet-scha-RU000A109KH9-30-06-2025.PDF,raw/Т-Капитал/ОПИФ РФИ Т-Капитал Баланс/2025-06-30.pdf
Т-Капитал,ОПИФ РФИ «Т-Капитал Баланс»,2025-07-31,https://cdn.tbank.ru/static/documents/otchet-scha-RU000A109KH9-31-07-2025.pdf,raw/Т-Капитал/ОПИФ РФИ Т-Капитал Баланс/2025-07-31.pdf
Т-Капитал,ОПИФ РФИ «Т-Капитал Баланс»,2025-08-29,https://cdn.tbank.ru/static/documents/otchet-scha-RU000A109KH9-29-08-2025.pdf,raw/Т-Капитал/ОПИФ РФИ Т-Капитал Баланс/2025-08-29.pdf
Т-Капитал,ОПИФ РФИ «Т-Капитал Баланс»,2025-09-30,https://cdn.tbank.ru/static/documents/otchet-scha-RU000A109KH9-30-09-2025.PDF,raw/Т-Капитал/ОПИФ РФИ Т-Капитал Баланс/2025-09-30.pdf
Т-Капитал,ОПИФ РФИ «Т-Капитал Баланс»,2025-10-31,https://cdn.tbank.ru/static/documents/otchet-scha-RU000A109KH9-31-10-2025.pdf,raw/Т-Капитал/ОПИФ РФИ Т-Капитал Баланс/2025-10-31.pdf
Т-Капитал,ОПИФ РФИ «Т-Капитал Баланс»,2025-11-28,https://cdn.tbank.ru/static/documents/otchet-scha-RU000A109KH9-28-11-2025.pdf,raw/Т-Капитал/ОПИФ РФИ Т-Капитал Баланс/2025-11-28.pdf
Т-Капитал,ОПИФ РФИ «Т-Капитал Баланс»,2025-12-30,https://cdn.tbank.ru/static/documents/4677-ru000a109kh9-scha-30-12-2025.pdf,raw/Т-Капитал/ОПИФ РФИ Т-Капитал Баланс/2025-12-30.pdf
Т-Капитал,ОПИФ РФИ «Т-Капитал Баланс»,2026-01-30,https://cdn.tbank.ru/static/documents/otchet-scha-RU000A109KH9-30-01-2026.pdf,raw/Т-Капитал/ОПИФ РФИ Т-Капитал Баланс/2026-01-30.pdf
Т-Капитал,ОПИФ РФИ «Т-Капитал Баланс»,2026-02-27,https://cdn.tbank.ru/static/documents/otchet-scha-RU000A109KH9-27-02-2026.pdf,raw/Т-Капитал/ОПИФ РФИ Т-Капитал Баланс/2026-02-27.pdf
Т-Капитал,ОПИФ РФИ «Т-Капитал Баланс»,2026-03-31,https://cdn.tbank.ru/static/documents/otchet-scha-RU000A109KH9-31-03-2026.PDF,raw/Т-Капитал/ОПИФ РФИ Т-Капитал Баланс/2026-03-31.pdf
Т-Капитал,ОПИФ РФИ «Т-Капитал Баланс»,2026-04-30,https://cdn.tbank.ru/static/documents/otchet-scha-RU000A109KH9-30-04-2026.PDF,raw/Т-Капитал/ОПИФ РФИ Т-Капитал Баланс/2026-04-30.pdf
Т-Капитал,ОПИФ РФИ «Т-Капитал Баланс»,2026-05-29,https://cdn.tbank.ru/static/documents/otchet-scha-RU000A109KH9-29-05-2026.PDF,raw/Т-Капитал/ОПИФ РФИ Т-Капитал Баланс/2026-05-29.pdf
Т-Капитал,ОПИФ РФИ «Т-Капитал Баланс»,2026-06-30,https://cdn.tbank.ru/static/documents/otchet-scha-RU000A109KH9-30-06-2026.PDF,raw/Т-Капитал/ОПИФ РФИ Т-Капитал Баланс/2026-06-30.pdf
Т-Капитал,ОПИФ РФИ «Т-Капитал Баланс»,2026-07-31,https://cdn.tbank.ru/static/documents/otchet-scha-RU000A109KH9-31-07-2026.PDF,raw/Т-Капитал/ОПИФ РФИ Т-Капитал Баланс/2026-07-31.pdf
Т-Капитал,ОПИФ РФИ «Т-Капитал Баланс»,2026-08-31,https://cdn.tbank.ru/static/documents/otchet-scha-RU000A109KH9-31-08-2026.PDF,raw/Т-Капитал/ОПИФ РФИ Т-Капитал Баланс/2026-08-31.pdf
Т-Капитал,ОПИФ РФИ «Т-Капитал Компании второго эшелона»,2024-02-29,https://cdn.tbank.ru/static/documents/spravka-o-stoimosti-chistyh-aktivov-na-29022024.pdf,raw/Т-Капитал/ОПИФ РФИ Т-Капитал Компании второго эшелона/2024-02-29.pdf
Т-Капитал,ОПИФ РФИ «Т-Капитал Компании второго эшелона»,2024-03-29,https://cdn.tbank.ru/static/documents/spravka-o-stoimosti-chistyh-aktivov-na-29032024.pdf,raw/Т-Капитал/ОПИФ РФИ Т-Капитал Компании второго эшелона/2024-03-29.pdf
Т-Капитал,ОПИФ РФИ «Т-Капитал Компании второго эшелона»,2024-04-27,https://cdn.tbank.ru/static/documents/spravka-o-stoimosti-chistyh-aktivov-na-27042024.pdf,raw/Т-Капитал/ОПИФ РФИ Т-Капитал Компании второго эшелона/2024-04-27.pdf
Т-Капитал,ОПИФ РФИ «Т-Капитал Компании второго эшелона»,2024-05-31,https://cdn.tbank.ru/static/documents/spravka-o-stoimosti-chistyh-aktivov-na-31052024.pdf,raw/Т-Капитал/ОПИФ РФИ Т-Капитал Компании второго эшелона/2024-05-31.pdf
Т-Капитал,ОПИФ РФИ «Т-Капитал Компании второго эшелона»,2024-06-28,https://cdn.tbank.ru/static/documents/spravka-o-stoimosti-chistyh-aktivov-na-28062024.pdf,raw/Т-Капитал/ОПИФ РФИ Т-Капитал Компании второго эшелона/2024-06-28.pdf
Т-Капитал,ОПИФ РФИ «Т-Капитал Компании второго эшелона»,2024-07-31,https://cdn.tbank.ru/static/documents/spravka-o-stoimosti-chistyh-aktivov-na-31072024.pdf,raw/Т-Капитал/ОПИФ РФИ Т-Капитал Компании второго эшелона/2024-07-31.pdf
Т-Капитал,ОПИФ РФИ «Т-Капитал Компании второго эшелона»,2024-08-30,https://cdn.tbank.ru/static/documents/spravka-o-stoimosti-chistyh-aktivov-na-30082024.pdf,raw/Т-Капитал/ОПИФ РФИ Т-Капитал Компании второго эшелона/2024-08-30.pdf
Т-Капитал,ОПИФ РФИ «Т-Капитал Компании второго эшелона»,2024-09-30,https://cdn.tbank.ru/static/documents/spravka-o-stoimosti-chistyh-aktivov-na-30092024.pdf,raw/Т-Капитал/ОПИФ РФИ Т-Капитал Компании второго эшелона/2024-09-30.pdf
Т-Капитал,ОПИФ РФИ «Т-Капитал Компании второго эшелона»,2024-10-31,https://cdn.tbank.ru/static/documents/spravka-o-stoimosti-chistyh-aktivov-na-31102024.pdf,raw/Т-Капитал/ОПИФ РФИ Т-Капитал Компании второго эшелона/2024-10-31.pdf
Т-Капитал,ОПИФ РФИ «Т-Капитал Компании второго эшелона»,2024-11-29,https://cdn.tbank.ru/static/documents/spravka-o-stoimosti-chistyh-aktivov-na-29112024.pdf,raw/Т-Капитал/ОПИФ РФИ Т-Капитал Компании второго эшелона/2024-11-29.pdf
Т-Капитал,ОПИФ РФИ «Т-Капитал Компании второго эшелона»,2024-12-28,https://cdn.tbank.ru/static/documents/spravka-o-stoimosti-chistyh-aktivov-na-28122024.pdf,raw/Т-Капитал/ОПИФ РФИ Т-Капитал Компании второго эшелона/2024-12-28.pdf
Т-Капитал,ОПИФ РФИ «Т-Капитал Компании второго эшелона»,2025-03-31,https://cdn.tbank.ru/static/documents/spravka-o-stoimosti-chistyh-aktivo-na-31032025.pdf,raw/Т-Капитал/ОПИФ РФИ Т-Капитал Компании второго эшелона/2025-03-31.pdf
Т-Капитал,ОПИФ РФИ «Т-Капитал Компании второго эшелона»,2025-04-30,https://cdn.tbank.ru/static/documents/spravka-o-stoimosti-chistyh-aktivov-v-tom-chisle-stoimosti-aktivov-na-30-04-2025.pdf,raw/Т-Капитал/ОПИФ РФИ Т-Капитал Компании второго эшелона/2025-04-30.pdf
Т-Капитал,ОПИФ РФИ «Т-Капитал Компании второго эшелона»,2025-05-30,https://cdn.tbank.ru/static/documents/otchet-scha-RU000A109KS6-30-05-2025.pdf,raw/Т-Капитал/ОПИФ РФИ Т-Капитал Компании второго эшелона/2025-05-30.pdf
Т-Капитал,ОПИФ РФИ «Т-Капитал Компании второго эшелона»,2025-06-30,https://cdn.tbank.ru/static/documents/otchet-scha-RU000A109KS6-30-06-2025.PDF,raw/Т-Капитал/ОПИФ РФИ Т-Капитал Компании второго эшелона/2025-06-30.pdf
Т-Капитал,ОПИФ РФИ «Т-Капитал Компании второго эшелона»,2025-07-31,https://cdn.tbank.ru/static/documents/otchet-scha-RU000A109KS6-31-07-2025.pdf,raw/Т-Капитал/ОПИФ РФИ Т-Капитал Компании второго эшелона/2025-07-31.pdf
Т-Капитал,ОПИФ РФИ «Т-Капитал Компании второго эшелона»,2025-08-29,https://cdn.tbank.ru/static/documents/otchet-scha-RU000A109KS6-29-08-2025.pdf,raw/Т-Капитал/ОПИФ РФИ Т-Капитал Компании второго эшелона/2025-08-29.pdf
Т-Капитал,ОПИФ РФИ «Т-Капитал Компании второго эшелона»,2025-09-30,https://cdn.tbank.ru/static/documents/otchet-scha-RU000A109KS6-30-09-2025.PDF,raw/Т-Капитал/ОПИФ РФИ Т-Капитал Компании второго эшелона/2025-09-30.pdf
Т-Капитал,ОПИФ РФИ «Т-Капитал Компании второго эшелона»,2025-10-31,https://cdn.tbank.ru/static/documents/otchet-scha-RU000A109KS6-31-10-2025.pdf,raw/Т-Капитал/ОПИФ РФИ Т-Капитал Компании второго эшелона/2025-10-31.pdf
Т-Капитал,ОПИФ РФИ «Т-Капитал Компании второго эшелона»,2025-11-28,https://cdn.tbank.ru/static/documents/otchet-scha-RU000A109KS6-28-11-2025.pdf,raw/Т-Капитал/ОПИФ РФИ Т-Капитал Компании второго эшелона/2025-11-28.pdf
Т-Капитал,ОПИФ РФИ «Т-Капитал Компании второго эшелона»,2025-12-30,https://cdn.tbank.ru/static/documents/5991-ru000a109ks6-scha-30-12-2025.pdf,raw/Т-Капитал/ОПИФ РФИ Т-Капитал Компании второго эшелона/2025-12-30.pdf
Т-Капитал,ОПИФ РФИ «Т-Капитал Компании второго эшелона»,2026-01-30,https://cdn.tbank.ru/static/documents/otchet-scha-RU000A109KS6-30-01-2026.pdf,raw/Т-Капитал/ОПИФ РФИ Т-Капитал Компании второго эшелона/2026-01-30.pdf
Т-Капитал,ОПИФ РФИ «Т-Капитал Компании второго эшелона»,2026-02-27,https://cdn.tbank.ru/static/documents/otchet-scha-RU000A109KS6-27-02-2026.pdf,raw/Т-Капитал/ОПИФ РФИ Т-Капитал Компании второго эшелона/2026-02-27.pdf
Т-Капитал,ОПИФ РФИ «Т-Капитал Компании второго эшелона»,2026-03-31,https://cdn.tbank.ru/static/documents/otchet-scha-RU000A109KS6-31-03-2026.PDF,raw/Т-Капитал/ОПИФ РФИ Т-Капитал Компании второго эшелона/2026-03-31.pdf
Т-Капитал,ОПИФ РФИ «Т-Капитал Компании второго эшелона»,2026-04-30,https://cdn.tbank.ru/static/documents/otchet-scha-RU000A109KS6-30-04-2026.PDF,raw/Т-Капитал/ОПИФ РФИ Т-Капитал Компании второго эшелона/2026-04-30.pdf
Т-Капитал,ОПИФ РФИ «Т-Капитал Компании второго эшелона»,2026-05-29,https://cdn.tbank.ru/static/documents/otchet-scha-RU000A109KS6-29-05-2026.PDF,raw/Т-Капитал/ОПИФ РФИ Т-Капитал Компании второго эшелона/2026-05-29.pdf
Т-Капитал,ОПИФ РФИ «Т-Капитал Компании второго эшелона»,2026-06-30,https://cdn.tbank.ru/static/documents/otchet-scha-RU000A109KS6-30-06-2026.PDF,raw/Т-Капитал/ОПИФ РФИ Т-Капитал Компании второго эшелона/2026-06-30.pdf
Т-Капитал,ОПИФ РФИ «Т-Капитал Компании второго эшелона»,2026-07-31,https://cdn.tbank.ru/static/documents/otchet-scha-RU000A109KS6-31-07-2026.PDF,raw/Т-Капитал/ОПИФ РФИ Т-Капитал Компании второго эшелона/2026-07-31.pdf
Т-Капитал,ОПИФ РФИ «Т-Капитал Компании второго эшелона»,2026-08-31,https://cdn.tbank.ru/static/documents/otchet-scha-RU000A109KS6-31-08-2026.PDF,raw/Т-Капитал/ОПИФ РФИ Т-Капитал Компании второго эшелона/2026-08-31.pdf
Первая,ИИС с Фондом Левитан,2025-05-31,https://www.first-am.ru/download/21781/%D0%9E%D0%9F%D0%98%D0%A4%20%D0%A0%D0%A4%D0%98%20%D0%9F%D0%B5%D1%80%D0%B2%D0%B0%D1%8F%20-%20%D0%9B%D0%B5%D0%B2%D0%B8%D1%82%D0%B0%D0%BD%20_%D0%A1%D0%BF%D1%80%D0%B0%D0%B2%D0%BA%D0%B0%20%D0%BE%20%D1%81%D1%82%D0%BE%D0%B8%D0%BC%D0%BE%D1%81%D1%82%D0%B8%20%D1%87%D0%B8%D1%81%D1%82%D1%8B%D1%85%20%D0%B0%D0%BA%D1%82%D0%B8%D0%B2%D0%BE%D0%B2_%D0%B7%D0%B0_%D0%BC%D0%B0%D0%B9_2025%D0%B3.PDF,raw/Первая/ИИС с Фондом Левитан/2025-05-31.pdf
Арсагера,Арсагера - акции 6.4,2021-09-30,https://arsagera.ru/library/download/948240/,raw/Арсагера/Арсагера - акции 64/2021-09-30.xls
Арсагера,Арсагера - акции 6.4,2021-10-31,https://arsagera.ru/library/download/951294/,raw/Арсагера/Арсагера - акции 64/2021-10-31.xls
Арсагера,Арсагера - акции 6.4,2021-11-30,https://arsagera.ru/library/download/954667/,raw/Арсагера/Арсагера - акции 64/2021-11-30.xls
Арсагера,Арсагера - акции 6.4,2021-12-31,https://arsagera.ru/library/download/958517/,raw/Арсагера/Арсагера - акции 64/2021-12-31.xls
Арсагера,Арсагера - акции 6.4,2022-01-31,https://arsagera.ru/library/download/963158/,raw/Арсагера/Арсагера - акции 64/2022-01-31.xls
Арсагера,Арсагера - акции 6.4,2022-02-28,https://arsagera.ru/library/download/963161/,raw/Арсагера/Арсагера - акции 64/2022-02-28.xls
Арсагера,Арсагера - акции 6.4,2022-03-31,https://arsagera.ru/library/download/966307/,raw/Арсагера/Арсагера - акции 64/2022-03-31.xls
Арсагера,Арсагера - акции 6.4,2022-04-30,https://arsagera.ru/library/download/969083/,raw/Арсагера/Арсагера - акции 64/2022-04-30.xls
Арсагера,Арсагера - акции 6.4,2022-05-31,https://arsagera.ru/library/download/971223/,raw/Арсагера/Арсагера - акции 64/2022-05-31.xls
Арсагера,Арсагера - акции 6.4,2022-06-30,https://arsagera.ru/library/download/973302/,raw/Арсагера/Арсагера - акции 64/2022-06-30.xls
Арсагера,Арсагера - акции 6.4,2022-07-31,https://arsagera.ru/library/download/975888/,raw/Арсагера/Арсагера - акции 64/2022-07-31.xls
Арсагера,Арсагера - акции 6.4,2022-08-31,https://arsagera.ru/library/download/978464/,raw/Арсагера/Арсагера - акции 64/2022-08-31.xls
Арсагера,Арсагера - акции 6.4,2022-09-30,https://arsagera.ru/library/download/980523/,raw/Арсагера/Арсагера - акции 64/2022-09-30.xls
Арсагера,Арсагера - акции 6.4,2022-10-31,https://arsagera.ru/library/download/983043/,raw/Арсагера/Арсагера - акции 64/2022-10-31.xls
Арсагера,Арсагера - акции 6.4,2022-11-30,https://arsagera.ru/library/download/985104/,raw/Арсагера/Арсагера - акции 64/2022-11-30.xls
Арсагера,Арсагера - акции 6.4,2022-12-31,https://arsagera.ru/library/download/987687/,raw/Арсагера/Арсагера - акции 64/2022-12-31.xls
Арсагера,Арсагера - акции 6.4,2023-01-31,https://arsagera.ru/library/download/989325/,raw/Арсагера/Арсагера - акции 64/2023-01-31.xls
Арсагера,Арсагера - акции 6.4,2023-02-28,https://arsagera.ru/library/download/991145/,raw/Арсагера/Арсагера - акции 64/2023-02-28.xls
Арсагера,Арсагера - акции 6.4,2023-03-31,https://arsagera.ru/library/download/993713/,raw/Арсагера/Арсагера - акции 64/2023-03-31.xls
Арсагера,Арсагера - акции 6.4,2023-04-30,https://arsagera.ru/library/download/996437/,raw/Арсагера/Арсагера - акции 64/2023-04-30.xls
Арсагера,Арсагера - акции 6.4,2023-05-31,https://arsagera.ru/library/download/998601/,raw/Арсагера/Арсагера - акции 64/2023-05-31.xls
Арсагера,Арсагера - акции 6.4,2023-06-30,https://arsagera.ru/library/download/1000528/,raw/Арсагера/Арсагера - акции 64/2023-06-30.xls
Арсагера,Арсагера - акции 6.4,2023-07-31,https://arsagera.ru/library/download/1002846/,raw/Арсагера/Арсагера - акции 64/2023-07-31.xls
Арсагера,Арсагера - акции 6.4,2023-08-31,https://arsagera.ru/library/download/1005387/,raw/Арсагера/Арсагера - акции 64/2023-08-31.xls
Арсагера,Арсагера - акции 6.4,2023-09-30,https://arsagera.ru/library/download/1007445/,raw/Арсагера/Арсагера - акции 64/2023-09-30.xlsx
Арсагера,Арсагера - акции 6.4,2023-10-31,https://arsagera.ru/library/download/1010010/,raw/Арсагера/Арсагера - акции 64/2023-10-31.xlsx
Арсагера,Арсагера - акции 6.4,2023-11-30,https://arsagera.ru/library/download/1012077/,raw/Арсагера/Арсагера - акции 64/2023-11-30.xlsx
Арсагера,Арсагера - акции 6.4,2023-12-31,https://arsagera.ru/library/download/1014065/,raw/Арсагера/Арсагера - акции 64/2023-12-31.xlsx
Арсагера,Арсагера - акции 6.4,2024-01-31,https://arsagera.ru/library/download/1016135/,raw/Арсагера/Арсагера - акции 64/2024-01-31.xlsx
Арсагера,Арсагера - акции 6.4,2024-02-29,https://arsagera.ru/library/download/1019034/,raw/Арсагера/Арсагера - акции 64/2024-02-29.xlsx
Арсагера,Арсагера - акции 6.4,2024-03-31,https://arsagera.ru/library/download/1021162/,raw/Арсагера/Арсагера - акции 64/2024-03-31.xlsx
Арсагера,Арсагера - акции 6.4,2024-04-30,https://arsagera.ru/library/download/1023312/,raw/Арсагера/Арсагера - акции 64/2024-04-30.xlsx
Арсагера,Арсагера - акции 6.4,2024-05-31,https://arsagera.ru/library/download/1036101/,raw/Арсагера/Арсагера - акции 64/2024-05-31.xlsx
Арсагера,Арсагера - акции 6.4,2024-06-30,https://arsagera.ru/library/download/1037596/,raw/Арсагера/Арсагера - акции 64/2024-06-30.xlsx
Арсагера,Арсагера - акции 6.4,2024-07-31,https://arsagera.ru/library/download/1039336/,raw/Арсагера/Арсагера - акции 64/2024-07-31.xlsx
Арсагера,Арсагера - акции 6.4,2024-08-31,https://arsagera.ru/library/download/1040982/,raw/Арсагера/Арсагера - акции 64/2024-08-31.xlsx
Арсагера,Арсагера - акции 6.4,2024-09-30,https://arsagera.ru/library/download/1042392/,raw/Арсагера/Арсагера - акции 64/2024-09-30.xlsx
Арсагера,Арсагера - акции 6.4,2024-10-31,https://arsagera.ru/library/download/1044099/,raw/Арсагера/Арсагера - акции 64/2024-10-31.xlsx
Арсагера,Арсагера - акции 6.4,2024-11-30,https://arsagera.ru/library/download/1045548/,raw/Арсагера/Арсагера - акции 64/2024-11-30.xlsx
Арсагера,Арсагера - акции 6.4,2024-12-31,https://arsagera.ru/library/download/1047293/,raw/Арсагера/Арсагера - акции 64/2024-12-31.xlsx
Арсагера,Арсагера - акции 6.4,2025-01-31,https://arsagera.ru/library/download/1048379/,raw/Арсагера/Арсагера - акции 64/2025-01-31.xlsx
Арсагера,Арсагера - акции 6.4,2025-02-28,https://arsagera.ru/library/download/1049798/,raw/Арсагера/Арсагера - акции 64/2025-02-28.xlsx
Арсагера,Арсагера - акции 6.4,2025-03-31,https://arsagera.ru/library/download/1051468/,raw/Арсагера/Арсагера - акции 64/2025-03-31.xlsx
Арсагера,Арсагера - акции 6.4,2025-04-30,https://arsagera.ru/library/download/1053097/,raw/Арсагера/Арсагера - акции 64/2025-04-30.xlsx
Арсагера,Арсагера - акции 6.4,2025-05-31,https://arsagera.ru/library/download/1054431/,raw/Арсагера/Арсагера - акции 64/2025-05-31.xlsx
Арсагера,Арсагера - акции 6.4,2025-06-30,https://arsagera.ru/library/download/1055773/,raw/Арсагера/Арсагера - акции 64/2025-06-30.xlsx
Арсагера,Арсагера - акции 6.4,2025-07-31,https://arsagera.ru/library/download/1057366/,raw/Арсагера/Арсагера - акции 64/2025-07-31.xlsx
Арсагера,Арсагера - акции 6.4,2025-08-31,https://arsagera.ru/library/download/1058663/,raw/Арсагера/Арсагера - акции 64/2025-08-31.xlsx
Арсагера,Арсагера - акции 6.4,2025-09-30,https://arsagera.ru/library/download/1059996/,raw/Арсагера/Арсагера - акции 64/2025-09-30.xlsx
Арсагера,Арсагера - акции 6.4,2025-10-31,https://arsagera.ru/library/download/1061541/,raw/Арсагера/Арсагера - акции 64/2025-10-31.xlsx
Арсагера,Арсагера - акции 6.4,2025-11-30,https://arsagera.ru/library/download/1062201/,raw/Арсагера/Арсагера - акции 64/2025-11-30.xlsx
Арсагера,Арсагера - акции 6.4,2025-12-31,https://arsagera.ru/library/download/1063429/,raw/Арсагера/Арсагера - акции 64/2025-12-31.xlsx
Арсагера,Арсагера - акции 6.4,2026-01-31,https://arsagera.ru/library/download/1064059/,raw/Арсагера/Арсагера - акции 64/2026-01-31.xlsx
Арсагера,Арсагера - акции 6.4,2026-02-28,https://arsagera.ru/library/download/1064945/,raw/Арсагера/Арсагера - акции 64/2026-02-28.xlsx
Арсагера,Арсагера - акции 6.4,2026-03-31,https://arsagera.ru/library/download/1065667/,raw/Арсагера/Арсагера - акции 64/2026-03-31.xlsx
Арсагера,Арсагера - акции 6.4,2026-04-30,https://arsagera.ru/library/download/1066634/,raw/Арсагера/Арсагера - акции 64/2026-04-30.xlsx
Арсагера,Арсагера - акции 6.4,2026-05-31,https://arsagera.ru/library/download/1067278/,raw/Арсагера/Арсагера - акции 64/2026-05-31.xlsx
Арсагера,Арсагера - акции 6.4,2026-06-30,https://arsagera.ru/library/download/1068062/,raw/Арсагера/Арсагера - акции 64/2026-06-30.xlsx
Арсагера,Арсагера - акции 6.4,2026-07-31,https://arsagera.ru/library/download/1068827/,raw/Арсагера/Арсагера - акции 64/2026-07-31.xlsx
Арсагера,Арсагера - акции 6.4,2026-08-31,https://arsagera.ru/library/download/1069505/,raw/Арсагера/Арсагера - акции 64/2026-08-31.xlsx
Арсагера,Арсагера - фонд акций,2021-09-30,https://arsagera.ru/library/download/948246/,raw/Арсагера/Арсагера - фонд акций/2021-09-30.xls
Арсагера,Арсагера - фонд акций,2021-10-31,https://arsagera.ru/library/download/951308/,raw/Арсагера/Арсагера - фонд акций/2021-10-31.xls
Арсагера,Арсагера - фонд акций,2021-11-30,https://arsagera.ru/library/download/954673/,raw/Арсагера/Арсагера - фонд акций/2021-11-30.xls
Арсагера,Арсагера - фонд акций,2021-12-31,https://arsagera.ru/library/download/958525/,raw/Арсагера/Арсагера - фонд акций/2021-12-31.xls
Арсагера,Арсагера - фонд акций,2022-01-31,https://arsagera.ru/library/download/963176/,raw/Арсагера/Арсагера - фонд акций/2022-01-31.xls
Арсагера,Арсагера - фонд акций,2022-02-28,https://arsagera.ru/library/download/963184/,raw/Арсагера/Арсагера - фонд акций/2022-02-28.xls
Арсагера,Арсагера - фонд акций,2022-03-31,https://arsagera.ru/library/download/966323/,raw/Арсагера/Арсагера - фонд акций/2022-03-31.xls
Арсагера,Арсагера - фонд акций,2022-04-30,https://arsagera.ru/library/download/969089/,raw/Арсагера/Арсагера - фонд акций/2022-04-30.xls
Арсагера,Арсагера - фонд акций,2022-05-31,https://arsagera.ru/library/download/971228/,raw/Арсагера/Арсагера - фонд акций/2022-05-31.xls
Арсагера,Арсагера - фонд акций,2022-06-30,https://arsagera.ru/library/download/973340/,raw/Арсагера/Арсагера - фонд акций/2022-06-30.xls
Арсагера,Арсагера - фонд акций,2022-07-31,https://arsagera.ru/library/download/975894/,raw/Арсагера/Арсагера - фонд акций/2022-07-31.xls
Арсагера,Арсагера - фонд акций,2022-08-31,https://arsagera.ru/library/download/978471/,raw/Арсагера/Арсагера - фонд акций/2022-08-31.xls
Арсагера,Арсагера - фонд акций,2022-09-30,https://arsagera.ru/library/download/980529/,raw/Арсагера/Арсагера - фонд акций/2022-09-30.xls
Арсагера,Арсагера - фонд акций,2022-10-31,https://arsagera.ru/library/download/983049/,raw/Арсагера/Арсагера - фонд акций/2022-10-31.xls
Арсагера,Арсагера - фонд акций,2022-11-30,https://arsagera.ru/library/download/985110/,raw/Арсагера/Арсагера - фонд акций/2022-11-30.xls
Арсагера,Арсагера - фонд акций,2022-12-31,https://arsagera.ru/library/download/987693/,raw/Арсагера/Арсагера - фонд акций/2022-12-31.xls
Арсагера,Арсагера - фонд акций,2023-01-31,https://arsagera.ru/library/download/989335/,raw/Арсагера/Арсагера - фонд акций/2023-01-31.xls
Арсагера,Арсагера - фонд акций,2023-02-28,https://arsagera.ru/library/download/991151/,raw/Арсагера/Арсагера - фонд акций/2023-02-28.xls
Арсагера,Арсагера - фонд акций,2023-03-31,https://arsagera.ru/library/download/993719/,raw/Арсагера/Арсагера - фонд акций/2023-03-31.xls
Арсагера,Арсагера - фонд акций,2023-04-30,https://arsagera.ru/library/download/996443/,raw/Арсагера/Арсагера - фонд акций/2023-04-30.xls
Арсагера,Арсагера - фонд акций,2023-05-31,https://arsagera.ru/library/download/998607/,raw/Арсагера/Арсагера - фонд акций/2023-05-31.xls
Арсагера,Арсагера - фонд акций,2023-06-30,https://arsagera.ru/library/download/1000514/,raw/Арсагера/Арсагера - фонд акций/2023-06-30.xls
Арсагера,Арсагера - фонд акций,2023-07-31,https://arsagera.ru/library/download/1002810/,raw/Арсагера/Арсагера - фонд акций/2023-07-31.xls
Арсагера,Арсагера - фонд акций,2023-08-31,https://arsagera.ru/library/download/1005378/,raw/Арсагера/Арсагера - фонд акций/2023-08-31.xls
Арсагера,Арсагера - фонд акций,2023-09-30,https://arsagera.ru/library/download/1007447/,raw/Арсагера/Арсагера - фонд акций/2023-09-30.xlsx
Арсагера,Арсагера - фонд акций,2023-10-31,https://arsagera.ru/library/download/1010016/,raw/Арсагера/Арсагера - фонд акций/2023-10-31.xlsx
Арсагера,Арсагера - фонд акций,2023-11-30,https://arsagera.ru/library/download/1012083/,raw/Арсагера/Арсагера - фонд акций/2023-11-30.xlsx
Арсагера,Арсагера - фонд акций,2023-12-31,https://arsagera.ru/library/download/1014071/,raw/Арсагера/Арсагера - фонд акций/2023-12-31.xlsx
Арсагера,Арсагера - фонд акций,2024-01-31,https://arsagera.ru/library/download/1016143/,raw/Арсагера/Арсагера - фонд акций/2024-01-31.xlsx
Арсагера,Арсагера - фонд акций,2024-02-29,https://arsagera.ru/library/download/1019040/,raw/Арсагера/Арсагера - фонд акций/2024-02-29.xlsx
Арсагера,Арсагера - фонд акций,2024-03-31,https://arsagera.ru/library/download/1021168/,raw/Арсагера/Арсагера - фонд акций/2024-03-31.xlsx
Арсагера,Арсагера - фонд акций,2024-04-30,https://arsagera.ru/library/download/1023318/,raw/Арсагера/Арсагера - фонд акций/2024-04-30.xlsx
Арсагера,Арсагера - фонд акций,2024-05-31,https://arsagera.ru/library/download/1036107/,raw/Арсагера/Арсагера - фонд акций/2024-05-31.xlsx
Арсагера,Арсагера - фонд акций,2024-06-30,https://arsagera.ru/library/download/1037602/,raw/Арсагера/Арсагера - фонд акций/2024-06-30.xlsx
Арсагера,Арсагера - фонд акций,2024-07-31,https://arsagera.ru/library/download/1039342/,raw/Арсагера/Арсагера - фонд акций/2024-07-31.xlsx
Арсагера,Арсагера - фонд акций,2024-08-31,https://arsagera.ru/library/download/1040987/,raw/Арсагера/Арсагера - фонд акций/2024-08-31.xlsx
Арсагера,Арсагера - фонд акций,2024-09-30,https://arsagera.ru/library/download/1042398/,raw/Арсагера/Арсагера - фонд акций/2024-09-30.xlsx
Арсагера,Арсагера - фонд акций,2024-10-31,https://arsagera.ru/library/download/1044110/,raw/Арсагера/Арсагера - фонд акций/2024-10-31.xlsx
Арсагера,Арсагера - фонд акций,2024-11-30,https://arsagera.ru/library/download/1045554/,raw/Арсагера/Арсагера - фонд акций/2024-11-30.xlsx
Арсагера,Арсагера - фонд акций,2024-12-31,https://arsagera.ru/library/download/1047299/,raw/Арсагера/Арсагера - фонд акций/2024-12-31.xlsx
Арсагера,Арсагера - фонд акций,2025-01-31,https://arsagera.ru/library/download/1048387/,raw/Арсагера/Арсагера - фонд акций/2025-01-31.xlsx
Арсагера,Арсагера - фонд акций,2025-02-28,https://arsagera.ru/library/download/1049804/,raw/Арсагера/Арсагера - фонд акций/2025-02-28.xlsx
Арсагера,Арсагера - фонд акций,2025-03-31,https://arsagera.ru/library/download/1051475/,raw/Арсагера/Арсагера - фонд акций/2025-03-31.xlsx
Арсагера,Арсагера - фонд акций,2025-04-30,https://arsagera.ru/library/download/1053102/,raw/Арсагера/Арсагера - фонд акций/2025-04-30.xlsx
Арсагера,Арсагера - фонд акций,2025-05-31,https://arsagera.ru/library/download/1054437/,raw/Арсагера/Арсагера - фонд акций/2025-05-31.xlsx
Арсагера,Арсагера - фонд акций,2025-06-30,https://arsagera.ru/library/download/1055779/,raw/Арсагера/Арсагера - фонд акций/2025-06-30.xlsx
Арсагера,Арсагера - фонд акций,2025-07-31,https://arsagera.ru/library/download/1057372/,raw/Арсагера/Арсагера - фонд акций/2025-07-31.xlsx
Арсагера,Арсагера - фонд акций,2025-08-31,https://arsagera.ru/library/download/1058669/,raw/Арсагера/Арсагера - фонд акций/2025-08-31.xlsx
Арсагера,Арсагера - фонд акций,2025-09-30,https://arsagera.ru/library/download/1060002/,raw/Арсагера/Арсагера - фонд акций/2025-09-30.xlsx
Арсагера,Арсагера - фонд акций,2025-10-31,https://arsagera.ru/library/download/1061551/,raw/Арсагера/Арсагера - фонд акций/2025-10-31.xlsx
Арсагера,Арсагера - фонд акций,2025-11-30,https://arsagera.ru/library/download/1062208/,raw/Арсагера/Арсагера - фонд акций/2025-11-30.xlsx
Арсагера,Арсагера - фонд акций,2025-12-31,https://arsagera.ru/library/download/1063436/,raw/Арсагера/Арсагера - фонд акций/2025-12-31.xlsx
Арсагера,Арсагера - фонд акций,2026-01-31,https://arsagera.ru/library/download/1064067/,raw/Арсагера/Арсагера - фонд акций/2026-01-31.xlsx
Арсагера,Арсагера - фонд акций,2026-02-28,https://arsagera.ru/library/download/1064949/,raw/Арсагера/Арсагера - фонд акций/2026-02-28.xlsx
Арсагера,Арсагера - фонд акций,2026-03-31,https://arsagera.ru/library/download/1065673/,raw/Арсагера/Арсагера - фонд акций/2026-03-31.xlsx
Арсагера,Арсагера - фонд акций,2026-04-30,https://arsagera.ru/library/download/1066640/,raw/Арсагера/Арсагера - фонд акций/2026-04-30.xlsx
Арсагера,Арсагера - фонд акций,2026-05-31,https://arsagera.ru/library/download/1067285/,raw/Арсагера/Арсагера - фонд акций/2026-05-31.xlsx
Арсагера,Арсагера - фонд акций,2026-06-30,https://arsagera.ru/library/download/1068066/,raw/Арсагера/Арсагера - фонд акций/2026-06-30.xlsx
Арсагера,Арсагера - фонд акций,2026-07-31,https://arsagera.ru/library/download/1068833/,raw/Арсагера/Арсагера - фонд акций/2026-07-31.xlsx
Арсагера,Арсагера - фонд акций,2026-08-31,https://arsagera.ru/library/download/1069511/,raw/Арсагера/Арсагера - фонд акций/2026-08-31.xlsx
Арсагера,Арсагера - фонд смешанных инвестиций,2021-09-30,https://arsagera.ru/library/download/948252/,raw/Арсагера/Арсагера - фонд смешанных инвестиций/2021-09-30.xls
Арсагера,Арсагера - фонд смешанных инвестиций,2021-10-31,https://arsagera.ru/library/download/951319/,raw/Арсагера/Арсагера - фонд смешанных инвестиций/2021-10-31.xls
Арсагера,Арсагера - фонд смешанных инвестиций,2021-11-30,https://arsagera.ru/library/download/954683/,raw/Арсагера/Арсагера - фонд смешанных инвестиций/2021-11-30.xls
Арсагера,Арсагера - фонд смешанных инвестиций,2021-12-31,https://arsagera.ru/library/download/958531/,raw/Арсагера/Арсагера - фонд смешанных инвестиций/2021-12-31.xls
Арсагера,Арсагера - фонд смешанных инвестиций,2022-01-31,https://arsagera.ru/library/download/963203/,raw/Арсагера/Арсагера - фонд смешанных инвестиций/2022-01-31.xls
Арсагера,Арсагера - фонд смешанных инвестиций,2022-02-28,https://arsagera.ru/library/download/963207/,raw/Арсагера/Арсагера - фонд смешанных инвестиций/2022-02-28.xls
Арсагера,Арсагера - фонд смешанных инвестиций,2022-03-31,https://arsagera.ru/library/download/966328/,raw/Арсагера/Арсагера - фонд смешанных инвестиций/2022-03-31.xls
Арсагера,Арсагера - фонд смешанных инвестиций,2022-04-30,https://arsagera.ru/library/download/969095/,raw/Арсагера/Арсагера - фонд смешанных инвестиций/2022-04-30.xls
Арсагера,Арсагера - фонд смешанных инвестиций,2022-05-31,https://arsagera.ru/library/download/971234/,raw/Арсагера/Арсагера - фонд смешанных инвестиций/2022-05-31.xls
Арсагера,Арсагера - фонд смешанных инвестиций,2022-06-30,https://arsagera.ru/library/download/973347/,raw/Арсагера/Арсагера - фонд смешанных инвестиций/2022-06-30.xls
Арсагера,Арсагера - фонд смешанных инвестиций,2022-07-31,https://arsagera.ru/library/download/975900/,raw/Арсагера/Арсагера - фонд смешанных инвестиций/2022-07-31.xls
Арсагера,Арсагера - фонд смешанных инвестиций,2022-08-31,https://arsagera.ru/library/download/978480/,raw/Арсагера/Арсагера - фонд смешанных инвестиций/2022-08-31.xls
Арсагера,Арсагера - фонд смешанных инвестиций,2022-09-30,https://arsagera.ru/library/download/980535/,raw/Арсагера/Арсагера - фонд смешанных инвестиций/2022-09-30.xls
Арсагера,Арсагера - фонд смешанных инвестиций,2022-10-31,https://arsagera.ru/library/download/983064/,raw/Арсагера/Арсагера - фонд смешанных инвестиций/2022-10-31.xls
Арсагера,Арсагера - фонд смешанных инвестиций,2022-11-30,https://arsagera.ru/library/download/985116/,raw/Арсагера/Арсагера - фонд смешанных инвестиций/2022-11-30.xls
Арсагера,Арсагера - фонд смешанных инвестиций,2022-12-31,https://arsagera.ru/library/download/987699/,raw/Арсагера/Арсагера - фонд смешанных инвестиций/2022-12-31.xls
Арсагера,Арсагера - фонд смешанных инвестиций,2023-01-31,https://arsagera.ru/library/download/989344/,raw/Арсагера/Арсагера - фонд смешанных инвестиций/2023-01-31.xls
Арсагера,Арсагера - фонд смешанных инвестиций,2023-02-28,https://arsagera.ru/library/download/991157/,raw/Арсагера/Арсагера - фонд смешанных инвестиций/2023-02-28.xls
Арсагера,Арсагера - фонд смешанных инвестиций,2023-03-31,https://arsagera.ru/library/download/993725/,raw/Арсагера/Арсагера - фонд смешанных инвестиций/2023-03-31.xls
Арсагера,Арсагера - фонд смешанных инвестиций,2023-04-30,https://arsagera.ru/library/download/996450/,raw/Арсагера/Арсагера - фонд смешанных инвестиций/2023-04-30.xls
Арсагера,Арсагера - фонд смешанных инвестиций,2023-05-31,https://arsagera.ru/library/download/998613/,raw/Арсагера/Арсагера - фонд смешанных инвестиций/2023-05-31.xls
Арсагера,Арсагера - фонд смешанных инвестиций,2023-06-30,https://arsagera.ru/library/download/1000522/,raw/Арсагера/Арсагера - фонд смешанных инвестиций/2023-06-30.xls
Арсагера,Арсагера - фонд смешанных инвестиций,2023-07-31,https://arsagera.ru/library/download/1002813/,raw/Арсагера/Арсагера - фонд смешанных инвестиций/2023-07-31.xls
Арсагера,Арсагера - фонд смешанных инвестиций,2023-08-31,https://arsagera.ru/library/download/1005381/,raw/Арсагера/Арсагера - фонд смешанных инвестиций/2023-08-31.xls
Арсагера,Арсагера - фонд смешанных инвестиций,2023-09-30,https://arsagera.ru/library/download/1007454/,raw/Арсагера/Арсагера - фонд смешанных инвестиций/2023-09-30.xlsx
Арсагера,Арсагера - фонд смешанных инвестиций,2023-10-31,https://arsagera.ru/library/download/1010026/,raw/Арсагера/Арсагера - фонд смешанных инвестиций/2023-10-31.xlsx
Арсагера,Арсагера - фонд смешанных инвестиций,2023-11-30,https://arsagera.ru/library/download/1012089/,raw/Арсагера/Арсагера - фонд смешанных инвестиций/2023-11-30.xlsx
Арсагера,Арсагера - фонд смешанных инвестиций,2023-12-31,https://arsagera.ru/library/download/1014085/,raw/Арсагера/Арсагера - фонд смешанных инвестиций/2023-12-31.xlsx
Арсагера,Арсагера - фонд смешанных инвестиций,2024-01-31,https://arsagera.ru/library/download/1016151/,raw/Арсагера/Арсагера - фонд смешанных инвестиций/2024-01-31.xlsx
Арсагера,Арсагера - фонд смешанных инвестиций,2024-02-29,https://arsagera.ru/library/download/1019048/,raw/Арсагера/Арсагера - фонд смешанных инвестиций/2024-02-29.xlsx
Арсагера,Арсагера - фонд смешанных инвестиций,2024-03-31,https://arsagera.ru/library/download/1021174/,raw/Арсагера/Арсагера - фонд смешанных инвестиций/2024-03-31.xlsx
Арсагера,Арсагера - фонд смешанных инвестиций,2024-04-30,https://arsagera.ru/library/download/1023324/,raw/Арсагера/Арсагера - фонд смешанных инвестиций/2024-04-30.xlsx
Арсагера,Арсагера - фонд смешанных инвестиций,2024-05-31,https://arsagera.ru/library/download/1036113/,raw/Арсагера/Арсагера - фонд смешанных инвестиций/2024-05-31.xlsx
Арсагера,Арсагера - фонд смешанных инвестиций,2024-06-30,https://arsagera.ru/library/download/1037608/,raw/Арсагера/Арсагера - фонд смешанных инвестиций/2024-06-30.xlsx
Арсагера,Арсагера - фонд смешанных инвестиций,2024-07-31,https://arsagera.ru/library/download/1039348/,raw/Арсагера/Арсагера - фонд смешанных инвестиций/2024-07-31.xlsx
Арсагера,Арсагера - фонд смешанных инвестиций,2024-08-31,https://arsagera.ru/library/download/1040993/,raw/Арсагера/Арсагера - фонд смешанных инвестиций/2024-08-31.xlsx
Арсагера,Арсагера - фонд смешанных инвестиций,2024-09-30,https://arsagera.ru/library/download/1042404/,raw/Арсагера/Арсагера - фонд смешанных инвестиций/2024-09-30.xlsx
Арсагера,Арсагера - фонд смешанных инвестиций,2024-10-31,https://arsagera.ru/library/download/1044116/,raw/Арсагера/Арсагера - фонд смешанных инвестиций/2024-10-31.xlsx
Арсагера,Арсагера - фонд смешанных инвестиций,2024-11-30,https://arsagera.ru/library/download/1045560/,raw/Арсагера/Арсагера - фонд смешанных инвестиций/2024-11-30.xlsx
Арсагера,Арсагера - фонд смешанных инвестиций,2024-12-31,https://arsagera.ru/library/download/1047305/,raw/Арсагера/Арсагера - фонд смешанных инвестиций/2024-12-31.xlsx
Арсагера,Арсагера - фонд смешанных инвестиций,2025-01-31,https://arsagera.ru/library/download/1048394/,raw/Арсагера/Арсагера - фонд смешанных инвестиций/2025-01-31.xlsx
Арсагера,Арсагера - фонд смешанных инвестиций,2025-02-28,https://arsagera.ru/library/download/1049810/,raw/Арсагера/Арсагера - фонд смешанных инвестиций/2025-02-28.xlsx
Арсагера,Арсагера - фонд смешанных инвестиций,2025-03-31,https://arsagera.ru/library/download/1051481/,raw/Арсагера/Арсагера - фонд смешанных инвестиций/2025-03-31.xlsx
Арсагера,Арсагера - фонд смешанных инвестиций,2025-04-30,https://arsagera.ru/library/download/1053108/,raw/Арсагера/Арсагера - фонд смешанных инвестиций/2025-04-30.xlsx
Арсагера,Арсагера - фонд смешанных инвестиций,2025-05-31,https://arsagera.ru/library/download/1054443/,raw/Арсагера/Арсагера - фонд смешанных инвестиций/2025-05-31.xlsx
Арсагера,Арсагера - фонд смешанных инвестиций,2025-06-30,https://arsagera.ru/library/download/1055793/,raw/Арсагера/Арсагера - фонд смешанных инвестиций/2025-06-30.xlsx
Арсагера,Арсагера - фонд смешанных инвестиций,2025-07-31,https://arsagera.ru/library/download/1057378/,raw/Арсагера/Арсагера - фонд смешанных инвестиций/2025-07-31.xlsx
Арсагера,Арсагера - фонд смешанных инвестиций,2025-08-31,https://arsagera.ru/library/download/1058675/,raw/Арсагера/Арсагера - фонд смешанных инвестиций/2025-08-31.xlsx
Арсагера,Арсагера - фонд смешанных инвестиций,2025-09-30,https://arsagera.ru/library/download/1060008/,raw/Арсагера/Арсагера - фонд смешанных инвестиций/2025-09-30.xlsx
Арсагера,Арсагера - фонд смешанных инвестиций,2025-10-31,https://arsagera.ru/library/download/1061557/,raw/Арсагера/Арсагера - фонд смешанных инвестиций/2025-10-31.xlsx
Арсагера,Арсагера - фонд смешанных инвестиций,2025-11-30,https://arsagera.ru/library/download/1062216/,raw/Арсагера/Арсагера - фонд смешанных инвестиций/2025-11-30.xlsx
Арсагера,Арсагера - фонд смешанных инвестиций,2025-12-31,https://arsagera.ru/library/download/1063442/,raw/Арсагера/Арсагера - фонд смешанных инвестиций/2025-12-31.xlsx
Арсагера,Арсагера - фонд смешанных инвестиций,2026-01-31,https://arsagera.ru/library/download/1064075/,raw/Арсагера/Арсагера - фонд смешанных инвестиций/2026-01-31.xlsx
Арсагера,Арсагера - фонд смешанных инвестиций,2026-02-28,https://arsagera.ru/library/download/1064952/,raw/Арсагера/Арсагера - фонд смешанных инвестиций/2026-02-28.xlsx
Арсагера,Арсагера - фонд смешанных инвестиций,2026-03-31,https://arsagera.ru/library/download/1065679/,raw/Арсагера/Арсагера - фонд смешанных инвестиций/2026-03-31.xlsx
Арсагера,Арсагера - фонд смешанных инвестиций,2026-04-30,https://arsagera.ru/library/download/1066646/,raw/Арсагера/Арсагера - фонд смешанных инвестиций/2026-04-30.xlsx
Арсагера,Арсагера - фонд смешанных инвестиций,2026-05-31,https://arsagera.ru/library/download/1067291/,raw/Арсагера/Арсагера - фонд смешанных инвестиций/2026-05-31.xlsx
Арсагера,Арсагера - фонд смешанных инвестиций,2026-06-30,https://arsagera.ru/library/download/1068070/,raw/Арсагера/Арсагера - фонд смешанных инвестиций/2026-06-30.xlsx
Арсагера,Арсагера - фонд смешанных инвестиций,2026-07-31,https://arsagera.ru/library/download/1068839/,raw/Арсагера/Арсагера - фонд смешанных инвестиций/2026-07-31.xlsx
Арсагера,Арсагера - фонд смешанных инвестиций,2026-08-31,https://arsagera.ru/library/download/1069517/,raw/Арсагера/Арсагера - фонд смешанных инвестиций/2026-08-31.xlsx
Система Капитал,Доверительная – фонд Российские акции,2021-09-30,https://sistema-capital.com/upload/iblock/520/SCHA-RA-na-30-09-21.xls,raw/Система Капитал/Доверительная  фонд Российские акции/2021-09-30.xls
Система Капитал,Доверительная – фонд Российские акции,2021-10-29,https://sistema-capital.com/upload/iblock/212/Spravka-SCHA_30.09.2021_29.10.2021_Rossiyskie-aktsii.xls,raw/Система Капитал/Доверительная  фонд Российские акции/2021-10-29.xls
Система Капитал,Доверительная – фонд Российские акции,2021-11-30,https://sistema-capital.com/upload/iblock/b7c/Spravka-SCHA_29.10.2021_30.11.2021_Rossiyskie-aktsii.xls,raw/Система Капитал/Доверительная  фонд Российские акции/2021-11-30.xls
Система Капитал,Доверительная – фонд Российские акции,2021-12-30,https://sistema-capital.com/upload/iblock/a58/SCHA-RA-301221.xls,raw/Система Капитал/Доверительная  фонд Российские акции/2021-12-30.xls
Система Капитал,Доверительная – фонд Российские акции,2021-12-31,https://sistema-capital.com/upload/iblock/3b0/SCHA-RA-dekabr-2021.xls,raw/Система Капитал/Доверительная  фонд Российские акции/2021-12-31.xls
Система Капитал,Доверительная – фонд Российские акции,2022-01-31,https://sistema-capital.com/upload/iblock/346/SCHA-RA-310122.xls,raw/Система Капитал/Доверительная  фонд Российские акции/2022-01-31.xls
Система Капитал,Доверительная – фонд Российские акции,2022-02-28,https://sistema-capital.com/upload/iblock/c8a/SCHA-RA-280222.xls,raw/Система Капитал/Доверительная  фонд Российские акции/2022-02-28.xls
Система Капитал,Доверительная – фонд Российские акции,2022-03-31,https://sistema-capital.com/upload/iblock/821/SCHA-RA-310322.xls,raw/Система Капитал/Доверительная  фонд Российские акции/2022-03-31.xls
Система Капитал,Доверительная – фонд Российские акции,2022-04-29,https://sistema-capital.com/upload/iblock/280/SCHA-RA-290422.xls,raw/Система Капитал/Доверительная  фонд Российские акции/2022-04-29.xls
Система Капитал,Доверительная – фонд Российские акции,2022-05-31,https://sistema-capital.com/upload/iblock/d77/SCHA-RA-310522.xls,raw/Система Капитал/Доверительная  фонд Российские акции/2022-05-31.xls
Система Капитал,Доверительная – фонд Российские акции,2022-06-30,https://sistema-capital.com/upload/iblock/30f/SCHA-RA-300622.xls,raw/Система Капитал/Доверительная  фонд Российские акции/2022-06-30.xls
Система Капитал,Доверительная – фонд Российские акции,2022-07-29,https://sistema-capital.com/upload/iblock/469/SCHA-RA-290722.xls,raw/Система Капитал/Доверительная  фонд Российские акции/2022-07-29.xls
Система Капитал,Доверительная – фонд Российские акции,2022-08-31,https://sistema-capital.com/upload/iblock/4b8/SCHA-RA-310822.xls,raw/Система Капитал/Доверительная  фонд Российские акции/2022-08-31.xls
Система Капитал,Доверительная – фонд Российские акции,2022-09-30,https://sistema-capital.com/upload/iblock/6a1/SCHA-RA-na-30-09-22.xls,raw/Система Капитал/Доверительная  фонд Российские акции/2022-09-30.xls
Система Капитал,Доверительная – фонд Российские акции,2022-10-31,https://sistema-capital.com/upload/iblock/409/RA-SCHA-31-10-22.xls,raw/Система Капитал/Доверительная  фонд Российские акции/2022-10-31.xls
Система Капитал,Доверительная – фонд Российские акции,2022-11-30,https://sistema-capital.com/upload/iblock/7af/SCHA-RA-301122.xls,raw/Система Капитал/Доверительная  фонд Российские акции/2022-11-30.xls
Система Капитал,Доверительная – фонд Российские акции,2022-12-30,https://sistema-capital.com/upload/iblock/204/SCHA-RA-30-12-22.xls,raw/Система Капитал/Доверительная  фонд Российские акции/2022-12-30.xls
Система Капитал,Доверительная – фонд Российские акции,2023-01-31,https://sistema-capital.com/upload/iblock/156/SCHA-RA-31-01-23.xls,raw/Система Капитал/Доверительная  фонд Российские акции/2023-01-31.xls
Система Капитал,Доверительная – фонд Российские акции,2023-02-28,https://sistema-capital.com/upload/iblock/772/SCHA-RA-28-02-23.xls,raw/Система Капитал/Доверительная  фонд Российские акции/2023-02-28.xls
Система Капитал,Доверительная – фонд Российские акции,2023-03-31,https://sistema-capital.com/upload/iblock/00d/SCHA-RA-na-31032023g.xls,raw/Система Капитал/Доверительная  фонд Российские акции/2023-03-31.xls
Система Капитал,Доверительная – фонд Российские акции,2023-04-28,https://sistema-capital.com/upload/iblock/333/RA-SCHA-280423.xls,raw/Система Капитал/Доверительная  фонд Российские акции/2023-04-28.xls
Система Капитал,Доверительная – фонд Российские акции,2023-05-31,https://sistema-capital.com/upload/iblock/7a1/RA-SCHA-310523.xls,raw/Система Капитал/Доверительная  фонд Российские акции/2023-05-31.xls
Система Капитал,Доверительная – фонд Российские акции,2023-06-30,https://sistema-capital.com/upload/iblock/ef8/RA-SCHA-300623.xls,raw/Система Капитал/Доверительная  фонд Российские акции/2023-06-30.xls
Система Капитал,Доверительная – фонд Российские акции,2023-07-31,https://sistema-capital.com/upload/iblock/b10/RA-SCHA-310723.xls,raw/Система Капитал/Доверительная  фонд Российские акции/2023-07-31.xls
Система Капитал,Доверительная – фонд Российские акции,2023-08-31,https://sistema-capital.com/upload/iblock/7c3/RA-SCHA-310823.xls,raw/Система Капитал/Доверительная  фонд Российские акции/2023-08-31.xls
Система Капитал,Доверительная – фонд Российские акции,2023-09-29,https://sistema-capital.com/upload/iblock/61c/RA-SCHA-290923.xls,raw/Система Капитал/Доверительная  фонд Российские акции/2023-09-29.xls
Система Капитал,Доверительная – фонд Российские акции,2023-10-31,https://sistema-capital.com/upload/iblock/b3d/RA-SCHA-311023.xls,raw/Система Капитал/Доверительная  фонд Российские акции/2023-10-31.xls
Система Капитал,Доверительная – фонд Российские акции,2023-11-30,https://sistema-capital.com/upload/iblock/9d6/RA-SCHA-301123.xls,raw/Система Капитал/Доверительная  фонд Российские акции/2023-11-30.xls
Система Капитал,Доверительная – фонд Российские акции,2023-12-31,https://sistema-capital.com/upload/iblock/d88/RA-SCHA-311223.xls,raw/Система Капитал/Доверительная  фонд Российские акции/2023-12-31.xls
Система Капитал,Доверительная – фонд Российские акции,2024-01-31,https://sistema-capital.com/upload/iblock/6f1/RA-SCHA-310124.xls,raw/Система Капитал/Доверительная  фонд Российские акции/2024-01-31.xls
Система Капитал,Доверительная – фонд Российские акции,2024-02-29,https://sistema-capital.com/upload/iblock/5e7/RA-SCHA-290224.xls,raw/Система Капитал/Доверительная  фонд Российские акции/2024-02-29.xls
Система Капитал,Доверительная – фонд Российские акции,2024-03-29,https://sistema-capital.com/upload/iblock/f83/RA-SCHA-290324.xls,raw/Система Капитал/Доверительная  фонд Российские акции/2024-03-29.xls
Система Капитал,Доверительная – фонд Российские акции,2024-04-27,https://sistema-capital.com/upload/iblock/f44/RA-SCHA-270424.xls,raw/Система Капитал/Доверительная  фонд Российские акции/2024-04-27.xls
Система Капитал,Доверительная – фонд Российские акции,2024-05-31,https://sistema-capital.com/upload/iblock/1d6/RA-SCHA-310524.xls,raw/Система Капитал/Доверительная  фонд Российские акции/2024-05-31.xls
Система Капитал,Доверительная – фонд Российские акции,2024-06-30,https://sistema-capital.com/upload/iblock/bef/RA-SCHA-300624.xls,raw/Система Капитал/Доверительная  фонд Российские акции/2024-06-30.xls
Система Капитал,Доверительная – фонд Российские акции,2024-07-31,https://sistema-capital.com/upload/iblock/a34/RA-SCHA-310724.xls,raw/Система Капитал/Доверительная  фонд Российские акции/2024-07-31.xls
Система Капитал,Доверительная – фонд Российские акции,2024-08-30,https://sistema-capital.com/upload/iblock/a32/RA-SCHA-300824.xls,raw/Система Капитал/Доверительная  фонд Российские акции/2024-08-30.xls
Система Капитал,Доверительная – фонд Российские акции,2024-09-30,https://sistema-capital.com/upload/iblock/69f/RA-SCHA-300924.xls,raw/Система Капитал/Доверительная  фонд Российские акции/2024-09-30.xls
Система Капитал,Доверительная – фонд Российские акции,2024-10-31,https://sistema-capital.com/upload/iblock/326/qyy4wgrcs1agnayy9fpmlc3nm8qs3ndm/RA-SCHA-311024.xls,raw/Система Капитал/Доверительная  фонд Российские акции/2024-10-31.xls
Система Капитал,Доверительная – фонд Российские акции,2024-11-29,https://sistema-capital.com/upload/iblock/b54/8pw6mtjjxgl4uajw3z0y7ugulu43lc09/RA-SCHA-291124.xls,raw/Система Капитал/Доверительная  фонд Российские акции/2024-11-29.xls
Система Капитал,Доверительная – фонд Российские акции,2024-12-28,https://sistema-capital.com/upload/iblock/e14/8coff6zuq446wwosx3j2qqtpr3qzzp82/RA-SCHA-281224.xls,raw/Система Капитал/Доверительная  фонд Российские акции/2024-12-28.xls
Система Капитал,Доверительная – фонд Российские акции,2025-01-31,https://sistema-capital.com/upload/iblock/d3d/5vjr2zq9ppi92z00651t6k37736u1l6p/RA-SCHA-310125.xls,raw/Система Капитал/Доверительная  фонд Российские акции/2025-01-31.xls
Система Капитал,Доверительная – фонд Российские акции,2025-02-28,https://sistema-capital.com/upload/iblock/35e/ll2alal25v1m8j1gjsfl265hsifneq8x/RA-SCHA-280225.xls,raw/Система Капитал/Доверительная  фонд Российские акции/2025-02-28.xls
Система Капитал,Доверительная – фонд Российские акции,2025-03-31,https://sistema-capital.com/upload/iblock/982/zl4emnj68rddncqgskyl6jpmxwtrl3mm/RA-SCHA-310325.xls,raw/Система Капитал/Доверительная  фонд Российские акции/2025-03-31.xls
Система Капитал,Доверительная – фонд Российские акции,2025-04-30,https://sistema-capital.com/upload/iblock/005/vkn648coedhykoy0whzlz5770qtwb23r/RA-SCHA-300425.xls,raw/Система Капитал/Доверительная  фонд Российские акции/2025-04-30.xls
Система Капитал,Доверительная – фонд Российские акции,2025-05-30,https://sistema-capital.com/upload/iblock/14d/scrjcf8uvqhk8blsfv083o51s9yh575f/RA-SCHA-300525.xls,raw/Система Капитал/Доверительная  фонд Российские акции/2025-05-30.xls
Система Капитал,Доверительная – фонд Российские акции,2025-06-30,https://sistema-capital.com/upload/iblock/b26/kabebbweyms8uvf36qxhsj9s59ict4bo/RA-SCHA-300625.xls,raw/Система Капитал/Доверительная  фонд Российские акции/2025-06-30.xls
Система Капитал,Доверительная – фонд Российские акции,2025-07-31,https://sistema-capital.com/upload/iblock/bb3/oocu5r1o0uod2v5f6l12um5g2arcvalh/RA-SCHA-310725.xls,raw/Система Капитал/Доверительная  фонд Российские акции/2025-07-31.xls
Система Капитал,Доверительная – фонд Российские акции,2025-08-29,https://sistema-capital.com/upload/iblock/cbd/z428uiakc1mn3ja3gwti721ylu8h33ld/RA-SCHA-290825.xls,raw/Система Капитал/Доверительная  фонд Российские акции/2025-08-29.xls
Система Капитал,Доверительная – фонд Российские акции,2025-09-30,https://sistema-capital.com/upload/iblock/3f5/o1rgge4yzbske7tib5fycexqyjku9jg6/RA-SCHA-300925.xls,raw/Система Капитал/Доверительная  фонд Российские акции/2025-09-30.xls
Система Капитал,Доверительная – фонд Российские акции,2025-10-31,https://sistema-capital.com/upload/iblock/560/5n9rf989w3l9n5b8d9gtndycitibwyoh/RA-SCHA-311025.xls,raw/Система Капитал/Доверительная  фонд Российские акции/2025-10-31.xls
Система Капитал,Доверительная – фонд Российские акции,2025-11-28,https://sistema-capital.com/upload/iblock/5c4/7b3iuejdu99sl5hpw5spo0dyshzxyc6f/RA-SCHA-281125.xls,raw/Система Капитал/Доверительная  фонд Российские акции/2025-11-28.xls
Система Капитал,Доверительная – фонд Российские акции,2025-12-30,https://sistema-capital.com/upload/iblock/8ab/m66l2vkbuq5t8mra4vomnqvlrjy0xr86/01_RA-SCHA-30.12.2025.xls,raw/Система Капитал/Доверительная  фонд Российские акции/2025-12-30.xls
Система Капитал,Доверительная – фонд Российские акции,2026-01-30,https://sistema-capital.com/upload/iblock/019/okfgxb3myxvazwwz6g6sjkxm96ku2z8f/RA-SCHA-30-01-2026.xls,raw/Система Капитал/Доверительная  фонд Российские акции/2026-01-30.xls
Система Капитал,Доверительная – фонд Российские акции,2026-02-27,https://sistema-capital.com/upload/iblock/799/yfnuv4z4ui6s2wxjgpctl1jztjxzetgm/07_RA-SCHA-27-02-2026.xls,raw/Система Капитал/Доверительная  фонд Российские акции/2026-02-27.xls
Система Капитал,Доверительная – фонд Российские акции,2026-03-31,https://sistema-capital.com/upload/iblock/5c8/9nfe9c2l4zgiov5se5xnsm84mksijqro/RA-SCHA-31-03-2026.xls,raw/Система Капитал/Доверительная  фонд Российские акции/2026-03-31.xls
Система Капитал,Доверительная – фонд Российские акции,2026-04-30,https://sistema-capital.com/upload/iblock/3f4/25pulb7xclqcdvgzg0u8rswp82kd19k6/RA-SCHA-30-04-2026.xls,raw/Система Капитал/Доверительная  фонд Российские акции/2026-04-30.xls
Система Капитал,Доверительная – фонд Российские акции,2026-05-29,https://sistema-capital.com/upload/iblock/1de/0dukfwt7a32q1wgmorm7oic7n32r6nxy/RA-SCHA-29-05-2026.xls,raw/Система Капитал/Доверительная  фонд Российские акции/2026-05-29.xls
Система Капитал,Доверительная – фонд Российские акции,2026-06-30,https://sistema-capital.com/upload/iblock/e03/gpq1vvzh03nfbnt988j5rofuwdv9x01i/RA-SCHA-30-06-2026.xls,raw/Система Капитал/Доверительная  фонд Российские акции/2026-06-30.xls
Система Капитал,Доверительная – фонд Российские акции,2026-07-31,https://sistema-capital.com/upload/iblock/db6/xik6pud2c7up4mzkz5leqete7oeuphl4/RA-SCHA-31-07-2026.xls,raw/Система Капитал/Доверительная  фонд Российские акции/2026-07-31.xls
Система Капитал,Доверительная – фонд Российские акции,2026-08-31,https://sistema-capital.com/upload/iblock/7dd/9v690wpco2fft6zsss1shm67ye7y5d2y/RA-SCHA-31-08-2026.xls,raw/Система Капитал/Доверительная  фонд Российские акции/2026-08-31.xls
Первая,Фонд российских акций,2023-09-30,https://www.first-am.ru/download/14641/%D0%9E%D0%9F%D0%98%D0%A4%20%D1%80%D1%8B%D0%BD%D0%BE%D1%87%D0%BD%D1%8B%D1%85%20%D1%84%D0%B8%D0%BD%D0%B0%D0%BD%D1%81%D0%BE%D0%B2%D1%8B%D1%85%20%D0%B8%D0%BD%D1%81%D1%82%D1%80%D1%83%D0%BC%D0%B5%D0%BD%D1%82%D0%BE%D0%B2%20%20%D0%9F%D0%B5%D1%80%D0%B2%D0%B0%D1%8F%20-%20%D0%A4%D0%BE%D0%BD%D0%B4%20%D1%80%D0%BE%D1%81%D1%81%D0%B8%D0%B9%D1%81%D0%BA%D0%B8%D1%85%20%D0%B0%D0%BA%D1%86%D0%B8%D0%B9%20_%D0%A1%D0%BF%D1%80%D0%B0%D0%B2%D0%BA%D0%B0%20%D0%BE%20%D1%81%D1%82%D0%BE%D0%B8%D0%BC%D0%BE%D1%81%D1%82%D0%B8%20%D1%87%D0%B8%D1%81%D1%82%D1%8B%D1%85%20%D0%B0%D0%BA%D1%82%D0%B8%D0%B2%D0%BE%D0%B2_%D0%B7%D0%B0_%D1%81%D0%B5%D0%BD%D1%82%D1%8F%D0%B1%D1%80%D1%8C_2023%20%D0%B3..PDF,raw/Первая/Фонд российских акций/2023-09-30.pdf
Первая,Фонд российских акций,2023-10-31,https://www.first-am.ru/download/14917/%D0%9E%D0%9F%D0%98%D0%A4%20%D0%A0%D0%A4%D0%98%20%20%D0%9F%D0%B5%D1%80%D0%B2%D0%B0%D1%8F%20-%20%D0%A4%D0%BE%D0%BD%D0%B4%20%D1%80%D0%BE%D1%81%D1%81%D0%B8%D0%B9%D1%81%D0%BA%D0%B8%D1%85%20%D0%B0%D0%BA%D1%86%D0%B8%D0%B9%20_%D0%A1%D0%BF%D1%80%D0%B0%D0%B2%D0%BA%D0%B0%20%D0%BE%20%D1%81%D1%82%D0%BE%D0%B8%D0%BC%D0%BE%D1%81%D1%82%D0%B8%20%D1%87%D0%B8%D1%81%D1%82%D1%8B%D1%85%20%D0%B0%D0%BA%D1%82%D0%B8%D0%B2%D0%BE%D0%B2_%D0%B7%D0%B0_%D0%BE%D0%BA%D1%82%D1%8F%D0%B1%D1%80%D1%8C_2023%20%D0%B3..PDF,raw/Первая/Фонд российских акций/2023-10-31.pdf
Первая,Фонд российских акций,2023-11-30,https://www.first-am.ru/download/15854/%D0%9E%D0%9F%D0%98%D0%A4%20%D0%A0%D0%A4%D0%98%20%20%D0%9F%D0%B5%D1%80%D0%B2%D0%B0%D1%8F%20-%20%D0%A4%D0%BE%D0%BD%D0%B4%20%D1%80%D0%BE%D1%81%D1%81%D0%B8%D0%B9%D1%81%D0%BA%D0%B8%D1%85%20%D0%B0%D0%BA%D1%86%D0%B8%D0%B9%20_%D0%A1%D0%BF%D1%80%D0%B0%D0%B2%D0%BA%D0%B0%20%D0%BE%20%D1%81%D1%82%D0%BE%D0%B8%D0%BC%D0%BE%D1%81%D1%82%D0%B8%20%D1%87%D0%B8%D1%81%D1%82%D1%8B%D1%85%20%D0%B0%D0%BA%D1%82%D0%B8%D0%B2%D0%BE%D0%B2_%D0%B7%D0%B0_%D0%BD%D0%BE%D1%8F%D0%B1%D1%80%D1%8C_2023%20%D0%B3..PDF,raw/Первая/Фонд российских акций/2023-11-30.pdf
Первая,Фонд российских акций,2023-12-31,https://www.first-am.ru/download/16357/%D0%9E%D0%9F%D0%98%D0%A4%20%D1%80%D1%8B%D0%BD%D0%BE%D1%87%D0%BD%D1%8B%D1%85%20%D1%84%D0%B8%D0%BD%D0%B0%D0%BD%D1%81%D0%BE%D0%B2%D1%8B%D1%85%20%D0%B8%D0%BD%D1%81%D1%82%D1%80%D1%83%D0%BC%D0%B5%D0%BD%D1%82%D0%BE%D0%B2%20%20%D0%9F%D0%B5%D1%80%D0%B2%D0%B0%D1%8F%20-%20%D0%A4%D0%BE%D0%BD%D0%B4%20%D1%80%D0%BE%D1%81%D1%81%D0%B8%D0%B9%D1%81%D0%BA%D0%B8%D1%85%20%D0%B0%D0%BA%D1%86%D0%B8%D0%B9%20_%D0%A1%D0%BF%D1%80%D0%B0%D0%B2%D0%BA%D0%B0%20%D0%BE%20%D1%81%D1%82%D0%BE%D0%B8%D0%BC%D0%BE%D1%81%D1%82%D0%B8%20%D1%87%D0%B8%D1%81%D1%82%D1%8B%D1%85%20%D0%B0%D0%BA%D1%82%D0%B8%D0%B2%D0%BE%D0%B2_%D0%B7%D0%B0_%D0%B4%D0%B5%D0%BA%D0%B0%D0%B1%D1%80%D1%8C_2023%20%D0%B3..PDF,raw/Первая/Фонд российских акций/2023-12-31.pdf
Первая,Фонд российских акций,2024-01-31,https://www.first-am.ru/download/16614/%D0%9E%D0%9F%D0%98%D0%A4%20%D1%80%D1%8B%D0%BD%D0%BE%D1%87%D0%BD%D1%8B%D1%85%20%D1%84%D0%B8%D0%BD%D0%B0%D0%BD%D1%81%D0%BE%D0%B2%D1%8B%D1%85%20%D0%B8%D0%BD%D1%81%D1%82%D1%80%D1%83%D0%BC%D0%B5%D0%BD%D1%82%D0%BE%D0%B2%20%20%D0%9F%D0%B5%D1%80%D0%B2%D0%B0%D1%8F%20-%20%D0%A4%D0%BE%D0%BD%D0%B4%20%D1%80%D0%BE%D1%81%D1%81%D0%B8%D0%B9%D1%81%D0%BA%D0%B8%D1%85%20%D0%B0%D0%BA%D1%86%D0%B8%D0%B9%20_%D0%A1%D0%BF%D1%80%D0%B0%D0%B2%D0%BA%D0%B0%20%D0%BE%20%D1%81%D1%82%D0%BE%D0%B8%D0%BC%D0%BE%D1%81%D1%82%D0%B8%20%D1%87%D0%B8%D1%81%D1%82%D1%8B%D1%85%20%D0%B0%D0%BA%D1%82%D0%B8%D0%B2%D0%BE%D0%B2_%D0%B7%D0%B0_%D1%8F%D0%BD%D0%B2%D0%B0%D1%80%D1%8C_2024%20%D0%B3..PDF,raw/Первая/Фонд российских акций/2024-01-31.pdf
Первая,Фонд российских акций,2024-02-29,https://www.first-am.ru/download/16924/%D0%9E%D0%9F%D0%98%D0%A4%20%D0%A0%D0%A4%D0%98%20%20%D0%9F%D0%B5%D1%80%D0%B2%D0%B0%D1%8F%20-%20%D0%A4%D0%BE%D0%BD%D0%B4%20%D1%80%D0%BE%D1%81%D1%81%D0%B8%D0%B9%D1%81%D0%BA%D0%B8%D1%85%20%D0%B0%D0%BA%D1%86%D0%B8%D0%B9%20_%D0%A1%D0%BF%D1%80%D0%B0%D0%B2%D0%BA%D0%B0%20%D0%BE%20%D1%81%D1%82%D0%BE%D0%B8%D0%BC%D0%BE%D1%81%D1%82%D0%B8%20%D1%87%D0%B8%D1%81%D1%82%D1%8B%D1%85%20%D0%B0%D0%BA%D1%82%D0%B8%D0%B2%D0%BE%D0%B2_%D0%B7%D0%B0_%D1%84%D0%B5%D0%B2%D1%80%D0%B0%D0%BB%D1%8C_2024%20%D0%B3..PDF,raw/Первая/Фонд российских акций/2024-02-29.pdf
Первая,Фонд российских акций,2024-03-31,https://www.first-am.ru/download/17410/%D0%9E%D0%9F%D0%98%D0%A4%20%D0%A0%D0%A4%D0%98%20%20%D0%9F%D0%B5%D1%80%D0%B2%D0%B0%D1%8F%20-%20%D0%A4%D0%BE%D0%BD%D0%B4%20%D1%80%D0%BE%D1%81%D1%81%D0%B8%D0%B9%D1%81%D0%BA%D0%B8%D1%85%20%D0%B0%D0%BA%D1%86%D0%B8%D0%B9%20__%D0%A1%D0%BF%D1%80%D0%B0%D0%B2%D0%BA%D0%B0%20%D0%BE%20%D1%81%D1%82%D0%BE%D0%B8%D0%BC%D0%BE%D1%81%D1%82%D0%B8%20%D1%87%D0%B8%D1%81%D1%82%D1%8B%D1%85%20%D0%B0%D0%BA%D1%82%D0%B8%D0%B2%D0%BE%D0%B2_%D0%B7%D0%B0_%D0%BC%D0%B0%D1%80%D1%82_2024%20%D0%B3..PDF,raw/Первая/Фонд российских акций/2024-03-31.pdf
Первая,Фонд российских акций,2024-04-30,https://www.first-am.ru/download/17731/%D0%9E%D0%9F%D0%98%D0%A4%20%D0%A0%D0%A4%D0%98%20%20%D0%9F%D0%B5%D1%80%D0%B2%D0%B0%D1%8F%20-%20%D0%A4%D0%BE%D0%BD%D0%B4%20%D1%80%D0%BE%D1%81%D1%81%D0%B8%D0%B9%D1%81%D0%BA%D0%B8%D1%85%20%D0%B0%D0%BA%D1%86%D0%B8%D0%B9%20_%D0%A1%D0%BF%D1%80%D0%B0%D0%B2%D0%BA%D0%B0%20%D0%BE%20%D1%81%D1%82%D0%BE%D0%B8%D0%BC%D0%BE%D1%81%D1%82%D0%B8%20%D1%87%D0%B8%D1%81%D1%82%D1%8B%D1%85%20%D0%B0%D0%BA%D1%82%D0%B8%D0%B2%D0%BE%D0%B2_%D0%B7%D0%B0_%D0%B0%D0%BF%D1%80%D0%B5%D0%BB%D1%8C_2024%20%D0%B3..PDF,raw/Первая/Фонд российских акций/2024-04-30.pdf
Первая,Фонд российских акций,2024-05-31,https://www.first-am.ru/download/17928/%D0%9E%D0%9F%D0%98%D0%A4%20%D0%A0%D0%A4%D0%98%20%D0%9F%D0%B5%D1%80%D0%B2%D0%B0%D1%8F%20-%20%D0%A4%D0%BE%D0%BD%D0%B4%20%D1%80%D0%BE%D1%81%D1%81%D0%B8%D0%B9%D1%81%D0%BA%D0%B8%D1%85%20%D0%B0%D0%BA%D1%86%D0%B8%D0%B9%20___%D0%A1%D0%BF%D1%80%D0%B0%D0%B2%D0%BA%D0%B0%20%D0%BE%20%D1%81%D1%82%D0%BE%D0%B8%D0%BC%D0%BE%D1%81%D1%82%D0%B8%20%D1%87%D0%B8%D1%81%D1%82%D1%8B%D1%85%20%D0%B0%D0%BA%D1%82%D0%B8%D0%B2%D0%BE%D0%B2_%D0%B7%D0%B0_%D0%BC%D0%B0%D0%B9_2024%20%D0%B3..PDF,raw/Первая/Фонд российских акций/2024-05-31.pdf
Первая,Фонд российских акций,2024-06-30,https://www.first-am.ru/download/18271/%D0%9E%D0%9F%D0%98%D0%A4%20%D0%A0%D0%A4%D0%98%20%D0%9F%D0%B5%D1%80%D0%B2%D0%B0%D1%8F%20-%20%D0%A4%D0%BE%D0%BD%D0%B4%20%D1%80%D0%BE%D1%81%D1%81%D0%B8%D0%B9%D1%81%D0%BA%D0%B8%D1%85%20%D0%B0%D0%BA%D1%86%D0%B8%D0%B9%20____%D0%A1%D0%BF%D1%80%D0%B0%D0%B2%D0%BA%D0%B0%20%D0%BE%20%D1%81%D1%82%D0%BE%D0%B8%D0%BC%D0%BE%D1%81%D1%82%D0%B8%20%D1%87%D0%B8%D1%81%D1%82%D1%8B%D1%85%20%D0%B0%D0%BA%D1%82%D0%B8%D0%B2%D0%BE%D0%B2_%D0%B7%D0%B0_%D0%B8%D1%8E%D0%BD%D1%8C_2024%20%D0%B3..PDF,raw/Первая/Фонд российских акций/2024-06-30.pdf
Первая,Фонд российских акций,2024-07-31,https://www.first-am.ru/download/18603/%D0%9E%D0%9F%D0%98%D0%A4%20%D0%A0%D0%A4%D0%98%20%D0%9F%D0%B5%D1%80%D0%B2%D0%B0%D1%8F%20-%20%D0%A4%D0%BE%D0%BD%D0%B4%20%D1%80%D0%BE%D1%81%D1%81%D0%B8%D0%B9%D1%81%D0%BA%D0%B8%D1%85%20%D0%B0%D0%BA%D1%86%D0%B8%D0%B9%20___%D0%A1%D0%BF%D1%80%D0%B0%D0%B2%D0%BA%D0%B0%20%D0%BE%20%D1%81%D1%82%D0%BE%D0%B8%D0%BC%D0%BE%D1%81%D1%82%D0%B8%20%D1%87%D0%B8%D1%81%D1%82%D1%8B%D1%85%20%D0%B0%D0%BA%D1%82%D0%B8%D0%B2%D0%BE%D0%B2_%D0%B7%D0%B0_%D0%B8%D1%8E%D0%BB%D1%8C_2024%20%D0%B3..PDF,raw/Первая/Фонд российских акций/2024-07-31.pdf
Первая,Фонд российских акций,2024-08-31,https://www.first-am.ru/download/18894/%D0%9E%D0%9F%D0%98%D0%A4%20%D0%A0%D0%A4%D0%98%20%D0%9F%D0%B5%D1%80%D0%B2%D0%B0%D1%8F%20-%20%D0%A4%D0%BE%D0%BD%D0%B4%20%D1%80%D0%BE%D1%81%D1%81%D0%B8%D0%B9%D1%81%D0%BA%D0%B8%D1%85%20%D0%B0%D0%BA%D1%86%D0%B8%D0%B9%20_%D0%A1%D0%BF%D1%80%D0%B0%D0%B2%D0%BA%D0%B0%20%D0%BE%20%D1%81%D1%82%D0%BE%D0%B8%D0%BC%D0%BE%D1%81%D1%82%D0%B8%20%D1%87%D0%B8%D1%81%D1%82%D1%8B%D1%85%20%D0%B0%D0%BA%D1%82%D0%B8%D0%B2%D0%BE%D0%B2_%D0%B7%D0%B0_%D0%B0%D0%B2%D0%B3%D1%83%D1%81%D1%82_2024%20%D0%B3..PDF,raw/Первая/Фонд российских акций/2024-08-31.pdf
Первая,Фонд российских акций,2024-09-30,https://www.first-am.ru/download/19201/%D0%9E%D0%9F%D0%98%D0%A4%20%D0%A0%D0%A4%D0%98%20%D0%9F%D0%B5%D1%80%D0%B2%D0%B0%D1%8F%20-%20%D0%A4%D0%BE%D0%BD%D0%B4%20%D1%80%D0%BE%D1%81%D1%81%D0%B8%D0%B9%D1%81%D0%BA%D0%B8%D1%85%20%D0%B0%D0%BA%D1%86%D0%B8%D0%B9%20_%D0%A1%D0%BF%D1%80%D0%B0%D0%B2%D0%BA%D0%B0%20%D0%BE%20%D1%81%D1%82%D0%BE%D0%B8%D0%BC%D0%BE%D1%81%D1%82%D0%B8%20%D1%87%D0%B8%D1%81%D1%82%D1%8B%D1%85%20%D0%B0%D0%BA%D1%82%D0%B8%D0%B2%D0%BE%D0%B2_%D0%B7%D0%B0_%D1%81%D0%B5%D0%BD%D1%82%D1%8F%D0%B1%D1%80%D1%8C_2024%20%D0%B3..PDF,raw/Первая/Фонд российских акций/2024-09-30.pdf
Первая,Фонд российских акций,2024-10-31,https://www.first-am.ru/download/19642/%D0%9E%D0%9F%D0%98%D0%A4%20%D0%A0%D0%A4%D0%98%20%20%D0%9F%D0%B5%D1%80%D0%B2%D0%B0%D1%8F%20-%20%D0%A4%D0%BE%D0%BD%D0%B4%20%D1%80%D0%BE%D1%81%D1%81%D0%B8%D0%B9%D1%81%D0%BA%D0%B8%D1%85%20%D0%B0%D0%BA%D1%86%D0%B8%D0%B9%20_%D0%A1%D0%BF%D1%80%D0%B0%D0%B2%D0%BA%D0%B0%20%D0%BE%20%D1%81%D1%82%D0%BE%D0%B8%D0%BC%D0%BE%D1%81%D1%82%D0%B8%20%D1%87%D0%B8%D1%81%D1%82%D1%8B%D1%85%20%D0%B0%D0%BA%D1%82%D0%B8%D0%B2%D0%BE%D0%B2_%D0%B7%D0%B0_%D0%BE%D0%BA%D1%82%D1%8F%D0%B1%D1%80%D1%8C_2024%20%D0%B3.PDF,raw/Первая/Фонд российских акций/2024-10-31.pdf
Первая,Фонд российских акций,2024-11-30,https://www.first-am.ru/download/19837/%D0%9E%D0%9F%D0%98%D0%A4%20%D0%A0%D0%A4%D0%98%20%20%D0%9F%D0%B5%D1%80%D0%B2%D0%B0%D1%8F%20-%20%D0%A4%D0%BE%D0%BD%D0%B4%20%D1%80%D0%BE%D1%81%D1%81%D0%B8%D0%B9%D1%81%D0%BA%D0%B8%D1%85%20%D0%B0%D0%BA%D1%86%D0%B8%D0%B9%20_%D0%A1%D0%BF%D1%80%D0%B0%D0%B2%D0%BA%D0%B0%20%D0%BE%20%D1%81%D1%82%D0%BE%D0%B8%D0%BC%D0%BE%D1%81%D1%82%D0%B8%20%D1%87%D0%B8%D1%81%D1%82%D1%8B%D1%85%20%D0%B0%D0%BA%D1%82%D0%B8%D0%B2%D0%BE%D0%B2_%D0%B7%D0%B0_%D0%BD%D0%BE%D1%8F%D0%B1%D1%80%D1%8C_2024%20%D0%B3.PDF,raw/Первая/Фонд российских акций/2024-11-30.pdf
Первая,Фонд российских акций,2024-12-31,https://www.first-am.ru/download/20090/%D0%9E%D0%9F%D0%98%D0%A4%20%D0%A0%D0%A4%D0%98%20%D0%9F%D0%B5%D1%80%D0%B2%D0%B0%D1%8F%20-%20%D0%A4%D0%BE%D0%BD%D0%B4%20%D1%80%D0%BE%D1%81%D1%81%D0%B8%D0%B9%D1%81%D0%BA%D0%B8%D1%85%20%D0%B0%D0%BA%D1%86%D0%B8%D0%B9%20_%D0%A1%D0%BF%D1%80%D0%B0%D0%B2%D0%BA%D0%B0%20%D0%BE%20%D1%81%D1%82%D0%BE%D0%B8%D0%BC%D0%BE%D1%81%D1%82%D0%B8%20%D1%87%D0%B8%D1%81%D1%82%D1%8B%D1%85%20%D0%B0%D0%BA%D1%82%D0%B8%D0%B2%D0%BE%D0%B2_%D0%B7%D0%B0_%D0%B4%D0%B5%D0%BA%D0%B0%D0%B1%D1%80%D1%8C_2024%D0%B3.PDF,raw/Первая/Фонд российских акций/2024-12-31.pdf
Первая,Фонд российских акций,2025-01-31,https://www.first-am.ru/download/20636/%D0%9E%D0%9F%D0%98%D0%A4%20%D0%A0%D0%A4%D0%98%20%D0%9F%D0%B5%D1%80%D0%B2%D0%B0%D1%8F%20-%20%D0%A4%D0%BE%D0%BD%D0%B4%20%D1%80%D0%BE%D1%81%D1%81%D0%B8%D0%B9%D1%81%D0%BA%D0%B8%D1%85%20%D0%B0%D0%BA%D1%86%D0%B8%D0%B9%20_%D0%A1%D0%BF%D1%80%D0%B0%D0%B2%D0%BA%D0%B0%20%D0%BE%20%D1%81%D1%82%D0%BE%D0%B8%D0%BC%D0%BE%D1%81%D1%82%D0%B8%20%D1%87%D0%B8%D1%81%D1%82%D1%8B%D1%85%20%D0%B0%D0%BA%D1%82%D0%B8%D0%B2%D0%BE%D0%B2_%D0%B7%D0%B0_%D1%8F%D0%BD%D0%B2%D0%B0%D1%80%D1%8C_2025%D0%B3.PDF,raw/Первая/Фонд российских акций/2025-01-31.pdf
Первая,Фонд российских акций,2025-02-28,https://www.first-am.ru/download/20846/%D0%9E%D0%9F%D0%98%D0%A4%20%D0%A0%D0%A4%D0%98%20%D0%9F%D0%B5%D1%80%D0%B2%D0%B0%D1%8F%20-%20%D0%A4%D0%BE%D0%BD%D0%B4%20%D1%80%D0%BE%D1%81%D1%81%D0%B8%D0%B9%D1%81%D0%BA%D0%B8%D1%85%20%D0%B0%D0%BA%D1%86%D0%B8%D0%B9%20_%D0%A1%D0%BF%D1%80%D0%B0%D0%B2%D0%BA%D0%B0%20%D0%BE%20%D1%81%D1%82%D0%BE%D0%B8%D0%BC%D0%BE%D1%81%D1%82%D0%B8%20%D1%87%D0%B8%D1%81%D1%82%D1%8B%D1%85%20%D0%B0%D0%BA%D1%82%D0%B8%D0%B2%D0%BE%D0%B2_%D0%B7%D0%B0_%D1%84%D0%B5%D0%B2%D1%80%D0%B0%D0%BB%D1%8C_2025%D0%B3.pdf,raw/Первая/Фонд российских акций/2025-02-28.pdf
Первая,Фонд российских акций,2025-03-31,https://www.first-am.ru/download/21233/%D0%9E%D0%9F%D0%98%D0%A4%20%D0%A0%D0%A4%D0%98%20%D0%9F%D0%B5%D1%80%D0%B2%D0%B0%D1%8F%20-%20%D0%A4%D0%BE%D0%BD%D0%B4%20%D1%80%D0%BE%D1%81%D1%81%D0%B8%D0%B9%D1%81%D0%BA%D0%B8%D1%85%20%D0%B0%D0%BA%D1%86%D0%B8%D0%B9%20_%D0%A1%D0%BF%D1%80%D0%B0%D0%B2%D0%BA%D0%B0%20%D0%BE%20%D1%81%D1%82%D0%BE%D0%B8%D0%BC%D0%BE%D1%81%D1%82%D0%B8%20%D1%87%D0%B8%D1%81%D1%82%D1%8B%D1%85%20%D0%B0%D0%BA%D1%82%D0%B8%D0%B2%D0%BE%D0%B2_%D0%B7%D0%B0_%D0%BC%D0%B0%D1%80%D1%82_2025%D0%B3.PDF,raw/Первая/Фонд российских акций/2025-03-31.pdf
Первая,Фонд российских акций,2025-04-30,https://www.first-am.ru/download/21479/%D0%9E%D0%9F%D0%98%D0%A4%20%D0%A0%D0%A4%D0%98%20%D0%9F%D0%B5%D1%80%D0%B2%D0%B0%D1%8F%20-%20%D0%A4%D0%BE%D0%BD%D0%B4%20%D1%80%D0%BE%D1%81%D1%81%D0%B8%D0%B9%D1%81%D0%BA%D0%B8%D1%85%20%D0%B0%D0%BA%D1%86%D0%B8%D0%B9%20_%D0%A1%D0%BF%D1%80%D0%B0%D0%B2%D0%BA%D0%B0%20%D0%BE%20%D1%81%D1%82%D0%BE%D0%B8%D0%BC%D0%BE%D1%81%D1%82%D0%B8%20%D1%87%D0%B8%D1%81%D1%82%D1%8B%D1%85%20%D0%B0%D0%BA%D1%82%D0%B8%D0%B2%D0%BE%D0%B2_%D0%B7%D0%B0_%D0%B0%D0%BF%D1%80%D0%B5%D0%BB%D1%8C_2025%D0%B3.PDF,raw/Первая/Фонд российских акций/2025-04-30.pdf
Первая,Фонд российских акций,2025-05-31,https://www.first-am.ru/download/21807/%D0%9E%D0%9F%D0%98%D0%A4%20%D0%A0%D0%A4%D0%98%20%D0%9F%D0%B5%D1%80%D0%B2%D0%B0%D1%8F%20-%20%D0%A4%D0%BE%D0%BD%D0%B4%20%D1%80%D0%BE%D1%81%D1%81%D0%B8%D0%B9%D1%81%D0%BA%D0%B8%D1%85%20%D0%B0%D0%BA%D1%86%D0%B8%D0%B9%20_%D0%A1%D0%BF%D1%80%D0%B0%D0%B2%D0%BA%D0%B0%20%D0%BE%20%D1%81%D1%82%D0%BE%D0%B8%D0%BC%D0%BE%D1%81%D1%82%D0%B8%20%D1%87%D0%B8%D1%81%D1%82%D1%8B%D1%85%20%D0%B0%D0%BA%D1%82%D0%B8%D0%B2%D0%BE%D0%B2_%D0%B7%D0%B0_%D0%BC%D0%B0%D0%B9_2025%D0%B3.PDF,raw/Первая/Фонд российских акций/2025-05-31.pdf
Первая,Фонд российских акций,2025-06-30,https://www.first-am.ru/download/22012/%D0%9E%D0%9F%D0%98%D0%A4%20%D0%A0%D0%A4%D0%98%20%D0%9F%D0%B5%D1%80%D0%B2%D0%B0%D1%8F%20-%20%D0%A4%D0%BE%D0%BD%D0%B4%20%D1%80%D0%BE%D1%81%D1%81%D0%B8%D0%B9%D1%81%D0%BA%D0%B8%D1%85%20%D0%B0%D0%BA%D1%86%D0%B8%D0%B9%20_%D0%A1%D0%BF%D1%80%D0%B0%D0%B2%D0%BA%D0%B0%20%D0%BE%20%D1%81%D1%82%D0%BE%D0%B8%D0%BC%D0%BE%D1%81%D1%82%D0%B8%20%D1%87%D0%B8%D1%81%D1%82%D1%8B%D1%85%20%D0%B0%D0%BA%D1%82%D0%B8%D0%B2%D0%BE%D0%B2_%D0%B7%D0%B0_%D0%B8%D1%8E%D0%BD%D1%8C_2025%D0%B3.PDF,raw/Первая/Фонд российских акций/2025-06-30.pdf
Первая,Фонд российских акций,2025-07-31,https://www.first-am.ru/download/22274/%D0%9E%D0%9F%D0%98%D0%A4%20%D0%A0%D0%A4%D0%98%20%D0%9F%D0%B5%D1%80%D0%B2%D0%B0%D1%8F%20-%20%D0%A4%D0%BE%D0%BD%D0%B4%20%D1%80%D0%BE%D1%81%D1%81%D0%B8%D0%B9%D1%81%D0%BA%D0%B8%D1%85%20%D0%B0%D0%BA%D1%86%D0%B8%D0%B9%20_%D0%A1%D0%BF%D1%80%D0%B0%D0%B2%D0%BA%D0%B0%20%D0%BE%20%D1%81%D1%82%D0%BE%D0%B8%D0%BC%D0%BE%D1%81%D1%82%D0%B8%20%D1%87%D0%B8%D1%81%D1%82%D1%8B%D1%85%20%D0%B0%D0%BA%D1%82%D0%B8%D0%B2%D0%BE%D0%B2_%D0%B7%D0%B0_%D0%B8%D1%8E%D0%BB%D1%8C_2025%D0%B3.PDF,raw/Первая/Фонд российских акций/2025-07-31.pdf
Первая,Фонд российских акций,2025-08-31,https://www.first-am.ru/download/22663/%D0%9E%D0%9F%D0%98%D0%A4%20%D0%A0%D0%A4%D0%98%20%D0%9F%D0%B5%D1%80%D0%B2%D0%B0%D1%8F%20-%20%D0%A4%D0%BE%D0%BD%D0%B4%20%D1%80%D0%BE%D1%81%D1%81%D0%B8%D0%B9%D1%81%D0%BA%D0%B8%D1%85%20%D0%B0%D0%BA%D1%86%D0%B8%D0%B9%20_%D0%A1%D0%BF%D1%80%D0%B0%D0%B2%D0%BA%D0%B0%20%D0%BE%20%D1%81%D1%82%D0%BE%D0%B8%D0%BC%D0%BE%D1%81%D1%82%D0%B8%20%D1%87%D0%B8%D1%81%D1%82%D1%8B%D1%85%20%D0%B0%D0%BA%D1%82%D0%B8%D0%B2%D0%BE%D0%B2_%D0%B7%D0%B0_%D0%B0%D0%B2%D0%B3%D1%83%D1%81%D1%82_2025%D0%B3.PDF,raw/Первая/Фонд российских акций/2025-08-31.pdf
Первая,Фонд российских акций,2025-09-30,https://www.first-am.ru/download/23106/%D0%9E%D0%9F%D0%98%D0%A4%20%D0%A0%D0%A4%D0%98%20%D0%9F%D0%B5%D1%80%D0%B2%D0%B0%D1%8F%20-%20%D0%A4%D0%BE%D0%BD%D0%B4%20%D1%80%D0%BE%D1%81%D1%81%D0%B8%D0%B9%D1%81%D0%BA%D0%B8%D1%85%20%D0%B0%D0%BA%D1%86%D0%B8%D0%B9%20_%D0%A1%D0%BF%D1%80%D0%B0%D0%B2%D0%BA%D0%B0%20%D0%BE%20%D1%81%D1%82%D0%BE%D0%B8%D0%BC%D0%BE%D1%81%D1%82%D0%B8%20%D1%87%D0%B8%D1%81%D1%82%D1%8B%D1%85%20%D0%B0%D0%BA%D1%82%D0%B8%D0%B2%D0%BE%D0%B2_%D0%B7%D0%B0_%D1%81%D0%B5%D0%BD%D1%82%D1%8F%D0%B1%D1%80%D1%8C_2025%D0%B3.PDF,raw/Первая/Фонд российских акций/2025-09-30.pdf
Первая,Фонд российских акций,2025-10-31,https://www.first-am.ru/download/23375/%D0%9E%D0%9F%D0%98%D0%A4%20%D0%A0%D0%A4%D0%98%20%D0%9F%D0%B5%D1%80%D0%B2%D0%B0%D1%8F%20-%20%D0%A4%D0%BE%D0%BD%D0%B4%20%D1%80%D0%BE%D1%81%D1%81%D0%B8%D0%B9%D1%81%D0%BA%D0%B8%D1%85%20%D0%B0%D0%BA%D1%86%D0%B8%D0%B9%20_%D0%A1%D0%BF%D1%80%D0%B0%D0%B2%D0%BA%D0%B0%20%D0%BE%20%D1%81%D1%82%D0%BE%D0%B8%D0%BC%D0%BE%D1%81%D1%82%D0%B8%20%D1%87%D0%B8%D1%81%D1%82%D1%8B%D1%85%20%D0%B0%D0%BA%D1%82%D0%B8%D0%B2%D0%BE%D0%B2_%D0%B7%D0%B0_%D0%BE%D0%BA%D1%82%D1%8F%D0%B1%D1%80%D1%8C_2025%D0%B3.PDF,raw/Первая/Фонд российских акций/2025-10-31.pdf
Первая,Фонд российских акций,2025-11-30,https://www.first-am.ru/download/23716/%D0%9E%D0%9F%D0%98%D0%A4%20%D0%A0%D0%A4%D0%98%20%D0%9F%D0%B5%D1%80%D0%B2%D0%B0%D1%8F%20-%20%D0%A4%D0%BE%D0%BD%D0%B4%20%D1%80%D0%BE%D1%81%D1%81%D0%B8%D0%B9%D1%81%D0%BA%D0%B8%D1%85%20%D0%B0%D0%BA%D1%86%D0%B8%D0%B9%20_%D0%A1%D0%BF%D1%80%D0%B0%D0%B2%D0%BA%D0%B0%20%D0%BE%20%D1%81%D1%82%D0%BE%D0%B8%D0%BC%D0%BE%D1%81%D1%82%D0%B8%20%D1%87%D0%B8%D1%81%D1%82%D1%8B%D1%85%20%D0%B0%D0%BA%D1%82%D0%B8%D0%B2%D0%BE%D0%B2_%D0%B7%D0%B0_%D0%BD%D0%BE%D1%8F%D0%B1%D1%80%D1%8C_2025%D0%B3.pdf,raw/Первая/Фонд российских акций/2025-11-30.pdf
Первая,Фонд российских акций,2025-12-31,https://www.first-am.ru/download/23971/%D0%9E%D0%9F%D0%98%D0%A4%20%D0%A0%D0%A4%D0%98%20%D0%9F%D0%B5%D1%80%D0%B2%D0%B0%D1%8F%20-%20%D0%A4%D0%BE%D0%BD%D0%B4%20%D1%80%D0%BE%D1%81%D1%81%D0%B8%D0%B9%D1%81%D0%BA%D0%B8%D1%85%20%D0%B0%D0%BA%D1%86%D0%B8%D0%B9%20_%D0%A1%D0%BF%D1%80%D0%B0%D0%B2%D0%BA%D0%B0%20%D0%BE%20%D1%81%D1%82%D0%BE%D0%B8%D0%BC%D0%BE%D1%81%D1%82%D0%B8%20%D1%87%D0%B8%D1%81%D1%82%D1%8B%D1%85%20%D0%B0%D0%BA%D1%82%D0%B8%D0%B2%D0%BE%D0%B2_%D0%B7%D0%B0_%D0%B4%D0%B5%D0%BA%D0%B0%D0%B1%D1%80%D1%8C_2025%D0%B3.PDF,raw/Первая/Фонд российских акций/2025-12-31.pdf
Первая,Фонд российских акций,2026-01-31,https://www.first-am.ru/download/24269/%D0%9E%D0%9F%D0%98%D0%A4%20%D0%A0%D0%A4%D0%98%20%D0%9F%D0%B5%D1%80%D0%B2%D0%B0%D1%8F%20-%20%D0%A4%D0%BE%D0%BD%D0%B4%20%D1%80%D0%BE%D1%81%D1%81%D0%B8%D0%B9%D1%81%D0%BA%D0%B8%D1%85%20%D0%B0%D0%BA%D1%86%D0%B8%D0%B9%20_%D0%A1%D0%BF%D1%80%D0%B0%D0%B2%D0%BA%D0%B0%20%D0%BE%20%D1%81%D1%82%D0%BE%D0%B8%D0%BC%D0%BE%D1%81%D1%82%D0%B8%20%D1%87%D0%B8%D1%81%D1%82%D1%8B%D1%85%20%D0%B0%D0%BA%D1%82%D0%B8%D0%B2%D0%BE%D0%B2_%D0%B7%D0%B0_%D1%8F%D0%BD%D0%B2%D0%B0%D1%80%D1%8C_2026%D0%B3.PDF,raw/Первая/Фонд российских акций/2026-01-31.pdf
Первая,Фонд российских акций,2026-02-28,https://www.first-am.ru/download/24592/%D0%9E%D0%9F%D0%98%D0%A4%20%D0%A0%D0%A4%D0%98%20%D0%9F%D0%B5%D1%80%D0%B2%D0%B0%D1%8F%20-%20%D0%A4%D0%BE%D0%BD%D0%B4%20%D1%80%D0%BE%D1%81%D1%81%D0%B8%D0%B9%D1%81%D0%BA%D0%B8%D1%85%20%D0%B0%D0%BA%D1%86%D0%B8%D0%B9%20_%D0%A1%D0%BF%D1%80%D0%B0%D0%B2%D0%BA%D0%B0%20%D0%BE%20%D1%81%D1%82%D0%BE%D0%B8%D0%BC%D0%BE%D1%81%D1%82%D0%B8%20%D1%87%D0%B8%D1%81%D1%82%D1%8B%D1%85%20%D0%B0%D0%BA%D1%82%D0%B8%D0%B2%D0%BE%D0%B2_%D0%B7%D0%B0_%D1%84%D0%B5%D0%B2%D1%80%D0%B0%D0%BB%D1%8C_2026%D0%B3.PDF,raw/Первая/Фонд российских акций/2026-02-28.pdf
Первая,Фонд российских акций,2026-03-31,https://www.first-am.ru/download/24937/%D0%9E%D0%9F%D0%98%D0%A4%20%D0%A0%D0%A4%D0%98%20%D0%9F%D0%B5%D1%80%D0%B2%D0%B0%D1%8F%20-%20%D0%A4%D0%BE%D0%BD%D0%B4%20%D1%80%D0%BE%D1%81%D1%81%D0%B8%D0%B9%D1%81%D0%BA%D0%B8%D1%85%20%D0%B0%D0%BA%D1%86%D0%B8%D0%B9%20_%D0%A1%D0%BF%D1%80%D0%B0%D0%B2%D0%BA%D0%B0%20%D0%BE%20%D1%81%D1%82%D0%BE%D0%B8%D0%BC%D0%BE%D1%81%D1%82%D0%B8%20%D1%87%D0%B8%D1%81%D1%82%D1%8B%D1%85%20%D0%B0%D0%BA%D1%82%D0%B8%D0%B2%D0%BE%D0%B2_%D0%B7%D0%B0_%D0%BC%D0%B0%D1%80%D1%82_2026%D0%B3.PDF,raw/Первая/Фонд российских акций/2026-03-31.pdf
Первая,Фонд российских акций,2026-04-30,https://www.first-am.ru/download/25169/%D0%9E%D0%9F%D0%98%D0%A4%20%D0%A0%D0%A4%D0%98%20%D0%9F%D0%B5%D1%80%D0%B2%D0%B0%D1%8F%20-%20%D0%A4%D0%BE%D0%BD%D0%B4%20%D1%80%D0%BE%D1%81%D1%81%D0%B8%D0%B9%D1%81%D0%BA%D0%B8%D1%85%20%D0%B0%D0%BA%D1%86%D0%B8%D0%B9%20_%D0%A1%D0%BF%D1%80%D0%B0%D0%B2%D0%BA%D0%B0%20%D0%BE%20%D1%81%D1%82%D0%BE%D0%B8%D0%BC%D0%BE%D1%81%D1%82%D0%B8%20%D1%87%D0%B8%D1%81%D1%82%D1%8B%D1%85%20%D0%B0%D0%BA%D1%82%D0%B8%D0%B2%D0%BE%D0%B2_%D0%B7%D0%B0_%D0%B0%D0%BF%D1%80%D0%B5%D0%BB%D1%8C_2026%D0%B3.PDF,raw/Первая/Фонд российских акций/2026-04-30.pdf
Первая,Фонд акций с выплатой дохода,2023-09-30,https://www.first-am.ru/download/14638/%D0%9E%D0%9F%D0%98%D0%A4%20%D0%A0%D0%A4%D0%98%20%C2%AB%D0%9F%D0%B5%D1%80%D0%B2%D0%B0%D1%8F%20-%20%D0%A4%D0%BE%D0%BD%D0%B4%20%D0%B0%D0%BA%D1%86%D0%B8%D0%B9%20%D1%81%20%D0%B2%D1%8B%D0%BF%D0%BB%D0%B0%D1%82%D0%BE%D0%B9%20%D0%B4%D0%BE%D1%85%D0%BE%D0%B4%D0%B0%C2%BB_%D0%A1%D0%BF%D1%80%D0%B0%D0%B2%D0%BA%D0%B0%20%D0%BE%20%D1%81%D1%82%D0%BE%D0%B8%D0%BC%D0%BE%D1%81%D1%82%D0%B8%20%D1%87%D0%B8%D1%81%D1%82%D1%8B%D1%85%20%D0%B0%D0%BA%D1%82%D0%B8%D0%B2%D0%BE%D0%B2_%D0%B7%D0%B0_%D1%81%D0%B5%D0%BD%D1%82%D1%8F%D0%B1%D1%80%D1%8C_2023%20%D0%B3..PDF,raw/Первая/Фонд акций с выплатой дохода/2023-09-30.pdf
Первая,Фонд акций с выплатой дохода,2023-09-30,https://www.first-am.ru/download/14639/%D0%9E%D0%9F%D0%98%D0%A4%20%D0%A0%D0%A4%D0%98%20%C2%AB%D0%9F%D0%B5%D1%80%D0%B2%D0%B0%D1%8F%20-%20%D0%A4%D0%BE%D0%BD%D0%B4%20%D0%B0%D0%BA%D1%86%D0%B8%D0%B9%20%D1%81%20%D0%B2%D1%8B%D0%BF%D0%BB%D0%B0%D1%82%D0%BE%D0%B9%20%D0%B4%D0%BE%D1%85%D0%BE%D0%B4%D0%B0%C2%BB_%D0%A1%D0%BF%D1%80%D0%B0%D0%B2%D0%BA%D0%B0%20%D0%BE%20%D1%81%D1%82%D0%BE%D0%B8%D0%BC%D0%BE%D1%81%D1%82%D0%B8%20%D1%87%D0%B8%D1%81%D1%82%D1%8B%D1%85%20%D0%B0%D0%BA%D1%82%D0%B8%D0%B2%D0%BE%D0%B2_%D0%B7%D0%B0_%D1%81%D0%B5%D0%BD%D1%82%D1%8F%D0%B1%D1%80%D1%8C_2023%20%D0%B3..PDF,raw/Первая/Фонд акций с выплатой дохода/2023-09-30.pdf
Первая,Фонд акций с выплатой дохода,2023-10-31,https://www.first-am.ru/download/14925/%D0%9E%D0%9F%D0%98%D0%A4%20%D0%A0%D0%A4%D0%98%20%C2%AB%D0%9F%D0%B5%D1%80%D0%B2%D0%B0%D1%8F%20-%20%D0%A4%D0%BE%D0%BD%D0%B4%20%D0%B0%D0%BA%D1%86%D0%B8%D0%B9%20%D1%81%20%D0%B2%D1%8B%D0%BF%D0%BB%D0%B0%D1%82%D0%BE%D0%B9%20%D0%B4%D0%BE%D1%85%D0%BE%D0%B4%D0%B0%C2%BB_%D0%A1%D0%BF%D1%80%D0%B0%D0%B2%D0%BA%D0%B0%20%D0%BE%20%D1%81%D1%82%D0%BE%D0%B8%D0%BC%D0%BE%D1%81%D1%82%D0%B8%20%D1%87%D0%B8%D1%81%D1%82%D1%8B%D1%85%20%D0%B0%D0%BA%D1%82%D0%B8%D0%B2%D0%BE%D0%B2_%D0%B7%D0%B0_%D0%BE%D0%BA%D1%82%D1%8F%D0%B1%D1%80%D1%8C_2023%20%D0%B3..PDF,raw/Первая/Фонд акций с выплатой дохода/2023-10-31.pdf
Первая,Фонд акций с выплатой дохода,2023-11-30,https://www.first-am.ru/download/15860/%D0%9E%D0%9F%D0%98%D0%A4%20%D0%A0%D0%A4%D0%98%20%C2%AB%D0%9F%D0%B5%D1%80%D0%B2%D0%B0%D1%8F%20-%20%D0%A4%D0%BE%D0%BD%D0%B4%20%D0%B0%D0%BA%D1%86%D0%B8%D0%B9%20%D1%81%20%D0%B2%D1%8B%D0%BF%D0%BB%D0%B0%D1%82%D0%BE%D0%B9%20%D0%B4%D0%BE%D1%85%D0%BE%D0%B4%D0%B0%C2%BB_%D0%A1%D0%BF%D1%80%D0%B0%D0%B2%D0%BA%D0%B0%20%D0%BE%20%D1%81%D1%82%D0%BE%D0%B8%D0%BC%D0%BE%D1%81%D1%82%D0%B8%20%D1%87%D0%B8%D1%81%D1%82%D1%8B%D1%85%20%D0%B0%D0%BA%D1%82%D0%B8%D0%B2%D0%BE%D0%B2_%D0%B7%D0%B0_%D0%BD%D0%BE%D1%8F%D0%B1%D1%80%D1%8C_2023%20%D0%B3..PDF,raw/Первая/Фонд акций с выплатой дохода/2023-11-30.pdf
Первая,Фонд акций с выплатой дохода,2023-12-31,https://www.first-am.ru/download/16339/%D0%9E%D0%9F%D0%98%D0%A4%20%D0%A0%D0%A4%D0%98%20%C2%AB%D0%9F%D0%B5%D1%80%D0%B2%D0%B0%D1%8F%20-%20%D0%A4%D0%BE%D0%BD%D0%B4%20%D0%B0%D0%BA%D1%86%D0%B8%D0%B9%20%D1%81%20%D0%B2%D1%8B%D0%BF%D0%BB%D0%B0%D1%82%D0%BE%D0%B9%20%D0%B4%D0%BE%D1%85%D0%BE%D0%B4%D0%B0%C2%BB_%D0%A1%D0%BF%D1%80%D0%B0%D0%B2%D0%BA%D0%B0%20%D0%BE%20%D1%81%D1%82%D0%BE%D0%B8%D0%BC%D0%BE%D1%81%D1%82%D0%B8%20%D1%87%D0%B8%D1%81%D1%82%D1%8B%D1%85%20%D0%B0%D0%BA%D1%82%D0%B8%D0%B2%D0%BE%D0%B2_%D0%B7%D0%B0_%D0%B4%D0%B5%D0%BA%D0%B0%D0%B1%D1%80%D1%8C_2023%20%D0%B3..PDF,raw/Первая/Фонд акций с выплатой дохода/2023-12-31.pdf
Первая,Фонд акций с выплатой дохода,2024-01-31,https://www.first-am.ru/download/16598/%D0%9E%D0%9F%D0%98%D0%A4%20%D0%A0%D0%A4%D0%98%20%C2%AB%D0%9F%D0%B5%D1%80%D0%B2%D0%B0%D1%8F%20-%20%D0%A4%D0%BE%D0%BD%D0%B4%20%D0%B0%D0%BA%D1%86%D0%B8%D0%B9%20%D1%81%20%D0%B2%D1%8B%D0%BF%D0%BB%D0%B0%D1%82%D0%BE%D0%B9%20%D0%B4%D0%BE%D1%85%D0%BE%D0%B4%D0%B0%C2%BB_%D0%A1%D0%BF%D1%80%D0%B0%D0%B2%D0%BA%D0%B0%20%D0%BE%20%D1%81%D1%82%D0%BE%D0%B8%D0%BC%D0%BE%D1%81%D1%82%D0%B8%20%D1%87%D0%B8%D1%81%D1%82%D1%8B%D1%85%20%D0%B0%D0%BA%D1%82%D0%B8%D0%B2%D0%BE%D0%B2_%D0%B7%D0%B0_%D1%8F%D0%BD%D0%B2%D0%B0%D1%80%D1%8C_2024%20%D0%B3..PDF,raw/Первая/Фонд акций с выплатой дохода/2024-01-31.pdf
Первая,Фонд акций с выплатой дохода,2024-02-29,https://www.first-am.ru/download/16936/%D0%9E%D0%9F%D0%98%D0%A4%20%D0%A0%D0%A4%D0%98%20%D0%9F%D0%B5%D1%80%D0%B2%D0%B0%D1%8F%20-%20%D0%A4%D0%BE%D0%BD%D0%B4%20%D0%B0%D0%BA%D1%86%D0%B8%D0%B9%20%D1%81%20%D0%B2%D1%8B%D0%BF%D0%BB%D0%B0%D1%82%D0%BE%D0%B9%20%D0%B4%D0%BE%D1%85%D0%BE%D0%B4%D0%B0_%D0%A1%D0%BF%D1%80%D0%B0%D0%B2%D0%BA%D0%B0%20%D0%BE%20%D1%81%D1%82%D0%BE%D0%B8%D0%BC%D0%BE%D1%81%D1%82%D0%B8%20%D1%87%D0%B8%D1%81%D1%82%D1%8B%D1%85%20%D0%B0%D0%BA%D1%82%D0%B8%D0%B2%D0%BE%D0%B2_%D0%B7%D0%B0_%D1%84%D0%B5%D0%B2%D1%80%D0%B0%D0%BB%D1%8C_2024%20%D0%B3..PDF,raw/Первая/Фонд акций с выплатой дохода/2024-02-29.pdf
Первая,Фонд акций с выплатой дохода,2024-03-31,https://www.first-am.ru/download/17402/%D0%9E%D0%9F%D0%98%D0%A4%20%D0%A0%D0%A4%D0%98%20%20%D0%9F%D0%B5%D1%80%D0%B2%D0%B0%D1%8F%20-%20%D0%A4%D0%BE%D0%BD%D0%B4%20%D0%B0%D0%BA%D1%86%D0%B8%D0%B9%20%D1%81%20%D0%B2%D1%8B%D0%BF%D0%BB%D0%B0%D1%82%D0%BE%D0%B9%20%D0%B4%D0%BE%D1%85%D0%BE%D0%B4%D0%B0__%D0%A1%D0%BF%D1%80%D0%B0%D0%B2%D0%BA%D0%B0%20%D0%BE%20%D1%81%D1%82%D0%BE%D0%B8%D0%BC%D0%BE%D1%81%D1%82%D0%B8%20%D1%87%D0%B8%D1%81%D1%82%D1%8B%D1%85%20%D0%B0%D0%BA%D1%82%D0%B8%D0%B2%D0%BE%D0%B2_%D0%B7%D0%B0_%D0%BC%D0%B0%D1%80%D1%82_2024%20%D0%B3..PDF,raw/Первая/Фонд акций с выплатой дохода/2024-03-31.pdf
Первая,Фонд российских акций,2026-05-31,https://www.first-am.ru/download/25436/%D0%9E%D0%9F%D0%98%D0%A4%20%D0%A0%D0%A4%D0%98%20%D0%9F%D0%B5%D1%80%D0%B2%D0%B0%D1%8F%20-%20%D0%A4%D0%BE%D0%BD%D0%B4%20%D1%80%D0%BE%D1%81%D1%81%D0%B8%D0%B9%D1%81%D0%BA%D0%B8%D1%85%20%D0%B0%D0%BA%D1%86%D0%B8%D0%B9%20_%D0%A1%D0%BF%D1%80%D0%B0%D0%B2%D0%BA%D0%B0%20%D0%BE%20%D1%81%D1%82%D0%BE%D0%B8%D0%BC%D0%BE%D1%81%D1%82%D0%B8%20%D1%87%D0%B8%D1%81%D1%82%D1%8B%D1%85%20%D0%B0%D0%BA%D1%82%D0%B8%D0%B2%D0%BE%D0%B2_%D0%B7%D0%B0_%D0%BC%D0%B0%D0%B9_2026%D0%B3.PDF,raw/Первая/Фонд российских акций/2026-05-31.pdf
Первая,Фонд российских акций,2026-06-30,https://www.first-am.ru/download/25711/%D0%9E%D0%9F%D0%98%D0%A4%20%D0%A0%D0%A4%D0%98%20%D0%9F%D0%B5%D1%80%D0%B2%D0%B0%D1%8F%20-%20%D0%A4%D0%BE%D0%BD%D0%B4%20%D1%80%D0%BE%D1%81%D1%81%D0%B8%D0%B9%D1%81%D0%BA%D0%B8%D1%85%20%D0%B0%D0%BA%D1%86%D0%B8%D0%B9%20_%D0%A1%D0%BF%D1%80%D0%B0%D0%B2%D0%BA%D0%B0%20%D0%BE%20%D1%81%D1%82%D0%BE%D0%B8%D0%BC%D0%BE%D1%81%D1%82%D0%B8%20%D1%87%D0%B8%D1%81%D1%82%D1%8B%D1%85%20%D0%B0%D0%BA%D1%82%D0%B8%D0%B2%D0%BE%D0%B2_%D0%B7%D0%B0_%D0%B8%D1%8E%D0%BD%D1%8C_2026%D0%B3.PDF,raw/Первая/Фонд российских акций/2026-06-30.pdf
Первая,Фонд российских акций,2026-07-31,https://www.first-am.ru/download/26019/%D0%9E%D0%9F%D0%98%D0%A4%20%D0%A0%D0%A4%D0%98%20%D0%9F%D0%B5%D1%80%D0%B2%D0%B0%D1%8F%20-%20%D0%A4%D0%BE%D0%BD%D0%B4%20%D1%80%D0%BE%D1%81%D1%81%D0%B8%D0%B9%D1%81%D0%BA%D0%B8%D1%85%20%D0%B0%D0%BA%D1%86%D0%B8%D0%B9%20_%D0%A1%D0%BF%D1%80%D0%B0%D0%B2%D0%BA%D0%B0%20%D0%BE%20%D1%81%D1%82%D0%BE%D0%B8%D0%BC%D0%BE%D1%81%D1%82%D0%B8%20%D1%87%D0%B8%D1%81%D1%82%D1%8B%D1%85%20%D0%B0%D0%BA%D1%82%D0%B8%D0%B2%D0%BE%D0%B2_%D0%B7%D0%B0_%D0%B8%D1%8E%D0%BB%D1%8C_2026%D0%B3.PDF,raw/Первая/Фонд российских акций/2026-07-31.pdf
Первая,Фонд российских акций,2026-08-31,https://www.first-am.ru/download/26402/%D0%9E%D0%9F%D0%98%D0%A4%20%D0%A0%D0%A4%D0%98%20%D0%9F%D0%B5%D1%80%D0%B2%D0%B0%D1%8F%20-%20%D0%A4%D0%BE%D0%BD%D0%B4%20%D1%80%D0%BE%D1%81%D1%81%D0%B8%D0%B9%D1%81%D0%BA%D0%B8%D1%85%20%D0%B0%D0%BA%D1%86%D0%B8%D0%B9%20_%D0%A1%D0%BF%D1%80%D0%B0%D0%B2%D0%BA%D0%B0%20%D0%BE%20%D1%81%D1%82%D0%BE%D0%B8%D0%BC%D0%BE%D1%81%D1%82%D0%B8%20%D1%87%D0%B8%D1%81%D1%82%D1%8B%D1%85%20%D0%B0%D0%BA%D1%82%D0%B8%D0%B2%D0%BE%D0%B2_%D0%B7%D0%B0_%D0%B0%D0%B2%D0%B3%D1%83%D1%81%D1%82_2026%D0%B3.PDF,raw/Первая/Фонд российских акций/2026-08-31.pdf
Первая,Фонд акций с выплатой дохода,2024-04-30,https://www.first-am.ru/download/17723/%D0%9E%D0%9F%D0%98%D0%A4%20%D0%A0%D0%A4%D0%98%20%20%D0%9F%D0%B5%D1%80%D0%B2%D0%B0%D1%8F%20-%20%D0%A4%D0%BE%D0%BD%D0%B4%20%D0%B0%D0%BA%D1%86%D0%B8%D0%B9%20%D1%81%20%D0%B2%D1%8B%D0%BF%D0%BB%D0%B0%D1%82%D0%BE%D0%B9%20%D0%B4%D0%BE%D1%85%D0%BE%D0%B4%D0%B0_%D0%A1%D0%BF%D1%80%D0%B0%D0%B2%D0%BA%D0%B0%20%D0%BE%20%D1%81%D1%82%D0%BE%D0%B8%D0%BC%D0%BE%D1%81%D1%82%D0%B8%20%D1%87%D0%B8%D1%81%D1%82%D1%8B%D1%85%20%D0%B0%D0%BA%D1%82%D0%B8%D0%B2%D0%BE%D0%B2_%D0%B7%D0%B0_%D0%B0%D0%BF%D1%80%D0%B5%D0%BB%D1%8C_2024%20%D0%B3..PDF,raw/Первая/Фонд акций с выплатой дохода/2024-04-30.pdf
Первая,Фонд акций с выплатой дохода,2024-05-31,https://www.first-am.ru/download/17920/%D0%9E%D0%9F%D0%98%D0%A4%20%D0%A0%D0%A4%D0%98%20%D0%9F%D0%B5%D1%80%D0%B2%D0%B0%D1%8F%20-%20%D0%A4%D0%BE%D0%BD%D0%B4%20%D0%B0%D0%BA%D1%86%D0%B8%D0%B9%20%D1%81%20%D0%B2%D1%8B%D0%BF%D0%BB%D0%B0%D1%82%D0%BE%D0%B9%20%D0%B4%D0%BE%D1%85%D0%BE%D0%B4%D0%B0___%D0%A1%D0%BF%D1%80%D0%B0%D0%B2%D0%BA%D0%B0%20%D0%BE%20%D1%81%D1%82%D0%BE%D0%B8%D0%BC%D0%BE%D1%81%D1%82%D0%B8%20%D1%87%D0%B8%D1%81%D1%82%D1%8B%D1%85%20%D0%B0%D0%BA%D1%82%D0%B8%D0%B2%D0%BE%D0%B2_%D0%B7%D0%B0_%D0%BC%D0%B0%D0%B9_2024%20%D0%B3..PDF,raw/Первая/Фонд акций с выплатой дохода/2024-05-31.pdf
Первая,Фонд акций с выплатой дохода,2024-06-30,https://www.first-am.ru/download/18263/%D0%9E%D0%9F%D0%98%D0%A4%20%D0%A0%D0%A4%D0%98%20%D0%9F%D0%B5%D1%80%D0%B2%D0%B0%D1%8F%20-%20%D0%A4%D0%BE%D0%BD%D0%B4%20%D0%B0%D0%BA%D1%86%D0%B8%D0%B9%20%D1%81%20%D0%B2%D1%8B%D0%BF%D0%BB%D0%B0%D1%82%D0%BE%D0%B9%20%D0%B4%D0%BE%D1%85%D0%BE%D0%B4%D0%B0____%D0%A1%D0%BF%D1%80%D0%B0%D0%B2%D0%BA%D0%B0%20%D0%BE%20%D1%81%D1%82%D0%BE%D0%B8%D0%BC%D0%BE%D1%81%D1%82%D0%B8%20%D1%87%D0%B8%D1%81%D1%82%D1%8B%D1%85%20%D0%B0%D0%BA%D1%82%D0%B8%D0%B2%D0%BE%D0%B2_%D0%B7%D0%B0_%D0%B8%D1%8E%D0%BD%D1%8C_2024%20%D0%B3..PDF,raw/Первая/Фонд акций с выплатой дохода/2024-06-30.pdf
Первая,Фонд акций с выплатой дохода,2024-07-31,https://www.first-am.ru/download/18595/%D0%9E%D0%9F%D0%98%D0%A4%20%D0%A0%D0%A4%D0%98%20%D0%9F%D0%B5%D1%80%D0%B2%D0%B0%D1%8F%20-%20%D0%A4%D0%BE%D0%BD%D0%B4%20%D0%B0%D0%BA%D1%86%D0%B8%D0%B9%20%D1%81%20%D0%B2%D1%8B%D0%BF%D0%BB%D0%B0%D1%82%D0%BE%D0%B9%20%D0%B4%D0%BE%D1%85%D0%BE%D0%B4%D0%B0___%D0%A1%D0%BF%D1%80%D0%B0%D0%B2%D0%BA%D0%B0%20%D0%BE%20%D1%81%D1%82%D0%BE%D0%B8%D0%BC%D0%BE%D1%81%D1%82%D0%B8%20%D1%87%D0%B8%D1%81%D1%82%D1%8B%D1%85%20%D0%B0%D0%BA%D1%82%D0%B8%D0%B2%D0%BE%D0%B2_%D0%B7%D0%B0_%D0%B8%D1%8E%D0%BB%D1%8C_2024%20%D0%B3..PDF,raw/Первая/Фонд акций с выплатой дохода/2024-07-31.pdf
Первая,Фонд акций с выплатой дохода,2024-08-31,https://www.first-am.ru/download/18886/%D0%9E%D0%9F%D0%98%D0%A4%20%D0%A0%D0%A4%D0%98%20%D0%9F%D0%B5%D1%80%D0%B2%D0%B0%D1%8F%20-%20%D0%A4%D0%BE%D0%BD%D0%B4%20%D0%B0%D0%BA%D1%86%D0%B8%D0%B9%20%D1%81%20%D0%B2%D1%8B%D0%BF%D0%BB%D0%B0%D1%82%D0%BE%D0%B9%20%D0%B4%D0%BE%D1%85%D0%BE%D0%B4%D0%B0_%D0%A1%D0%BF%D1%80%D0%B0%D0%B2%D0%BA%D0%B0%20%D0%BE%20%D1%81%D1%82%D0%BE%D0%B8%D0%BC%D0%BE%D1%81%D1%82%D0%B8%20%D1%87%D0%B8%D1%81%D1%82%D1%8B%D1%85%20%D0%B0%D0%BA%D1%82%D0%B8%D0%B2%D0%BE%D0%B2_%D0%B7%D0%B0_%D0%B0%D0%B2%D0%B3%D1%83%D1%81%D1%82_2024%20%D0%B3..PDF,raw/Первая/Фонд акций с выплатой дохода/2024-08-31.pdf
Первая,Фонд акций с выплатой дохода,2024-09-30,https://www.first-am.ru/download/19193/%D0%9E%D0%9F%D0%98%D0%A4%20%D0%A0%D0%A4%D0%98%20%D0%9F%D0%B5%D1%80%D0%B2%D0%B0%D1%8F%20-%20%D0%A4%D0%BE%D0%BD%D0%B4%20%D0%B0%D0%BA%D1%86%D0%B8%D0%B9%20%D1%81%20%D0%B2%D1%8B%D0%BF%D0%BB%D0%B0%D1%82%D0%BE%D0%B9%20%D0%B4%D0%BE%D1%85%D0%BE%D0%B4%D0%B0_%D0%A1%D0%BF%D1%80%D0%B0%D0%B2%D0%BA%D0%B0%20%D0%BE%20%D1%81%D1%82%D0%BE%D0%B8%D0%BC%D0%BE%D1%81%D1%82%D0%B8%20%D1%87%D0%B8%D1%81%D1%82%D1%8B%D1%85%20%D0%B0%D0%BA%D1%82%D0%B8%D0%B2%D0%BE%D0%B2_%D0%B7%D0%B0_%D1%81%D0%B5%D0%BD%D1%82%D1%8F%D0%B1%D1%80%D1%8C_2024%20%D0%B3..PDF,raw/Первая/Фонд акций с выплатой дохода/2024-09-30.pdf
Первая,Фонд акций с выплатой дохода,2024-10-31,https://www.first-am.ru/download/19634/%D0%9E%D0%9F%D0%98%D0%A4%20%D0%A0%D0%A4%D0%98%20%20%D0%9F%D0%B5%D1%80%D0%B2%D0%B0%D1%8F%20-%20%D0%A4%D0%BE%D0%BD%D0%B4%20%D0%B0%D0%BA%D1%86%D0%B8%D0%B9%20%D1%81%20%D0%B2%D1%8B%D0%BF%D0%BB%D0%B0%D1%82%D0%BE%D0%B9%20%D0%B4%D0%BE%D1%85%D0%BE%D0%B4%D0%B0_%D0%A1%D0%BF%D1%80%D0%B0%D0%B2%D0%BA%D0%B0%20%D0%BE%20%D1%81%D1%82%D0%BE%D0%B8%D0%BC%D0%BE%D1%81%D1%82%D0%B8%20%D1%87%D0%B8%D1%81%D1%82%D1%8B%D1%85%20%D0%B0%D0%BA%D1%82%D0%B8%D0%B2%D0%BE%D0%B2_%D0%B7%D0%B0_%D0%BE%D0%BA%D1%82%D1%8F%D0%B1%D1%80%D1%8C_2024%20%D0%B3.PDF,raw/Первая/Фонд акций с выплатой дохода/2024-10-31.pdf
Первая,Фонд акций с выплатой дохода,2024-11-30,https://www.first-am.ru/download/19829/%D0%9E%D0%9F%D0%98%D0%A4%20%D0%A0%D0%A4%D0%98%20%20%D0%9F%D0%B5%D1%80%D0%B2%D0%B0%D1%8F%20-%20%D0%A4%D0%BE%D0%BD%D0%B4%20%D0%B0%D0%BA%D1%86%D0%B8%D0%B9%20%D1%81%20%D0%B2%D1%8B%D0%BF%D0%BB%D0%B0%D1%82%D0%BE%D0%B9%20%D0%B4%D0%BE%D1%85%D0%BE%D0%B4%D0%B0_%D0%A1%D0%BF%D1%80%D0%B0%D0%B2%D0%BA%D0%B0%20%D0%BE%20%D1%81%D1%82%D0%BE%D0%B8%D0%BC%D0%BE%D1%81%D1%82%D0%B8%20%D1%87%D0%B8%D1%81%D1%82%D1%8B%D1%85%20%D0%B0%D0%BA%D1%82%D0%B8%D0%B2%D0%BE%D0%B2_%D0%B7%D0%B0_%D0%BD%D0%BE%D1%8F%D0%B1%D1%80%D1%8C_2024%20%D0%B3.PDF,raw/Первая/Фонд акций с выплатой дохода/2024-11-30.pdf
Первая,Фонд акций с выплатой дохода,2024-12-31,https://www.first-am.ru/download/20082/%D0%9E%D0%9F%D0%98%D0%A4%20%D0%A0%D0%A4%D0%98%20%D0%9F%D0%B5%D1%80%D0%B2%D0%B0%D1%8F%20-%20%D0%A4%D0%BE%D0%BD%D0%B4%20%D0%B0%D0%BA%D1%86%D0%B8%D0%B9%20%D1%81%20%D0%B2%D1%8B%D0%BF%D0%BB%D0%B0%D1%82%D0%BE%D0%B9%20%D0%B4%D0%BE%D1%85%D0%BE%D0%B4%D0%B0_%D0%A1%D0%BF%D1%80%D0%B0%D0%B2%D0%BA%D0%B0%20%D0%BE%20%D1%81%D1%82%D0%BE%D0%B8%D0%BC%D0%BE%D1%81%D1%82%D0%B8%20%D1%87%D0%B8%D1%81%D1%82%D1%8B%D1%85%20%D0%B0%D0%BA%D1%82%D0%B8%D0%B2%D0%BE%D0%B2_%D0%B7%D0%B0_%D0%B4%D0%B5%D0%BA%D0%B0%D0%B1%D1%80%D1%8C_2024%D0%B3.PDF,raw/Первая/Фонд акций с выплатой дохода/2024-12-31.pdf
Первая,Фонд акций с выплатой дохода,2025-01-31,https://www.first-am.ru/download/20628/%D0%9E%D0%9F%D0%98%D0%A4%20%D0%A0%D0%A4%D0%98%20%D0%9F%D0%B5%D1%80%D0%B2%D0%B0%D1%8F%20-%20%D0%A4%D0%BE%D0%BD%D0%B4%20%D0%B0%D0%BA%D1%86%D0%B8%D0%B9%20%D1%81%20%D0%B2%D1%8B%D0%BF%D0%BB%D0%B0%D1%82%D0%BE%D0%B9%20%D0%B4%D0%BE%D1%85%D0%BE%D0%B4%D0%B0_%D0%A1%D0%BF%D1%80%D0%B0%D0%B2%D0%BA%D0%B0%20%D0%BE%20%D1%81%D1%82%D0%BE%D0%B8%D0%BC%D0%BE%D1%81%D1%82%D0%B8%20%D1%87%D0%B8%D1%81%D1%82%D1%8B%D1%85%20%D0%B0%D0%BA%D1%82%D0%B8%D0%B2%D0%BE%D0%B2_%D0%B7%D0%B0_%D1%8F%D0%BD%D0%B2%D0%B0%D1%80%D1%8C_2025%D0%B3.PDF,raw/Первая/Фонд акций с выплатой дохода/2025-01-31.pdf
Первая,Фонд акций с выплатой дохода,2025-02-28,https://www.first-am.ru/download/20838/%D0%9E%D0%9F%D0%98%D0%A4%20%D0%A0%D0%A4%D0%98%20%D0%9F%D0%B5%D1%80%D0%B2%D0%B0%D1%8F%20-%20%D0%A4%D0%BE%D0%BD%D0%B4%20%D0%B0%D0%BA%D1%86%D0%B8%D0%B9%20%D1%81%20%D0%B2%D1%8B%D0%BF%D0%BB%D0%B0%D1%82%D0%BE%D0%B9%20%D0%B4%D0%BE%D1%85%D0%BE%D0%B4%D0%B0_%D0%A1%D0%BF%D1%80%D0%B0%D0%B2%D0%BA%D0%B0%20%D0%BE%20%D1%81%D1%82%D0%BE%D0%B8%D0%BC%D0%BE%D1%81%D1%82%D0%B8%20%D1%87%D0%B8%D1%81%D1%82%D1%8B%D1%85%20%D0%B0%D0%BA%D1%82%D0%B8%D0%B2%D0%BE%D0%B2_%D0%B7%D0%B0_%D1%84%D0%B5%D0%B2%D1%80%D0%B0%D0%BB%D1%8C_2025%D0%B3.PDF,raw/Первая/Фонд акций с выплатой дохода/2025-02-28.pdf
Первая,Фонд акций с выплатой дохода,2025-03-31,https://www.first-am.ru/download/21225/%D0%9E%D0%9F%D0%98%D0%A4%20%D0%A0%D0%A4%D0%98%20%D0%9F%D0%B5%D1%80%D0%B2%D0%B0%D1%8F%20-%20%D0%A4%D0%BE%D0%BD%D0%B4%20%D0%B0%D0%BA%D1%86%D0%B8%D0%B9%20%D1%81%20%D0%B2%D1%8B%D0%BF%D0%BB%D0%B0%D1%82%D0%BE%D0%B9%20%D0%B4%D0%BE%D1%85%D0%BE%D0%B4%D0%B0_%D0%A1%D0%BF%D1%80%D0%B0%D0%B2%D0%BA%D0%B0%20%D0%BE%20%D1%81%D1%82%D0%BE%D0%B8%D0%BC%D0%BE%D1%81%D1%82%D0%B8%20%D1%87%D0%B8%D1%81%D1%82%D1%8B%D1%85%20%D0%B0%D0%BA%D1%82%D0%B8%D0%B2%D0%BE%D0%B2_%D0%B7%D0%B0_%D0%BC%D0%B0%D1%80%D1%82_2025%D0%B3.PDF,raw/Первая/Фонд акций с выплатой дохода/2025-03-31.pdf
Первая,Фонд акций с выплатой дохода,2025-04-30,https://www.first-am.ru/download/21471/%D0%9E%D0%9F%D0%98%D0%A4%20%D0%A0%D0%A4%D0%98%20%D0%9F%D0%B5%D1%80%D0%B2%D0%B0%D1%8F%20-%20%D0%A4%D0%BE%D0%BD%D0%B4%20%D0%B0%D0%BA%D1%86%D0%B8%D0%B9%20%D1%81%20%D0%B2%D1%8B%D0%BF%D0%BB%D0%B0%D1%82%D0%BE%D0%B9%20%D0%B4%D0%BE%D1%85%D0%BE%D0%B4%D0%B0_%D0%A1%D0%BF%D1%80%D0%B0%D0%B2%D0%BA%D0%B0%20%D0%BE%20%D1%81%D1%82%D0%BE%D0%B8%D0%BC%D0%BE%D1%81%D1%82%D0%B8%20%D1%87%D0%B8%D1%81%D1%82%D1%8B%D1%85%20%D0%B0%D0%BA%D1%82%D0%B8%D0%B2%D0%BE%D0%B2_%D0%B7%D0%B0_%D0%B0%D0%BF%D1%80%D0%B5%D0%BB%D1%8C_2025%D0%B3.PDF,raw/Первая/Фонд акций с выплатой дохода/2025-04-30.pdf
Первая,Фонд акций с выплатой дохода,2025-05-31,https://www.first-am.ru/download/21799/%D0%9E%D0%9F%D0%98%D0%A4%20%D0%A0%D0%A4%D0%98%20%D0%9F%D0%B5%D1%80%D0%B2%D0%B0%D1%8F%20-%20%D0%A4%D0%BE%D0%BD%D0%B4%20%D0%B0%D0%BA%D1%86%D0%B8%D0%B9%20%D1%81%20%D0%B2%D1%8B%D0%BF%D0%BB%D0%B0%D1%82%D0%BE%D0%B9%20%D0%B4%D0%BE%D1%85%D0%BE%D0%B4%D0%B0_%D0%A1%D0%BF%D1%80%D0%B0%D0%B2%D0%BA%D0%B0%20%D0%BE%20%D1%81%D1%82%D0%BE%D0%B8%D0%BC%D0%BE%D1%81%D1%82%D0%B8%20%D1%87%D0%B8%D1%81%D1%82%D1%8B%D1%85%20%D0%B0%D0%BA%D1%82%D0%B8%D0%B2%D0%BE%D0%B2_%D0%B7%D0%B0_%D0%BC%D0%B0%D0%B9_2025%D0%B3.PDF,raw/Первая/Фонд акций с выплатой дохода/2025-05-31.pdf
Первая,Фонд акций с выплатой дохода,2025-06-30,https://www.first-am.ru/download/22004/%D0%9E%D0%9F%D0%98%D0%A4%20%D0%A0%D0%A4%D0%98%20%D0%9F%D0%B5%D1%80%D0%B2%D0%B0%D1%8F%20-%20%D0%A4%D0%BE%D0%BD%D0%B4%20%D0%B0%D0%BA%D1%86%D0%B8%D0%B9%20%D1%81%20%D0%B2%D1%8B%D0%BF%D0%BB%D0%B0%D1%82%D0%BE%D0%B9%20%D0%B4%D0%BE%D1%85%D0%BE%D0%B4%D0%B0_%D0%A1%D0%BF%D1%80%D0%B0%D0%B2%D0%BA%D0%B0%20%D0%BE%20%D1%81%D1%82%D0%BE%D0%B8%D0%BC%D0%BE%D1%81%D1%82%D0%B8%20%D1%87%D0%B8%D1%81%D1%82%D1%8B%D1%85%20%D0%B0%D0%BA%D1%82%D0%B8%D0%B2%D0%BE%D0%B2_%D0%B7%D0%B0_%D0%B8%D1%8E%D0%BD%D1%8C_2025%D0%B3.PDF,raw/Первая/Фонд акций с выплатой дохода/2025-06-30.pdf
Первая,Фонд акций с выплатой дохода,2025-07-31,https://www.first-am.ru/download/22264/%D0%9E%D0%9F%D0%98%D0%A4%20%D0%A0%D0%A4%D0%98%20%D0%9F%D0%B5%D1%80%D0%B2%D0%B0%D1%8F%20-%20%D0%A4%D0%BE%D0%BD%D0%B4%20%D0%B0%D0%BA%D1%86%D0%B8%D0%B9%20%D1%81%20%D0%B2%D1%8B%D0%BF%D0%BB%D0%B0%D1%82%D0%BE%D0%B9%20%D0%B4%D0%BE%D1%85%D0%BE%D0%B4%D0%B0_%D0%A1%D0%BF%D1%80%D0%B0%D0%B2%D0%BA%D0%B0%20%D0%BE%20%D1%81%D1%82%D0%BE%D0%B8%D0%BC%D0%BE%D1%81%D1%82%D0%B8%20%D1%87%D0%B8%D1%81%D1%82%D1%8B%D1%85%20%D0%B0%D0%BA%D1%82%D0%B8%D0%B2%D0%BE%D0%B2_%D0%B7%D0%B0_%D0%B8%D1%8E%D0%BB%D1%8C_2025%D0%B3.PDF,raw/Первая/Фонд акций с выплатой дохода/2025-07-31.pdf
Первая,Фонд акций с выплатой дохода,2025-08-31,https://www.first-am.ru/download/22653/%D0%9E%D0%9F%D0%98%D0%A4%20%D0%A0%D0%A4%D0%98%20%D0%9F%D0%B5%D1%80%D0%B2%D0%B0%D1%8F%20-%20%D0%A4%D0%BE%D0%BD%D0%B4%20%D0%B0%D0%BA%D1%86%D0%B8%D0%B9%20%D1%81%20%D0%B2%D1%8B%D0%BF%D0%BB%D0%B0%D1%82%D0%BE%D0%B9%20%D0%B4%D0%BE%D1%85%D0%BE%D0%B4%D0%B0_%D0%A1%D0%BF%D1%80%D0%B0%D0%B2%D0%BA%D0%B0%20%D0%BE%20%D1%81%D1%82%D0%BE%D0%B8%D0%BC%D0%BE%D1%81%D1%82%D0%B8%20%D1%87%D0%B8%D1%81%D1%82%D1%8B%D1%85%20%D0%B0%D0%BA%D1%82%D0%B8%D0%B2%D0%BE%D0%B2_%D0%B7%D0%B0_%D0%B0%D0%B2%D0%B3%D1%83%D1%81%D1%82_2025%D0%B3.PDF,raw/Первая/Фонд акций с выплатой дохода/2025-08-31.pdf
Первая,Фонд акций с выплатой дохода,2025-09-30,https://www.first-am.ru/download/23096/%D0%9E%D0%9F%D0%98%D0%A4%20%D0%A0%D0%A4%D0%98%20%D0%9F%D0%B5%D1%80%D0%B2%D0%B0%D1%8F%20-%20%D0%A4%D0%BE%D0%BD%D0%B4%20%D0%B0%D0%BA%D1%86%D0%B8%D0%B9%20%D1%81%20%D0%B2%D1%8B%D0%BF%D0%BB%D0%B0%D1%82%D0%BE%D0%B9%20%D0%B4%D0%BE%D1%85%D0%BE%D0%B4%D0%B0%20_%D0%A1%D0%BF%D1%80%D0%B0%D0%B2%D0%BA%D0%B0%20%D0%BE%20%D1%81%D1%82%D0%BE%D0%B8%D0%BC%D0%BE%D1%81%D1%82%D0%B8%20%D1%87%D0%B8%D1%81%D1%82%D1%8B%D1%85%20%D0%B0%D0%BA%D1%82%D0%B8%D0%B2%D0%BE%D0%B2_%D0%B7%D0%B0_%D1%81%D0%B5%D0%BD%D1%82%D1%8F%D0%B1%D1%80%D1%8C_2025%D0%B3.PDF,raw/Первая/Фонд акций с выплатой дохода/2025-09-30.pdf
Первая,Фонд акций с выплатой дохода,2025-10-31,https://www.first-am.ru/download/23363/%D0%9E%D0%9F%D0%98%D0%A4%20%D0%A0%D0%A4%D0%98%20%D0%9F%D0%B5%D1%80%D0%B2%D0%B0%D1%8F%20-%20%D0%A4%D0%BE%D0%BD%D0%B4%20%D0%B0%D0%BA%D1%86%D0%B8%D0%B9%20%D1%81%20%D0%B2%D1%8B%D0%BF%D0%BB%D0%B0%D1%82%D0%BE%D0%B9%20%D0%B4%D0%BE%D1%85%D0%BE%D0%B4%D0%B0%20_%D0%A1%D0%BF%D1%80%D0%B0%D0%B2%D0%BA%D0%B0%20%D0%BE%20%D1%81%D1%82%D0%BE%D0%B8%D0%BC%D0%BE%D1%81%D1%82%D0%B8%20%D1%87%D0%B8%D1%81%D1%82%D1%8B%D1%85%20%D0%B0%D0%BA%D1%82%D0%B8%D0%B2%D0%BE%D0%B2_%D0%B7%D0%B0_%D0%BE%D0%BA%D1%82%D1%8F%D0%B1%D1%80%D1%8C_2025%D0%B3.PDF,raw/Первая/Фонд акций с выплатой дохода/2025-10-31.pdf
Первая,Фонд акций с выплатой дохода,2025-11-30,https://www.first-am.ru/download/23703/%D0%9E%D0%9F%D0%98%D0%A4%20%D0%A0%D0%A4%D0%98%20%D0%9F%D0%B5%D1%80%D0%B2%D0%B0%D1%8F%20-%20%D0%A4%D0%BE%D0%BD%D0%B4%20%D0%B0%D0%BA%D1%86%D0%B8%D0%B9%20%D1%81%20%D0%B2%D1%8B%D0%BF%D0%BB%D0%B0%D1%82%D0%BE%D0%B9%20%D0%B4%D0%BE%D1%85%D0%BE%D0%B4%D0%B0%20_%D0%A1%D0%BF%D1%80%D0%B0%D0%B2%D0%BA%D0%B0%20%D0%BE%20%D1%81%D1%82%D0%BE%D0%B8%D0%BC%D0%BE%D1%81%D1%82%D0%B8%20%D1%87%D0%B8%D1%81%D1%82%D1%8B%D1%85%20%D0%B0%D0%BA%D1%82%D0%B8%D0%B2%D0%BE%D0%B2_%D0%B7%D0%B0_%D0%BD%D0%BE%D1%8F%D0%B1%D1%80%D1%8C_2025%D0%B3.pdf,raw/Первая/Фонд акций с выплатой дохода/2025-11-30.pdf
Первая,Фонд акций с выплатой дохода,2025-12-31,https://www.first-am.ru/download/23958/%D0%9E%D0%9F%D0%98%D0%A4%20%D0%A0%D0%A4%D0%98%20%D0%9F%D0%B5%D1%80%D0%B2%D0%B0%D1%8F%20-%20%D0%A4%D0%BE%D0%BD%D0%B4%20%D0%B0%D0%BA%D1%86%D0%B8%D0%B9%20%D1%81%20%D0%B2%D1%8B%D0%BF%D0%BB%D0%B0%D1%82%D0%BE%D0%B9%20%D0%B4%D0%BE%D1%85%D0%BE%D0%B4%D0%B0%20_%D0%A1%D0%BF%D1%80%D0%B0%D0%B2%D0%BA%D0%B0%20%D0%BE%20%D1%81%D1%82%D0%BE%D0%B8%D0%BC%D0%BE%D1%81%D1%82%D0%B8%20%D1%87%D0%B8%D1%81%D1%82%D1%8B%D1%85%20%D0%B0%D0%BA%D1%82%D0%B8%D0%B2%D0%BE%D0%B2_%D0%B7%D0%B0_%D0%B4%D0%B5%D0%BA%D0%B0%D0%B1%D1%80%D1%8C_2025%D0%B3.PDF,raw/Первая/Фонд акций с выплатой дохода/2025-12-31.pdf
Первая,Фонд акций с выплатой дохода,2026-01-31,https://www.first-am.ru/download/24256/%D0%9E%D0%9F%D0%98%D0%A4%20%D0%A0%D0%A4%D0%98%20%D0%9F%D0%B5%D1%80%D0%B2%D0%B0%D1%8F%20-%20%D0%A4%D0%BE%D0%BD%D0%B4%20%D0%B0%D0%BA%D1%86%D0%B8%D0%B9%20%D1%81%20%D0%B2%D1%8B%D0%BF%D0%BB%D0%B0%D1%82%D0%BE%D0%B9%20%D0%B4%D0%BE%D1%85%D0%BE%D0%B4%D0%B0%20_%D0%A1%D0%BF%D1%80%D0%B0%D0%B2%D0%BA%D0%B0%20%D0%BE%20%D1%81%D1%82%D0%BE%D0%B8%D0%BC%D0%BE%D1%81%D1%82%D0%B8%20%D1%87%D0%B8%D1%81%D1%82%D1%8B%D1%85%20%D0%B0%D0%BA%D1%82%D0%B8%D0%B2%D0%BE%D0%B2_%D0%B7%D0%B0_%D1%8F%D0%BD%D0%B2%D0%B0%D1%80%D1%8C_2026%D0%B3.PDF,raw/Первая/Фонд акций с выплатой дохода/2026-01-31.pdf
Первая,Фонд акций с выплатой дохода,2026-02-28,https://www.first-am.ru/download/24580/%D0%9E%D0%9F%D0%98%D0%A4%20%D0%A0%D0%A4%D0%98%20%D0%9F%D0%B5%D1%80%D0%B2%D0%B0%D1%8F%20-%20%D0%A4%D0%BE%D0%BD%D0%B4%20%D0%B0%D0%BA%D1%86%D0%B8%D0%B9%20%D1%81%20%D0%B2%D1%8B%D0%BF%D0%BB%D0%B0%D1%82%D0%BE%D0%B9%20%D0%B4%D0%BE%D1%85%D0%BE%D0%B4%D0%B0%20_%D0%A1%D0%BF%D1%80%D0%B0%D0%B2%D0%BA%D0%B0%20%D0%BE%20%D1%81%D1%82%D0%BE%D0%B8%D0%BC%D0%BE%D1%81%D1%82%D0%B8%20%D1%87%D0%B8%D1%81%D1%82%D1%8B%D1%85%20%D0%B0%D0%BA%D1%82%D0%B8%D0%B2%D0%BE%D0%B2_%D0%B7%D0%B0_%D1%84%D0%B5%D0%B2%D1%80%D0%B0%D0%BB%D1%8C_2026%D0%B3.PDF,raw/Первая/Фонд акций с выплатой дохода/2026-02-28.pdf
Первая,Фонд акций с выплатой дохода,2026-03-31,https://www.first-am.ru/download/24925/%D0%9E%D0%9F%D0%98%D0%A4%20%D0%A0%D0%A4%D0%98%20%D0%9F%D0%B5%D1%80%D0%B2%D0%B0%D1%8F%20-%20%D0%A4%D0%BE%D0%BD%D0%B4%20%D0%B0%D0%BA%D1%86%D0%B8%D0%B9%20%D1%81%20%D0%B2%D1%8B%D0%BF%D0%BB%D0%B0%D1%82%D0%BE%D0%B9%20%D0%B4%D0%BE%D1%85%D0%BE%D0%B4%D0%B0%20_%D0%A1%D0%BF%D1%80%D0%B0%D0%B2%D0%BA%D0%B0%20%D0%BE%20%D1%81%D1%82%D0%BE%D0%B8%D0%BC%D0%BE%D1%81%D1%82%D0%B8%20%D1%87%D0%B8%D1%81%D1%82%D1%8B%D1%85%20%D0%B0%D0%BA%D1%82%D0%B8%D0%B2%D0%BE%D0%B2_%D0%B7%D0%B0_%D0%BC%D0%B0%D1%80%D1%82_2026%D0%B3.PDF,raw/Первая/Фонд акций с выплатой дохода/2026-03-31.pdf
Первая,Фонд Природные ресурсы,2023-09-30,https://www.first-am.ru/download/14643/%D0%9E%D0%9F%D0%98%D0%A4%20%D0%A0%D0%A4%D0%98%20%20%D0%9F%D0%B5%D1%80%D0%B2%D0%B0%D1%8F%20-%20%D0%9F%D1%80%D0%B8%D1%80%D0%BE%D0%B4%D0%BD%D1%8B%D0%B5%20%D1%80%D0%B5%D1%81%D1%83%D1%80%D1%81%D1%8B%20_%D0%A1%D0%BF%D1%80%D0%B0%D0%B2%D0%BA%D0%B0%20%D0%BE%20%D1%81%D1%82%D0%BE%D0%B8%D0%BC%D0%BE%D1%81%D1%82%D0%B8%20%D1%87%D0%B8%D1%81%D1%82%D1%8B%D1%85%20%D0%B0%D0%BA%D1%82%D0%B8%D0%B2%D0%BE%D0%B2_%D0%B7%D0%B0_%D1%81%D0%B5%D0%BD%D1%82%D1%8F%D0%B1%D1%80%D1%8C_2023%20%D0%B3..PDF,raw/Первая/Фонд Природные ресурсы/2023-09-30.pdf
Первая,Фонд Природные ресурсы,2023-10-31,https://www.first-am.ru/download/14903/%D0%9E%D0%9F%D0%98%D0%A4%20%D0%A0%D0%A4%D0%98%20%20%D0%9F%D0%B5%D1%80%D0%B2%D0%B0%D1%8F%20-%20%D0%9F%D1%80%D0%B8%D1%80%D0%BE%D0%B4%D0%BD%D1%8B%D0%B5%20%D1%80%D0%B5%D1%81%D1%83%D1%80%D1%81%D1%8B%20_%D0%A1%D0%BF%D1%80%D0%B0%D0%B2%D0%BA%D0%B0%20%D0%BE%20%D1%81%D1%82%D0%BE%D0%B8%D0%BC%D0%BE%D1%81%D1%82%D0%B8%20%D1%87%D0%B8%D1%81%D1%82%D1%8B%D1%85%20%D0%B0%D0%BA%D1%82%D0%B8%D0%B2%D0%BE%D0%B2_%D0%B7%D0%B0_%D0%BE%D0%BA%D1%82%D1%8F%D0%B1%D1%80%D1%8C_2023%20%D0%B3..PDF,raw/Первая/Фонд Природные ресурсы/2023-10-31.pdf
Первая,Фонд Природные ресурсы,2023-11-30,https://www.first-am.ru/download/15844/%D0%9E%D0%9F%D0%98%D0%A4%20%D0%A0%D0%A4%D0%98%20%20%D0%9F%D0%B5%D1%80%D0%B2%D0%B0%D1%8F%20-%20%D0%9F%D1%80%D0%B8%D1%80%D0%BE%D0%B4%D0%BD%D1%8B%D0%B5%20%D1%80%D0%B5%D1%81%D1%83%D1%80%D1%81%D1%8B%20_%D0%A1%D0%BF%D1%80%D0%B0%D0%B2%D0%BA%D0%B0%20%D0%BE%20%D1%81%D1%82%D0%BE%D0%B8%D0%BC%D0%BE%D1%81%D1%82%D0%B8%20%D1%87%D0%B8%D1%81%D1%82%D1%8B%D1%85%20%D0%B0%D0%BA%D1%82%D0%B8%D0%B2%D0%BE%D0%B2_%D0%B7%D0%B0_%D0%BD%D0%BE%D1%8F%D0%B1%D1%80%D1%8C_2023%20%D0%B3..PDF,raw/Первая/Фонд Природные ресурсы/2023-11-30.pdf
Первая,Фонд Природные ресурсы,2023-12-31,https://www.first-am.ru/download/16329/%D0%9E%D0%9F%D0%98%D0%A4%20%D0%A0%D0%A4%D0%98%20%20%D0%9F%D0%B5%D1%80%D0%B2%D0%B0%D1%8F%20-%20%D0%9F%D1%80%D0%B8%D1%80%D0%BE%D0%B4%D0%BD%D1%8B%D0%B5%20%D1%80%D0%B5%D1%81%D1%83%D1%80%D1%81%D1%8B%20_%D0%A1%D0%BF%D1%80%D0%B0%D0%B2%D0%BA%D0%B0%20%D0%BE%20%D1%81%D1%82%D0%BE%D0%B8%D0%BC%D0%BE%D1%81%D1%82%D0%B8%20%D1%87%D0%B8%D1%81%D1%82%D1%8B%D1%85%20%D0%B0%D0%BA%D1%82%D0%B8%D0%B2%D0%BE%D0%B2_%D0%B7%D0%B0_%D0%B4%D0%B5%D0%BA%D0%B0%D0%B1%D1%80%D1%8C_2023%20%D0%B3..PDF,raw/Первая/Фонд Природные ресурсы/2023-12-31.pdf
Первая,Фонд Природные ресурсы,2024-01-31,https://www.first-am.ru/download/16586/%D0%9E%D0%9F%D0%98%D0%A4%20%D0%A0%D0%A4%D0%98%20%20%D0%9F%D0%B5%D1%80%D0%B2%D0%B0%D1%8F%20-%20%D0%9F%D1%80%D0%B8%D1%80%D0%BE%D0%B4%D0%BD%D1%8B%D0%B5%20%D1%80%D0%B5%D1%81%D1%83%D1%80%D1%81%D1%8B%20_%D0%A1%D0%BF%D1%80%D0%B0%D0%B2%D0%BA%D0%B0%20%D0%BE%20%D1%81%D1%82%D0%BE%D0%B8%D0%BC%D0%BE%D1%81%D1%82%D0%B8%20%D1%87%D0%B8%D1%81%D1%82%D1%8B%D1%85%20%D0%B0%D0%BA%D1%82%D0%B8%D0%B2%D0%BE%D0%B2_%D0%B7%D0%B0_%D1%8F%D0%BD%D0%B2%D0%B0%D1%80%D1%8C_2024%20%D0%B3..PDF,raw/Первая/Фонд Природные ресурсы/2024-01-31.pdf
Первая,Фонд Природные ресурсы,2024-02-29,https://www.first-am.ru/download/16972/%D0%9E%D0%9F%D0%98%D0%A4%20%D0%A0%D0%A4%D0%98%20%20%D0%9F%D0%B5%D1%80%D0%B2%D0%B0%D1%8F%20-%20%D0%9F%D1%80%D0%B8%D1%80%D0%BE%D0%B4%D0%BD%D1%8B%D0%B5%20%D1%80%D0%B5%D1%81%D1%83%D1%80%D1%81%D1%8B%20_%D0%A1%D0%BF%D1%80%D0%B0%D0%B2%D0%BA%D0%B0%20%D0%BE%20%D1%81%D1%82%D0%BE%D0%B8%D0%BC%D0%BE%D1%81%D1%82%D0%B8%20%D1%87%D0%B8%D1%81%D1%82%D1%8B%D1%85%20%D0%B0%D0%BA%D1%82%D0%B8%D0%B2%D0%BE%D0%B2_%D0%B7%D0%B0_%D1%84%D0%B5%D0%B2%D1%80%D0%B0%D0%BB%D1%8C_2024%20%D0%B3..PDF,raw/Первая/Фонд Природные ресурсы/2024-02-29.pdf
Первая,Фонд Природные ресурсы,2024-03-31,https://www.first-am.ru/download/17392/%D0%9E%D0%9F%D0%98%D0%A4%20%D0%A0%D0%A4%D0%98%20%20%D0%9F%D0%B5%D1%80%D0%B2%D0%B0%D1%8F%20-%20%D0%9F%D1%80%D0%B8%D1%80%D0%BE%D0%B4%D0%BD%D1%8B%D0%B5%20%D1%80%D0%B5%D1%81%D1%83%D1%80%D1%81%D1%8B%20__%D0%A1%D0%BF%D1%80%D0%B0%D0%B2%D0%BA%D0%B0%20%D0%BE%20%D1%81%D1%82%D0%BE%D0%B8%D0%BC%D0%BE%D1%81%D1%82%D0%B8%20%D1%87%D0%B8%D1%81%D1%82%D1%8B%D1%85%20%D0%B0%D0%BA%D1%82%D0%B8%D0%B2%D0%BE%D0%B2_%D0%B7%D0%B0_%D0%BC%D0%B0%D1%80%D1%82_2024%20%D0%B3..PDF,raw/Первая/Фонд Природные ресурсы/2024-03-31.pdf
Первая,Фонд акций с выплатой дохода,2026-04-30,https://www.first-am.ru/download/25158/%D0%9E%D0%9F%D0%98%D0%A4%20%D0%A0%D0%A4%D0%98%20%D0%9F%D0%B5%D1%80%D0%B2%D0%B0%D1%8F%20-%20%D0%A4%D0%BE%D0%BD%D0%B4%20%D0%B0%D0%BA%D1%86%D0%B8%D0%B9%20%D1%81%20%D0%B2%D1%8B%D0%BF%D0%BB%D0%B0%D1%82%D0%BE%D0%B9%20%D0%B4%D0%BE%D1%85%D0%BE%D0%B4%D0%B0%20_%D0%A1%D0%BF%D1%80%D0%B0%D0%B2%D0%BA%D0%B0%20%D0%BE%20%D1%81%D1%82%D0%BE%D0%B8%D0%BC%D0%BE%D1%81%D1%82%D0%B8%20%D1%87%D0%B8%D1%81%D1%82%D1%8B%D1%85%20%D0%B0%D0%BA%D1%82%D0%B8%D0%B2%D0%BE%D0%B2_%D0%B7%D0%B0_%D0%B0%D0%BF%D1%80%D0%B5%D0%BB%D1%8C_2026%D0%B3.PDF,raw/Первая/Фонд акций с выплатой дохода/2026-04-30.pdf
Первая,Фонд акций с выплатой дохода,2026-05-31,https://www.first-am.ru/download/25424/%D0%9E%D0%9F%D0%98%D0%A4%20%D0%A0%D0%A4%D0%98%20%D0%9F%D0%B5%D1%80%D0%B2%D0%B0%D1%8F%20-%20%D0%A4%D0%BE%D0%BD%D0%B4%20%D0%B0%D0%BA%D1%86%D0%B8%D0%B9%20%D1%81%20%D0%B2%D1%8B%D0%BF%D0%BB%D0%B0%D1%82%D0%BE%D0%B9%20%D0%B4%D0%BE%D1%85%D0%BE%D0%B4%D0%B0%20_%D0%A1%D0%BF%D1%80%D0%B0%D0%B2%D0%BA%D0%B0%20%D0%BE%20%D1%81%D1%82%D0%BE%D0%B8%D0%BC%D0%BE%D1%81%D1%82%D0%B8%20%D1%87%D0%B8%D1%81%D1%82%D1%8B%D1%85%20%D0%B0%D0%BA%D1%82%D0%B8%D0%B2%D0%BE%D0%B2_%D0%B7%D0%B0_%D0%BC%D0%B0%D0%B9_2026%D0%B3.PDF,raw/Первая/Фонд акций с выплатой дохода/2026-05-31.pdf
Первая,Фонд акций с выплатой дохода,2026-06-30,https://www.first-am.ru/download/25723/%D0%9E%D0%9F%D0%98%D0%A4%20%D0%A0%D0%A4%D0%98%20%D0%9F%D0%B5%D1%80%D0%B2%D0%B0%D1%8F%20-%20%D0%A4%D0%BE%D0%BD%D0%B4%20%D0%B0%D0%BA%D1%86%D0%B8%D0%B9%20%D1%81%20%D0%B2%D1%8B%D0%BF%D0%BB%D0%B0%D1%82%D0%BE%D0%B9%20%D0%B4%D0%BE%D1%85%D0%BE%D0%B4%D0%B0%20_%D0%A1%D0%BF%D1%80%D0%B0%D0%B2%D0%BA%D0%B0%20%D0%BE%20%D1%81%D1%82%D0%BE%D0%B8%D0%BC%D0%BE%D1%81%D1%82%D0%B8%20%D1%87%D0%B8%D1%81%D1%82%D1%8B%D1%85%20%D0%B0%D0%BA%D1%82%D0%B8%D0%B2%D0%BE%D0%B2_%D0%B7%D0%B0_%D0%B8%D1%8E%D0%BD%D1%8C_2026%D0%B3.PDF,raw/Первая/Фонд акций с выплатой дохода/2026-06-30.pdf
Первая,Фонд акций с выплатой дохода,2026-07-31,https://www.first-am.ru/download/26007/%D0%9E%D0%9F%D0%98%D0%A4%20%D0%A0%D0%A4%D0%98%20%D0%9F%D0%B5%D1%80%D0%B2%D0%B0%D1%8F%20-%20%D0%A4%D0%BE%D0%BD%D0%B4%20%D0%B0%D0%BA%D1%86%D0%B8%D0%B9%20%D1%81%20%D0%B2%D1%8B%D0%BF%D0%BB%D0%B0%D1%82%D0%BE%D0%B9%20%D0%B4%D0%BE%D1%85%D0%BE%D0%B4%D0%B0%20_%D0%A1%D0%BF%D1%80%D0%B0%D0%B2%D0%BA%D0%B0%20%D0%BE%20%D1%81%D1%82%D0%BE%D0%B8%D0%BC%D0%BE%D1%81%D1%82%D0%B8%20%D1%87%D0%B8%D1%81%D1%82%D1%8B%D1%85%20%D0%B0%D0%BA%D1%82%D0%B8%D0%B2%D0%BE%D0%B2_%D0%B7%D0%B0_%D0%B8%D1%8E%D0%BB%D1%8C_2026%D0%B3.PDF,raw/Первая/Фонд акций с выплатой дохода/2026-07-31.pdf
Первая,Фонд акций с выплатой дохода,2026-08-31,https://www.first-am.ru/download/26390/%D0%9E%D0%9F%D0%98%D0%A4%20%D0%A0%D0%A4%D0%98%20%D0%9F%D0%B5%D1%80%D0%B2%D0%B0%D1%8F%20-%20%D0%A4%D0%BE%D0%BD%D0%B4%20%D0%B0%D0%BA%D1%86%D0%B8%D0%B9%20%D1%81%20%D0%B2%D1%8B%D0%BF%D0%BB%D0%B0%D1%82%D0%BE%D0%B9%20%D0%B4%D0%BE%D1%85%D0%BE%D0%B4%D0%B0%20_%D0%A1%D0%BF%D1%80%D0%B0%D0%B2%D0%BA%D0%B0%20%D0%BE%20%D1%81%D1%82%D0%BE%D0%B8%D0%BC%D0%BE%D1%81%D1%82%D0%B8%20%D1%87%D0%B8%D1%81%D1%82%D1%8B%D1%85%20%D0%B0%D0%BA%D1%82%D0%B8%D0%B2%D0%BE%D0%B2_%D0%B7%D0%B0_%D0%B0%D0%B2%D0%B3%D1%83%D1%81%D1%82_2026%D0%B3.PDF,raw/Первая/Фонд акций с выплатой дохода/2026-08-31.pdf
Первая,Фонд Природные ресурсы,2024-04-30,https://www.first-am.ru/download/17713/%D0%9E%D0%9F%D0%98%D0%A4%20%D0%A0%D0%A4%D0%98%20%20%D0%9F%D0%B5%D1%80%D0%B2%D0%B0%D1%8F%20-%20%D0%9F%D1%80%D0%B8%D1%80%D0%BE%D0%B4%D0%BD%D1%8B%D0%B5%20%D1%80%D0%B5%D1%81%D1%83%D1%80%D1%81%D1%8B%20_%D0%A1%D0%BF%D1%80%D0%B0%D0%B2%D0%BA%D0%B0%20%D0%BE%20%D1%81%D1%82%D0%BE%D0%B8%D0%BC%D0%BE%D1%81%D1%82%D0%B8%20%D1%87%D0%B8%D1%81%D1%82%D1%8B%D1%85%20%D0%B0%D0%BA%D1%82%D0%B8%D0%B2%D0%BE%D0%B2_%D0%B7%D0%B0_%D0%B0%D0%BF%D1%80%D0%B5%D0%BB%D1%8C_2024%20%D0%B3..PDF,raw/Первая/Фонд Природные ресурсы/2024-04-30.pdf
Первая,Фонд Природные ресурсы,2024-05-31,https://www.first-am.ru/download/17910/%D0%9E%D0%9F%D0%98%D0%A4%20%D0%A0%D0%A4%D0%98%20%D0%9F%D0%B5%D1%80%D0%B2%D0%B0%D1%8F%20-%20%D0%9F%D1%80%D0%B8%D1%80%D0%BE%D0%B4%D0%BD%D1%8B%D0%B5%20%D1%80%D0%B5%D1%81%D1%83%D1%80%D1%81%D1%8B%20___%D0%A1%D0%BF%D1%80%D0%B0%D0%B2%D0%BA%D0%B0%20%D0%BE%20%D1%81%D1%82%D0%BE%D0%B8%D0%BC%D0%BE%D1%81%D1%82%D0%B8%20%D1%87%D0%B8%D1%81%D1%82%D1%8B%D1%85%20%D0%B0%D0%BA%D1%82%D0%B8%D0%B2%D0%BE%D0%B2_%D0%B7%D0%B0_%D0%BC%D0%B0%D0%B9_2024%20%D0%B3..PDF,raw/Первая/Фонд Природные ресурсы/2024-05-31.pdf
Первая,Фонд Природные ресурсы,2024-06-30,https://www.first-am.ru/download/18253/%D0%9E%D0%9F%D0%98%D0%A4%20%D0%A0%D0%A4%D0%98%20%D0%9F%D0%B5%D1%80%D0%B2%D0%B0%D1%8F%20-%20%D0%9F%D1%80%D0%B8%D1%80%D0%BE%D0%B4%D0%BD%D1%8B%D0%B5%20%D1%80%D0%B5%D1%81%D1%83%D1%80%D1%81%D1%8B%20____%D0%A1%D0%BF%D1%80%D0%B0%D0%B2%D0%BA%D0%B0%20%D0%BE%20%D1%81%D1%82%D0%BE%D0%B8%D0%BC%D0%BE%D1%81%D1%82%D0%B8%20%D1%87%D0%B8%D1%81%D1%82%D1%8B%D1%85%20%D0%B0%D0%BA%D1%82%D0%B8%D0%B2%D0%BE%D0%B2_%D0%B7%D0%B0_%D0%B8%D1%8E%D0%BD%D1%8C_2024%20%D0%B3..PDF,raw/Первая/Фонд Природные ресурсы/2024-06-30.pdf
Первая,Фонд Природные ресурсы,2024-07-31,https://www.first-am.ru/download/18585/%D0%9E%D0%9F%D0%98%D0%A4%20%D0%A0%D0%A4%D0%98%20%D0%9F%D0%B5%D1%80%D0%B2%D0%B0%D1%8F%20-%20%D0%9F%D1%80%D0%B8%D1%80%D0%BE%D0%B4%D0%BD%D1%8B%D0%B5%20%D1%80%D0%B5%D1%81%D1%83%D1%80%D1%81%D1%8B%20___%D0%A1%D0%BF%D1%80%D0%B0%D0%B2%D0%BA%D0%B0%20%D0%BE%20%D1%81%D1%82%D0%BE%D0%B8%D0%BC%D0%BE%D1%81%D1%82%D0%B8%20%D1%87%D0%B8%D1%81%D1%82%D1%8B%D1%85%20%D0%B0%D0%BA%D1%82%D0%B8%D0%B2%D0%BE%D0%B2_%D0%B7%D0%B0_%D0%B8%D1%8E%D0%BB%D1%8C_2024%20%D0%B3..PDF,raw/Первая/Фонд Природные ресурсы/2024-07-31.pdf
Первая,Фонд Природные ресурсы,2024-08-31,https://www.first-am.ru/download/18875/%D0%9E%D0%9F%D0%98%D0%A4%20%D0%A0%D0%A4%D0%98%20%D0%9F%D0%B5%D1%80%D0%B2%D0%B0%D1%8F%20-%20%D0%9F%D1%80%D0%B8%D1%80%D0%BE%D0%B4%D0%BD%D1%8B%D0%B5%20%D1%80%D0%B5%D1%81%D1%83%D1%80%D1%81%D1%8B%20_%D0%A1%D0%BF%D1%80%D0%B0%D0%B2%D0%BA%D0%B0%20%D0%BE%20%D1%81%D1%82%D0%BE%D0%B8%D0%BC%D0%BE%D1%81%D1%82%D0%B8%20%D1%87%D0%B8%D1%81%D1%82%D1%8B%D1%85%20%D0%B0%D0%BA%D1%82%D0%B8%D0%B2%D0%BE%D0%B2_%D0%B7%D0%B0_%D0%B0%D0%B2%D0%B3%D1%83%D1%81%D1%82_2024%20%D0%B3..PDF,raw/Первая/Фонд Природные ресурсы/2024-08-31.pdf
Первая,Фонд Природные ресурсы,2024-09-30,https://www.first-am.ru/download/19183/%D0%9E%D0%9F%D0%98%D0%A4%20%D0%A0%D0%A4%D0%98%20%D0%9F%D0%B5%D1%80%D0%B2%D0%B0%D1%8F%20-%20%D0%9F%D1%80%D0%B8%D1%80%D0%BE%D0%B4%D0%BD%D1%8B%D0%B5%20%D1%80%D0%B5%D1%81%D1%83%D1%80%D1%81%D1%8B%20_%D0%A1%D0%BF%D1%80%D0%B0%D0%B2%D0%BA%D0%B0%20%D0%BE%20%D1%81%D1%82%D0%BE%D0%B8%D0%BC%D0%BE%D1%81%D1%82%D0%B8%20%D1%87%D0%B8%D1%81%D1%82%D1%8B%D1%85%20%D0%B0%D0%BA%D1%82%D0%B8%D0%B2%D0%BE%D0%B2_%D0%B7%D0%B0_%D1%81%D0%B5%D0%BD%D1%82%D1%8F%D0%B1%D1%80%D1%8C_2024%20%D0%B3..PDF,raw/Первая/Фонд Природные ресурсы/2024-09-30.pdf
Первая,Фонд Природные ресурсы,2024-10-31,https://www.first-am.ru/download/19624/%D0%9E%D0%9F%D0%98%D0%A4%20%D0%A0%D0%A4%D0%98%20%20%D0%9F%D0%B5%D1%80%D0%B2%D0%B0%D1%8F%20-%20%D0%9F%D1%80%D0%B8%D1%80%D0%BE%D0%B4%D0%BD%D1%8B%D0%B5%20%D1%80%D0%B5%D1%81%D1%83%D1%80%D1%81%D1%8B%20_%D0%A1%D0%BF%D1%80%D0%B0%D0%B2%D0%BA%D0%B0%20%D0%BE%20%D1%81%D1%82%D0%BE%D0%B8%D0%BC%D0%BE%D1%81%D1%82%D0%B8%20%D1%87%D0%B8%D1%81%D1%82%D1%8B%D1%85%20%D0%B0%D0%BA%D1%82%D0%B8%D0%B2%D0%BE%D0%B2_%D0%B7%D0%B0_%D0%BE%D0%BA%D1%82%D1%8F%D0%B1%D1%80%D1%8C_2024%20%D0%B3.PDF,raw/Первая/Фонд Природные ресурсы/2024-10-31.pdf
Первая,Фонд Природные ресурсы,2024-11-30,https://www.first-am.ru/download/19819/%D0%9E%D0%9F%D0%98%D0%A4%20%D0%A0%D0%A4%D0%98%20%20%D0%9F%D0%B5%D1%80%D0%B2%D0%B0%D1%8F%20-%20%D0%9F%D1%80%D0%B8%D1%80%D0%BE%D0%B4%D0%BD%D1%8B%D0%B5%20%D1%80%D0%B5%D1%81%D1%83%D1%80%D1%81%D1%8B%20_%D0%A1%D0%BF%D1%80%D0%B0%D0%B2%D0%BA%D0%B0%20%D0%BE%20%D1%81%D1%82%D0%BE%D0%B8%D0%BC%D0%BE%D1%81%D1%82%D0%B8%20%D1%87%D0%B8%D1%81%D1%82%D1%8B%D1%85%20%D0%B0%D0%BA%D1%82%D0%B8%D0%B2%D0%BE%D0%B2_%D0%B7%D0%B0_%D0%BD%D0%BE%D1%8F%D0%B1%D1%80%D1%8C_2024%20%D0%B3.PDF,raw/Первая/Фонд Природные ресурсы/2024-11-30.pdf
Первая,Фонд Природные ресурсы,2024-12-31,https://www.first-am.ru/download/20072/%D0%9E%D0%9F%D0%98%D0%A4%20%D0%A0%D0%A4%D0%98%20%D0%9F%D0%B5%D1%80%D0%B2%D0%B0%D1%8F%20-%20%D0%9F%D1%80%D0%B8%D1%80%D0%BE%D0%B4%D0%BD%D1%8B%D0%B5%20%D1%80%D0%B5%D1%81%D1%83%D1%80%D1%81%D1%8B%20_%D0%A1%D0%BF%D1%80%D0%B0%D0%B2%D0%BA%D0%B0%20%D0%BE%20%D1%81%D1%82%D0%BE%D0%B8%D0%BC%D0%BE%D1%81%D1%82%D0%B8%20%D1%87%D0%B8%D1%81%D1%82%D1%8B%D1%85%20%D0%B0%D0%BA%D1%82%D0%B8%D0%B2%D0%BE%D0%B2_%D0%B7%D0%B0_%D0%B4%D0%B5%D0%BA%D0%B0%D0%B1%D1%80%D1%8C_2024%D0%B3.PDF,raw/Первая/Фонд Природные ресурсы/2024-12-31.pdf
Первая,Фонд Природные ресурсы,2025-01-31,https://www.first-am.ru/download/20618/%D0%9E%D0%9F%D0%98%D0%A4%20%D0%A0%D0%A4%D0%98%20%D0%9F%D0%B5%D1%80%D0%B2%D0%B0%D1%8F%20-%20%D0%9F%D1%80%D0%B8%D1%80%D0%BE%D0%B4%D0%BD%D1%8B%D0%B5%20%D1%80%D0%B5%D1%81%D1%83%D1%80%D1%81%D1%8B%20_%D0%A1%D0%BF%D1%80%D0%B0%D0%B2%D0%BA%D0%B0%20%D0%BE%20%D1%81%D1%82%D0%BE%D0%B8%D0%BC%D0%BE%D1%81%D1%82%D0%B8%20%D1%87%D0%B8%D1%81%D1%82%D1%8B%D1%85%20%D0%B0%D0%BA%D1%82%D0%B8%D0%B2%D0%BE%D0%B2_%D0%B7%D0%B0_%D1%8F%D0%BD%D0%B2%D0%B0%D1%80%D1%8C_2025%D0%B3.PDF,raw/Первая/Фонд Природные ресурсы/2025-01-31.pdf
Первая,Фонд Природные ресурсы,2025-02-28,https://www.first-am.ru/download/20828/%D0%9E%D0%9F%D0%98%D0%A4%20%D0%A0%D0%A4%D0%98%20%D0%9F%D0%B5%D1%80%D0%B2%D0%B0%D1%8F%20-%20%D0%9F%D1%80%D0%B8%D1%80%D0%BE%D0%B4%D0%BD%D1%8B%D0%B5%20%D1%80%D0%B5%D1%81%D1%83%D1%80%D1%81%D1%8B%20_%D0%A1%D0%BF%D1%80%D0%B0%D0%B2%D0%BA%D0%B0%20%D0%BE%20%D1%81%D1%82%D0%BE%D0%B8%D0%BC%D0%BE%D1%81%D1%82%D0%B8%20%D1%87%D0%B8%D1%81%D1%82%D1%8B%D1%85%20%D0%B0%D0%BA%D1%82%D0%B8%D0%B2%D0%BE%D0%B2_%D0%B7%D0%B0_%D1%84%D0%B5%D0%B2%D1%80%D0%B0%D0%BB%D1%8C_2025%D0%B3.pdf,raw/Первая/Фонд Природные ресурсы/2025-02-28.pdf
Первая,Фонд Природные ресурсы,2025-03-31,https://www.first-am.ru/download/21215/%D0%9E%D0%9F%D0%98%D0%A4%20%D0%A0%D0%A4%D0%98%20%D0%9F%D0%B5%D1%80%D0%B2%D0%B0%D1%8F%20-%20%D0%9F%D1%80%D0%B8%D1%80%D0%BE%D0%B4%D0%BD%D1%8B%D0%B5%20%D1%80%D0%B5%D1%81%D1%83%D1%80%D1%81%D1%8B%20_%D0%A1%D0%BF%D1%80%D0%B0%D0%B2%D0%BA%D0%B0%20%D0%BE%20%D1%81%D1%82%D0%BE%D0%B8%D0%BC%D0%BE%D1%81%D1%82%D0%B8%20%D1%87%D0%B8%D1%81%D1%82%D1%8B%D1%85%20%D0%B0%D0%BA%D1%82%D0%B8%D0%B2%D0%BE%D0%B2_%D0%B7%D0%B0_%D0%BC%D0%B0%D1%80%D1%82_2025%D0%B3.PDF,raw/Первая/Фонд Природные ресурсы/2025-03-31.pdf
Первая,Фонд Природные ресурсы,2025-04-30,https://www.first-am.ru/download/21461/%D0%9E%D0%9F%D0%98%D0%A4%20%D0%A0%D0%A4%D0%98%20%D0%9F%D0%B5%D1%80%D0%B2%D0%B0%D1%8F%20-%20%D0%9F%D1%80%D0%B8%D1%80%D0%BE%D0%B4%D0%BD%D1%8B%D0%B5%20%D1%80%D0%B5%D1%81%D1%83%D1%80%D1%81%D1%8B%20_%D0%A1%D0%BF%D1%80%D0%B0%D0%B2%D0%BA%D0%B0%20%D0%BE%20%D1%81%D1%82%D0%BE%D0%B8%D0%BC%D0%BE%D1%81%D1%82%D0%B8%20%D1%87%D0%B8%D1%81%D1%82%D1%8B%D1%85%20%D0%B0%D0%BA%D1%82%D0%B8%D0%B2%D0%BE%D0%B2_%D0%B7%D0%B0_%D0%B0%D0%BF%D1%80%D0%B5%D0%BB%D1%8C_2025%D0%B3.PDF,raw/Первая/Фонд Природные ресурсы/2025-04-30.pdf
Первая,Фонд Природные ресурсы,2025-05-31,https://www.first-am.ru/download/21789/%D0%9E%D0%9F%D0%98%D0%A4%20%D0%A0%D0%A4%D0%98%20%D0%9F%D0%B5%D1%80%D0%B2%D0%B0%D1%8F%20-%20%D0%9F%D1%80%D0%B8%D1%80%D0%BE%D0%B4%D0%BD%D1%8B%D0%B5%20%D1%80%D0%B5%D1%81%D1%83%D1%80%D1%81%D1%8B%20_%D0%A1%D0%BF%D1%80%D0%B0%D0%B2%D0%BA%D0%B0%20%D0%BE%20%D1%81%D1%82%D0%BE%D0%B8%D0%BC%D0%BE%D1%81%D1%82%D0%B8%20%D1%87%D0%B8%D1%81%D1%82%D1%8B%D1%85%20%D0%B0%D0%BA%D1%82%D0%B8%D0%B2%D0%BE%D0%B2_%D0%B7%D0%B0_%D0%BC%D0%B0%D0%B9_2025%D0%B3.PDF,raw/Первая/Фонд Природные ресурсы/2025-05-31.pdf
Первая,Фонд Природные ресурсы,2025-06-30,https://www.first-am.ru/download/21994/%D0%9E%D0%9F%D0%98%D0%A4%20%D0%A0%D0%A4%D0%98%20%D0%9F%D0%B5%D1%80%D0%B2%D0%B0%D1%8F%20-%20%D0%9F%D1%80%D0%B8%D1%80%D0%BE%D0%B4%D0%BD%D1%8B%D0%B5%20%D1%80%D0%B5%D1%81%D1%83%D1%80%D1%81%D1%8B%20_%D0%A1%D0%BF%D1%80%D0%B0%D0%B2%D0%BA%D0%B0%20%D0%BE%20%D1%81%D1%82%D0%BE%D0%B8%D0%BC%D0%BE%D1%81%D1%82%D0%B8%20%D1%87%D0%B8%D1%81%D1%82%D1%8B%D1%85%20%D0%B0%D0%BA%D1%82%D0%B8%D0%B2%D0%BE%D0%B2_%D0%B7%D0%B0_%D0%B8%D1%8E%D0%BD%D1%8C_2025%D0%B3.PDF,raw/Первая/Фонд Природные ресурсы/2025-06-30.pdf
Первая,Фонд Природные ресурсы,2025-07-31,https://www.first-am.ru/download/22254/%D0%9E%D0%9F%D0%98%D0%A4%20%D0%A0%D0%A4%D0%98%20%D0%9F%D0%B5%D1%80%D0%B2%D0%B0%D1%8F%20-%20%D0%9F%D1%80%D0%B8%D1%80%D0%BE%D0%B4%D0%BD%D1%8B%D0%B5%20%D1%80%D0%B5%D1%81%D1%83%D1%80%D1%81%D1%8B%20_%D0%A1%D0%BF%D1%80%D0%B0%D0%B2%D0%BA%D0%B0%20%D0%BE%20%D1%81%D1%82%D0%BE%D0%B8%D0%BC%D0%BE%D1%81%D1%82%D0%B8%20%D1%87%D0%B8%D1%81%D1%82%D1%8B%D1%85%20%D0%B0%D0%BA%D1%82%D0%B8%D0%B2%D0%BE%D0%B2_%D0%B7%D0%B0_%D0%B8%D1%8E%D0%BB%D1%8C_2025%D0%B3.PDF,raw/Первая/Фонд Природные ресурсы/2025-07-31.pdf
Первая,Фонд Природные ресурсы,2025-08-31,https://www.first-am.ru/download/22643/%D0%9E%D0%9F%D0%98%D0%A4%20%D0%A0%D0%A4%D0%98%20%D0%9F%D0%B5%D1%80%D0%B2%D0%B0%D1%8F%20-%20%D0%9F%D1%80%D0%B8%D1%80%D0%BE%D0%B4%D0%BD%D1%8B%D0%B5%20%D1%80%D0%B5%D1%81%D1%83%D1%80%D1%81%D1%8B%20_%D0%A1%D0%BF%D1%80%D0%B0%D0%B2%D0%BA%D0%B0%20%D0%BE%20%D1%81%D1%82%D0%BE%D0%B8%D0%BC%D0%BE%D1%81%D1%82%D0%B8%20%D1%87%D0%B8%D1%81%D1%82%D1%8B%D1%85%20%D0%B0%D0%BA%D1%82%D0%B8%D0%B2%D0%BE%D0%B2_%D0%B7%D0%B0_%D0%B0%D0%B2%D0%B3%D1%83%D1%81%D1%82_2025%D0%B3.PDF,raw/Первая/Фонд Природные ресурсы/2025-08-31.pdf
Первая,Фонд Природные ресурсы,2025-09-30,https://www.first-am.ru/download/23086/%D0%9E%D0%9F%D0%98%D0%A4%20%D0%A0%D0%A4%D0%98%20%D0%9F%D0%B5%D1%80%D0%B2%D0%B0%D1%8F%20-%20%D0%9F%D1%80%D0%B8%D1%80%D0%BE%D0%B4%D0%BD%D1%8B%D0%B5%20%D1%80%D0%B5%D1%81%D1%83%D1%80%D1%81%D1%8B%20_%D0%A1%D0%BF%D1%80%D0%B0%D0%B2%D0%BA%D0%B0%20%D0%BE%20%D1%81%D1%82%D0%BE%D0%B8%D0%BC%D0%BE%D1%81%D1%82%D0%B8%20%D1%87%D0%B8%D1%81%D1%82%D1%8B%D1%85%20%D0%B0%D0%BA%D1%82%D0%B8%D0%B2%D0%BE%D0%B2_%D0%B7%D0%B0_%D1%81%D0%B5%D0%BD%D1%82%D1%8F%D0%B1%D1%80%D1%8C_2025%D0%B3.PDF,raw/Первая/Фонд Природные ресурсы/2025-09-30.pdf
Первая,Фонд Природные ресурсы,2025-10-31,https://www.first-am.ru/download/23353/%D0%9E%D0%9F%D0%98%D0%A4%20%D0%A0%D0%A4%D0%98%20%D0%9F%D0%B5%D1%80%D0%B2%D0%B0%D1%8F%20-%20%D0%9F%D1%80%D0%B8%D1%80%D0%BE%D0%B4%D0%BD%D1%8B%D0%B5%20%D1%80%D0%B5%D1%81%D1%83%D1%80%D1%81%D1%8B%20_%D0%A1%D0%BF%D1%80%D0%B0%D0%B2%D0%BA%D0%B0%20%D0%BE%20%D1%81%D1%82%D0%BE%D0%B8%D0%BC%D0%BE%D1%81%D1%82%D0%B8%20%D1%87%D0%B8%D1%81%D1%82%D1%8B%D1%85%20%D0%B0%D0%BA%D1%82%D0%B8%D0%B2%D0%BE%D0%B2_%D0%B7%D0%B0_%D0%BE%D0%BA%D1%82%D1%8F%D0%B1%D1%80%D1%8C_2025%D0%B3.PDF,raw/Первая/Фонд Природные ресурсы/2025-10-31.pdf
Первая,Фонд Природные ресурсы,2025-11-30,https://www.first-am.ru/download/23693/%D0%9E%D0%9F%D0%98%D0%A4%20%D0%A0%D0%A4%D0%98%20%D0%9F%D0%B5%D1%80%D0%B2%D0%B0%D1%8F%20-%20%D0%9F%D1%80%D0%B8%D1%80%D0%BE%D0%B4%D0%BD%D1%8B%D0%B5%20%D1%80%D0%B5%D1%81%D1%83%D1%80%D1%81%D1%8B%20_%D0%A1%D0%BF%D1%80%D0%B0%D0%B2%D0%BA%D0%B0%20%D0%BE%20%D1%81%D1%82%D0%BE%D0%B8%D0%BC%D0%BE%D1%81%D1%82%D0%B8%20%D1%87%D0%B8%D1%81%D1%82%D1%8B%D1%85%20%D0%B0%D0%BA%D1%82%D0%B8%D0%B2%D0%BE%D0%B2_%D0%B7%D0%B0_%D0%BD%D0%BE%D1%8F%D0%B1%D1%80%D1%8C_2025%D0%B3.pdf,raw/Первая/Фонд Природные ресурсы/2025-11-30.pdf
Первая,Фонд Природные ресурсы,2025-12-31,https://www.first-am.ru/download/23948/%D0%9E%D0%9F%D0%98%D0%A4%20%D0%A0%D0%A4%D0%98%20%D0%9F%D0%B5%D1%80%D0%B2%D0%B0%D1%8F%20-%20%D0%9F%D1%80%D0%B8%D1%80%D0%BE%D0%B4%D0%BD%D1%8B%D0%B5%20%D1%80%D0%B5%D1%81%D1%83%D1%80%D1%81%D1%8B%20_%D0%A1%D0%BF%D1%80%D0%B0%D0%B2%D0%BA%D0%B0%20%D0%BE%20%D1%81%D1%82%D0%BE%D0%B8%D0%BC%D0%BE%D1%81%D1%82%D0%B8%20%D1%87%D0%B8%D1%81%D1%82%D1%8B%D1%85%20%D0%B0%D0%BA%D1%82%D0%B8%D0%B2%D0%BE%D0%B2_%D0%B7%D0%B0_%D0%B4%D0%B5%D0%BA%D0%B0%D0%B1%D1%80%D1%8C_2025%D0%B3.PDF,raw/Первая/Фонд Природные ресурсы/2025-12-31.pdf
Первая,Фонд Природные ресурсы,2026-01-31,https://www.first-am.ru/download/24246/%D0%9E%D0%9F%D0%98%D0%A4%20%D0%A0%D0%A4%D0%98%20%D0%9F%D0%B5%D1%80%D0%B2%D0%B0%D1%8F%20%E2%80%93%20%D0%9F%D1%80%D0%B8%D1%80%D0%BE%D0%B4%D0%BD%D1%8B%D0%B5%20%D1%80%D0%B5%D1%81%D1%83%D1%80%D1%81%D1%8B_%D0%A1%D0%BF%D1%80%D0%B0%D0%B2%D0%BA%D0%B0%20%D0%BE%20%D1%81%D1%82%D0%BE%D0%B8%D0%BC%D0%BE%D1%81%D1%82%D0%B8%20%D1%87%D0%B8%D1%81%D1%82%D1%8B%D1%85%20%D0%B0%D0%BA%D1%82%D0%B8%D0%B2%D0%BE%D0%B2_%D0%B7%D0%B0_%D1%8F%D0%BD%D0%B2%D0%B0%D1%80%D1%8C_2026%D0%B3.PDF,raw/Первая/Фонд Природные ресурсы/2026-01-31.pdf
Первая,Фонд Природные ресурсы,2026-02-28,https://www.first-am.ru/download/24570/%D0%9E%D0%9F%D0%98%D0%A4%20%D0%A0%D0%A4%D0%98%20%D0%9F%D0%B5%D1%80%D0%B2%D0%B0%D1%8F%20%E2%80%93%20%D0%9F%D1%80%D0%B8%D1%80%D0%BE%D0%B4%D0%BD%D1%8B%D0%B5%20%D1%80%D0%B5%D1%81%D1%83%D1%80%D1%81%D1%8B_%D0%A1%D0%BF%D1%80%D0%B0%D0%B2%D0%BA%D0%B0%20%D0%BE%20%D1%81%D1%82%D0%BE%D0%B8%D0%BC%D0%BE%D1%81%D1%82%D0%B8%20%D1%87%D0%B8%D1%81%D1%82%D1%8B%D1%85%20%D0%B0%D0%BA%D1%82%D0%B8%D0%B2%D0%BE%D0%B2_%D0%B7%D0%B0_%D1%84%D0%B5%D0%B2%D1%80%D0%B0%D0%BB%D1%8C_2026%D0%B3.PDF,raw/Первая/Фонд Природные ресурсы/2026-02-28.pdf
Первая,Фонд Природные ресурсы,2026-03-31,https://www.first-am.ru/download/24915/%D0%9E%D0%9F%D0%98%D0%A4%20%D0%A0%D0%A4%D0%98%20%D0%9F%D0%B5%D1%80%D0%B2%D0%B0%D1%8F%20%E2%80%93%20%D0%9F%D1%80%D0%B8%D1%80%D0%BE%D0%B4%D0%BD%D1%8B%D0%B5%20%D1%80%D0%B5%D1%81%D1%83%D1%80%D1%81%D1%8B_%D0%A1%D0%BF%D1%80%D0%B0%D0%B2%D0%BA%D0%B0%20%D0%BE%20%D1%81%D1%82%D0%BE%D0%B8%D0%BC%D0%BE%D1%81%D1%82%D0%B8%20%D1%87%D0%B8%D1%81%D1%82%D1%8B%D1%85%20%D0%B0%D0%BA%D1%82%D0%B8%D0%B2%D0%BE%D0%B2_%D0%B7%D0%B0_%D0%BC%D0%B0%D1%80%D1%82_2026%D0%B3.PDF,raw/Первая/Фонд Природные ресурсы/2026-03-31.pdf
Первая,Фонд Природные ресурсы,2026-04-30,https://www.first-am.ru/download/25148/%D0%9E%D0%9F%D0%98%D0%A4%20%D0%A0%D0%A4%D0%98%20%D0%9F%D0%B5%D1%80%D0%B2%D0%B0%D1%8F%20%E2%80%93%20%D0%9F%D1%80%D0%B8%D1%80%D0%BE%D0%B4%D0%BD%D1%8B%D0%B5%20%D1%80%D0%B5%D1%81%D1%83%D1%80%D1%81%D1%8B_%D0%A1%D0%BF%D1%80%D0%B0%D0%B2%D0%BA%D0%B0%20%D0%BE%20%D1%81%D1%82%D0%BE%D0%B8%D0%BC%D0%BE%D1%81%D1%82%D0%B8%20%D1%87%D0%B8%D1%81%D1%82%D1%8B%D1%85%20%D0%B0%D0%BA%D1%82%D0%B8%D0%B2%D0%BE%D0%B2_%D0%B7%D0%B0_%D0%B0%D0%BF%D1%80%D0%B5%D0%BB%D1%8C_2026%D0%B3.PDF,raw/Первая/Фонд Природные ресурсы/2026-04-30.pdf
Первая,Фонд Природные ресурсы,2026-05-31,https://www.first-am.ru/download/25414/%D0%9E%D0%9F%D0%98%D0%A4%20%D0%A0%D0%A4%D0%98%20%D0%9F%D0%B5%D1%80%D0%B2%D0%B0%D1%8F%20%E2%80%93%20%D0%9F%D1%80%D0%B8%D1%80%D0%BE%D0%B4%D0%BD%D1%8B%D0%B5%20%D1%80%D0%B5%D1%81%D1%83%D1%80%D1%81%D1%8B_%D0%A1%D0%BF%D1%80%D0%B0%D0%B2%D0%BA%D0%B0%20%D0%BE%20%D1%81%D1%82%D0%BE%D0%B8%D0%BC%D0%BE%D1%81%D1%82%D0%B8%20%D1%87%D0%B8%D1%81%D1%82%D1%8B%D1%85%20%D0%B0%D0%BA%D1%82%D0%B8%D0%B2%D0%BE%D0%B2_%D0%B7%D0%B0_%D0%BC%D0%B0%D0%B9_2026%D0%B3.PDF,raw/Первая/Фонд Природные ресурсы/2026-05-31.pdf
Первая,Фонд Природные ресурсы,2026-06-30,https://www.first-am.ru/download/25734/%D0%9E%D0%9F%D0%98%D0%A4%20%D0%A0%D0%A4%D0%98%20%D0%9F%D0%B5%D1%80%D0%B2%D0%B0%D1%8F%20%E2%80%93%20%D0%9F%D1%80%D0%B8%D1%80%D0%BE%D0%B4%D0%BD%D1%8B%D0%B5%20%D1%80%D0%B5%D1%81%D1%83%D1%80%D1%81%D1%8B_%D0%A1%D0%BF%D1%80%D0%B0%D0%B2%D0%BA%D0%B0%20%D0%BE%20%D1%81%D1%82%D0%BE%D0%B8%D0%BC%D0%BE%D1%81%D1%82%D0%B8%20%D1%87%D0%B8%D1%81%D1%82%D1%8B%D1%85%20%D0%B0%D0%BA%D1%82%D0%B8%D0%B2%D0%BE%D0%B2_%D0%B7%D0%B0_%D0%B8%D1%8E%D0%BD%D1%8C_2026%D0%B3.PDF,raw/Первая/Фонд Природные ресурсы/2026-06-30.pdf
Первая,Фонд Природные ресурсы,2026-07-31,https://www.first-am.ru/download/25997/%D0%9E%D0%9F%D0%98%D0%A4%20%D0%A0%D0%A4%D0%98%20%D0%9F%D0%B5%D1%80%D0%B2%D0%B0%D1%8F%20%E2%80%93%20%D0%9F%D1%80%D0%B8%D1%80%D0%BE%D0%B4%D0%BD%D1%8B%D0%B5%20%D1%80%D0%B5%D1%81%D1%83%D1%80%D1%81%D1%8B_%D0%A1%D0%BF%D1%80%D0%B0%D0%B2%D0%BA%D0%B0%20%D0%BE%20%D1%81%D1%82%D0%BE%D0%B8%D0%BC%D0%BE%D1%81%D1%82%D0%B8%20%D1%87%D0%B8%D1%81%D1%82%D1%8B%D1%85%20%D0%B0%D0%BA%D1%82%D0%B8%D0%B2%D0%BE%D0%B2_%D0%B7%D0%B0_%D0%B8%D1%8E%D0%BB%D1%8C_2026%D0%B3.PDF,raw/Первая/Фонд Природные ресурсы/2026-07-31.pdf
Первая,Фонд Природные ресурсы,2026-08-31,https://www.first-am.ru/download/26380/%D0%9E%D0%9F%D0%98%D0%A4%20%D0%A0%D0%A4%D0%98%20%D0%9F%D0%B5%D1%80%D0%B2%D0%B0%D1%8F%20%E2%80%93%20%D0%9F%D1%80%D0%B8%D1%80%D0%BE%D0%B4%D0%BD%D1%8B%D0%B5%20%D1%80%D0%B5%D1%81%D1%83%D1%80%D1%81%D1%8B_%D0%A1%D0%BF%D1%80%D0%B0%D0%B2%D0%BA%D0%B0%20%D0%BE%20%D1%81%D1%82%D0%BE%D0%B8%D0%BC%D0%BE%D1%81%D1%82%D0%B8%20%D1%87%D0%B8%D1%81%D1%82%D1%8B%D1%85%20%D0%B0%D0%BA%D1%82%D0%B8%D0%B2%D0%BE%D0%B2_%D0%B7%D0%B0_%D0%B0%D0%B2%D0%B3%D1%83%D1%81%D1%82_2026%D0%B3.PDF,raw/Первая/Фонд Природные ресурсы/2026-08-31.pdf
Первая,Фонд Топ Российских акций - SBMX,2023-09-30,https://www.first-am.ru/download/14671/%D0%91%D0%9F%D0%98%D0%A4%20%D0%A0%D0%A4%D0%98%20%20%D0%9F%D0%B5%D1%80%D0%B2%D0%B0%D1%8F%20-%20%D0%A4%D0%BE%D0%BD%D0%B4%20%D0%A2%D0%BE%D0%BF%20%D0%A0%D0%BE%D1%81%D1%81%D0%B8%D0%B9%D1%81%D0%BA%D0%B8%D1%85%20%D0%B0%D0%BA%D1%86%D0%B8%D0%B9%20_%D0%A1%D0%BF%D1%80%D0%B0%D0%B2%D0%BA%D0%B0%20%D0%BE%20%D1%81%D1%82%D0%BE%D0%B8%D0%BC%D0%BE%D1%81%D1%82%D0%B8%20%D1%87%D0%B8%D1%81%D1%82%D1%8B%D1%85%20%D0%B0%D0%BA%D1%82%D0%B8%D0%B2%D0%BE%D0%B2_%D0%B7%D0%B0_%D1%81%D0%B5%D0%BD%D1%82%D1%8F%D0%B1%D1%80%D1%8C_2023%20%D0%B3..PDF,raw/Первая/Фонд Топ Российских акций - SBMX/2023-09-30.pdf
Первая,Фонд Топ Российских акций - SBMX,2023-10-31,https://www.first-am.ru/download/14870/%D0%91%D0%9F%D0%98%D0%A4%20%D0%A0%D0%A4%D0%98%20%20%D0%9F%D0%B5%D1%80%D0%B2%D0%B0%D1%8F%20-%20%D0%A4%D0%BE%D0%BD%D0%B4%20%D0%A2%D0%BE%D0%BF%20%D0%A0%D0%BE%D1%81%D1%81%D0%B8%D0%B9%D1%81%D0%BA%D0%B8%D1%85%20%D0%B0%D0%BA%D1%86%D0%B8%D0%B9%20_%D0%A1%D0%BF%D1%80%D0%B0%D0%B2%D0%BA%D0%B0%20%D0%BE%20%D1%81%D1%82%D0%BE%D0%B8%D0%BC%D0%BE%D1%81%D1%82%D0%B8%20%D1%87%D0%B8%D1%81%D1%82%D1%8B%D1%85%20%D0%B0%D0%BA%D1%82%D0%B8%D0%B2%D0%BE%D0%B2_%D0%B7%D0%B0_%D0%BE%D0%BA%D1%82%D1%8F%D0%B1%D1%80%D1%8C_2023%20%D0%B3..PDF,raw/Первая/Фонд Топ Российских акций - SBMX/2023-10-31.pdf
Первая,Фонд Топ Российских акций - SBMX,2024-01-31,https://www.first-am.ru/download/16530/%D0%91%D0%9F%D0%98%D0%A4%20%D0%A0%D0%A4%D0%98%20%20%D0%9F%D0%B5%D1%80%D0%B2%D0%B0%D1%8F%20-%20%D0%A4%D0%BE%D0%BD%D0%B4%20%D0%A2%D0%BE%D0%BF%20%D0%A0%D0%BE%D1%81%D1%81%D0%B8%D0%B9%D1%81%D0%BA%D0%B8%D1%85%20%D0%B0%D0%BA%D1%86%D0%B8%D0%B9%20_%D0%A1%D0%BF%D1%80%D0%B0%D0%B2%D0%BA%D0%B0%20%D0%BE%20%D1%81%D1%82%D0%BE%D0%B8%D0%BC%D0%BE%D1%81%D1%82%D0%B8%20%D1%87%D0%B8%D1%81%D1%82%D1%8B%D1%85%20%D0%B0%D0%BA%D1%82%D0%B8%D0%B2%D0%BE%D0%B2_%D0%B7%D0%B0_%D1%8F%D0%BD%D0%B2%D0%B0%D1%80%D1%8C_2024%20%D0%B3..PDF,raw/Первая/Фонд Топ Российских акций - SBMX/2024-01-31.pdf
Первая,Фонд Топ Российских акций - SBMX,2024-02-29,https://www.first-am.ru/download/16976/%D0%91%D0%9F%D0%98%D0%A4%20%D0%A0%D0%A4%D0%98%20%20%D0%9F%D0%B5%D1%80%D0%B2%D0%B0%D1%8F%20-%20%D0%A4%D0%BE%D0%BD%D0%B4%20%D0%A2%D0%BE%D0%BF%20%D0%A0%D0%BE%D1%81%D1%81%D0%B8%D0%B9%D1%81%D0%BA%D0%B8%D1%85%20%D0%B0%D0%BA%D1%86%D0%B8%D0%B9%20_%D0%A1%D0%BF%D1%80%D0%B0%D0%B2%D0%BA%D0%B0%20%D0%BE%20%D1%81%D1%82%D0%BE%D0%B8%D0%BC%D0%BE%D1%81%D1%82%D0%B8%20%D1%87%D0%B8%D1%81%D1%82%D1%8B%D1%85%20%D0%B0%D0%BA%D1%82%D0%B8%D0%B2%D0%BE%D0%B2_%D0%B7%D0%B0_%D1%84%D0%B5%D0%B2%D1%80%D0%B0%D0%BB%D1%8C_2024%20%D0%B3..PDF,raw/Первая/Фонд Топ Российских акций - SBMX/2024-02-29.pdf
Первая,Фонд Топ Российских акций - SBMX,2024-03-31,https://www.first-am.ru/download/17337/%D0%91%D0%9F%D0%98%D0%A4%20%D0%A0%D0%A4%D0%98%20%20%D0%9F%D0%B5%D1%80%D0%B2%D0%B0%D1%8F%20-%20%D0%A4%D0%BE%D0%BD%D0%B4%20%D0%A2%D0%BE%D0%BF%20%D0%A0%D0%BE%D1%81%D1%81%D0%B8%D0%B9%D1%81%D0%BA%D0%B8%D1%85%20%D0%B0%D0%BA%D1%86%D0%B8%D0%B9%20__%D0%A1%D0%BF%D1%80%D0%B0%D0%B2%D0%BA%D0%B0%20%D0%BE%20%D1%81%D1%82%D0%BE%D0%B8%D0%BC%D0%BE%D1%81%D1%82%D0%B8%20%D1%87%D0%B8%D1%81%D1%82%D1%8B%D1%85%20%D0%B0%D0%BA%D1%82%D0%B8%D0%B2%D0%BE%D0%B2_%D0%B7%D0%B0_%D0%BC%D0%B0%D1%80%D1%82_2024%20%D0%B3..PDF,raw/Первая/Фонд Топ Российских акций - SBMX/2024-03-31.pdf
Первая,Фонд Топ Российских акций - SBMX,2024-04-30,https://www.first-am.ru/download/17659/%D0%91%D0%9F%D0%98%D0%A4%20%D0%A0%D0%A4%D0%98%20%20%D0%9F%D0%B5%D1%80%D0%B2%D0%B0%D1%8F%20-%20%D0%A4%D0%BE%D0%BD%D0%B4%20%D0%A2%D0%BE%D0%BF%20%D0%A0%D0%BE%D1%81%D1%81%D0%B8%D0%B9%D1%81%D0%BA%D0%B8%D1%85%20%D0%B0%D0%BA%D1%86%D0%B8%D0%B9%20_%D0%A1%D0%BF%D1%80%D0%B0%D0%B2%D0%BA%D0%B0%20%D0%BE%20%D1%81%D1%82%D0%BE%D0%B8%D0%BC%D0%BE%D1%81%D1%82%D0%B8%20%D1%87%D0%B8%D1%81%D1%82%D1%8B%D1%85%20%D0%B0%D0%BA%D1%82%D0%B8%D0%B2%D0%BE%D0%B2_%D0%B7%D0%B0_%D0%B0%D0%BF%D1%80%D0%B5%D0%BB%D1%8C_2024%20%D0%B3..PDF,raw/Первая/Фонд Топ Российских акций - SBMX/2024-04-30.pdf
Первая,Фонд Топ Российских акций - SBMX,2024-05-31,https://www.first-am.ru/download/17860/%D0%91%D0%9F%D0%98%D0%A4%20%D0%A0%D0%A4%D0%98%20%D0%9F%D0%B5%D1%80%D0%B2%D0%B0%D1%8F%20-%20%D0%A4%D0%BE%D0%BD%D0%B4%20%D0%A2%D0%BE%D0%BF%20%D0%A0%D0%BE%D1%81%D1%81%D0%B8%D0%B9%D1%81%D0%BA%D0%B8%D1%85%20%D0%B0%D0%BA%D1%86%D0%B8%D0%B9%20___%D0%A1%D0%BF%D1%80%D0%B0%D0%B2%D0%BA%D0%B0%20%D0%BE%20%D1%81%D1%82%D0%BE%D0%B8%D0%BC%D0%BE%D1%81%D1%82%D0%B8%20%D1%87%D0%B8%D1%81%D1%82%D1%8B%D1%85%20%D0%B0%D0%BA%D1%82%D0%B8%D0%B2%D0%BE%D0%B2_%D0%B7%D0%B0_%D0%BC%D0%B0%D0%B9_2024%20%D0%B3..PDF,raw/Первая/Фонд Топ Российских акций - SBMX/2024-05-31.pdf
Первая,Фонд Топ Российских акций - SBMX,2024-06-30,https://www.first-am.ru/download/18204/%D0%91%D0%9F%D0%98%D0%A4%20%D0%A0%D0%A4%D0%98%20%D0%9F%D0%B5%D1%80%D0%B2%D0%B0%D1%8F%20-%20%D0%A4%D0%BE%D0%BD%D0%B4%20%D0%A2%D0%BE%D0%BF%20%D0%A0%D0%BE%D1%81%D1%81%D0%B8%D0%B9%D1%81%D0%BA%D0%B8%D1%85%20%D0%B0%D0%BA%D1%86%D0%B8%D0%B9%20____%D0%A1%D0%BF%D1%80%D0%B0%D0%B2%D0%BA%D0%B0%20%D0%BE%20%D1%81%D1%82%D0%BE%D0%B8%D0%BC%D0%BE%D1%81%D1%82%D0%B8%20%D1%87%D0%B8%D1%81%D1%82%D1%8B%D1%85%20%D0%B0%D0%BA%D1%82%D0%B8%D0%B2%D0%BE%D0%B2_%D0%B7%D0%B0_%D0%B8%D1%8E%D0%BD%D1%8C_2024%20%D0%B3..PDF,raw/Первая/Фонд Топ Российских акций - SBMX/2024-06-30.pdf
Первая,Фонд Топ Российских акций - SBMX,2024-07-31,https://www.first-am.ru/download/18535/%D0%91%D0%9F%D0%98%D0%A4%20%D0%A0%D0%A4%D0%98%20%D0%9F%D0%B5%D1%80%D0%B2%D0%B0%D1%8F%20-%20%D0%A4%D0%BE%D0%BD%D0%B4%20%D0%A2%D0%BE%D0%BF%20%D0%A0%D0%BE%D1%81%D1%81%D0%B8%D0%B9%D1%81%D0%BA%D0%B8%D1%85%20%D0%B0%D0%BA%D1%86%D0%B8%D0%B9%20___%D0%A1%D0%BF%D1%80%D0%B0%D0%B2%D0%BA%D0%B0%20%D0%BE%20%D1%81%D1%82%D0%BE%D0%B8%D0%BC%D0%BE%D1%81%D1%82%D0%B8%20%D1%87%D0%B8%D1%81%D1%82%D1%8B%D1%85%20%D0%B0%D0%BA%D1%82%D0%B8%D0%B2%D0%BE%D0%B2_%D0%B7%D0%B0_%D0%B8%D1%8E%D0%BB%D1%8C_2024%20%D0%B3..PDF,raw/Первая/Фонд Топ Российских акций - SBMX/2024-07-31.pdf
Первая,Фонд Топ Российских акций - SBMX,2024-08-31,https://www.first-am.ru/download/18824/%D0%91%D0%9F%D0%98%D0%A4%20%D0%A0%D0%A4%D0%98%20%D0%9F%D0%B5%D1%80%D0%B2%D0%B0%D1%8F%20-%20%D0%A4%D0%BE%D0%BD%D0%B4%20%D0%A2%D0%BE%D0%BF%20%D0%A0%D0%BE%D1%81%D1%81%D0%B8%D0%B9%D1%81%D0%BA%D0%B8%D1%85%20%D0%B0%D0%BA%D1%86%D0%B8%D0%B9%20_%D0%A1%D0%BF%D1%80%D0%B0%D0%B2%D0%BA%D0%B0%20%D0%BE%20%D1%81%D1%82%D0%BE%D0%B8%D0%BC%D0%BE%D1%81%D1%82%D0%B8%20%D1%87%D0%B8%D1%81%D1%82%D1%8B%D1%85%20%D0%B0%D0%BA%D1%82%D0%B8%D0%B2%D0%BE%D0%B2_%D0%B7%D0%B0_%D0%B0%D0%B2%D0%B3%D1%83%D1%81%D1%82_2024%20%D0%B3..PDF,raw/Первая/Фонд Топ Российских акций - SBMX/2024-08-31.pdf
Первая,Фонд Топ Российских акций - SBMX,2024-09-30,https://www.first-am.ru/download/19133/%D0%91%D0%9F%D0%98%D0%A4%20%D0%A0%D0%A4%D0%98%20%D0%9F%D0%B5%D1%80%D0%B2%D0%B0%D1%8F%20-%20%D0%A4%D0%BE%D0%BD%D0%B4%20%D0%A2%D0%BE%D0%BF%20%D0%A0%D0%BE%D1%81%D1%81%D0%B8%D0%B9%D1%81%D0%BA%D0%B8%D1%85%20%D0%B0%D0%BA%D1%86%D0%B8%D0%B9%20_%D0%A1%D0%BF%D1%80%D0%B0%D0%B2%D0%BA%D0%B0%20%D0%BE%20%D1%81%D1%82%D0%BE%D0%B8%D0%BC%D0%BE%D1%81%D1%82%D0%B8%20%D1%87%D0%B8%D1%81%D1%82%D1%8B%D1%85%20%D0%B0%D0%BA%D1%82%D0%B8%D0%B2%D0%BE%D0%B2_%D0%B7%D0%B0_%D1%81%D0%B5%D0%BD%D1%82%D1%8F%D0%B1%D1%80%D1%8C_2024%20%D0%B3..PDF,raw/Первая/Фонд Топ Российских акций - SBMX/2024-09-30.pdf
Первая,Фонд Топ Российских акций - SBMX,2024-10-31,https://www.first-am.ru/download/19574/%D0%91%D0%9F%D0%98%D0%A4%20%D0%A0%D0%A4%D0%98%20%20%D0%9F%D0%B5%D1%80%D0%B2%D0%B0%D1%8F%20-%20%D0%A4%D0%BE%D0%BD%D0%B4%20%D0%A2%D0%BE%D0%BF%20%D0%A0%D0%BE%D1%81%D1%81%D0%B8%D0%B9%D1%81%D0%BA%D0%B8%D1%85%20%D0%B0%D0%BA%D1%86%D0%B8%D0%B9%20_%D0%A1%D0%BF%D1%80%D0%B0%D0%B2%D0%BA%D0%B0%20%D0%BE%20%D1%81%D1%82%D0%BE%D0%B8%D0%BC%D0%BE%D1%81%D1%82%D0%B8%20%D1%87%D0%B8%D1%81%D1%82%D1%8B%D1%85%20%D0%B0%D0%BA%D1%82%D0%B8%D0%B2%D0%BE%D0%B2_%D0%B7%D0%B0_%D0%BE%D0%BA%D1%82%D1%8F%D0%B1%D1%80%D1%8C_2024%20%D0%B3.PDF,raw/Первая/Фонд Топ Российских акций - SBMX/2024-10-31.pdf
Первая,Фонд Топ Российских акций - SBMX,2024-11-30,https://www.first-am.ru/download/19773/%D0%91%D0%9F%D0%98%D0%A4%20%D0%A0%D0%A4%D0%98%20%20%D0%9F%D0%B5%D1%80%D0%B2%D0%B0%D1%8F%20-%20%D0%A4%D0%BE%D0%BD%D0%B4%20%D0%A2%D0%BE%D0%BF%20%D0%A0%D0%BE%D1%81%D1%81%D0%B8%D0%B9%D1%81%D0%BA%D0%B8%D1%85%20%D0%B0%D0%BA%D1%86%D0%B8%D0%B9%20_%D0%A1%D0%BF%D1%80%D0%B0%D0%B2%D0%BA%D0%B0%20%D0%BE%20%D1%81%D1%82%D0%BE%D0%B8%D0%BC%D0%BE%D1%81%D1%82%D0%B8%20%D1%87%D0%B8%D1%81%D1%82%D1%8B%D1%85%20%D0%B0%D0%BA%D1%82%D0%B8%D0%B2%D0%BE%D0%B2_%D0%B7%D0%B0_%D0%BD%D0%BE%D1%8F%D0%B1%D1%80%D1%8C_2024%20%D0%B3.PDF,raw/Первая/Фонд Топ Российских акций - SBMX/2024-11-30.pdf
Первая,Фонд Топ Российских акций - SBMX,2024-12-31,https://www.first-am.ru/download/20024/%D0%91%D0%9F%D0%98%D0%A4%20%D0%A0%D0%A4%D0%98%20%D0%9F%D0%B5%D1%80%D0%B2%D0%B0%D1%8F%20-%20%D0%A4%D0%BE%D0%BD%D0%B4%20%D0%A2%D0%BE%D0%BF%20%D0%A0%D0%BE%D1%81%D1%81%D0%B8%D0%B9%D1%81%D0%BA%D0%B8%D1%85%20%D0%B0%D0%BA%D1%86%D0%B8%D0%B9%20_%D0%A1%D0%BF%D1%80%D0%B0%D0%B2%D0%BA%D0%B0%20%D0%BE%20%D1%81%D1%82%D0%BE%D0%B8%D0%BC%D0%BE%D1%81%D1%82%D0%B8%20%D1%87%D0%B8%D1%81%D1%82%D1%8B%D1%85%20%D0%B0%D0%BA%D1%82%D0%B8%D0%B2%D0%BE%D0%B2_%D0%B7%D0%B0_%D0%B4%D0%B5%D0%BA%D0%B0%D0%B1%D1%80%D1%8C_2024%D0%B3.PDF,raw/Первая/Фонд Топ Российских акций - SBMX/2024-12-31.pdf
Первая,Фонд Топ Российских акций - SBMX,2025-01-31,https://www.first-am.ru/download/20572/%D0%91%D0%9F%D0%98%D0%A4%20%D0%A0%D0%A4%D0%98%20%D0%9F%D0%B5%D1%80%D0%B2%D0%B0%D1%8F%20-%20%D0%A4%D0%BE%D0%BD%D0%B4%20%D0%A2%D0%BE%D0%BF%20%D0%A0%D0%BE%D1%81%D1%81%D0%B8%D0%B9%D1%81%D0%BA%D0%B8%D1%85%20%D0%B0%D0%BA%D1%86%D0%B8%D0%B9%20_%D0%A1%D0%BF%D1%80%D0%B0%D0%B2%D0%BA%D0%B0%20%D0%BE%20%D1%81%D1%82%D0%BE%D0%B8%D0%BC%D0%BE%D1%81%D1%82%D0%B8%20%D1%87%D0%B8%D1%81%D1%82%D1%8B%D1%85%20%D0%B0%D0%BA%D1%82%D0%B8%D0%B2%D0%BE%D0%B2_%D0%B7%D0%B0_%D1%8F%D0%BD%D0%B2%D0%B0%D1%80%D1%8C_2025%D0%B3.PDF,raw/Первая/Фонд Топ Российских акций - SBMX/2025-01-31.pdf
Первая,Фонд Топ Российских акций - SBMX,2025-02-28,https://www.first-am.ru/download/20782/%D0%91%D0%9F%D0%98%D0%A4%20%D0%A0%D0%A4%D0%98%20%20%D0%9F%D0%B5%D1%80%D0%B2%D0%B0%D1%8F%20-%20%D0%A4%D0%BE%D0%BD%D0%B4%20%D0%A2%D0%BE%D0%BF%20%D0%A0%D0%BE%D1%81%D1%81%D0%B8%D0%B9%D1%81%D0%BA%D0%B8%D1%85%20%D0%B0%D0%BA%D1%86%D0%B8%D0%B9%20_%D0%A1%D0%BF%D1%80%D0%B0%D0%B2%D0%BA%D0%B0%20%D0%BE%20%D1%81%D1%82%D0%BE%D0%B8%D0%BC%D0%BE%D1%81%D1%82%D0%B8%20%D1%87%D0%B8%D1%81%D1%82%D1%8B%D1%85%20%D0%B0%D0%BA%D1%82%D0%B8%D0%B2%D0%BE%D0%B2_%D0%B7%D0%B0_%D1%84%D0%B5%D0%B2%D1%80%D0%B0%D0%BB%D1%8C_2025%D0%B3.PDF,raw/Первая/Фонд Топ Российских акций - SBMX/2025-02-28.pdf
Первая,Фонд Топ Российских акций - SBMX,2025-03-31,https://www.first-am.ru/download/21169/%D0%91%D0%9F%D0%98%D0%A4%20%D0%A0%D0%A4%D0%98%20%D0%9F%D0%B5%D1%80%D0%B2%D0%B0%D1%8F%20-%20%D0%A4%D0%BE%D0%BD%D0%B4%20%D0%A2%D0%BE%D0%BF%20%D0%A0%D0%BE%D1%81%D1%81%D0%B8%D0%B9%D1%81%D0%BA%D0%B8%D1%85%20%D0%B0%D0%BA%D1%86%D0%B8%D0%B9%20_%D0%A1%D0%BF%D1%80%D0%B0%D0%B2%D0%BA%D0%B0%20%D0%BE%20%D1%81%D1%82%D0%BE%D0%B8%D0%BC%D0%BE%D1%81%D1%82%D0%B8%20%D1%87%D0%B8%D1%81%D1%82%D1%8B%D1%85%20%D0%B0%D0%BA%D1%82%D0%B8%D0%B2%D0%BE%D0%B2_%D0%B7%D0%B0_%D0%BC%D0%B0%D1%80%D1%82_2025%D0%B3.PDF,raw/Первая/Фонд Топ Российских акций - SBMX/2025-03-31.pdf
Первая,Фонд Топ Российских акций - SBMX,2025-04-30,https://www.first-am.ru/download/21415/%D0%91%D0%9F%D0%98%D0%A4%20%D0%A0%D0%A4%D0%98%20%D0%9F%D0%B5%D1%80%D0%B2%D0%B0%D1%8F%20-%20%D0%A4%D0%BE%D0%BD%D0%B4%20%D0%A2%D0%BE%D0%BF%20%D0%A0%D0%BE%D1%81%D1%81%D0%B8%D0%B9%D1%81%D0%BA%D0%B8%D1%85%20%D0%B0%D0%BA%D1%86%D0%B8%D0%B9%20_%D0%A1%D0%BF%D1%80%D0%B0%D0%B2%D0%BA%D0%B0%20%D0%BE%20%D1%81%D1%82%D0%BE%D0%B8%D0%BC%D0%BE%D1%81%D1%82%D0%B8%20%D1%87%D0%B8%D1%81%D1%82%D1%8B%D1%85%20%D0%B0%D0%BA%D1%82%D0%B8%D0%B2%D0%BE%D0%B2_%D0%B7%D0%B0_%D0%B0%D0%BF%D1%80%D0%B5%D0%BB%D1%8C_2025%D0%B3.PDF,raw/Первая/Фонд Топ Российских акций - SBMX/2025-04-30.pdf
Первая,Фонд Топ Российских акций - SBMX,2025-07-31,https://www.first-am.ru/download/22208/%D0%91%D0%9F%D0%98%D0%A4%20%D0%A0%D0%A4%D0%98%20%D0%9F%D0%B5%D1%80%D0%B2%D0%B0%D1%8F%20-%20%D0%A4%D0%BE%D0%BD%D0%B4%20%D0%A2%D0%BE%D0%BF%20%D0%A0%D0%BE%D1%81%D1%81%D0%B8%D0%B9%D1%81%D0%BA%D0%B8%D1%85%20%D0%B0%D0%BA%D1%86%D0%B8%D0%B9%20_%D0%A1%D0%BF%D1%80%D0%B0%D0%B2%D0%BA%D0%B0%20%D0%BE%20%D1%81%D1%82%D0%BE%D0%B8%D0%BC%D0%BE%D1%81%D1%82%D0%B8%20%D1%87%D0%B8%D1%81%D1%82%D1%8B%D1%85%20%D0%B0%D0%BA%D1%82%D0%B8%D0%B2%D0%BE%D0%B2_%D0%B7%D0%B0_%D0%B8%D1%8E%D0%BB%D1%8C_2025%D0%B3.PDF,raw/Первая/Фонд Топ Российских акций - SBMX/2025-07-31.pdf
Первая,Фонд Топ Российских акций - SBMX,2025-08-31,https://www.first-am.ru/download/22595/%D0%91%D0%9F%D0%98%D0%A4%20%D0%A0%D0%A4%D0%98%20%D0%9F%D0%B5%D1%80%D0%B2%D0%B0%D1%8F%20-%20%D0%A4%D0%BE%D0%BD%D0%B4%20%D0%A2%D0%BE%D0%BF%20%D0%A0%D0%BE%D1%81%D1%81%D0%B8%D0%B9%D1%81%D0%BA%D0%B8%D1%85%20%D0%B0%D0%BA%D1%86%D0%B8%D0%B9%20_%D0%A1%D0%BF%D1%80%D0%B0%D0%B2%D0%BA%D0%B0%20%D0%BE%20%D1%81%D1%82%D0%BE%D0%B8%D0%BC%D0%BE%D1%81%D1%82%D0%B8%20%D1%87%D0%B8%D1%81%D1%82%D1%8B%D1%85%20%D0%B0%D0%BA%D1%82%D0%B8%D0%B2%D0%BE%D0%B2_%D0%B7%D0%B0_%D0%B0%D0%B2%D0%B3%D1%83%D1%81%D1%82_2025%D0%B3.PDF,raw/Первая/Фонд Топ Российских акций - SBMX/2025-08-31.pdf
Первая,Фонд Топ Российских акций - SBMX,2025-09-30,https://www.first-am.ru/download/23038/%D0%91%D0%9F%D0%98%D0%A4%20%D0%A0%D0%A4%D0%98%20%D0%9F%D0%B5%D1%80%D0%B2%D0%B0%D1%8F%20-%20%D0%A4%D0%BE%D0%BD%D0%B4%20%D0%A2%D0%BE%D0%BF%20%D0%A0%D0%BE%D1%81%D1%81%D0%B8%D0%B9%D1%81%D0%BA%D0%B8%D1%85%20%D0%B0%D0%BA%D1%86%D0%B8%D0%B9%20_%D0%A1%D0%BF%D1%80%D0%B0%D0%B2%D0%BA%D0%B0%20%D0%BE%20%D1%81%D1%82%D0%BE%D0%B8%D0%BC%D0%BE%D1%81%D1%82%D0%B8%20%D1%87%D0%B8%D1%81%D1%82%D1%8B%D1%85%20%D0%B0%D0%BA%D1%82%D0%B8%D0%B2%D0%BE%D0%B2_%D0%B7%D0%B0_%D1%81%D0%B5%D0%BD%D1%82%D1%8F%D0%B1%D1%80%D1%8C_2025%D0%B3.PDF,raw/Первая/Фонд Топ Российских акций - SBMX/2025-09-30.pdf
Первая,Фонд IPO - SIPO,2024-07-31,https://www.first-am.ru/download/18515/%D0%91%D0%9F%D0%98%D0%A4%20%D0%A0%D0%A4%D0%98%20%D0%9F%D0%B5%D1%80%D0%B2%D0%B0%D1%8F%20-%20%D0%A4%D0%BE%D0%BD%D0%B4%20%D0%98%D0%BD%D0%B4%D0%B5%D0%BA%D1%81%20%D0%9C%D0%BE%D1%81%D0%91%D0%B8%D1%80%D0%B6%D0%B8%20%D0%90%D0%B9%D0%9F%D0%B8%D0%9E%20___%D0%A1%D0%BF%D1%80%D0%B0%D0%B2%D0%BA%D0%B0%20%D0%BE%20%D1%81%D1%82%D0%BE%D0%B8%D0%BC%D0%BE%D1%81%D1%82%D0%B8%20%D1%87%D0%B8%D1%81%D1%82%D1%8B%D1%85%20%D0%B0%D0%BA%D1%82%D0%B8%D0%B2%D0%BE%D0%B2_%D0%B7%D0%B0_%D0%B8%D1%8E%D0%BB%D1%8C_2024%20%D0%B3..PDF,raw/Первая/Фонд IPO - SIPO/2024-07-31.pdf
Первая,Фонд Топ Российских акций - SBMX,2025-10-31,https://www.first-am.ru/download/23305/%D0%91%D0%9F%D0%98%D0%A4%20%D0%A0%D0%A4%D0%98%20%D0%9F%D0%B5%D1%80%D0%B2%D0%B0%D1%8F%20-%20%D0%A4%D0%BE%D0%BD%D0%B4%20%D0%A2%D0%BE%D0%BF%20%D0%A0%D0%BE%D1%81%D1%81%D0%B8%D0%B9%D1%81%D0%BA%D0%B8%D1%85%20%D0%B0%D0%BA%D1%86%D0%B8%D0%B9%20_%D0%A1%D0%BF%D1%80%D0%B0%D0%B2%D0%BA%D0%B0%20%D0%BE%20%D1%81%D1%82%D0%BE%D0%B8%D0%BC%D0%BE%D1%81%D1%82%D0%B8%20%D1%87%D0%B8%D1%81%D1%82%D1%8B%D1%85%20%D0%B0%D0%BA%D1%82%D0%B8%D0%B2%D0%BE%D0%B2_%D0%B7%D0%B0_%D0%BE%D0%BA%D1%82%D1%8F%D0%B1%D1%80%D1%8C_2025%D0%B3.PDF,raw/Первая/Фонд Топ Российских акций - SBMX/2025-10-31.pdf
Первая,Фонд Топ Российских акций - SBMX,2025-11-30,https://www.first-am.ru/download/23677/%D0%91%D0%9F%D0%98%D0%A4%20%D0%A0%D0%A4%D0%98%20%D0%9F%D0%B5%D1%80%D0%B2%D0%B0%D1%8F%20-%20%D0%A4%D0%BE%D0%BD%D0%B4%20%D0%A2%D0%BE%D0%BF%20%D0%A0%D0%BE%D1%81%D1%81%D0%B8%D0%B9%D1%81%D0%BA%D0%B8%D1%85%20%D0%B0%D0%BA%D1%86%D0%B8%D0%B9%20_%D0%A1%D0%BF%D1%80%D0%B0%D0%B2%D0%BA%D0%B0%20%D0%BE%20%D1%81%D1%82%D0%BE%D0%B8%D0%BC%D0%BE%D1%81%D1%82%D0%B8%20%D1%87%D0%B8%D1%81%D1%82%D1%8B%D1%85%20%D0%B0%D0%BA%D1%82%D0%B8%D0%B2%D0%BE%D0%B2_%D0%B7%D0%B0_%D0%BD%D0%BE%D1%8F%D0%B1%D1%80%D1%8C_2025%D0%B3.pdf,raw/Первая/Фонд Топ Российских акций - SBMX/2025-11-30.pdf
Первая,Фонд Топ Российских акций - SBMX,2025-12-31,https://www.first-am.ru/download/23934/%D0%91%D0%9F%D0%98%D0%A4%20%D0%A0%D0%A4%D0%98%20%D0%9F%D0%B5%D1%80%D0%B2%D0%B0%D1%8F%20-%20%D0%A4%D0%BE%D0%BD%D0%B4%20%D0%A2%D0%BE%D0%BF%20%D0%A0%D0%BE%D1%81%D1%81%D0%B8%D0%B9%D1%81%D0%BA%D0%B8%D1%85%20%D0%B0%D0%BA%D1%86%D0%B8%D0%B9%20_%D0%A1%D0%BF%D1%80%D0%B0%D0%B2%D0%BA%D0%B0%20%D0%BE%20%D1%81%D1%82%D0%BE%D0%B8%D0%BC%D0%BE%D1%81%D1%82%D0%B8%20%D1%87%D0%B8%D1%81%D1%82%D1%8B%D1%85%20%D0%B0%D0%BA%D1%82%D0%B8%D0%B2%D0%BE%D0%B2_%D0%B7%D0%B0_%D0%B4%D0%B5%D0%BA%D0%B0%D0%B1%D1%80%D1%8C_2025%D0%B3.PDF,raw/Первая/Фонд Топ Российских акций - SBMX/2025-12-31.pdf
Первая,Фонд Топ Российских акций - SBMX,2026-01-31,https://www.first-am.ru/download/24200/%D0%91%D0%9F%D0%98%D0%A4%20%D0%A0%D0%A4%D0%98%20%D0%9F%D0%B5%D1%80%D0%B2%D0%B0%D1%8F%20-%20%D0%A4%D0%BE%D0%BD%D0%B4%20%D0%A2%D0%BE%D0%BF%20%D0%A0%D0%BE%D1%81%D1%81%D0%B8%D0%B9%D1%81%D0%BA%D0%B8%D1%85%20%D0%B0%D0%BA%D1%86%D0%B8%D0%B9%20_%D0%A1%D0%BF%D1%80%D0%B0%D0%B2%D0%BA%D0%B0%20%D0%BE%20%D1%81%D1%82%D0%BE%D0%B8%D0%BC%D0%BE%D1%81%D1%82%D0%B8%20%D1%87%D0%B8%D1%81%D1%82%D1%8B%D1%85%20%D0%B0%D0%BA%D1%82%D0%B8%D0%B2%D0%BE%D0%B2_%D0%B7%D0%B0_%D1%8F%D0%BD%D0%B2%D0%B0%D1%80%D1%8C_2026%D0%B3.PDF,raw/Первая/Фонд Топ Российских акций - SBMX/2026-01-31.pdf
Первая,Фонд Топ Российских акций - SBMX,2026-02-28,https://www.first-am.ru/download/24524/%D0%91%D0%9F%D0%98%D0%A4%20%D0%A0%D0%A4%D0%98%20%D0%9F%D0%B5%D1%80%D0%B2%D0%B0%D1%8F%20-%20%D0%A4%D0%BE%D0%BD%D0%B4%20%D0%A2%D0%BE%D0%BF%20%D0%A0%D0%BE%D1%81%D1%81%D0%B8%D0%B9%D1%81%D0%BA%D0%B8%D1%85%20%D0%B0%D0%BA%D1%86%D0%B8%D0%B9%20_%D0%A1%D0%BF%D1%80%D0%B0%D0%B2%D0%BA%D0%B0%20%D0%BE%20%D1%81%D1%82%D0%BE%D0%B8%D0%BC%D0%BE%D1%81%D1%82%D0%B8%20%D1%87%D0%B8%D1%81%D1%82%D1%8B%D1%85%20%D0%B0%D0%BA%D1%82%D0%B8%D0%B2%D0%BE%D0%B2_%D0%B7%D0%B0_%D1%84%D0%B5%D0%B2%D1%80%D0%B0%D0%BB%D1%8C_2026%D0%B3.PDF,raw/Первая/Фонд Топ Российских акций - SBMX/2026-02-28.pdf
Первая,Фонд Топ Российских акций - SBMX,2026-03-31,https://www.first-am.ru/download/24869/%D0%91%D0%9F%D0%98%D0%A4%20%D0%A0%D0%A4%D0%98%20%D0%9F%D0%B5%D1%80%D0%B2%D0%B0%D1%8F%20-%20%D0%A4%D0%BE%D0%BD%D0%B4%20%D0%A2%D0%BE%D0%BF%20%D0%A0%D0%BE%D1%81%D1%81%D0%B8%D0%B9%D1%81%D0%BA%D0%B8%D1%85%20%D0%B0%D0%BA%D1%86%D0%B8%D0%B9%20_%D0%A1%D0%BF%D1%80%D0%B0%D0%B2%D0%BA%D0%B0%20%D0%BE%20%D1%81%D1%82%D0%BE%D0%B8%D0%BC%D0%BE%D1%81%D1%82%D0%B8%20%D1%87%D0%B8%D1%81%D1%82%D1%8B%D1%85%20%D0%B0%D0%BA%D1%82%D0%B8%D0%B2%D0%BE%D0%B2_%D0%B7%D0%B0_%D0%BC%D0%B0%D1%80%D1%82_2026%D0%B3.PDF,raw/Первая/Фонд Топ Российских акций - SBMX/2026-03-31.pdf
Первая,Фонд Топ Российских акций - SBMX,2026-04-30,https://www.first-am.ru/download/25134/%D0%91%D0%9F%D0%98%D0%A4%20%D0%A0%D0%A4%D0%98%20%D0%9F%D0%B5%D1%80%D0%B2%D0%B0%D1%8F%20-%20%D0%A4%D0%BE%D0%BD%D0%B4%20%D0%A2%D0%BE%D0%BF%20%D0%A0%D0%BE%D1%81%D1%81%D0%B8%D0%B9%D1%81%D0%BA%D0%B8%D1%85%20%D0%B0%D0%BA%D1%86%D0%B8%D0%B9%20_%D0%A1%D0%BF%D1%80%D0%B0%D0%B2%D0%BA%D0%B0%20%D0%BE%20%D1%81%D1%82%D0%BE%D0%B8%D0%BC%D0%BE%D1%81%D1%82%D0%B8%20%D1%87%D0%B8%D1%81%D1%82%D1%8B%D1%85%20%D0%B0%D0%BA%D1%82%D0%B8%D0%B2%D0%BE%D0%B2_%D0%B7%D0%B0_%D0%B0%D0%BF%D1%80%D0%B5%D0%BB%D1%8C_2026%D0%B3.PDF,raw/Первая/Фонд Топ Российских акций - SBMX/2026-04-30.pdf
Первая,Фонд Топ Российских акций - SBMX,2026-05-31,https://www.first-am.ru/download/25368/%D0%91%D0%9F%D0%98%D0%A4%20%D0%A0%D0%A4%D0%98%20%D0%9F%D0%B5%D1%80%D0%B2%D0%B0%D1%8F%20-%20%D0%A4%D0%BE%D0%BD%D0%B4%20%D0%A2%D0%BE%D0%BF%20%D0%A0%D0%BE%D1%81%D1%81%D0%B8%D0%B9%D1%81%D0%BA%D0%B8%D1%85%20%D0%B0%D0%BA%D1%86%D0%B8%D0%B9%20_%D0%A1%D0%BF%D1%80%D0%B0%D0%B2%D0%BA%D0%B0%20%D0%BE%20%D1%81%D1%82%D0%BE%D0%B8%D0%BC%D0%BE%D1%81%D1%82%D0%B8%20%D1%87%D0%B8%D1%81%D1%82%D1%8B%D1%85%20%D0%B0%D0%BA%D1%82%D0%B8%D0%B2%D0%BE%D0%B2_%D0%B7%D0%B0_%D0%BC%D0%B0%D0%B9_2026%D0%B3.PDF,raw/Первая/Фонд Топ Российских акций - SBMX/2026-05-31.pdf
Первая,Фонд Топ Российских акций - SBMX,2026-06-30,https://www.first-am.ru/download/25659/%D0%91%D0%9F%D0%98%D0%A4%20%D0%A0%D0%A4%D0%98%20%D0%9F%D0%B5%D1%80%D0%B2%D0%B0%D1%8F%20-%20%D0%A4%D0%BE%D0%BD%D0%B4%20%D0%A2%D0%BE%D0%BF%20%D0%A0%D0%BE%D1%81%D1%81%D0%B8%D0%B9%D1%81%D0%BA%D0%B8%D1%85%20%D0%B0%D0%BA%D1%86%D0%B8%D0%B9%20_%D0%A1%D0%BF%D1%80%D0%B0%D0%B2%D0%BA%D0%B0%20%D0%BE%20%D1%81%D1%82%D0%BE%D0%B8%D0%BC%D0%BE%D1%81%D1%82%D0%B8%20%D1%87%D0%B8%D1%81%D1%82%D1%8B%D1%85%20%D0%B0%D0%BA%D1%82%D0%B8%D0%B2%D0%BE%D0%B2_%D0%B7%D0%B0_%D0%B8%D1%8E%D0%BD%D1%8C_2026%D0%B3.PDF,raw/Первая/Фонд Топ Российских акций - SBMX/2026-06-30.pdf
Первая,Фонд Топ Российских акций - SBMX,2026-07-31,https://www.first-am.ru/download/25949/%D0%91%D0%9F%D0%98%D0%A4%20%D0%A0%D0%A4%D0%98%20%D0%9F%D0%B5%D1%80%D0%B2%D0%B0%D1%8F%20-%20%D0%A4%D0%BE%D0%BD%D0%B4%20%D0%A2%D0%BE%D0%BF%20%D0%A0%D0%BE%D1%81%D1%81%D0%B8%D0%B9%D1%81%D0%BA%D0%B8%D1%85%20%D0%B0%D0%BA%D1%86%D0%B8%D0%B9%20_%D0%A1%D0%BF%D1%80%D0%B0%D0%B2%D0%BA%D0%B0%20%D0%BE%20%D1%81%D1%82%D0%BE%D0%B8%D0%BC%D0%BE%D1%81%D1%82%D0%B8%20%D1%87%D0%B8%D1%81%D1%82%D1%8B%D1%85%20%D0%B0%D0%BA%D1%82%D0%B8%D0%B2%D0%BE%D0%B2_%D0%B7%D0%B0_%D0%B8%D1%8E%D0%BB%D1%8C_2026%D0%B3.PDF,raw/Первая/Фонд Топ Российских акций - SBMX/2026-07-31.pdf
Первая,Фонд Топ Российских акций - SBMX,2026-08-31,https://www.first-am.ru/download/26366/%D0%91%D0%9F%D0%98%D0%A4%20%D0%A0%D0%A4%D0%98%20%D0%9F%D0%B5%D1%80%D0%B2%D0%B0%D1%8F%20-%20%D0%A4%D0%BE%D0%BD%D0%B4%20%D0%A2%D0%BE%D0%BF%20%D0%A0%D0%BE%D1%81%D1%81%D0%B8%D0%B9%D1%81%D0%BA%D0%B8%D1%85%20%D0%B0%D0%BA%D1%86%D0%B8%D0%B9%20_%D0%A1%D0%BF%D1%80%D0%B0%D0%B2%D0%BA%D0%B0%20%D0%BE%20%D1%81%D1%82%D0%BE%D0%B8%D0%BC%D0%BE%D1%81%D1%82%D0%B8%20%D1%87%D0%B8%D1%81%D1%82%D1%8B%D1%85%20%D0%B0%D0%BA%D1%82%D0%B8%D0%B2%D0%BE%D0%B2_%D0%B7%D0%B0_%D0%B0%D0%B2%D0%B3%D1%83%D1%81%D1%82_2026%D0%B3.PDF,raw/Первая/Фонд Топ Российских акций - SBMX/2026-08-31.pdf
Первая,Фонд IPO - SIPO,2024-08-31,https://www.first-am.ru/download/18804/%D0%91%D0%9F%D0%98%D0%A4%20%D0%A0%D0%A4%D0%98%20%D0%9F%D0%B5%D1%80%D0%B2%D0%B0%D1%8F%20-%20%D0%A4%D0%BE%D0%BD%D0%B4%20%D0%98%D0%BD%D0%B4%D0%B5%D0%BA%D1%81%20%D0%9C%D0%BE%D1%81%D0%91%D0%B8%D1%80%D0%B6%D0%B8%20%D0%90%D0%B9%D0%9F%D0%B8%D0%9E%20_%D0%A1%D0%BF%D1%80%D0%B0%D0%B2%D0%BA%D0%B0%20%D0%BE%20%D1%81%D1%82%D0%BE%D0%B8%D0%BC%D0%BE%D1%81%D1%82%D0%B8%20%D1%87%D0%B8%D1%81%D1%82%D1%8B%D1%85%20%D0%B0%D0%BA%D1%82%D0%B8%D0%B2%D0%BE%D0%B2_%D0%B7%D0%B0_%D0%B0%D0%B2%D0%B3%D1%83%D1%81%D1%82_2024%20%D0%B3..PDF,raw/Первая/Фонд IPO - SIPO/2024-08-31.pdf
Первая,Фонд IPO - SIPO,2024-09-30,https://www.first-am.ru/download/19113/%D0%91%D0%9F%D0%98%D0%A4%20%D0%A0%D0%A4%D0%98%20%D0%9F%D0%B5%D1%80%D0%B2%D0%B0%D1%8F%20-%20%D0%A4%D0%BE%D0%BD%D0%B4%20%D0%98%D0%BD%D0%B4%D0%B5%D0%BA%D1%81%20%D0%9C%D0%BE%D1%81%D0%91%D0%B8%D1%80%D0%B6%D0%B8%20%D0%90%D0%B9%D0%9F%D0%B8%D0%9E%20_%D0%A1%D0%BF%D1%80%D0%B0%D0%B2%D0%BA%D0%B0%20%D0%BE%20%D1%81%D1%82%D0%BE%D0%B8%D0%BC%D0%BE%D1%81%D1%82%D0%B8%20%D1%87%D0%B8%D1%81%D1%82%D1%8B%D1%85%20%D0%B0%D0%BA%D1%82%D0%B8%D0%B2%D0%BE%D0%B2_%D0%B7%D0%B0_%D1%81%D0%B5%D0%BD%D1%82%D1%8F%D0%B1%D1%80%D1%8C_2024%20%D0%B3..PDF,raw/Первая/Фонд IPO - SIPO/2024-09-30.pdf
Первая,Фонд IPO - SIPO,2024-10-31,https://www.first-am.ru/download/19554/%D0%91%D0%9F%D0%98%D0%A4%20%D0%A0%D0%A4%D0%98%20%20%D0%9F%D0%B5%D1%80%D0%B2%D0%B0%D1%8F%20-%20%D0%A4%D0%BE%D0%BD%D0%B4%20%D0%98%D0%BD%D0%B4%D0%B5%D0%BA%D1%81%20%D0%9C%D0%BE%D1%81%D0%91%D0%B8%D1%80%D0%B6%D0%B8%20%D0%90%D0%B9%D0%9F%D0%B8%D0%9E%20_%D0%A1%D0%BF%D1%80%D0%B0%D0%B2%D0%BA%D0%B0%20%D0%BE%20%D1%81%D1%82%D0%BE%D0%B8%D0%BC%D0%BE%D1%81%D1%82%D0%B8%20%D1%87%D0%B8%D1%81%D1%82%D1%8B%D1%85%20%D0%B0%D0%BA%D1%82%D0%B8%D0%B2%D0%BE%D0%B2_%D0%B7%D0%B0_%D0%BE%D0%BA%D1%82%D1%8F%D0%B1%D1%80%D1%8C_2024%20%D0%B3.PDF,raw/Первая/Фонд IPO - SIPO/2024-10-31.pdf
Первая,Фонд IPO - SIPO,2024-11-30,https://www.first-am.ru/download/19753/%D0%91%D0%9F%D0%98%D0%A4%20%D0%A0%D0%A4%D0%98%20%20%D0%9F%D0%B5%D1%80%D0%B2%D0%B0%D1%8F%20-%20%D0%A4%D0%BE%D0%BD%D0%B4%20%D0%98%D0%BD%D0%B4%D0%B5%D0%BA%D1%81%20%D0%9C%D0%BE%D1%81%D0%91%D0%B8%D1%80%D0%B6%D0%B8%20%D0%90%D0%B9%D0%9F%D0%B8%D0%9E%20_%D0%A1%D0%BF%D1%80%D0%B0%D0%B2%D0%BA%D0%B0%20%D0%BE%20%D1%81%D1%82%D0%BE%D0%B8%D0%BC%D0%BE%D1%81%D1%82%D0%B8%20%D1%87%D0%B8%D1%81%D1%82%D1%8B%D1%85%20%D0%B0%D0%BA%D1%82%D0%B8%D0%B2%D0%BE%D0%B2_%D0%B7%D0%B0_%D0%BD%D0%BE%D1%8F%D0%B1%D1%80%D1%8C_2024%20%D0%B3.PDF,raw/Первая/Фонд IPO - SIPO/2024-11-30.pdf
Первая,Фонд IPO - SIPO,2024-12-31,https://www.first-am.ru/download/20002/%D0%91%D0%9F%D0%98%D0%A4%20%D0%A0%D0%A4%D0%98%20%D0%9F%D0%B5%D1%80%D0%B2%D0%B0%D1%8F%20-%20%D0%A4%D0%BE%D0%BD%D0%B4%20%D0%98%D0%BD%D0%B4%D0%B5%D0%BA%D1%81%20%D0%9C%D0%BE%D1%81%D0%91%D0%B8%D1%80%D0%B6%D0%B8%20%D0%90%D0%B9%D0%9F%D0%B8%D0%9E%20_%D0%A1%D0%BF%D1%80%D0%B0%D0%B2%D0%BA%D0%B0%20%D0%BE%20%D1%81%D1%82%D0%BE%D0%B8%D0%BC%D0%BE%D1%81%D1%82%D0%B8%20%D1%87%D0%B8%D1%81%D1%82%D1%8B%D1%85%20%D0%B0%D0%BA%D1%82%D0%B8%D0%B2%D0%BE%D0%B2_%D0%B7%D0%B0_%D0%B4%D0%B5%D0%BA%D0%B0%D0%B1%D1%80%D1%8C_2024%D0%B3.PDF,raw/Первая/Фонд IPO - SIPO/2024-12-31.pdf
Первая,Фонд IPO - SIPO,2025-01-31,https://www.first-am.ru/download/20550/%D0%91%D0%9F%D0%98%D0%A4%20%D0%A0%D0%A4%D0%98%20%D0%9F%D0%B5%D1%80%D0%B2%D0%B0%D1%8F%20-%20%D0%A4%D0%BE%D0%BD%D0%B4%20%D0%98%D0%BD%D0%B4%D0%B5%D0%BA%D1%81%20%D0%9C%D0%BE%D1%81%D0%91%D0%B8%D1%80%D0%B6%D0%B8%20%D0%90%D0%B9%D0%9F%D0%B8%D0%9E%20_%D0%A1%D0%BF%D1%80%D0%B0%D0%B2%D0%BA%D0%B0%20%D0%BE%20%D1%81%D1%82%D0%BE%D0%B8%D0%BC%D0%BE%D1%81%D1%82%D0%B8%20%D1%87%D0%B8%D1%81%D1%82%D1%8B%D1%85%20%D0%B0%D0%BA%D1%82%D0%B8%D0%B2%D0%BE%D0%B2_%D0%B7%D0%B0_%D1%8F%D0%BD%D0%B2%D0%B0%D1%80%D1%8C_2025%D0%B3.PDF,raw/Первая/Фонд IPO - SIPO/2025-01-31.pdf
Первая,Фонд IPO - SIPO,2025-02-28,https://www.first-am.ru/download/20760/%D0%91%D0%9F%D0%98%D0%A4%20%D0%A0%D0%A4%D0%98%20%20%D0%9F%D0%B5%D1%80%D0%B2%D0%B0%D1%8F%20-%20%D0%A4%D0%BE%D0%BD%D0%B4%20%D0%98%D0%BD%D0%B4%D0%B5%D0%BA%D1%81%20%D0%9C%D0%BE%D1%81%D0%91%D0%B8%D1%80%D0%B6%D0%B8%20%D0%90%D0%B9%D0%9F%D0%B8%D0%9E%20_%D0%A1%D0%BF%D1%80%D0%B0%D0%B2%D0%BA%D0%B0%20%D0%BE%20%D1%81%D1%82%D0%BE%D0%B8%D0%BC%D0%BE%D1%81%D1%82%D0%B8%20%D1%87%D0%B8%D1%81%D1%82%D1%8B%D1%85%20%D0%B0%D0%BA%D1%82%D0%B8%D0%B2%D0%BE%D0%B2_%D0%B7%D0%B0_%D1%84%D0%B5%D0%B2%D1%80%D0%B0%D0%BB%D1%8C_2025%D0%B3.PDF,raw/Первая/Фонд IPO - SIPO/2025-02-28.pdf
Первая,Фонд IPO - SIPO,2025-03-31,https://www.first-am.ru/download/21146/%D0%91%D0%9F%D0%98%D0%A4%20%D0%A0%D0%A4%D0%98%20%D0%9F%D0%B5%D1%80%D0%B2%D0%B0%D1%8F%20-%20%D0%A4%D0%BE%D0%BD%D0%B4%20%D0%98%D0%BD%D0%B4%D0%B5%D0%BA%D1%81%20%D0%9C%D0%BE%D1%81%D0%91%D0%B8%D1%80%D0%B6%D0%B8%20%D0%90%D0%B9%D0%9F%D0%B8%D0%9E%20_%D0%A1%D0%BF%D1%80%D0%B0%D0%B2%D0%BA%D0%B0%20%D0%BE%20%D1%81%D1%82%D0%BE%D0%B8%D0%BC%D0%BE%D1%81%D1%82%D0%B8%20%D1%87%D0%B8%D1%81%D1%82%D1%8B%D1%85%20%D0%B0%D0%BA%D1%82%D0%B8%D0%B2%D0%BE%D0%B2_%D0%B7%D0%B0_%D0%BC%D0%B0%D1%80%D1%82_2025%D0%B3.PDF,raw/Первая/Фонд IPO - SIPO/2025-03-31.pdf
Первая,Фонд IPO - SIPO,2025-04-30,https://www.first-am.ru/download/21393/%D0%91%D0%9F%D0%98%D0%A4%20%D0%A0%D0%A4%D0%98%20%D0%9F%D0%B5%D1%80%D0%B2%D0%B0%D1%8F%20-%20%D0%A4%D0%BE%D0%BD%D0%B4%20%D0%98%D0%BD%D0%B4%D0%B5%D0%BA%D1%81%20%D0%9C%D0%BE%D1%81%D0%91%D0%B8%D1%80%D0%B6%D0%B8%20%D0%90%D0%B9%D0%9F%D0%B8%D0%9E%20_%D0%A1%D0%BF%D1%80%D0%B0%D0%B2%D0%BA%D0%B0%20%D0%BE%20%D1%81%D1%82%D0%BE%D0%B8%D0%BC%D0%BE%D1%81%D1%82%D0%B8%20%D1%87%D0%B8%D1%81%D1%82%D1%8B%D1%85%20%D0%B0%D0%BA%D1%82%D0%B8%D0%B2%D0%BE%D0%B2_%D0%B7%D0%B0_%D0%B0%D0%BF%D1%80%D0%B5%D0%BB%D1%8C_2025%D0%B3.PDF,raw/Первая/Фонд IPO - SIPO/2025-04-30.pdf
Первая,Фонд IPO - SIPO,2025-05-31,https://www.first-am.ru/download/21721/%D0%91%D0%9F%D0%98%D0%A4%20%D0%A0%D0%A4%D0%98%20%D0%9F%D0%B5%D1%80%D0%B2%D0%B0%D1%8F%20-%20%D0%A4%D0%BE%D0%BD%D0%B4%20%D0%98%D0%BD%D0%B4%D0%B5%D0%BA%D1%81%20%D0%9C%D0%BE%D1%81%D0%91%D0%B8%D1%80%D0%B6%D0%B8%20%D0%90%D0%B9%D0%9F%D0%B8%D0%9E%20_%D0%A1%D0%BF%D1%80%D0%B0%D0%B2%D0%BA%D0%B0%20%D0%BE%20%D1%81%D1%82%D0%BE%D0%B8%D0%BC%D0%BE%D1%81%D1%82%D0%B8%20%D1%87%D0%B8%D1%81%D1%82%D1%8B%D1%85%20%D0%B0%D0%BA%D1%82%D0%B8%D0%B2%D0%BE%D0%B2_%D0%B7%D0%B0_%D0%BC%D0%B0%D0%B9_2025%D0%B3.PDF,raw/Первая/Фонд IPO - SIPO/2025-05-31.pdf
Первая,Фонд IPO - SIPO,2025-06-30,https://www.first-am.ru/download/21956/%D0%91%D0%9F%D0%98%D0%A4%20%D0%A0%D0%A4%D0%98%20%D0%9F%D0%B5%D1%80%D0%B2%D0%B0%D1%8F%20-%20%D0%A4%D0%BE%D0%BD%D0%B4%20%D0%98%D0%BD%D0%B4%D0%B5%D0%BA%D1%81%20%D0%9C%D0%BE%D1%81%D0%91%D0%B8%D1%80%D0%B6%D0%B8%20%D0%90%D0%B9%D0%9F%D0%B8%D0%9E%20_%D0%A1%D0%BF%D1%80%D0%B0%D0%B2%D0%BA%D0%B0%20%D0%BE%20%D1%81%D1%82%D0%BE%D0%B8%D0%BC%D0%BE%D1%81%D1%82%D0%B8%20%D1%87%D0%B8%D1%81%D1%82%D1%8B%D1%85%20%D0%B0%D0%BA%D1%82%D0%B8%D0%B2%D0%BE%D0%B2_%D0%B7%D0%B0_%D0%B8%D1%8E%D0%BD%D1%8C_2025%D0%B3.PDF,raw/Первая/Фонд IPO - SIPO/2025-06-30.pdf
Первая,Фонд IPO - SIPO,2025-07-31,https://www.first-am.ru/download/22170/%D0%91%D0%9F%D0%98%D0%A4%20%D0%A0%D0%A4%D0%98%20%D0%9F%D0%B5%D1%80%D0%B2%D0%B0%D1%8F%20-%20%D0%A4%D0%BE%D0%BD%D0%B4%20%D0%90%D0%B9%D0%9F%D0%B8%D0%9E%20_%D0%A1%D0%BF%D1%80%D0%B0%D0%B2%D0%BA%D0%B0%20%D0%BE%20%D1%81%D1%82%D0%BE%D0%B8%D0%BC%D0%BE%D1%81%D1%82%D0%B8%20%D1%87%D0%B8%D1%81%D1%82%D1%8B%D1%85%20%D0%B0%D0%BA%D1%82%D0%B8%D0%B2%D0%BE%D0%B2_%D0%B7%D0%B0_%D0%B8%D1%8E%D0%BB%D1%8C_2025%D0%B3.PDF,raw/Первая/Фонд IPO - SIPO/2025-07-31.pdf
Первая,Фонд IPO - SIPO,2025-08-31,https://www.first-am.ru/download/22557/%D0%91%D0%9F%D0%98%D0%A4%20%D0%A0%D0%A4%D0%98%20%D0%9F%D0%B5%D1%80%D0%B2%D0%B0%D1%8F%20-%20%D0%A4%D0%BE%D0%BD%D0%B4%20%D0%90%D0%B9%D0%9F%D0%B8%D0%9E%20_%D0%A1%D0%BF%D1%80%D0%B0%D0%B2%D0%BA%D0%B0%20%D0%BE%20%D1%81%D1%82%D0%BE%D0%B8%D0%BC%D0%BE%D1%81%D1%82%D0%B8%20%D1%87%D0%B8%D1%81%D1%82%D1%8B%D1%85%20%D0%B0%D0%BA%D1%82%D0%B8%D0%B2%D0%BE%D0%B2_%D0%B7%D0%B0_%D0%B0%D0%B2%D0%B3%D1%83%D1%81%D1%82_2025%D0%B3.PDF,raw/Первая/Фонд IPO - SIPO/2025-08-31.pdf
Первая,Фонд IPO - SIPO,2025-09-30,https://www.first-am.ru/download/23000/%D0%91%D0%9F%D0%98%D0%A4%20%D0%A0%D0%A4%D0%98%20%D0%9F%D0%B5%D1%80%D0%B2%D0%B0%D1%8F%20-%20%D0%A4%D0%BE%D0%BD%D0%B4%20%D0%90%D0%B9%D0%9F%D0%B8%D0%9E%20_%D0%A1%D0%BF%D1%80%D0%B0%D0%B2%D0%BA%D0%B0%20%D0%BE%20%D1%81%D1%82%D0%BE%D0%B8%D0%BC%D0%BE%D1%81%D1%82%D0%B8%20%D1%87%D0%B8%D1%81%D1%82%D1%8B%D1%85%20%D0%B0%D0%BA%D1%82%D0%B8%D0%B2%D0%BE%D0%B2_%D0%B7%D0%B0_%D1%81%D0%B5%D0%BD%D1%82%D1%8F%D0%B1%D1%80%D1%8C_2025%D0%B3.PDF,raw/Первая/Фонд IPO - SIPO/2025-09-30.pdf
Первая,Фонд IPO - SIPO,2025-10-31,https://www.first-am.ru/download/23267/%D0%91%D0%9F%D0%98%D0%A4%20%D0%A0%D0%A4%D0%98%20%D0%9F%D0%B5%D1%80%D0%B2%D0%B0%D1%8F%20-%20%D0%A4%D0%BE%D0%BD%D0%B4%20%D0%90%D0%B9%D0%9F%D0%B8%D0%9E%20_%D0%A1%D0%BF%D1%80%D0%B0%D0%B2%D0%BA%D0%B0%20%D0%BE%20%D1%81%D1%82%D0%BE%D0%B8%D0%BC%D0%BE%D1%81%D1%82%D0%B8%20%D1%87%D0%B8%D1%81%D1%82%D1%8B%D1%85%20%D0%B0%D0%BA%D1%82%D0%B8%D0%B2%D0%BE%D0%B2_%D0%B7%D0%B0_%D0%BE%D0%BA%D1%82%D1%8F%D0%B1%D1%80%D1%8C_2025%D0%B3.PDF,raw/Первая/Фонд IPO - SIPO/2025-10-31.pdf
Первая,Фонд IPO - SIPO,2025-11-30,https://www.first-am.ru/download/23639/%D0%91%D0%9F%D0%98%D0%A4%20%D0%A0%D0%A4%D0%98%20%D0%9F%D0%B5%D1%80%D0%B2%D0%B0%D1%8F%20-%20%D0%A4%D0%BE%D0%BD%D0%B4%20%D0%90%D0%B9%D0%9F%D0%B8%D0%9E%20_%D0%A1%D0%BF%D1%80%D0%B0%D0%B2%D0%BA%D0%B0%20%D0%BE%20%D1%81%D1%82%D0%BE%D0%B8%D0%BC%D0%BE%D1%81%D1%82%D0%B8%20%D1%87%D0%B8%D1%81%D1%82%D1%8B%D1%85%20%D0%B0%D0%BA%D1%82%D0%B8%D0%B2%D0%BE%D0%B2_%D0%B7%D0%B0_%D0%BD%D0%BE%D1%8F%D0%B1%D1%80%D1%8C_2025%D0%B3.pdf,raw/Первая/Фонд IPO - SIPO/2025-11-30.pdf
Первая,Фонд IPO - SIPO,2025-12-31,https://www.first-am.ru/download/23896/%D0%91%D0%9F%D0%98%D0%A4%20%D0%A0%D0%A4%D0%98%20%D0%9F%D0%B5%D1%80%D0%B2%D0%B0%D1%8F%20-%20%D0%A4%D0%BE%D0%BD%D0%B4%20%D0%90%D0%B9%D0%9F%D0%B8%D0%9E%20_%D0%A1%D0%BF%D1%80%D0%B0%D0%B2%D0%BA%D0%B0%20%D0%BE%20%D1%81%D1%82%D0%BE%D0%B8%D0%BC%D0%BE%D1%81%D1%82%D0%B8%20%D1%87%D0%B8%D1%81%D1%82%D1%8B%D1%85%20%D0%B0%D0%BA%D1%82%D0%B8%D0%B2%D0%BE%D0%B2_%D0%B7%D0%B0_%D0%B4%D0%B5%D0%BA%D0%B0%D0%B1%D1%80%D1%8C_2025%D0%B3.PDF,raw/Первая/Фонд IPO - SIPO/2025-12-31.pdf
Первая,Фонд IPO - SIPO,2026-01-31,https://www.first-am.ru/download/24162/%D0%91%D0%9F%D0%98%D0%A4%20%D0%A0%D0%A4%D0%98%20%D0%9F%D0%B5%D1%80%D0%B2%D0%B0%D1%8F%20%E2%80%93%20%D0%A4%D0%BE%D0%BD%D0%B4%20%D0%90%D0%B9%D0%9F%D0%B8%D0%9E_%D0%A1%D0%BF%D1%80%D0%B0%D0%B2%D0%BA%D0%B0%20%D0%BE%20%D1%81%D1%82%D0%BE%D0%B8%D0%BC%D0%BE%D1%81%D1%82%D0%B8%20%D1%87%D0%B8%D1%81%D1%82%D1%8B%D1%85%20%D0%B0%D0%BA%D1%82%D0%B8%D0%B2%D0%BE%D0%B2_%D0%B7%D0%B0_%D1%8F%D0%BD%D0%B2%D0%B0%D1%80%D1%8C_2026%D0%B3.PDF,raw/Первая/Фонд IPO - SIPO/2026-01-31.pdf
Первая,Фонд IPO - SIPO,2026-02-28,https://www.first-am.ru/download/24486/%D0%91%D0%9F%D0%98%D0%A4%20%D0%A0%D0%A4%D0%98%20%D0%9F%D0%B5%D1%80%D0%B2%D0%B0%D1%8F%20%E2%80%93%20%D0%A4%D0%BE%D0%BD%D0%B4%20%D0%90%D0%B9%D0%9F%D0%B8%D0%9E_%D0%A1%D0%BF%D1%80%D0%B0%D0%B2%D0%BA%D0%B0%20%D0%BE%20%D1%81%D1%82%D0%BE%D0%B8%D0%BC%D0%BE%D1%81%D1%82%D0%B8%20%D1%87%D0%B8%D1%81%D1%82%D1%8B%D1%85%20%D0%B0%D0%BA%D1%82%D0%B8%D0%B2%D0%BE%D0%B2_%D0%B7%D0%B0_%D1%84%D0%B5%D0%B2%D1%80%D0%B0%D0%BB%D1%8C_2026%D0%B3.PDF,raw/Первая/Фонд IPO - SIPO/2026-02-28.pdf
Первая,Фонд IPO - SIPO,2026-03-31,https://www.first-am.ru/download/24831/%D0%91%D0%9F%D0%98%D0%A4%20%D0%A0%D0%A4%D0%98%20%D0%9F%D0%B5%D1%80%D0%B2%D0%B0%D1%8F%20%E2%80%93%20%D0%A4%D0%BE%D0%BD%D0%B4%20%D0%90%D0%B9%D0%9F%D0%B8%D0%9E_%D0%A1%D0%BF%D1%80%D0%B0%D0%B2%D0%BA%D0%B0%20%D0%BE%20%D1%81%D1%82%D0%BE%D0%B8%D0%BC%D0%BE%D1%81%D1%82%D0%B8%20%D1%87%D0%B8%D1%81%D1%82%D1%8B%D1%85%20%D0%B0%D0%BA%D1%82%D0%B8%D0%B2%D0%BE%D0%B2_%D0%B7%D0%B0_%D0%BC%D0%B0%D1%80%D1%82_2026%D0%B3.PDF,raw/Первая/Фонд IPO - SIPO/2026-03-31.pdf
Первая,Фонд IPO - SIPO,2026-04-30,https://www.first-am.ru/download/25094/%D0%91%D0%9F%D0%98%D0%A4%20%D0%A0%D0%A4%D0%98%20%D0%9F%D0%B5%D1%80%D0%B2%D0%B0%D1%8F%20%E2%80%93%20%D0%A4%D0%BE%D0%BD%D0%B4%20%D0%90%D0%B9%D0%9F%D0%B8%D0%9E_%D0%A1%D0%BF%D1%80%D0%B0%D0%B2%D0%BA%D0%B0%20%D0%BE%20%D1%81%D1%82%D0%BE%D0%B8%D0%BC%D0%BE%D1%81%D1%82%D0%B8%20%D1%87%D0%B8%D1%81%D1%82%D1%8B%D1%85%20%D0%B0%D0%BA%D1%82%D0%B8%D0%B2%D0%BE%D0%B2_%D0%B7%D0%B0_%D0%B0%D0%BF%D1%80%D0%B5%D0%BB%D1%8C_2026%D0%B3.PDF,raw/Первая/Фонд IPO - SIPO/2026-04-30.pdf
Первая,Фонд IPO - SIPO,2026-05-31,https://www.first-am.ru/download/25328/%D0%91%D0%9F%D0%98%D0%A4%20%D0%A0%D0%A4%D0%98%20%D0%9F%D0%B5%D1%80%D0%B2%D0%B0%D1%8F%20%E2%80%93%20%D0%A4%D0%BE%D0%BD%D0%B4%20%D0%90%D0%B9%D0%9F%D0%B8%D0%9E_%D0%A1%D0%BF%D1%80%D0%B0%D0%B2%D0%BA%D0%B0%20%D0%BE%20%D1%81%D1%82%D0%BE%D0%B8%D0%BC%D0%BE%D1%81%D1%82%D0%B8%20%D1%87%D0%B8%D1%81%D1%82%D1%8B%D1%85%20%D0%B0%D0%BA%D1%82%D0%B8%D0%B2%D0%BE%D0%B2_%D0%B7%D0%B0_%D0%BC%D0%B0%D0%B9_2026%D0%B3.PDF,raw/Первая/Фонд IPO - SIPO/2026-05-31.pdf
Первая,Фонд IPO - SIPO,2026-06-30,https://www.first-am.ru/download/25703/%D0%91%D0%9F%D0%98%D0%A4%20%D0%A0%D0%A4%D0%98%20%D0%9F%D0%B5%D1%80%D0%B2%D0%B0%D1%8F%20%E2%80%93%20%D0%A4%D0%BE%D0%BD%D0%B4%20%D0%90%D0%B9%D0%9F%D0%B8%D0%9E_%D0%A1%D0%BF%D1%80%D0%B0%D0%B2%D0%BA%D0%B0%20%D0%BE%20%D1%81%D1%82%D0%BE%D0%B8%D0%BC%D0%BE%D1%81%D1%82%D0%B8%20%D1%87%D0%B8%D1%81%D1%82%D1%8B%D1%85%20%D0%B0%D0%BA%D1%82%D0%B8%D0%B2%D0%BE%D0%B2_%D0%B7%D0%B0_%D0%B8%D1%8E%D0%BD%D1%8C_2026%D0%B3.PDF,raw/Первая/Фонд IPO - SIPO/2026-06-30.pdf
Первая,Фонд IPO - SIPO,2026-07-31,https://www.first-am.ru/download/25910/%D0%91%D0%9F%D0%98%D0%A4%20%D0%A0%D0%A4%D0%98%20%D0%9F%D0%B5%D1%80%D0%B2%D0%B0%D1%8F%20%E2%80%93%20%D0%A4%D0%BE%D0%BD%D0%B4%20%D0%90%D0%B9%D0%9F%D0%B8%D0%9E_%D0%A1%D0%BF%D1%80%D0%B0%D0%B2%D0%BA%D0%B0%20%D0%BE%20%D1%81%D1%82%D0%BE%D0%B8%D0%BC%D0%BE%D1%81%D1%82%D0%B8%20%D1%87%D0%B8%D1%81%D1%82%D1%8B%D1%85%20%D0%B0%D0%BA%D1%82%D0%B8%D0%B2%D0%BE%D0%B2_%D0%B7%D0%B0_%D0%B8%D1%8E%D0%BB%D1%8C_2026%D0%B3.PDF,raw/Первая/Фонд IPO - SIPO/2026-07-31.pdf
Первая,Фонд IPO - SIPO,2026-08-31,https://www.first-am.ru/download/26307/%D0%91%D0%9F%D0%98%D0%A4%20%D0%A0%D0%A4%D0%98%20%D0%9F%D0%B5%D1%80%D0%B2%D0%B0%D1%8F%20%E2%80%93%20%D0%A4%D0%BE%D0%BD%D0%B4%20%D0%90%D0%B9%D0%9F%D0%B8%D0%9E_%D0%A1%D0%BF%D1%80%D0%B0%D0%B2%D0%BA%D0%B0%20%D0%BE%20%D1%81%D1%82%D0%BE%D0%B8%D0%BC%D0%BE%D1%81%D1%82%D0%B8%20%D1%87%D0%B8%D1%81%D1%82%D1%8B%D1%85%20%D0%B0%D0%BA%D1%82%D0%B8%D0%B2%D0%BE%D0%B2_%D0%B7%D0%B0_%D0%B0%D0%B2%D0%B3%D1%83%D1%81%D1%82_2026%D0%B3.PDF,raw/Первая/Фонд IPO - SIPO/2026-08-31.pdf
Первая,Фонд Голубые фишки - SBBC,2025-08-31,https://www.first-am.ru/download/22565/%D0%91%D0%9F%D0%98%D0%A4%20%D0%A0%D0%A4%D0%98%20%D0%9F%D0%B5%D1%80%D0%B2%D0%B0%D1%8F%20%E2%80%93%20%D0%A4%D0%BE%D0%BD%D0%B4%20%D0%93%D0%BE%D0%BB%D1%83%D0%B1%D1%8B%D0%B5%20%D1%84%D0%B8%D1%88%D0%BA%D0%B8%20_%D0%A1%D0%BF%D1%80%D0%B0%D0%B2%D0%BA%D0%B0%20%D0%BE%20%D1%81%D1%82%D0%BE%D0%B8%D0%BC%D0%BE%D1%81%D1%82%D0%B8%20%D1%87%D0%B8%D1%81%D1%82%D1%8B%D1%85%20%D0%B0%D0%BA%D1%82%D0%B8%D0%B2%D0%BE%D0%B2_%D0%B7%D0%B0_%D0%B0%D0%B2%D0%B3%D1%83%D1%81%D1%82_2025%D0%B3.PDF,raw/Первая/Фонд Голубые фишки - SBBC/2025-08-31.pdf
Первая,Фонд Голубые фишки - SBBC,2025-09-30,https://www.first-am.ru/download/23008/%D0%91%D0%9F%D0%98%D0%A4%20%D0%A0%D0%A4%D0%98%20%D0%9F%D0%B5%D1%80%D0%B2%D0%B0%D1%8F%20%E2%80%93%20%D0%A4%D0%BE%D0%BD%D0%B4%20%D0%93%D0%BE%D0%BB%D1%83%D0%B1%D1%8B%D0%B5%20%D1%84%D0%B8%D1%88%D0%BA%D0%B8%20_%D0%A1%D0%BF%D1%80%D0%B0%D0%B2%D0%BA%D0%B0%20%D0%BE%20%D1%81%D1%82%D0%BE%D0%B8%D0%BC%D0%BE%D1%81%D1%82%D0%B8%20%D1%87%D0%B8%D1%81%D1%82%D1%8B%D1%85%20%D0%B0%D0%BA%D1%82%D0%B8%D0%B2%D0%BE%D0%B2_%D0%B7%D0%B0_%D1%81%D0%B5%D0%BD%D1%82%D1%8F%D0%B1%D1%80%D1%8C_2025%D0%B3.PDF,raw/Первая/Фонд Голубые фишки - SBBC/2025-09-30.pdf
Первая,Фонд Голубые фишки - SBBC,2025-10-31,https://www.first-am.ru/download/23275/%D0%91%D0%9F%D0%98%D0%A4%20%D0%A0%D0%A4%D0%98%20%D0%9F%D0%B5%D1%80%D0%B2%D0%B0%D1%8F%20%E2%80%93%20%D0%A4%D0%BE%D0%BD%D0%B4%20%D0%93%D0%BE%D0%BB%D1%83%D0%B1%D1%8B%D0%B5%20%D1%84%D0%B8%D1%88%D0%BA%D0%B8%20_%D0%A1%D0%BF%D1%80%D0%B0%D0%B2%D0%BA%D0%B0%20%D0%BE%20%D1%81%D1%82%D0%BE%D0%B8%D0%BC%D0%BE%D1%81%D1%82%D0%B8%20%D1%87%D0%B8%D1%81%D1%82%D1%8B%D1%85%20%D0%B0%D0%BA%D1%82%D0%B8%D0%B2%D0%BE%D0%B2_%D0%B7%D0%B0_%D0%BE%D0%BA%D1%82%D1%8F%D0%B1%D1%80%D1%8C_2025%D0%B3.PDF,raw/Первая/Фонд Голубые фишки - SBBC/2025-10-31.pdf
Первая,Фонд Голубые фишки - SBBC,2025-12-31,https://www.first-am.ru/download/23904/%D0%91%D0%9F%D0%98%D0%A4%20%D0%A0%D0%A4%D0%98%20%D0%9F%D0%B5%D1%80%D0%B2%D0%B0%D1%8F%20%E2%80%93%20%D0%A4%D0%BE%D0%BD%D0%B4%20%D0%93%D0%BE%D0%BB%D1%83%D0%B1%D1%8B%D0%B5%20%D1%84%D0%B8%D1%88%D0%BA%D0%B8%20_%D0%A1%D0%BF%D1%80%D0%B0%D0%B2%D0%BA%D0%B0%20%D0%BE%20%D1%81%D1%82%D0%BE%D0%B8%D0%BC%D0%BE%D1%81%D1%82%D0%B8%20%D1%87%D0%B8%D1%81%D1%82%D1%8B%D1%85%20%D0%B0%D0%BA%D1%82%D0%B8%D0%B2%D0%BE%D0%B2_%D0%B7%D0%B0_%D0%B4%D0%B5%D0%BA%D0%B0%D0%B1%D1%80%D1%8C_2025%D0%B3.PDF,raw/Первая/Фонд Голубые фишки - SBBC/2025-12-31.pdf
Первая,Фонд Голубые фишки - SBBC,2026-01-31,https://www.first-am.ru/download/24170/%D0%91%D0%9F%D0%98%D0%A4%20%D0%A0%D0%A4%D0%98%20%D0%9F%D0%B5%D1%80%D0%B2%D0%B0%D1%8F%20%E2%80%93%20%D0%A4%D0%BE%D0%BD%D0%B4%20%D0%93%D0%BE%D0%BB%D1%83%D0%B1%D1%8B%D0%B5%20%D1%84%D0%B8%D1%88%D0%BA%D0%B8_%D0%A1%D0%BF%D1%80%D0%B0%D0%B2%D0%BA%D0%B0%20%D0%BE%20%D1%81%D1%82%D0%BE%D0%B8%D0%BC%D0%BE%D1%81%D1%82%D0%B8%20%D1%87%D0%B8%D1%81%D1%82%D1%8B%D1%85%20%D0%B0%D0%BA%D1%82%D0%B8%D0%B2%D0%BE%D0%B2_%D0%B7%D0%B0_%D1%8F%D0%BD%D0%B2%D0%B0%D1%80%D1%8C_2026%D0%B3.PDF,raw/Первая/Фонд Голубые фишки - SBBC/2026-01-31.pdf
Первая,Фонд Голубые фишки - SBBC,2026-02-28,https://www.first-am.ru/download/24494/%D0%91%D0%9F%D0%98%D0%A4%20%D0%A0%D0%A4%D0%98%20%D0%9F%D0%B5%D1%80%D0%B2%D0%B0%D1%8F%20%E2%80%93%20%D0%A4%D0%BE%D0%BD%D0%B4%20%D0%93%D0%BE%D0%BB%D1%83%D0%B1%D1%8B%D0%B5%20%D1%84%D0%B8%D1%88%D0%BA%D0%B8_%D0%A1%D0%BF%D1%80%D0%B0%D0%B2%D0%BA%D0%B0%20%D0%BE%20%D1%81%D1%82%D0%BE%D0%B8%D0%BC%D0%BE%D1%81%D1%82%D0%B8%20%D1%87%D0%B8%D1%81%D1%82%D1%8B%D1%85%20%D0%B0%D0%BA%D1%82%D0%B8%D0%B2%D0%BE%D0%B2_%D0%B7%D0%B0_%D1%84%D0%B5%D0%B2%D1%80%D0%B0%D0%BB%D1%8C_2026%D0%B3.PDF,raw/Первая/Фонд Голубые фишки - SBBC/2026-02-28.pdf
Первая,Фонд Акции средней и малой капитализации - SBSC,2023-10-31,https://www.first-am.ru/download/14846/%D0%91%D0%9F%D0%98%D0%A4%20%D0%A0%D0%A4%D0%98%20%20%D0%9F%D0%B5%D1%80%D0%B2%D0%B0%D1%8F%20-%20%D0%A4%D0%BE%D0%BD%D0%B4%20%D0%90%D0%BA%D1%86%D0%B8%D0%B8%20%D1%81%D1%80%D0%B5%D0%B4%D0%BD%D0%B5%D0%B9%20%D0%B8%20%D0%BC%D0%B0%D0%BB%D0%BE%D0%B9%20%D0%BA%D0%B0%D0%BF%D0%B8%D1%82%D0%B0%D0%BB%D0%B8%D0%B7%D0%B0%D1%86%D0%B8%D0%B8%20_%D0%A1%D0%BF%D1%80%D0%B0%D0%B2%D0%BA%D0%B0%20%D0%BE%20%D1%81%D1%82%D0%BE%D0%B8%D0%BC%D0%BE%D1%81%D1%82%D0%B8%20%D1%87%D0%B8%D1%81%D1%82%D1%8B%D1%85%20%D0%B0%D0%BA%D1%82%D0%B8%D0%B2%D0%BE%D0%B2_%D0%B7%D0%B0_%D0%BE%D0%BA%D1%82%D1%8F%D0%B1%D1%80%D1%8C_2023%20%D0%B3..PDF,raw/Первая/Фонд Акции средней и малой капитализации - SBSC/2023-10-31.pdf
Первая,Фонд Акции средней и малой капитализации - SBSC,2023-11-30,https://www.first-am.ru/download/15787/%D0%91%D0%9F%D0%98%D0%A4%20%D0%A0%D0%A4%D0%98%20%20%D0%9F%D0%B5%D1%80%D0%B2%D0%B0%D1%8F%20-%20%D0%A4%D0%BE%D0%BD%D0%B4%20%D0%90%D0%BA%D1%86%D0%B8%D0%B8%20%D1%81%D1%80%D0%B5%D0%B4%D0%BD%D0%B5%D0%B9%20%D0%B8%20%D0%BC%D0%B0%D0%BB%D0%BE%D0%B9%20%D0%BA%D0%B0%D0%BF%D0%B8%D1%82%D0%B0%D0%BB%D0%B8%D0%B7%D0%B0%D1%86%D0%B8%D0%B8%20_%D0%A1%D0%BF%D1%80%D0%B0%D0%B2%D0%BA%D0%B0%20%D0%BE%20%D1%81%D1%82%D0%BE%D0%B8%D0%BC%D0%BE%D1%81%D1%82%D0%B8%20%D1%87%D0%B8%D1%81%D1%82%D1%8B%D1%85%20%D0%B0%D0%BA%D1%82%D0%B8%D0%B2%D0%BE%D0%B2_%D0%B7%D0%B0_%D0%BD%D0%BE%D1%8F%D0%B1%D1%80%D1%8C_2023%20%D0%B3..PDF,raw/Первая/Фонд Акции средней и малой капитализации - SBSC/2023-11-30.pdf
Первая,Фонд Голубые фишки - SBBC,2026-03-31,https://www.first-am.ru/download/24837/%D0%91%D0%9F%D0%98%D0%A4%20%D0%A0%D0%A4%D0%98%20%D0%9F%D0%B5%D1%80%D0%B2%D0%B0%D1%8F%20%E2%80%93%20%D0%A4%D0%BE%D0%BD%D0%B4%20%D0%93%D0%BE%D0%BB%D1%83%D0%B1%D1%8B%D0%B5%20%D1%84%D0%B8%D1%88%D0%BA%D0%B8_%D0%A1%D0%BF%D1%80%D0%B0%D0%B2%D0%BA%D0%B0%20%D0%BE%20%D1%81%D1%82%D0%BE%D0%B8%D0%BC%D0%BE%D1%81%D1%82%D0%B8%20%D1%87%D0%B8%D1%81%D1%82%D1%8B%D1%85%20%D0%B0%D0%BA%D1%82%D0%B8%D0%B2%D0%BE%D0%B2_%D0%B7%D0%B0_%D0%BC%D0%B0%D1%80%D1%82_2026%D0%B3.PDF,raw/Первая/Фонд Голубые фишки - SBBC/2026-03-31.pdf
Первая,Фонд Голубые фишки - SBBC,2026-04-30,https://www.first-am.ru/download/25102/%D0%91%D0%9F%D0%98%D0%A4%20%D0%A0%D0%A4%D0%98%20%D0%9F%D0%B5%D1%80%D0%B2%D0%B0%D1%8F%20%E2%80%93%20%D0%A4%D0%BE%D0%BD%D0%B4%20%D0%93%D0%BE%D0%BB%D1%83%D0%B1%D1%8B%D0%B5%20%D1%84%D0%B8%D1%88%D0%BA%D0%B8_%D0%A1%D0%BF%D1%80%D0%B0%D0%B2%D0%BA%D0%B0%20%D0%BE%20%D1%81%D1%82%D0%BE%D0%B8%D0%BC%D0%BE%D1%81%D1%82%D0%B8%20%D1%87%D0%B8%D1%81%D1%82%D1%8B%D1%85%20%D0%B0%D0%BA%D1%82%D0%B8%D0%B2%D0%BE%D0%B2_%D0%B7%D0%B0_%D0%B0%D0%BF%D1%80%D0%B5%D0%BB%D1%8C_2026%D0%B3.PDF,raw/Первая/Фонд Голубые фишки - SBBC/2026-04-30.pdf
Первая,Фонд Голубые фишки - SBBC,2026-05-31,https://www.first-am.ru/download/25336/%D0%91%D0%9F%D0%98%D0%A4%20%D0%A0%D0%A4%D0%98%20%D0%9F%D0%B5%D1%80%D0%B2%D0%B0%D1%8F%20%E2%80%93%20%D0%A4%D0%BE%D0%BD%D0%B4%20%D0%93%D0%BE%D0%BB%D1%83%D0%B1%D1%8B%D0%B5%20%D1%84%D0%B8%D1%88%D0%BA%D0%B8_%D0%A1%D0%BF%D1%80%D0%B0%D0%B2%D0%BA%D0%B0%20%D0%BE%20%D1%81%D1%82%D0%BE%D0%B8%D0%BC%D0%BE%D1%81%D1%82%D0%B8%20%D1%87%D0%B8%D1%81%D1%82%D1%8B%D1%85%20%D0%B0%D0%BA%D1%82%D0%B8%D0%B2%D0%BE%D0%B2_%D0%B7%D0%B0_%D0%BC%D0%B0%D0%B9_2026%D0%B3.PDF,raw/Первая/Фонд Голубые фишки - SBBC/2026-05-31.pdf
Первая,Фонд Голубые фишки - SBBC,2026-06-30,https://www.first-am.ru/download/25694/%D0%91%D0%9F%D0%98%D0%A4%20%D0%A0%D0%A4%D0%98%20%D0%9F%D0%B5%D1%80%D0%B2%D0%B0%D1%8F%20%E2%80%93%20%D0%A4%D0%BE%D0%BD%D0%B4%20%D0%93%D0%BE%D0%BB%D1%83%D0%B1%D1%8B%D0%B5%20%D1%84%D0%B8%D1%88%D0%BA%D0%B8_%D0%A1%D0%BF%D1%80%D0%B0%D0%B2%D0%BA%D0%B0%20%D0%BE%20%D1%81%D1%82%D0%BE%D0%B8%D0%BC%D0%BE%D1%81%D1%82%D0%B8%20%D1%87%D0%B8%D1%81%D1%82%D1%8B%D1%85%20%D0%B0%D0%BA%D1%82%D0%B8%D0%B2%D0%BE%D0%B2_%D0%B7%D0%B0_%D0%B8%D1%8E%D0%BD%D1%8C_2026%D0%B3.PDF,raw/Первая/Фонд Голубые фишки - SBBC/2026-06-30.pdf
Первая,Фонд Голубые фишки - SBBC,2026-07-31,https://www.first-am.ru/download/25917/%D0%91%D0%9F%D0%98%D0%A4%20%D0%A0%D0%A4%D0%98%20%D0%9F%D0%B5%D1%80%D0%B2%D0%B0%D1%8F%20%E2%80%93%20%D0%A4%D0%BE%D0%BD%D0%B4%20%D0%93%D0%BE%D0%BB%D1%83%D0%B1%D1%8B%D0%B5%20%D1%84%D0%B8%D1%88%D0%BA%D0%B8_%D0%A1%D0%BF%D1%80%D0%B0%D0%B2%D0%BA%D0%B0%20%D0%BE%20%D1%81%D1%82%D0%BE%D0%B8%D0%BC%D0%BE%D1%81%D1%82%D0%B8%20%D1%87%D0%B8%D1%81%D1%82%D1%8B%D1%85%20%D0%B0%D0%BA%D1%82%D0%B8%D0%B2%D0%BE%D0%B2_%D0%B7%D0%B0_%D0%B8%D1%8E%D0%BB%D1%8C_2026%D0%B3.PDF,raw/Первая/Фонд Голубые фишки - SBBC/2026-07-31.pdf
Первая,Фонд Голубые фишки - SBBC,2026-08-31,https://www.first-am.ru/download/26315/%D0%91%D0%9F%D0%98%D0%A4%20%D0%A0%D0%A4%D0%98%20%D0%9F%D0%B5%D1%80%D0%B2%D0%B0%D1%8F%20%E2%80%93%20%D0%A4%D0%BE%D0%BD%D0%B4%20%D0%93%D0%BE%D0%BB%D1%83%D0%B1%D1%8B%D0%B5%20%D1%84%D0%B8%D1%88%D0%BA%D0%B8_%D0%A1%D0%BF%D1%80%D0%B0%D0%B2%D0%BA%D0%B0%20%D0%BE%20%D1%81%D1%82%D0%BE%D0%B8%D0%BC%D0%BE%D1%81%D1%82%D0%B8%20%D1%87%D0%B8%D1%81%D1%82%D1%8B%D1%85%20%D0%B0%D0%BA%D1%82%D0%B8%D0%B2%D0%BE%D0%B2_%D0%B7%D0%B0_%D0%B0%D0%B2%D0%B3%D1%83%D1%81%D1%82_2026%D0%B3.PDF,raw/Первая/Фонд Голубые фишки - SBBC/2026-08-31.pdf
Первая,Фонд Акции средней и малой капитализации - SBSC,2023-12-31,https://www.first-am.ru/download/16268/%D0%91%D0%9F%D0%98%D0%A4%20%D0%A0%D0%A4%D0%98%20%20%D0%9F%D0%B5%D1%80%D0%B2%D0%B0%D1%8F%20-%20%D0%A4%D0%BE%D0%BD%D0%B4%20%D0%90%D0%BA%D1%86%D0%B8%D0%B8%20%D1%81%D1%80%D0%B5%D0%B4%D0%BD%D0%B5%D0%B9%20%D0%B8%20%D0%BC%D0%B0%D0%BB%D0%BE%D0%B9%20%D0%BA%D0%B0%D0%BF%D0%B8%D1%82%D0%B0%D0%BB%D0%B8%D0%B7%D0%B0%D1%86%D0%B8%D0%B8%20_%D0%A1%D0%BF%D1%80%D0%B0%D0%B2%D0%BA%D0%B0%20%D0%BE%20%D1%81%D1%82%D0%BE%D0%B8%D0%BC%D0%BE%D1%81%D1%82%D0%B8%20%D1%87%D0%B8%D1%81%D1%82%D1%8B%D1%85%20%D0%B0%D0%BA%D1%82%D0%B8%D0%B2%D0%BE%D0%B2_%D0%B7%D0%B0_%D0%B4%D0%B5%D0%BA%D0%B0%D0%B1%D1%80%D1%8C_2023%20%D0%B3..PDF,raw/Первая/Фонд Акции средней и малой капитализации - SBSC/2023-12-31.pdf
Первая,Фонд Акции средней и малой капитализации - SBSC,2024-01-31,https://www.first-am.ru/download/16510/%D0%91%D0%9F%D0%98%D0%A4%20%D0%A0%D0%A4%D0%98%20%20%D0%9F%D0%B5%D1%80%D0%B2%D0%B0%D1%8F%20-%20%D0%A4%D0%BE%D0%BD%D0%B4%20%D0%90%D0%BA%D1%86%D0%B8%D0%B8%20%D1%81%D1%80%D0%B5%D0%B4%D0%BD%D0%B5%D0%B9%20%D0%B8%20%D0%BC%D0%B0%D0%BB%D0%BE%D0%B9%20%D0%BA%D0%B0%D0%BF%D0%B8%D1%82%D0%B0%D0%BB%D0%B8%D0%B7%D0%B0%D1%86%D0%B8%D0%B8%20_%D0%A1%D0%BF%D1%80%D0%B0%D0%B2%D0%BA%D0%B0%20%D0%BE%20%D1%81%D1%82%D0%BE%D0%B8%D0%BC%D0%BE%D1%81%D1%82%D0%B8%20%D1%87%D0%B8%D1%81%D1%82%D1%8B%D1%85%20%D0%B0%D0%BA%D1%82%D0%B8%D0%B2%D0%BE%D0%B2_%D0%B7%D0%B0_%D1%8F%D0%BD%D0%B2%D0%B0%D1%80%D1%8C_2024%20%D0%B3..PDF,raw/Первая/Фонд Акции средней и малой капитализации - SBSC/2024-01-31.pdf
Первая,Фонд Акции средней и малой капитализации - SBSC,2024-02-29,https://www.first-am.ru/download/17004/%D0%91%D0%9F%D0%98%D0%A4%20%D0%A0%D0%A4%D0%98%20%20%D0%9F%D0%B5%D1%80%D0%B2%D0%B0%D1%8F%20-%20%D0%A4%D0%BE%D0%BD%D0%B4%20%D0%90%D0%BA%D1%86%D0%B8%D0%B8%20%D1%81%D1%80%D0%B5%D0%B4%D0%BD%D0%B5%D0%B9%20%D0%B8%20%D0%BC%D0%B0%D0%BB%D0%BE%D0%B9%20%D0%BA%D0%B0%D0%BF%D0%B8%D1%82%D0%B0%D0%BB%D0%B8%D0%B7%D0%B0%D1%86%D0%B8%D0%B8%20_%D0%A1%D0%BF%D1%80%D0%B0%D0%B2%D0%BA%D0%B0%20%D0%BE%20%D1%81%D1%82%D0%BE%D0%B8%D0%BC%D0%BE%D1%81%D1%82%D0%B8%20%D1%87%D0%B8%D1%81%D1%82%D1%8B%D1%85%20%D0%B0%D0%BA%D1%82%D0%B8%D0%B2%D0%BE%D0%B2_%D0%B7%D0%B0_%D1%84%D0%B5%D0%B2%D1%80%D0%B0%D0%BB%D1%8C_2024%20%D0%B3..PDF,raw/Первая/Фонд Акции средней и малой капитализации - SBSC/2024-02-29.pdf
Первая,Фонд Акции средней и малой капитализации - SBSC,2024-03-31,https://www.first-am.ru/download/17307/%D0%91%D0%9F%D0%98%D0%A4%20%D0%A0%D0%A4%D0%98%20%20%D0%9F%D0%B5%D1%80%D0%B2%D0%B0%D1%8F%20-%20%D0%A4%D0%BE%D0%BD%D0%B4%20%D0%90%D0%BA%D1%86%D0%B8%D0%B8%20%D1%81%D1%80%D0%B5%D0%B4%D0%BD%D0%B5%D0%B9%20%D0%B8%20%D0%BC%D0%B0%D0%BB%D0%BE%D0%B9%20%D0%BA%D0%B0%D0%BF%D0%B8%D1%82%D0%B0%D0%BB%D0%B8%D0%B7%D0%B0%D1%86%D0%B8%D0%B8%20__%D0%A1%D0%BF%D1%80%D0%B0%D0%B2%D0%BA%D0%B0%20%D0%BE%20%D1%81%D1%82%D0%BE%D0%B8%D0%BC%D0%BE%D1%81%D1%82%D0%B8%20%D1%87%D0%B8%D1%81%D1%82%D1%8B%D1%85%20%D0%B0%D0%BA%D1%82%D0%B8%D0%B2%D0%BE%D0%B2_%D0%B7%D0%B0_%D0%BC%D0%B0%D1%80%D1%82_2024%20%D0%B3..PDF,raw/Первая/Фонд Акции средней и малой капитализации - SBSC/2024-03-31.pdf
Первая,Фонд Акции средней и малой капитализации - SBSC,2024-04-30,https://www.first-am.ru/download/17627/%D0%91%D0%9F%D0%98%D0%A4%20%D0%A0%D0%A4%D0%98%20%20%D0%9F%D0%B5%D1%80%D0%B2%D0%B0%D1%8F%20-%20%D0%A4%D0%BE%D0%BD%D0%B4%20%D0%90%D0%BA%D1%86%D0%B8%D0%B8%20%D1%81%D1%80%D0%B5%D0%B4%D0%BD%D0%B5%D0%B9%20%D0%B8%20%D0%BC%D0%B0%D0%BB%D0%BE%D0%B9%20%D0%BA%D0%B0%D0%BF%D0%B8%D1%82%D0%B0%D0%BB%D0%B8%D0%B7%D0%B0%D1%86%D0%B8%D0%B8%20_%D0%A1%D0%BF%D1%80%D0%B0%D0%B2%D0%BA%D0%B0%20%D0%BE%20%D1%81%D1%82%D0%BE%D0%B8%D0%BC%D0%BE%D1%81%D1%82%D0%B8%20%D1%87%D0%B8%D1%81%D1%82%D1%8B%D1%85%20%D0%B0%D0%BA%D1%82%D0%B8%D0%B2%D0%BE%D0%B2_%D0%B7%D0%B0_%D0%B0%D0%BF%D1%80%D0%B5%D0%BB%D1%8C_2024%20%D0%B3..PDF,raw/Первая/Фонд Акции средней и малой капитализации - SBSC/2024-04-30.pdf
Первая,Фонд Акции средней и малой капитализации - SBSC,2024-05-31,https://www.first-am.ru/download/17827/%D0%91%D0%9F%D0%98%D0%A4%20%D0%A0%D0%A4%D0%98%20%D0%9F%D0%B5%D1%80%D0%B2%D0%B0%D1%8F%20-%20%D0%A4%D0%BE%D0%BD%D0%B4%20%D0%90%D0%BA%D1%86%D0%B8%D0%B8%20%D1%81%D1%80%D0%B5%D0%B4%D0%BD%D0%B5%D0%B9%20%D0%B8%20%D0%BC%D0%B0%D0%BB%D0%BE%D0%B9%20%D0%BA%D0%B0%D0%BF%D0%B8%D1%82%D0%B0%D0%BB%D0%B8%D0%B7%D0%B0%D1%86%D0%B8%D0%B8%20___%D0%A1%D0%BF%D1%80%D0%B0%D0%B2%D0%BA%D0%B0%20%D0%BE%20%D1%81%D1%82%D0%BE%D0%B8%D0%BC%D0%BE%D1%81%D1%82%D0%B8%20%D1%87%D0%B8%D1%81%D1%82%D1%8B%D1%85%20%D0%B0%D0%BA%D1%82%D0%B8%D0%B2%D0%BE%D0%B2_%D0%B7%D0%B0_%D0%BC%D0%B0%D0%B9_2024%20%D0%B3..PDF,raw/Первая/Фонд Акции средней и малой капитализации - SBSC/2024-05-31.pdf
Первая,Фонд Акции средней и малой капитализации - SBSC,2024-06-30,https://www.first-am.ru/download/18170/%D0%91%D0%9F%D0%98%D0%A4%20%D0%A0%D0%A4%D0%98%20%D0%9F%D0%B5%D1%80%D0%B2%D0%B0%D1%8F%20-%20%D0%A4%D0%BE%D0%BD%D0%B4%20%D0%90%D0%BA%D1%86%D0%B8%D0%B8%20%D1%81%D1%80%D0%B5%D0%B4%D0%BD%D0%B5%D0%B9%20%D0%B8%20%D0%BC%D0%B0%D0%BB%D0%BE%D0%B9%20%D0%BA%D0%B0%D0%BF%D0%B8%D1%82%D0%B0%D0%BB%D0%B8%D0%B7%D0%B0%D1%86%D0%B8%D0%B8%20____%D0%A1%D0%BF%D1%80%D0%B0%D0%B2%D0%BA%D0%B0%20%D0%BE%20%D1%81%D1%82%D0%BE%D0%B8%D0%BC%D0%BE%D1%81%D1%82%D0%B8%20%D1%87%D0%B8%D1%81%D1%82%D1%8B%D1%85%20%D0%B0%D0%BA%D1%82%D0%B8%D0%B2%D0%BE%D0%B2_%D0%B7%D0%B0_%D0%B8%D1%8E%D0%BD%D1%8C_2024%20%D0%B3..PDF,raw/Первая/Фонд Акции средней и малой капитализации - SBSC/2024-06-30.pdf
Первая,Фонд Акции средней и малой капитализации - SBSC,2024-07-31,https://www.first-am.ru/download/18501/%D0%91%D0%9F%D0%98%D0%A4%20%D0%A0%D0%A4%D0%98%20%D0%9F%D0%B5%D1%80%D0%B2%D0%B0%D1%8F%20-%20%D0%A4%D0%BE%D0%BD%D0%B4%20%D0%90%D0%BA%D1%86%D0%B8%D0%B8%20%D1%81%D1%80%D0%B5%D0%B4%D0%BD%D0%B5%D0%B9%20%D0%B8%20%D0%BC%D0%B0%D0%BB%D0%BE%D0%B9%20%D0%BA%D0%B0%D0%BF%D0%B8%D1%82%D0%B0%D0%BB%D0%B8%D0%B7%D0%B0%D1%86%D0%B8%D0%B8%20___%D0%A1%D0%BF%D1%80%D0%B0%D0%B2%D0%BA%D0%B0%20%D0%BE%20%D1%81%D1%82%D0%BE%D0%B8%D0%BC%D0%BE%D1%81%D1%82%D0%B8%20%D1%87%D0%B8%D1%81%D1%82%D1%8B%D1%85%20%D0%B0%D0%BA%D1%82%D0%B8%D0%B2%D0%BE%D0%B2_%D0%B7%D0%B0_%D0%B8%D1%8E%D0%BB%D1%8C_2024%20%D0%B3..PDF,raw/Первая/Фонд Акции средней и малой капитализации - SBSC/2024-07-31.pdf
Первая,Фонд Акции средней и малой капитализации - SBSC,2024-08-31,https://www.first-am.ru/download/18790/%D0%91%D0%9F%D0%98%D0%A4%20%D0%A0%D0%A4%D0%98%20%D0%9F%D0%B5%D1%80%D0%B2%D0%B0%D1%8F%20-%20%D0%A4%D0%BE%D0%BD%D0%B4%20%D0%90%D0%BA%D1%86%D0%B8%D0%B8%20%D1%81%D1%80%D0%B5%D0%B4%D0%BD%D0%B5%D0%B9%20%D0%B8%20%D0%BC%D0%B0%D0%BB%D0%BE%D0%B9%20%D0%BA%D0%B0%D0%BF%D0%B8%D1%82%D0%B0%D0%BB%D0%B8%D0%B7%D0%B0%D1%86%D0%B8%D0%B8%20_%D0%A1%D0%BF%D1%80%D0%B0%D0%B2%D0%BA%D0%B0%20%D0%BE%20%D1%81%D1%82%D0%BE%D0%B8%D0%BC%D0%BE%D1%81%D1%82%D0%B8%20%D1%87%D0%B8%D1%81%D1%82%D1%8B%D1%85%20%D0%B0%D0%BA%D1%82%D0%B8%D0%B2%D0%BE%D0%B2_%D0%B7%D0%B0_%D0%B0%D0%B2%D0%B3%D1%83%D1%81%D1%82_2024%20%D0%B3..PDF,raw/Первая/Фонд Акции средней и малой капитализации - SBSC/2024-08-31.pdf
Первая,Фонд Акции средней и малой капитализации - SBSC,2024-09-30,https://www.first-am.ru/download/19099/%D0%91%D0%9F%D0%98%D0%A4%20%D0%A0%D0%A4%D0%98%20%D0%9F%D0%B5%D1%80%D0%B2%D0%B0%D1%8F%20-%20%D0%A4%D0%BE%D0%BD%D0%B4%20%D0%90%D0%BA%D1%86%D0%B8%D0%B8%20%D1%81%D1%80%D0%B5%D0%B4%D0%BD%D0%B5%D0%B9%20%D0%B8%20%D0%BC%D0%B0%D0%BB%D0%BE%D0%B9%20%D0%BA%D0%B0%D0%BF%D0%B8%D1%82%D0%B0%D0%BB%D0%B8%D0%B7%D0%B0%D1%86%D0%B8%D0%B8%20_%D0%A1%D0%BF%D1%80%D0%B0%D0%B2%D0%BA%D0%B0%20%D0%BE%20%D1%81%D1%82%D0%BE%D0%B8%D0%BC%D0%BE%D1%81%D1%82%D0%B8%20%D1%87%D0%B8%D1%81%D1%82%D1%8B%D1%85%20%D0%B0%D0%BA%D1%82%D0%B8%D0%B2%D0%BE%D0%B2_%D0%B7%D0%B0_%D1%81%D0%B5%D0%BD%D1%82%D1%8F%D0%B1%D1%80%D1%8C_2024%20%D0%B3..PDF,raw/Первая/Фонд Акции средней и малой капитализации - SBSC/2024-09-30.pdf
Первая,Фонд Акции средней и малой капитализации - SBSC,2024-10-31,https://www.first-am.ru/download/19539/%D0%91%D0%9F%D0%98%D0%A4%20%D0%A0%D0%A4%D0%98%20%20%D0%9F%D0%B5%D1%80%D0%B2%D0%B0%D1%8F%20-%20%D0%A4%D0%BE%D0%BD%D0%B4%20%D0%90%D0%BA%D1%86%D0%B8%D0%B8%20%D1%81%D1%80%D0%B5%D0%B4%D0%BD%D0%B5%D0%B9%20%D0%B8%20%D0%BC%D0%B0%D0%BB%D0%BE%D0%B9%20%D0%BA%D0%B0%D0%BF%D0%B8%D1%82%D0%B0%D0%BB%D0%B8%D0%B7%D0%B0%D1%86%D0%B8%D0%B8%20_%D0%A1%D0%BF%D1%80%D0%B0%D0%B2%D0%BA%D0%B0%20%D0%BE%20%D1%81%D1%82%D0%BE%D0%B8%D0%BC%D0%BE%D1%81%D1%82%D0%B8%20%D1%87%D0%B8%D1%81%D1%82%D1%8B%D1%85%20%D0%B0%D0%BA%D1%82%D0%B8%D0%B2%D0%BE%D0%B2_%D0%B7%D0%B0_%D0%BE%D0%BA%D1%82%D1%8F%D0%B1%D1%80%D1%8C_2024%20%D0%B3.PDF,raw/Первая/Фонд Акции средней и малой капитализации - SBSC/2024-10-31.pdf
Первая,Фонд Акции средней и малой капитализации - SBSC,2024-11-30,https://www.first-am.ru/download/19739/%D0%91%D0%9F%D0%98%D0%A4%20%D0%A0%D0%A4%D0%98%20%20%D0%9F%D0%B5%D1%80%D0%B2%D0%B0%D1%8F%20-%20%D0%A4%D0%BE%D0%BD%D0%B4%20%D0%90%D0%BA%D1%86%D0%B8%D0%B8%20%D1%81%D1%80%D0%B5%D0%B4%D0%BD%D0%B5%D0%B9%20%D0%B8%20%D0%BC%D0%B0%D0%BB%D0%BE%D0%B9%20%D0%BA%D0%B0%D0%BF%D0%B8%D1%82%D0%B0%D0%BB%D0%B8%D0%B7%D0%B0%D1%86%D0%B8%D0%B8%20_%D0%A1%D0%BF%D1%80%D0%B0%D0%B2%D0%BA%D0%B0%20%D0%BE%20%D1%81%D1%82%D0%BE%D0%B8%D0%BC%D0%BE%D1%81%D1%82%D0%B8%20%D1%87%D0%B8%D1%81%D1%82%D1%8B%D1%85%20%D0%B0%D0%BA%D1%82%D0%B8%D0%B2%D0%BE%D0%B2_%D0%B7%D0%B0_%D0%BD%D0%BE%D1%8F%D0%B1%D1%80%D1%8C_2024%20%D0%B3.PDF,raw/Первая/Фонд Акции средней и малой капитализации - SBSC/2024-11-30.pdf
Первая,Фонд Акции средней и малой капитализации - SBSC,2024-12-31,https://www.first-am.ru/download/19989/%D0%91%D0%9F%D0%98%D0%A4%20%D0%A0%D0%A4%D0%98%20%D0%9F%D0%B5%D1%80%D0%B2%D0%B0%D1%8F%20-%20%D0%A4%D0%BE%D0%BD%D0%B4%20%D0%90%D0%BA%D1%86%D0%B8%D0%B8%20%D1%81%D1%80%D0%B5%D0%B4%D0%BD%D0%B5%D0%B9%20%D0%B8%20%D0%BC%D0%B0%D0%BB%D0%BE%D0%B9%20%D0%BA%D0%B0%D0%BF%D0%B8%D1%82%D0%B0%D0%BB%D0%B8%D0%B7%D0%B0%D1%86%D0%B8%D0%B8%20_%D0%A1%D0%BF%D1%80%D0%B0%D0%B2%D0%BA%D0%B0%20%D0%BE%20%D1%81%D1%82%D0%BE%D0%B8%D0%BC%D0%BE%D1%81%D1%82%D0%B8%20%D1%87%D0%B8%D1%81%D1%82%D1%8B%D1%85%20%D0%B0%D0%BA%D1%82%D0%B8%D0%B2%D0%BE%D0%B2_%D0%B7%D0%B0_%D0%B4%D0%B5%D0%BA%D0%B0%D0%B1%D1%80%D1%8C_2024%D0%B3.PDF,raw/Первая/Фонд Акции средней и малой капитализации - SBSC/2024-12-31.pdf
Первая,Фонд Акции средней и малой капитализации - SBSC,2025-01-31,https://www.first-am.ru/download/20536/%D0%91%D0%9F%D0%98%D0%A4%20%D0%A0%D0%A4%D0%98%20%D0%9F%D0%B5%D1%80%D0%B2%D0%B0%D1%8F%20-%20%D0%A4%D0%BE%D0%BD%D0%B4%20%D0%90%D0%BA%D1%86%D0%B8%D0%B8%20%D1%81%D1%80%D0%B5%D0%B4%D0%BD%D0%B5%D0%B9%20%D0%B8%20%D0%BC%D0%B0%D0%BB%D0%BE%D0%B9%20%D0%BA%D0%B0%D0%BF%D0%B8%D1%82%D0%B0%D0%BB%D0%B8%D0%B7%D0%B0%D1%86%D0%B8%D0%B8%20_%D0%A1%D0%BF%D1%80%D0%B0%D0%B2%D0%BA%D0%B0%20%D0%BE%20%D1%81%D1%82%D0%BE%D0%B8%D0%BC%D0%BE%D1%81%D1%82%D0%B8%20%D1%87%D0%B8%D1%81%D1%82%D1%8B%D1%85%20%D0%B0%D0%BA%D1%82%D0%B8%D0%B2%D0%BE%D0%B2_%D0%B7%D0%B0_%D1%8F%D0%BD%D0%B2%D0%B0%D1%80%D1%8C_2025%D0%B3.PDF,raw/Первая/Фонд Акции средней и малой капитализации - SBSC/2025-01-31.pdf
Первая,Фонд Акции средней и малой капитализации - SBSC,2025-02-28,https://www.first-am.ru/download/20748/%D0%91%D0%9F%D0%98%D0%A4%20%D0%A0%D0%A4%D0%98%20%20%D0%9F%D0%B5%D1%80%D0%B2%D0%B0%D1%8F%20-%20%D0%A4%D0%BE%D0%BD%D0%B4%20%D0%90%D0%BA%D1%86%D0%B8%D0%B8%20%D1%81%D1%80%D0%B5%D0%B4%D0%BD%D0%B5%D0%B9%20%D0%B8%20%D0%BC%D0%B0%D0%BB%D0%BE%D0%B9%20%D0%BA%D0%B0%D0%BF%D0%B8%D1%82%D0%B0%D0%BB%D0%B8%D0%B7%D0%B0%D1%86%D0%B8%D0%B8%20_%D0%A1%D0%BF%D1%80%D0%B0%D0%B2%D0%BA%D0%B0%20%D0%BE%20%D1%81%D1%82%D0%BE%D0%B8%D0%BC%D0%BE%D1%81%D1%82%D0%B8%20%D1%87%D0%B8%D1%81%D1%82%D1%8B%D1%85%20%D0%B0%D0%BA%D1%82%D0%B8%D0%B2%D0%BE%D0%B2_%D0%B7%D0%B0_%D1%84%D0%B5%D0%B2%D1%80%D0%B0%D0%BB%D1%8C_2025%D0%B3.PDF,raw/Первая/Фонд Акции средней и малой капитализации - SBSC/2025-02-28.pdf
Первая,Фонд Акции средней и малой капитализации - SBSC,2025-03-31,https://www.first-am.ru/download/21134/%D0%91%D0%9F%D0%98%D0%A4%20%D0%A0%D0%A4%D0%98%20%D0%9F%D0%B5%D1%80%D0%B2%D0%B0%D1%8F%20-%20%D0%A4%D0%BE%D0%BD%D0%B4%20%D0%90%D0%BA%D1%86%D0%B8%D0%B8%20%D1%81%D1%80%D0%B5%D0%B4%D0%BD%D0%B5%D0%B9%20%D0%B8%20%D0%BC%D0%B0%D0%BB%D0%BE%D0%B9%20%D0%BA%D0%B0%D0%BF%D0%B8%D1%82%D0%B0%D0%BB%D0%B8%D0%B7%D0%B0%D1%86%D0%B8%D0%B8%20_%D0%A1%D0%BF%D1%80%D0%B0%D0%B2%D0%BA%D0%B0%20%D0%BE%20%D1%81%D1%82%D0%BE%D0%B8%D0%BC%D0%BE%D1%81%D1%82%D0%B8%20%D1%87%D0%B8%D1%81%D1%82%D1%8B%D1%85%20%D0%B0%D0%BA%D1%82%D0%B8%D0%B2%D0%BE%D0%B2_%D0%B7%D0%B0_%D0%BC%D0%B0%D1%80%D1%82_2025%D0%B3.PDF,raw/Первая/Фонд Акции средней и малой капитализации - SBSC/2025-03-31.pdf
Первая,Фонд Акции средней и малой капитализации - SBSC,2025-04-30,https://www.first-am.ru/download/21379/%D0%91%D0%9F%D0%98%D0%A4%20%D0%A0%D0%A4%D0%98%20%D0%9F%D0%B5%D1%80%D0%B2%D0%B0%D1%8F%20-%20%D0%A4%D0%BE%D0%BD%D0%B4%20%D0%90%D0%BA%D1%86%D0%B8%D0%B8%20%D1%81%D1%80%D0%B5%D0%B4%D0%BD%D0%B5%D0%B9%20%D0%B8%20%D0%BC%D0%B0%D0%BB%D0%BE%D0%B9%20%D0%BA%D0%B0%D0%BF%D0%B8%D1%82%D0%B0%D0%BB%D0%B8%D0%B7%D0%B0%D1%86%D0%B8%D0%B8%20_%D0%A1%D0%BF%D1%80%D0%B0%D0%B2%D0%BA%D0%B0%20%D0%BE%20%D1%81%D1%82%D0%BE%D0%B8%D0%BC%D0%BE%D1%81%D1%82%D0%B8%20%D1%87%D0%B8%D1%81%D1%82%D1%8B%D1%85%20%D0%B0%D0%BA%D1%82%D0%B8%D0%B2%D0%BE%D0%B2_%D0%B7%D0%B0_%D0%B0%D0%BF%D1%80%D0%B5%D0%BB%D1%8C_2025%D0%B3.PDF,raw/Первая/Фонд Акции средней и малой капитализации - SBSC/2025-04-30.pdf
Первая,Фонд Акции средней и малой капитализации - SBSC,2025-05-31,https://www.first-am.ru/download/21705/%D0%91%D0%9F%D0%98%D0%A4%20%D0%A0%D0%A4%D0%98%20%D0%9F%D0%B5%D1%80%D0%B2%D0%B0%D1%8F%20-%20%D0%A4%D0%BE%D0%BD%D0%B4%20%D0%90%D0%BA%D1%86%D0%B8%D0%B8%20%D1%81%D1%80%D0%B5%D0%B4%D0%BD%D0%B5%D0%B9%20%D0%B8%20%D0%BC%D0%B0%D0%BB%D0%BE%D0%B9%20%D0%BA%D0%B0%D0%BF%D0%B8%D1%82%D0%B0%D0%BB%D0%B8%D0%B7%D0%B0%D1%86%D0%B8%D0%B8%20_%D0%A1%D0%BF%D1%80%D0%B0%D0%B2%D0%BA%D0%B0%20%D0%BE%20%D1%81%D1%82%D0%BE%D0%B8%D0%BC%D0%BE%D1%81%D1%82%D0%B8%20%D1%87%D0%B8%D1%81%D1%82%D1%8B%D1%85%20%D0%B0%D0%BA%D1%82%D0%B8%D0%B2%D0%BE%D0%B2_%D0%B7%D0%B0_%D0%BC%D0%B0%D0%B9_2025%D0%B3.PDF,raw/Первая/Фонд Акции средней и малой капитализации - SBSC/2025-05-31.pdf
Первая,Фонд Акции средней и малой капитализации - SBSC,2025-06-30,https://www.first-am.ru/download/21942/%D0%91%D0%9F%D0%98%D0%A4%20%D0%A0%D0%A4%D0%98%20%D0%9F%D0%B5%D1%80%D0%B2%D0%B0%D1%8F%20-%20%D0%A4%D0%BE%D0%BD%D0%B4%20%D0%90%D0%BA%D1%86%D0%B8%D0%B8%20%D1%81%D1%80%D0%B5%D0%B4%D0%BD%D0%B5%D0%B9%20%D0%B8%20%D0%BC%D0%B0%D0%BB%D0%BE%D0%B9%20%D0%BA%D0%B0%D0%BF%D0%B8%D1%82%D0%B0%D0%BB%D0%B8%D0%B7%D0%B0%D1%86%D0%B8%D0%B8%20_%D0%A1%D0%BF%D1%80%D0%B0%D0%B2%D0%BA%D0%B0%20%D0%BE%20%D1%81%D1%82%D0%BE%D0%B8%D0%BC%D0%BE%D1%81%D1%82%D0%B8%20%D1%87%D0%B8%D1%81%D1%82%D1%8B%D1%85%20%D0%B0%D0%BA%D1%82%D0%B8%D0%B2%D0%BE%D0%B2_%D0%B7%D0%B0_%D0%B8%D1%8E%D0%BD%D1%8C_2025%D0%B3.PDF,raw/Первая/Фонд Акции средней и малой капитализации - SBSC/2025-06-30.pdf
Первая,Фонд Акции средней и малой капитализации - SBSC,2025-07-31,https://www.first-am.ru/download/22172/%D0%91%D0%9F%D0%98%D0%A4%20%D0%A0%D0%A4%D0%98%20%D0%9F%D0%B5%D1%80%D0%B2%D0%B0%D1%8F%20-%20%D0%A4%D0%BE%D0%BD%D0%B4%20%D0%90%D0%BA%D1%86%D0%B8%D0%B8%20%D1%81%D1%80%D0%B5%D0%B4%D0%BD%D0%B5%D0%B9%20%D0%B8%20%D0%BC%D0%B0%D0%BB%D0%BE%D0%B9%20%D0%BA%D0%B0%D0%BF%D0%B8%D1%82%D0%B0%D0%BB%D0%B8%D0%B7%D0%B0%D1%86%D0%B8%D0%B8%20_%D0%A1%D0%BF%D1%80%D0%B0%D0%B2%D0%BA%D0%B0%20%D0%BE%20%D1%81%D1%82%D0%BE%D0%B8%D0%BC%D0%BE%D1%81%D1%82%D0%B8%20%D1%87%D0%B8%D1%81%D1%82%D1%8B%D1%85%20%D0%B0%D0%BA%D1%82%D0%B8%D0%B2%D0%BE%D0%B2_%D0%B7%D0%B0_%D0%B8%D1%8E%D0%BB%D1%8C_2025%D0%B3.PDF,raw/Первая/Фонд Акции средней и малой капитализации - SBSC/2025-07-31.pdf
Первая,Фонд Акции средней и малой капитализации - SBSC,2025-08-31,https://www.first-am.ru/download/22559/%D0%91%D0%9F%D0%98%D0%A4%20%D0%A0%D0%A4%D0%98%20%D0%9F%D0%B5%D1%80%D0%B2%D0%B0%D1%8F%20-%20%D0%A4%D0%BE%D0%BD%D0%B4%20%D0%90%D0%BA%D1%86%D0%B8%D0%B8%20%D1%81%D1%80%D0%B5%D0%B4%D0%BD%D0%B5%D0%B9%20%D0%B8%20%D0%BC%D0%B0%D0%BB%D0%BE%D0%B9%20%D0%BA%D0%B0%D0%BF%D0%B8%D1%82%D0%B0%D0%BB%D0%B8%D0%B7%D0%B0%D1%86%D0%B8%D0%B8%20_%D0%A1%D0%BF%D1%80%D0%B0%D0%B2%D0%BA%D0%B0%20%D0%BE%20%D1%81%D1%82%D0%BE%D0%B8%D0%BC%D0%BE%D1%81%D1%82%D0%B8%20%D1%87%D0%B8%D1%81%D1%82%D1%8B%D1%85%20%D0%B0%D0%BA%D1%82%D0%B8%D0%B2%D0%BE%D0%B2_%D0%B7%D0%B0_%D0%B0%D0%B2%D0%B3%D1%83%D1%81%D1%82_2025%D0%B3.PDF,raw/Первая/Фонд Акции средней и малой капитализации - SBSC/2025-08-31.pdf
Первая,Фонд Акции средней и малой капитализации - SBSC,2025-09-30,https://www.first-am.ru/download/23002/%D0%91%D0%9F%D0%98%D0%A4%20%D0%A0%D0%A4%D0%98%20%D0%9F%D0%B5%D1%80%D0%B2%D0%B0%D1%8F%20-%20%D0%A4%D0%BE%D0%BD%D0%B4%20%D0%90%D0%BA%D1%86%D0%B8%D0%B8%20%D1%81%D1%80%D0%B5%D0%B4%D0%BD%D0%B5%D0%B9%20%D0%B8%20%D0%BC%D0%B0%D0%BB%D0%BE%D0%B9%20%D0%BA%D0%B0%D0%BF%D0%B8%D1%82%D0%B0%D0%BB%D0%B8%D0%B7%D0%B0%D1%86%D0%B8%D0%B8%20_%D0%A1%D0%BF%D1%80%D0%B0%D0%B2%D0%BA%D0%B0%20%D0%BE%20%D1%81%D1%82%D0%BE%D0%B8%D0%BC%D0%BE%D1%81%D1%82%D0%B8%20%D1%87%D0%B8%D1%81%D1%82%D1%8B%D1%85%20%D0%B0%D0%BA%D1%82%D0%B8%D0%B2%D0%BE%D0%B2_%D0%B7%D0%B0_%D1%81%D0%B5%D0%BD%D1%82%D1%8F%D0%B1%D1%80%D1%8C_2025%D0%B3.PDF,raw/Первая/Фонд Акции средней и малой капитализации - SBSC/2025-09-30.pdf
Первая,Фонд Акции средней и малой капитализации - SBSC,2025-10-31,https://www.first-am.ru/download/23269/%D0%91%D0%9F%D0%98%D0%A4%20%D0%A0%D0%A4%D0%98%20%D0%9F%D0%B5%D1%80%D0%B2%D0%B0%D1%8F%20-%20%D0%A4%D0%BE%D0%BD%D0%B4%20%D0%90%D0%BA%D1%86%D0%B8%D0%B8%20%D1%81%D1%80%D0%B5%D0%B4%D0%BD%D0%B5%D0%B9%20%D0%B8%20%D0%BC%D0%B0%D0%BB%D0%BE%D0%B9%20%D0%BA%D0%B0%D0%BF%D0%B8%D1%82%D0%B0%D0%BB%D0%B8%D0%B7%D0%B0%D1%86%D0%B8%D0%B8%20_%D0%A1%D0%BF%D1%80%D0%B0%D0%B2%D0%BA%D0%B0%20%D0%BE%20%D1%81%D1%82%D0%BE%D0%B8%D0%BC%D0%BE%D1%81%D1%82%D0%B8%20%D1%87%D0%B8%D1%81%D1%82%D1%8B%D1%85%20%D0%B0%D0%BA%D1%82%D0%B8%D0%B2%D0%BE%D0%B2_%D0%B7%D0%B0_%D0%BE%D0%BA%D1%82%D1%8F%D0%B1%D1%80%D1%8C_2025%D0%B3.PDF,raw/Первая/Фонд Акции средней и малой капитализации - SBSC/2025-10-31.pdf
Первая,Фонд Акции средней и малой капитализации - SBSC,2025-12-31,https://www.first-am.ru/download/23898/%D0%91%D0%9F%D0%98%D0%A4%20%D0%A0%D0%A4%D0%98%20%D0%9F%D0%B5%D1%80%D0%B2%D0%B0%D1%8F%20-%20%D0%A4%D0%BE%D0%BD%D0%B4%20%D0%90%D0%BA%D1%86%D0%B8%D0%B8%20%D1%81%D1%80%D0%B5%D0%B4%D0%BD%D0%B5%D0%B9%20%D0%B8%20%D0%BC%D0%B0%D0%BB%D0%BE%D0%B9%20%D0%BA%D0%B0%D0%BF%D0%B8%D1%82%D0%B0%D0%BB%D0%B8%D0%B7%D0%B0%D1%86%D0%B8%D0%B8%20_%D0%A1%D0%BF%D1%80%D0%B0%D0%B2%D0%BA%D0%B0%20%D0%BE%20%D1%81%D1%82%D0%BE%D0%B8%D0%BC%D0%BE%D1%81%D1%82%D0%B8%20%D1%87%D0%B8%D1%81%D1%82%D1%8B%D1%85%20%D0%B0%D0%BA%D1%82%D0%B8%D0%B2%D0%BE%D0%B2_%D0%B7%D0%B0_%D0%B4%D0%B5%D0%BA%D0%B0%D0%B1%D1%80%D1%8C_2025%D0%B3.PDF,raw/Первая/Фонд Акции средней и малой капитализации - SBSC/2025-12-31.pdf
Первая,Фонд Акции средней и малой капитализации - SBSC,2026-01-31,https://www.first-am.ru/download/24164/%D0%91%D0%9F%D0%98%D0%A4%20%D0%A0%D0%A4%D0%98%20%D0%9F%D0%B5%D1%80%D0%B2%D0%B0%D1%8F%20%E2%80%93%20%D0%A4%D0%BE%D0%BD%D0%B4%20%D0%90%D0%BA%D1%86%D0%B8%D0%B8%20%D1%81%D1%80%D0%B5%D0%B4%D0%BD%D0%B5%D0%B9%20%D0%B8%20%D0%BC%D0%B0%D0%BB%D0%BE%D0%B9%20%D0%BA%D0%B0%D0%BF%D0%B8%D1%82%D0%B0%D0%BB%D0%B8%D0%B7%D0%B0%D1%86%D0%B8%D0%B8_%D0%A1%D0%BF%D1%80%D0%B0%D0%B2%D0%BA%D0%B0%20%D0%BE%20%D1%81%D1%82%D0%BE%D0%B8%D0%BC%D0%BE%D1%81%D1%82%D0%B8%20%D1%87%D0%B8%D1%81%D1%82%D1%8B%D1%85%20%D0%B0%D0%BA%D1%82%D0%B8%D0%B2%D0%BE%D0%B2_%D0%B7%D0%B0_%D1%8F%D0%BD%D0%B2%D0%B0%D1%80%D1%8C_2026%D0%B3.PDF,raw/Первая/Фонд Акции средней и малой капитализации - SBSC/2026-01-31.pdf
Первая,Фонд Акции средней и малой капитализации - SBSC,2026-02-28,https://www.first-am.ru/download/24488/%D0%91%D0%9F%D0%98%D0%A4%20%D0%A0%D0%A4%D0%98%20%D0%9F%D0%B5%D1%80%D0%B2%D0%B0%D1%8F%20%E2%80%93%20%D0%A4%D0%BE%D0%BD%D0%B4%20%D0%90%D0%BA%D1%86%D0%B8%D0%B8%20%D1%81%D1%80%D0%B5%D0%B4%D0%BD%D0%B5%D0%B9%20%D0%B8%20%D0%BC%D0%B0%D0%BB%D0%BE%D0%B9%20%D0%BA%D0%B0%D0%BF%D0%B8%D1%82%D0%B0%D0%BB%D0%B8%D0%B7%D0%B0%D1%86%D0%B8%D0%B8_%D0%A1%D0%BF%D1%80%D0%B0%D0%B2%D0%BA%D0%B0%20%D0%BE%20%D1%81%D1%82%D0%BE%D0%B8%D0%BC%D0%BE%D1%81%D1%82%D0%B8%20%D1%87%D0%B8%D1%81%D1%82%D1%8B%D1%85%20%D0%B0%D0%BA%D1%82%D0%B8%D0%B2%D0%BE%D0%B2_%D0%B7%D0%B0_%D1%84%D0%B5%D0%B2%D1%80%D0%B0%D0%BB%D1%8C_2026%D0%B3.PDF,raw/Первая/Фонд Акции средней и малой капитализации - SBSC/2026-02-28.pdf
Первая,Фонд Акции средней и малой капитализации - SBSC,2026-03-31,https://www.first-am.ru/download/24829/%D0%91%D0%9F%D0%98%D0%A4%20%D0%A0%D0%A4%D0%98%20%D0%9F%D0%B5%D1%80%D0%B2%D0%B0%D1%8F%20%E2%80%93%20%D0%A4%D0%BE%D0%BD%D0%B4%20%D0%90%D0%BA%D1%86%D0%B8%D0%B8%20%D1%81%D1%80%D0%B5%D0%B4%D0%BD%D0%B5%D0%B9%20%D0%B8%20%D0%BC%D0%B0%D0%BB%D0%BE%D0%B9%20%D0%BA%D0%B0%D0%BF%D0%B8%D1%82%D0%B0%D0%BB%D0%B8%D0%B7%D0%B0%D1%86%D0%B8%D0%B8_%D0%A1%D0%BF%D1%80%D0%B0%D0%B2%D0%BA%D0%B0%20%D0%BE%20%D1%81%D1%82%D0%BE%D0%B8%D0%BC%D0%BE%D1%81%D1%82%D0%B8%20%D1%87%D0%B8%D1%81%D1%82%D1%8B%D1%85%20%D0%B0%D0%BA%D1%82%D0%B8%D0%B2%D0%BE%D0%B2_%D0%B7%D0%B0_%D0%BC%D0%B0%D1%80%D1%82_2026%D0%B3.PDF,raw/Первая/Фонд Акции средней и малой капитализации - SBSC/2026-03-31.pdf
Первая,Фонд Акции средней и малой капитализации - SBSC,2026-04-30,https://www.first-am.ru/download/25096/%D0%91%D0%9F%D0%98%D0%A4%20%D0%A0%D0%A4%D0%98%20%D0%9F%D0%B5%D1%80%D0%B2%D0%B0%D1%8F%20%E2%80%93%20%D0%A4%D0%BE%D0%BD%D0%B4%20%D0%90%D0%BA%D1%86%D0%B8%D0%B8%20%D1%81%D1%80%D0%B5%D0%B4%D0%BD%D0%B5%D0%B9%20%D0%B8%20%D0%BC%D0%B0%D0%BB%D0%BE%D0%B9%20%D0%BA%D0%B0%D0%BF%D0%B8%D1%82%D0%B0%D0%BB%D0%B8%D0%B7%D0%B0%D1%86%D0%B8%D0%B8_%D0%A1%D0%BF%D1%80%D0%B0%D0%B2%D0%BA%D0%B0%20%D0%BE%20%D1%81%D1%82%D0%BE%D0%B8%D0%BC%D0%BE%D1%81%D1%82%D0%B8%20%D1%87%D0%B8%D1%81%D1%82%D1%8B%D1%85%20%D0%B0%D0%BA%D1%82%D0%B8%D0%B2%D0%BE%D0%B2_%D0%B7%D0%B0_%D0%B0%D0%BF%D1%80%D0%B5%D0%BB%D1%8C_2026%D0%B3.PDF,raw/Первая/Фонд Акции средней и малой капитализации - SBSC/2026-04-30.pdf
Первая,Фонд Акции средней и малой капитализации - SBSC,2026-05-31,https://www.first-am.ru/download/25330/%D0%91%D0%9F%D0%98%D0%A4%20%D0%A0%D0%A4%D0%98%20%D0%9F%D0%B5%D1%80%D0%B2%D0%B0%D1%8F%20%E2%80%93%20%D0%A4%D0%BE%D0%BD%D0%B4%20%D0%90%D0%BA%D1%86%D0%B8%D0%B8%20%D1%81%D1%80%D0%B5%D0%B4%D0%BD%D0%B5%D0%B9%20%D0%B8%20%D0%BC%D0%B0%D0%BB%D0%BE%D0%B9%20%D0%BA%D0%B0%D0%BF%D0%B8%D1%82%D0%B0%D0%BB%D0%B8%D0%B7%D0%B0%D1%86%D0%B8%D0%B8_%D0%A1%D0%BF%D1%80%D0%B0%D0%B2%D0%BA%D0%B0%20%D0%BE%20%D1%81%D1%82%D0%BE%D0%B8%D0%BC%D0%BE%D1%81%D1%82%D0%B8%20%D1%87%D0%B8%D1%81%D1%82%D1%8B%D1%85%20%D0%B0%D0%BA%D1%82%D0%B8%D0%B2%D0%BE%D0%B2_%D0%B7%D0%B0_%D0%BC%D0%B0%D0%B9_2026%D0%B3.PDF,raw/Первая/Фонд Акции средней и малой капитализации - SBSC/2026-05-31.pdf
Первая,Фонд Акции средней и малой капитализации - SBSC,2026-06-30,https://www.first-am.ru/download/25700/%D0%91%D0%9F%D0%98%D0%A4%20%D0%A0%D0%A4%D0%98%20%D0%9F%D0%B5%D1%80%D0%B2%D0%B0%D1%8F%20%E2%80%93%20%D0%A4%D0%BE%D0%BD%D0%B4%20%D0%90%D0%BA%D1%86%D0%B8%D0%B8%20%D1%81%D1%80%D0%B5%D0%B4%D0%BD%D0%B5%D0%B9%20%D0%B8%20%D0%BC%D0%B0%D0%BB%D0%BE%D0%B9%20%D0%BA%D0%B0%D0%BF%D0%B8%D1%82%D0%B0%D0%BB%D0%B8%D0%B7%D0%B0%D1%86%D0%B8%D0%B8_%D0%A1%D0%BF%D1%80%D0%B0%D0%B2%D0%BA%D0%B0%20%D0%BE%20%D1%81%D1%82%D0%BE%D0%B8%D0%BC%D0%BE%D1%81%D1%82%D0%B8%20%D1%87%D0%B8%D1%81%D1%82%D1%8B%D1%85%20%D0%B0%D0%BA%D1%82%D0%B8%D0%B2%D0%BE%D0%B2_%D0%B7%D0%B0_%D0%B8%D1%8E%D0%BD%D1%8C_2026%D0%B3.PDF,raw/Первая/Фонд Акции средней и малой капитализации - SBSC/2026-06-30.pdf
Первая,Фонд Акции средней и малой капитализации - SBSC,2026-07-31,https://www.first-am.ru/download/25911/%D0%91%D0%9F%D0%98%D0%A4%20%D0%A0%D0%A4%D0%98%20%D0%9F%D0%B5%D1%80%D0%B2%D0%B0%D1%8F%20%E2%80%93%20%D0%A4%D0%BE%D0%BD%D0%B4%20%D0%90%D0%BA%D1%86%D0%B8%D0%B8%20%D1%81%D1%80%D0%B5%D0%B4%D0%BD%D0%B5%D0%B9%20%D0%B8%20%D0%BC%D0%B0%D0%BB%D0%BE%D0%B9%20%D0%BA%D0%B0%D0%BF%D0%B8%D1%82%D0%B0%D0%BB%D0%B8%D0%B7%D0%B0%D1%86%D0%B8%D0%B8_%D0%A1%D0%BF%D1%80%D0%B0%D0%B2%D0%BA%D0%B0%20%D0%BE%20%D1%81%D1%82%D0%BE%D0%B8%D0%BC%D0%BE%D1%81%D1%82%D0%B8%20%D1%87%D0%B8%D1%81%D1%82%D1%8B%D1%85%20%D0%B0%D0%BA%D1%82%D0%B8%D0%B2%D0%BE%D0%B2_%D0%B7%D0%B0_%D0%B8%D1%8E%D0%BB%D1%8C_2026%D0%B3.PDF,raw/Первая/Фонд Акции средней и малой капитализации - SBSC/2026-07-31.pdf
Первая,Фонд Сбалансированный,2023-09-30,https://www.first-am.ru/download/14651/%D0%9E%D0%9F%D0%98%D0%A4%20%D0%A0%D0%A4%D0%98%20%20%D0%9F%D0%B5%D1%80%D0%B2%D0%B0%D1%8F%20-%20%D0%A1%D0%B1%D0%B0%D0%BB%D0%B0%D0%BD%D1%81%D0%B8%D1%80%D0%BE%D0%B2%D0%B0%D0%BD%D0%BD%D1%8B%D0%B9%20_%D0%A1%D0%BF%D1%80%D0%B0%D0%B2%D0%BA%D0%B0%20%D0%BE%20%D1%81%D1%82%D0%BE%D0%B8%D0%BC%D0%BE%D1%81%D1%82%D0%B8%20%D1%87%D0%B8%D1%81%D1%82%D1%8B%D1%85%20%D0%B0%D0%BA%D1%82%D0%B8%D0%B2%D0%BE%D0%B2_%D0%B7%D0%B0_%D1%81%D0%B5%D0%BD%D1%82%D1%8F%D0%B1%D1%80%D1%8C_2023%20%D0%B3..PDF,raw/Первая/Фонд Сбалансированный/2023-09-30.pdf
Первая,Фонд Сбалансированный,2023-10-31,https://www.first-am.ru/download/14905/%D0%9E%D0%9F%D0%98%D0%A4%20%D0%A0%D0%A4%D0%98%20%20%D0%9F%D0%B5%D1%80%D0%B2%D0%B0%D1%8F%20-%20%D0%A1%D0%B1%D0%B0%D0%BB%D0%B0%D0%BD%D1%81%D0%B8%D1%80%D0%BE%D0%B2%D0%B0%D0%BD%D0%BD%D1%8B%D0%B9%20_%D0%A1%D0%BF%D1%80%D0%B0%D0%B2%D0%BA%D0%B0%20%D0%BE%20%D1%81%D1%82%D0%BE%D0%B8%D0%BC%D0%BE%D1%81%D1%82%D0%B8%20%D1%87%D0%B8%D1%81%D1%82%D1%8B%D1%85%20%D0%B0%D0%BA%D1%82%D0%B8%D0%B2%D0%BE%D0%B2_%D0%B7%D0%B0_%D0%BE%D0%BA%D1%82%D1%8F%D0%B1%D1%80%D1%8C_2023%20%D0%B3..PDF,raw/Первая/Фонд Сбалансированный/2023-10-31.pdf
Первая,Фонд Сбалансированный,2023-11-30,https://www.first-am.ru/download/15846/%D0%9E%D0%9F%D0%98%D0%A4%20%D0%A0%D0%A4%D0%98%20%20%D0%9F%D0%B5%D1%80%D0%B2%D0%B0%D1%8F%20-%20%D0%A1%D0%B1%D0%B0%D0%BB%D0%B0%D0%BD%D1%81%D0%B8%D1%80%D0%BE%D0%B2%D0%B0%D0%BD%D0%BD%D1%8B%D0%B9%20_%D0%A1%D0%BF%D1%80%D0%B0%D0%B2%D0%BA%D0%B0%20%D0%BE%20%D1%81%D1%82%D0%BE%D0%B8%D0%BC%D0%BE%D1%81%D1%82%D0%B8%20%D1%87%D0%B8%D1%81%D1%82%D1%8B%D1%85%20%D0%B0%D0%BA%D1%82%D0%B8%D0%B2%D0%BE%D0%B2_%D0%B7%D0%B0_%D0%BD%D0%BE%D1%8F%D0%B1%D1%80%D1%8C_2023%20%D0%B3..PDF,raw/Первая/Фонд Сбалансированный/2023-11-30.pdf
Первая,Фонд Сбалансированный,2023-12-31,https://www.first-am.ru/download/16351/%D0%9E%D0%9F%D0%98%D0%A4%20%D1%80%D1%8B%D0%BD%D0%BE%D1%87%D0%BD%D1%8B%D1%85%20%D1%84%D0%B8%D0%BD%D0%B0%D0%BD%D1%81%D0%BE%D0%B2%D1%8B%D1%85%20%D0%B8%D0%BD%D1%81%D1%82%D1%80%D1%83%D0%BC%D0%B5%D0%BD%D1%82%D0%BE%D0%B2%20%20%D0%9F%D0%B5%D1%80%D0%B2%D0%B0%D1%8F%20-%20%D0%A1%D0%B1%D0%B0%D0%BB%D0%B0%D0%BD%D1%81%D0%B8%D1%80%D0%BE%D0%B2%D0%B0%D0%BD%D0%BD%D1%8B%D0%B9%20_%D0%A1%D0%BF%D1%80%D0%B0%D0%B2%D0%BA%D0%B0%20%D0%BE%20%D1%81%D1%82%D0%BE%D0%B8%D0%BC%D0%BE%D1%81%D1%82%D0%B8%20%D1%87%D0%B8%D1%81%D1%82%D1%8B%D1%85%20%D0%B0%D0%BA%D1%82%D0%B8%D0%B2%D0%BE%D0%B2_%D0%B7%D0%B0_%D0%B4%D0%B5%D0%BA%D0%B0%D0%B1%D1%80%D1%8C_2023%20%D0%B3..PDF,raw/Первая/Фонд Сбалансированный/2023-12-31.pdf
Первая,Фонд Сбалансированный,2024-01-31,https://www.first-am.ru/download/16610/%D0%9E%D0%9F%D0%98%D0%A4%20%D1%80%D1%8B%D0%BD%D0%BE%D1%87%D0%BD%D1%8B%D1%85%20%D1%84%D0%B8%D0%BD%D0%B0%D0%BD%D1%81%D0%BE%D0%B2%D1%8B%D1%85%20%D0%B8%D0%BD%D1%81%D1%82%D1%80%D1%83%D0%BC%D0%B5%D0%BD%D1%82%D0%BE%D0%B2%20%20%D0%9F%D0%B5%D1%80%D0%B2%D0%B0%D1%8F%20-%20%D0%A1%D0%B1%D0%B0%D0%BB%D0%B0%D0%BD%D1%81%D0%B8%D1%80%D0%BE%D0%B2%D0%B0%D0%BD%D0%BD%D1%8B%D0%B9%20_%D0%A1%D0%BF%D1%80%D0%B0%D0%B2%D0%BA%D0%B0%20%D0%BE%20%D1%81%D1%82%D0%BE%D0%B8%D0%BC%D0%BE%D1%81%D1%82%D0%B8%20%D1%87%D0%B8%D1%81%D1%82%D1%8B%D1%85%20%D0%B0%D0%BA%D1%82%D0%B8%D0%B2%D0%BE%D0%B2_%D0%B7%D0%B0_%D1%8F%D0%BD%D0%B2%D0%B0%D1%80%D1%8C_2024%20%D0%B3..PDF,raw/Первая/Фонд Сбалансированный/2024-01-31.pdf
Первая,Фонд Сбалансированный,2024-02-29,https://www.first-am.ru/download/16916/%D0%9E%D0%9F%D0%98%D0%A4%20%D0%A0%D0%A4%D0%98%20%20%D0%9F%D0%B5%D1%80%D0%B2%D0%B0%D1%8F%20-%20%D0%A1%D0%B1%D0%B0%D0%BB%D0%B0%D0%BD%D1%81%D0%B8%D1%80%D0%BE%D0%B2%D0%B0%D0%BD%D0%BD%D1%8B%D0%B9%20_%D0%A1%D0%BF%D1%80%D0%B0%D0%B2%D0%BA%D0%B0%20%D0%BE%20%D1%81%D1%82%D0%BE%D0%B8%D0%BC%D0%BE%D1%81%D1%82%D0%B8%20%D1%87%D0%B8%D1%81%D1%82%D1%8B%D1%85%20%D0%B0%D0%BA%D1%82%D0%B8%D0%B2%D0%BE%D0%B2_%D0%B7%D0%B0_%D1%84%D0%B5%D0%B2%D1%80%D0%B0%D0%BB%D1%8C_2024%20%D0%B3..PDF,raw/Первая/Фонд Сбалансированный/2024-02-29.pdf
Первая,Фонд Сбалансированный,2024-03-31,https://www.first-am.ru/download/17394/%D0%9E%D0%9F%D0%98%D0%A4%20%D0%A0%D0%A4%D0%98%20%20%D0%9F%D0%B5%D1%80%D0%B2%D0%B0%D1%8F%20-%20%D0%A1%D0%B1%D0%B0%D0%BB%D0%B0%D0%BD%D1%81%D0%B8%D1%80%D0%BE%D0%B2%D0%B0%D0%BD%D0%BD%D1%8B%D0%B9%20__%D0%A1%D0%BF%D1%80%D0%B0%D0%B2%D0%BA%D0%B0%20%D0%BE%20%D1%81%D1%82%D0%BE%D0%B8%D0%BC%D0%BE%D1%81%D1%82%D0%B8%20%D1%87%D0%B8%D1%81%D1%82%D1%8B%D1%85%20%D0%B0%D0%BA%D1%82%D0%B8%D0%B2%D0%BE%D0%B2_%D0%B7%D0%B0_%D0%BC%D0%B0%D1%80%D1%82_2024%20%D0%B3..PDF,raw/Первая/Фонд Сбалансированный/2024-03-31.pdf
Первая,Фонд Сбалансированный,2024-04-30,https://www.first-am.ru/download/17715/%D0%9E%D0%9F%D0%98%D0%A4%20%D0%A0%D0%A4%D0%98%20%20%D0%9F%D0%B5%D1%80%D0%B2%D0%B0%D1%8F%20-%20%D0%A1%D0%B1%D0%B0%D0%BB%D0%B0%D0%BD%D1%81%D0%B8%D1%80%D0%BE%D0%B2%D0%B0%D0%BD%D0%BD%D1%8B%D0%B9%20_%D0%A1%D0%BF%D1%80%D0%B0%D0%B2%D0%BA%D0%B0%20%D0%BE%20%D1%81%D1%82%D0%BE%D0%B8%D0%BC%D0%BE%D1%81%D1%82%D0%B8%20%D1%87%D0%B8%D1%81%D1%82%D1%8B%D1%85%20%D0%B0%D0%BA%D1%82%D0%B8%D0%B2%D0%BE%D0%B2_%D0%B7%D0%B0_%D0%B0%D0%BF%D1%80%D0%B5%D0%BB%D1%8C_2024%20%D0%B3..PDF,raw/Первая/Фонд Сбалансированный/2024-04-30.pdf
Первая,Фонд Сбалансированный,2024-05-31,https://www.first-am.ru/download/17912/%D0%9E%D0%9F%D0%98%D0%A4%20%D0%A0%D0%A4%D0%98%20%D0%9F%D0%B5%D1%80%D0%B2%D0%B0%D1%8F%20-%20%D0%A1%D0%B1%D0%B0%D0%BB%D0%B0%D0%BD%D1%81%D0%B8%D1%80%D0%BE%D0%B2%D0%B0%D0%BD%D0%BD%D1%8B%D0%B9%20___%D0%A1%D0%BF%D1%80%D0%B0%D0%B2%D0%BA%D0%B0%20%D0%BE%20%D1%81%D1%82%D0%BE%D0%B8%D0%BC%D0%BE%D1%81%D1%82%D0%B8%20%D1%87%D0%B8%D1%81%D1%82%D1%8B%D1%85%20%D0%B0%D0%BA%D1%82%D0%B8%D0%B2%D0%BE%D0%B2_%D0%B7%D0%B0_%D0%BC%D0%B0%D0%B9_2024%20%D0%B3..PDF,raw/Первая/Фонд Сбалансированный/2024-05-31.pdf
Первая,Фонд Сбалансированный,2024-06-30,https://www.first-am.ru/download/18255/%D0%9E%D0%9F%D0%98%D0%A4%20%D0%A0%D0%A4%D0%98%20%D0%9F%D0%B5%D1%80%D0%B2%D0%B0%D1%8F%20-%20%D0%A1%D0%B1%D0%B0%D0%BB%D0%B0%D0%BD%D1%81%D0%B8%D1%80%D0%BE%D0%B2%D0%B0%D0%BD%D0%BD%D1%8B%D0%B9%20____%D0%A1%D0%BF%D1%80%D0%B0%D0%B2%D0%BA%D0%B0%20%D0%BE%20%D1%81%D1%82%D0%BE%D0%B8%D0%BC%D0%BE%D1%81%D1%82%D0%B8%20%D1%87%D0%B8%D1%81%D1%82%D1%8B%D1%85%20%D0%B0%D0%BA%D1%82%D0%B8%D0%B2%D0%BE%D0%B2_%D0%B7%D0%B0_%D0%B8%D1%8E%D0%BD%D1%8C_2024%20%D0%B3..PDF,raw/Первая/Фонд Сбалансированный/2024-06-30.pdf
Первая,Фонд Сбалансированный,2024-07-31,https://www.first-am.ru/download/18587/%D0%9E%D0%9F%D0%98%D0%A4%20%D0%A0%D0%A4%D0%98%20%D0%9F%D0%B5%D1%80%D0%B2%D0%B0%D1%8F%20-%20%D0%A1%D0%B1%D0%B0%D0%BB%D0%B0%D0%BD%D1%81%D0%B8%D1%80%D0%BE%D0%B2%D0%B0%D0%BD%D0%BD%D1%8B%D0%B9%20___%D0%A1%D0%BF%D1%80%D0%B0%D0%B2%D0%BA%D0%B0%20%D0%BE%20%D1%81%D1%82%D0%BE%D0%B8%D0%BC%D0%BE%D1%81%D1%82%D0%B8%20%D1%87%D0%B8%D1%81%D1%82%D1%8B%D1%85%20%D0%B0%D0%BA%D1%82%D0%B8%D0%B2%D0%BE%D0%B2_%D0%B7%D0%B0_%D0%B8%D1%8E%D0%BB%D1%8C_2024%20%D0%B3..PDF,raw/Первая/Фонд Сбалансированный/2024-07-31.pdf
Первая,Фонд Сбалансированный,2024-08-31,https://www.first-am.ru/download/18877/%D0%9E%D0%9F%D0%98%D0%A4%20%D0%A0%D0%A4%D0%98%20%D0%9F%D0%B5%D1%80%D0%B2%D0%B0%D1%8F%20-%20%D0%A1%D0%B1%D0%B0%D0%BB%D0%B0%D0%BD%D1%81%D0%B8%D1%80%D0%BE%D0%B2%D0%B0%D0%BD%D0%BD%D1%8B%D0%B9%20_%D0%A1%D0%BF%D1%80%D0%B0%D0%B2%D0%BA%D0%B0%20%D0%BE%20%D1%81%D1%82%D0%BE%D0%B8%D0%BC%D0%BE%D1%81%D1%82%D0%B8%20%D1%87%D0%B8%D1%81%D1%82%D1%8B%D1%85%20%D0%B0%D0%BA%D1%82%D0%B8%D0%B2%D0%BE%D0%B2_%D0%B7%D0%B0_%D0%B0%D0%B2%D0%B3%D1%83%D1%81%D1%82_2024%20%D0%B3..PDF,raw/Первая/Фонд Сбалансированный/2024-08-31.pdf
Первая,Фонд Сбалансированный,2024-09-30,https://www.first-am.ru/download/19185/%D0%9E%D0%9F%D0%98%D0%A4%20%D0%A0%D0%A4%D0%98%20%D0%9F%D0%B5%D1%80%D0%B2%D0%B0%D1%8F%20-%20%D0%A1%D0%B1%D0%B0%D0%BB%D0%B0%D0%BD%D1%81%D0%B8%D1%80%D0%BE%D0%B2%D0%B0%D0%BD%D0%BD%D1%8B%D0%B9%20_%D0%A1%D0%BF%D1%80%D0%B0%D0%B2%D0%BA%D0%B0%20%D0%BE%20%D1%81%D1%82%D0%BE%D0%B8%D0%BC%D0%BE%D1%81%D1%82%D0%B8%20%D1%87%D0%B8%D1%81%D1%82%D1%8B%D1%85%20%D0%B0%D0%BA%D1%82%D0%B8%D0%B2%D0%BE%D0%B2_%D0%B7%D0%B0_%D1%81%D0%B5%D0%BD%D1%82%D1%8F%D0%B1%D1%80%D1%8C_2024%20%D0%B3..PDF,raw/Первая/Фонд Сбалансированный/2024-09-30.pdf
Первая,Фонд Сбалансированный,2024-10-31,https://www.first-am.ru/download/19626/%D0%9E%D0%9F%D0%98%D0%A4%20%D0%A0%D0%A4%D0%98%20%20%D0%9F%D0%B5%D1%80%D0%B2%D0%B0%D1%8F%20-%20%D0%A1%D0%B1%D0%B0%D0%BB%D0%B0%D0%BD%D1%81%D0%B8%D1%80%D0%BE%D0%B2%D0%B0%D0%BD%D0%BD%D1%8B%D0%B9%20_%D0%A1%D0%BF%D1%80%D0%B0%D0%B2%D0%BA%D0%B0%20%D0%BE%20%D1%81%D1%82%D0%BE%D0%B8%D0%BC%D0%BE%D1%81%D1%82%D0%B8%20%D1%87%D0%B8%D1%81%D1%82%D1%8B%D1%85%20%D0%B0%D0%BA%D1%82%D0%B8%D0%B2%D0%BE%D0%B2_%D0%B7%D0%B0_%D0%BE%D0%BA%D1%82%D1%8F%D0%B1%D1%80%D1%8C_2024%20%D0%B3.PDF,raw/Первая/Фонд Сбалансированный/2024-10-31.pdf
Первая,Фонд Сбалансированный,2024-11-30,https://www.first-am.ru/download/19821/%D0%9E%D0%9F%D0%98%D0%A4%20%D0%A0%D0%A4%D0%98%20%20%D0%9F%D0%B5%D1%80%D0%B2%D0%B0%D1%8F%20-%20%D0%A1%D0%B1%D0%B0%D0%BB%D0%B0%D0%BD%D1%81%D0%B8%D1%80%D0%BE%D0%B2%D0%B0%D0%BD%D0%BD%D1%8B%D0%B9%20_%D0%A1%D0%BF%D1%80%D0%B0%D0%B2%D0%BA%D0%B0%20%D0%BE%20%D1%81%D1%82%D0%BE%D0%B8%D0%BC%D0%BE%D1%81%D1%82%D0%B8%20%D1%87%D0%B8%D1%81%D1%82%D1%8B%D1%85%20%D0%B0%D0%BA%D1%82%D0%B8%D0%B2%D0%BE%D0%B2_%D0%B7%D0%B0_%D0%BD%D0%BE%D1%8F%D0%B1%D1%80%D1%8C_2024%20%D0%B3.PDF,raw/Первая/Фонд Сбалансированный/2024-11-30.pdf
Первая,Фонд Сбалансированный,2024-12-31,https://www.first-am.ru/download/20074/%D0%9E%D0%9F%D0%98%D0%A4%20%D0%A0%D0%A4%D0%98%20%D0%9F%D0%B5%D1%80%D0%B2%D0%B0%D1%8F%20-%20%D0%A1%D0%B1%D0%B0%D0%BB%D0%B0%D0%BD%D1%81%D0%B8%D1%80%D0%BE%D0%B2%D0%B0%D0%BD%D0%BD%D1%8B%D0%B9%20_%D0%A1%D0%BF%D1%80%D0%B0%D0%B2%D0%BA%D0%B0%20%D0%BE%20%D1%81%D1%82%D0%BE%D0%B8%D0%BC%D0%BE%D1%81%D1%82%D0%B8%20%D1%87%D0%B8%D1%81%D1%82%D1%8B%D1%85%20%D0%B0%D0%BA%D1%82%D0%B8%D0%B2%D0%BE%D0%B2_%D0%B7%D0%B0_%D0%B4%D0%B5%D0%BA%D0%B0%D0%B1%D1%80%D1%8C_2024%D0%B3.PDF,raw/Первая/Фонд Сбалансированный/2024-12-31.pdf
Первая,Фонд Сбалансированный,2025-01-31,https://www.first-am.ru/download/20620/%D0%9E%D0%9F%D0%98%D0%A4%20%D0%A0%D0%A4%D0%98%20%D0%9F%D0%B5%D1%80%D0%B2%D0%B0%D1%8F%20-%20%D0%A1%D0%B1%D0%B0%D0%BB%D0%B0%D0%BD%D1%81%D0%B8%D1%80%D0%BE%D0%B2%D0%B0%D0%BD%D0%BD%D1%8B%D0%B9%20_%D0%A1%D0%BF%D1%80%D0%B0%D0%B2%D0%BA%D0%B0%20%D0%BE%20%D1%81%D1%82%D0%BE%D0%B8%D0%BC%D0%BE%D1%81%D1%82%D0%B8%20%D1%87%D0%B8%D1%81%D1%82%D1%8B%D1%85%20%D0%B0%D0%BA%D1%82%D0%B8%D0%B2%D0%BE%D0%B2_%D0%B7%D0%B0_%D1%8F%D0%BD%D0%B2%D0%B0%D1%80%D1%8C_2025%D0%B3.PDF,raw/Первая/Фонд Сбалансированный/2025-01-31.pdf
Первая,Фонд Сбалансированный,2025-02-28,https://www.first-am.ru/download/20830/%D0%9E%D0%9F%D0%98%D0%A4%20%D0%A0%D0%A4%D0%98%20%D0%9F%D0%B5%D1%80%D0%B2%D0%B0%D1%8F%20-%20%D0%A1%D0%B1%D0%B0%D0%BB%D0%B0%D0%BD%D1%81%D0%B8%D1%80%D0%BE%D0%B2%D0%B0%D0%BD%D0%BD%D1%8B%D0%B9%20_%D0%A1%D0%BF%D1%80%D0%B0%D0%B2%D0%BA%D0%B0%20%D0%BE%20%D1%81%D1%82%D0%BE%D0%B8%D0%BC%D0%BE%D1%81%D1%82%D0%B8%20%D1%87%D0%B8%D1%81%D1%82%D1%8B%D1%85%20%D0%B0%D0%BA%D1%82%D0%B8%D0%B2%D0%BE%D0%B2_%D0%B7%D0%B0_%D1%84%D0%B5%D0%B2%D1%80%D0%B0%D0%BB%D1%8C_2025%D0%B3.PDF,raw/Первая/Фонд Сбалансированный/2025-02-28.pdf
Первая,Фонд Сбалансированный,2025-03-31,https://www.first-am.ru/download/21217/%D0%9E%D0%9F%D0%98%D0%A4%20%D0%A0%D0%A4%D0%98%20%D0%9F%D0%B5%D1%80%D0%B2%D0%B0%D1%8F%20-%20%D0%A1%D0%B1%D0%B0%D0%BB%D0%B0%D0%BD%D1%81%D0%B8%D1%80%D0%BE%D0%B2%D0%B0%D0%BD%D0%BD%D1%8B%D0%B9%20_%D0%A1%D0%BF%D1%80%D0%B0%D0%B2%D0%BA%D0%B0%20%D0%BE%20%D1%81%D1%82%D0%BE%D0%B8%D0%BC%D0%BE%D1%81%D1%82%D0%B8%20%D1%87%D0%B8%D1%81%D1%82%D1%8B%D1%85%20%D0%B0%D0%BA%D1%82%D0%B8%D0%B2%D0%BE%D0%B2_%D0%B7%D0%B0_%D0%BC%D0%B0%D1%80%D1%82_2025%D0%B3.PDF,raw/Первая/Фонд Сбалансированный/2025-03-31.pdf
Первая,Фонд Сбалансированный,2025-04-30,https://www.first-am.ru/download/21463/%D0%9E%D0%9F%D0%98%D0%A4%20%D0%A0%D0%A4%D0%98%20%D0%9F%D0%B5%D1%80%D0%B2%D0%B0%D1%8F%20-%20%D0%A1%D0%B1%D0%B0%D0%BB%D0%B0%D0%BD%D1%81%D0%B8%D1%80%D0%BE%D0%B2%D0%B0%D0%BD%D0%BD%D1%8B%D0%B9%20_%D0%A1%D0%BF%D1%80%D0%B0%D0%B2%D0%BA%D0%B0%20%D0%BE%20%D1%81%D1%82%D0%BE%D0%B8%D0%BC%D0%BE%D1%81%D1%82%D0%B8%20%D1%87%D0%B8%D1%81%D1%82%D1%8B%D1%85%20%D0%B0%D0%BA%D1%82%D0%B8%D0%B2%D0%BE%D0%B2_%D0%B7%D0%B0_%D0%B0%D0%BF%D1%80%D0%B5%D0%BB%D1%8C_2025%D0%B3.PDF,raw/Первая/Фонд Сбалансированный/2025-04-30.pdf
Первая,Фонд Сбалансированный,2025-05-31,https://www.first-am.ru/download/21791/%D0%9E%D0%9F%D0%98%D0%A4%20%D0%A0%D0%A4%D0%98%20%D0%9F%D0%B5%D1%80%D0%B2%D0%B0%D1%8F%20-%20%D0%A1%D0%B1%D0%B0%D0%BB%D0%B0%D0%BD%D1%81%D0%B8%D1%80%D0%BE%D0%B2%D0%B0%D0%BD%D0%BD%D1%8B%D0%B9%20_%D0%A1%D0%BF%D1%80%D0%B0%D0%B2%D0%BA%D0%B0%20%D0%BE%20%D1%81%D1%82%D0%BE%D0%B8%D0%BC%D0%BE%D1%81%D1%82%D0%B8%20%D1%87%D0%B8%D1%81%D1%82%D1%8B%D1%85%20%D0%B0%D0%BA%D1%82%D0%B8%D0%B2%D0%BE%D0%B2_%D0%B7%D0%B0_%D0%BC%D0%B0%D0%B9_2025%D0%B3.PDF,raw/Первая/Фонд Сбалансированный/2025-05-31.pdf
Первая,Фонд Сбалансированный,2025-06-30,https://www.first-am.ru/download/21996/%D0%9E%D0%9F%D0%98%D0%A4%20%D0%A0%D0%A4%D0%98%20%D0%9F%D0%B5%D1%80%D0%B2%D0%B0%D1%8F%20-%20%D0%A1%D0%B1%D0%B0%D0%BB%D0%B0%D0%BD%D1%81%D0%B8%D1%80%D0%BE%D0%B2%D0%B0%D0%BD%D0%BD%D1%8B%D0%B9%20_%D0%A1%D0%BF%D1%80%D0%B0%D0%B2%D0%BA%D0%B0%20%D0%BE%20%D1%81%D1%82%D0%BE%D0%B8%D0%BC%D0%BE%D1%81%D1%82%D0%B8%20%D1%87%D0%B8%D1%81%D1%82%D1%8B%D1%85%20%D0%B0%D0%BA%D1%82%D0%B8%D0%B2%D0%BE%D0%B2_%D0%B7%D0%B0_%D0%B8%D1%8E%D0%BD%D1%8C_2025%D0%B3.PDF,raw/Первая/Фонд Сбалансированный/2025-06-30.pdf
Первая,Фонд Сбалансированный,2025-07-31,https://www.first-am.ru/download/22256/%D0%9E%D0%9F%D0%98%D0%A4%20%D0%A0%D0%A4%D0%98%20%D0%9F%D0%B5%D1%80%D0%B2%D0%B0%D1%8F%20-%20%D0%A1%D0%B1%D0%B0%D0%BB%D0%B0%D0%BD%D1%81%D0%B8%D1%80%D0%BE%D0%B2%D0%B0%D0%BD%D0%BD%D1%8B%D0%B9%20_%D0%A1%D0%BF%D1%80%D0%B0%D0%B2%D0%BA%D0%B0%20%D0%BE%20%D1%81%D1%82%D0%BE%D0%B8%D0%BC%D0%BE%D1%81%D1%82%D0%B8%20%D1%87%D0%B8%D1%81%D1%82%D1%8B%D1%85%20%D0%B0%D0%BA%D1%82%D0%B8%D0%B2%D0%BE%D0%B2_%D0%B7%D0%B0_%D0%B8%D1%8E%D0%BB%D1%8C_2025%D0%B3.PDF,raw/Первая/Фонд Сбалансированный/2025-07-31.pdf
Первая,Фонд Сбалансированный,2025-08-31,https://www.first-am.ru/download/22645/%D0%9E%D0%9F%D0%98%D0%A4%20%D0%A0%D0%A4%D0%98%20%D0%9F%D0%B5%D1%80%D0%B2%D0%B0%D1%8F%20-%20%D0%A1%D0%B1%D0%B0%D0%BB%D0%B0%D0%BD%D1%81%D0%B8%D1%80%D0%BE%D0%B2%D0%B0%D0%BD%D0%BD%D1%8B%D0%B9%20_%D0%A1%D0%BF%D1%80%D0%B0%D0%B2%D0%BA%D0%B0%20%D0%BE%20%D1%81%D1%82%D0%BE%D0%B8%D0%BC%D0%BE%D1%81%D1%82%D0%B8%20%D1%87%D0%B8%D1%81%D1%82%D1%8B%D1%85%20%D0%B0%D0%BA%D1%82%D0%B8%D0%B2%D0%BE%D0%B2_%D0%B7%D0%B0_%D0%B0%D0%B2%D0%B3%D1%83%D1%81%D1%82_2025%D0%B3.PDF,raw/Первая/Фонд Сбалансированный/2025-08-31.pdf
Первая,Фонд Сбалансированный,2025-09-30,https://www.first-am.ru/download/23088/%D0%9E%D0%9F%D0%98%D0%A4%20%D0%A0%D0%A4%D0%98%20%D0%9F%D0%B5%D1%80%D0%B2%D0%B0%D1%8F%20-%20%D0%A1%D0%B1%D0%B0%D0%BB%D0%B0%D0%BD%D1%81%D0%B8%D1%80%D0%BE%D0%B2%D0%B0%D0%BD%D0%BD%D1%8B%D0%B9%20_%D0%A1%D0%BF%D1%80%D0%B0%D0%B2%D0%BA%D0%B0%20%D0%BE%20%D1%81%D1%82%D0%BE%D0%B8%D0%BC%D0%BE%D1%81%D1%82%D0%B8%20%D1%87%D0%B8%D1%81%D1%82%D1%8B%D1%85%20%D0%B0%D0%BA%D1%82%D0%B8%D0%B2%D0%BE%D0%B2_%D0%B7%D0%B0_%D1%81%D0%B5%D0%BD%D1%82%D1%8F%D0%B1%D1%80%D1%8C_2025%D0%B3.PDF,raw/Первая/Фонд Сбалансированный/2025-09-30.pdf
Первая,Фонд Сбалансированный,2025-10-31,https://www.first-am.ru/download/23355/%D0%9E%D0%9F%D0%98%D0%A4%20%D0%A0%D0%A4%D0%98%20%D0%9F%D0%B5%D1%80%D0%B2%D0%B0%D1%8F%20-%20%D0%A1%D0%B1%D0%B0%D0%BB%D0%B0%D0%BD%D1%81%D0%B8%D1%80%D0%BE%D0%B2%D0%B0%D0%BD%D0%BD%D1%8B%D0%B9%20_%D0%A1%D0%BF%D1%80%D0%B0%D0%B2%D0%BA%D0%B0%20%D0%BE%20%D1%81%D1%82%D0%BE%D0%B8%D0%BC%D0%BE%D1%81%D1%82%D0%B8%20%D1%87%D0%B8%D1%81%D1%82%D1%8B%D1%85%20%D0%B0%D0%BA%D1%82%D0%B8%D0%B2%D0%BE%D0%B2_%D0%B7%D0%B0_%D0%BE%D0%BA%D1%82%D1%8F%D0%B1%D1%80%D1%8C_2025%D0%B3.PDF,raw/Первая/Фонд Сбалансированный/2025-10-31.pdf
Первая,Фонд Сбалансированный,2025-11-30,https://www.first-am.ru/download/23695/%D0%9E%D0%9F%D0%98%D0%A4%20%D0%A0%D0%A4%D0%98%20%D0%9F%D0%B5%D1%80%D0%B2%D0%B0%D1%8F%20-%20%D0%A1%D0%B1%D0%B0%D0%BB%D0%B0%D0%BD%D1%81%D0%B8%D1%80%D0%BE%D0%B2%D0%B0%D0%BD%D0%BD%D1%8B%D0%B9%20_%D0%A1%D0%BF%D1%80%D0%B0%D0%B2%D0%BA%D0%B0%20%D0%BE%20%D1%81%D1%82%D0%BE%D0%B8%D0%BC%D0%BE%D1%81%D1%82%D0%B8%20%D1%87%D0%B8%D1%81%D1%82%D1%8B%D1%85%20%D0%B0%D0%BA%D1%82%D0%B8%D0%B2%D0%BE%D0%B2_%D0%B7%D0%B0_%D0%BD%D0%BE%D1%8F%D0%B1%D1%80%D1%8C_2025%D0%B3.pdf,raw/Первая/Фонд Сбалансированный/2025-11-30.pdf
Первая,Фонд Сбалансированный,2025-12-31,https://www.first-am.ru/download/23950/%D0%9E%D0%9F%D0%98%D0%A4%20%D0%A0%D0%A4%D0%98%20%D0%9F%D0%B5%D1%80%D0%B2%D0%B0%D1%8F%20-%20%D0%A1%D0%B1%D0%B0%D0%BB%D0%B0%D0%BD%D1%81%D0%B8%D1%80%D0%BE%D0%B2%D0%B0%D0%BD%D0%BD%D1%8B%D0%B9%20_%D0%A1%D0%BF%D1%80%D0%B0%D0%B2%D0%BA%D0%B0%20%D0%BE%20%D1%81%D1%82%D0%BE%D0%B8%D0%BC%D0%BE%D1%81%D1%82%D0%B8%20%D1%87%D0%B8%D1%81%D1%82%D1%8B%D1%85%20%D0%B0%D0%BA%D1%82%D0%B8%D0%B2%D0%BE%D0%B2_%D0%B7%D0%B0_%D0%B4%D0%B5%D0%BA%D0%B0%D0%B1%D1%80%D1%8C_2025%D0%B3.PDF,raw/Первая/Фонд Сбалансированный/2025-12-31.pdf
Первая,Фонд Сбалансированный,2026-01-31,https://www.first-am.ru/download/24248/%D0%9E%D0%9F%D0%98%D0%A4%20%D0%A0%D0%A4%D0%98%20%D0%9F%D0%B5%D1%80%D0%B2%D0%B0%D1%8F%20-%20%D0%A1%D0%B1%D0%B0%D0%BB%D0%B0%D0%BD%D1%81%D0%B8%D1%80%D0%BE%D0%B2%D0%B0%D0%BD%D0%BD%D1%8B%D0%B9%20_%D0%A1%D0%BF%D1%80%D0%B0%D0%B2%D0%BA%D0%B0%20%D0%BE%20%D1%81%D1%82%D0%BE%D0%B8%D0%BC%D0%BE%D1%81%D1%82%D0%B8%20%D1%87%D0%B8%D1%81%D1%82%D1%8B%D1%85%20%D0%B0%D0%BA%D1%82%D0%B8%D0%B2%D0%BE%D0%B2_%D0%B7%D0%B0_%D1%8F%D0%BD%D0%B2%D0%B0%D1%80%D1%8C_2026%D0%B3.PDF,raw/Первая/Фонд Сбалансированный/2026-01-31.pdf
Первая,Фонд Сбалансированный,2026-02-28,https://www.first-am.ru/download/24572/%D0%9E%D0%9F%D0%98%D0%A4%20%D0%A0%D0%A4%D0%98%20%D0%9F%D0%B5%D1%80%D0%B2%D0%B0%D1%8F%20-%20%D0%A1%D0%B1%D0%B0%D0%BB%D0%B0%D0%BD%D1%81%D0%B8%D1%80%D0%BE%D0%B2%D0%B0%D0%BD%D0%BD%D1%8B%D0%B9%20_%D0%A1%D0%BF%D1%80%D0%B0%D0%B2%D0%BA%D0%B0%20%D0%BE%20%D1%81%D1%82%D0%BE%D0%B8%D0%BC%D0%BE%D1%81%D1%82%D0%B8%20%D1%87%D0%B8%D1%81%D1%82%D1%8B%D1%85%20%D0%B0%D0%BA%D1%82%D0%B8%D0%B2%D0%BE%D0%B2_%D0%B7%D0%B0_%D1%84%D0%B5%D0%B2%D1%80%D0%B0%D0%BB%D1%8C_2026%D0%B3.PDF,raw/Первая/Фонд Сбалансированный/2026-02-28.pdf
Первая,Фонд Сбалансированный,2026-03-31,https://www.first-am.ru/download/24917/%D0%9E%D0%9F%D0%98%D0%A4%20%D0%A0%D0%A4%D0%98%20%D0%9F%D0%B5%D1%80%D0%B2%D0%B0%D1%8F%20-%20%D0%A1%D0%B1%D0%B0%D0%BB%D0%B0%D0%BD%D1%81%D0%B8%D1%80%D0%BE%D0%B2%D0%B0%D0%BD%D0%BD%D1%8B%D0%B9%20_%D0%A1%D0%BF%D1%80%D0%B0%D0%B2%D0%BA%D0%B0%20%D0%BE%20%D1%81%D1%82%D0%BE%D0%B8%D0%BC%D0%BE%D1%81%D1%82%D0%B8%20%D1%87%D0%B8%D1%81%D1%82%D1%8B%D1%85%20%D0%B0%D0%BA%D1%82%D0%B8%D0%B2%D0%BE%D0%B2_%D0%B7%D0%B0_%D0%BC%D0%B0%D1%80%D1%82_2026%D0%B3.PDF,raw/Первая/Фонд Сбалансированный/2026-03-31.pdf
Первая,Фонд Сбалансированный,2026-04-30,https://www.first-am.ru/download/25150/%D0%9E%D0%9F%D0%98%D0%A4%20%D0%A0%D0%A4%D0%98%20%D0%9F%D0%B5%D1%80%D0%B2%D0%B0%D1%8F%20-%20%D0%A1%D0%B1%D0%B0%D0%BB%D0%B0%D0%BD%D1%81%D0%B8%D1%80%D0%BE%D0%B2%D0%B0%D0%BD%D0%BD%D1%8B%D0%B9%20_%D0%A1%D0%BF%D1%80%D0%B0%D0%B2%D0%BA%D0%B0%20%D0%BE%20%D1%81%D1%82%D0%BE%D0%B8%D0%BC%D0%BE%D1%81%D1%82%D0%B8%20%D1%87%D0%B8%D1%81%D1%82%D1%8B%D1%85%20%D0%B0%D0%BA%D1%82%D0%B8%D0%B2%D0%BE%D0%B2_%D0%B7%D0%B0_%D0%B0%D0%BF%D1%80%D0%B5%D0%BB%D1%8C_2026%D0%B3.PDF,raw/Первая/Фонд Сбалансированный/2026-04-30.pdf
Первая,Фонд Сбалансированный,2026-05-31,https://www.first-am.ru/download/25416/%D0%9E%D0%9F%D0%98%D0%A4%20%D0%A0%D0%A4%D0%98%20%D0%9F%D0%B5%D1%80%D0%B2%D0%B0%D1%8F%20-%20%D0%A1%D0%B1%D0%B0%D0%BB%D0%B0%D0%BD%D1%81%D0%B8%D1%80%D0%BE%D0%B2%D0%B0%D0%BD%D0%BD%D1%8B%D0%B9%20_%D0%A1%D0%BF%D1%80%D0%B0%D0%B2%D0%BA%D0%B0%20%D0%BE%20%D1%81%D1%82%D0%BE%D0%B8%D0%BC%D0%BE%D1%81%D1%82%D0%B8%20%D1%87%D0%B8%D1%81%D1%82%D1%8B%D1%85%20%D0%B0%D0%BA%D1%82%D0%B8%D0%B2%D0%BE%D0%B2_%D0%B7%D0%B0_%D0%BC%D0%B0%D0%B9_2026%D0%B3.PDF,raw/Первая/Фонд Сбалансированный/2026-05-31.pdf
Первая,Фонд Сбалансированный,2026-06-30,https://www.first-am.ru/download/25732/%D0%9E%D0%9F%D0%98%D0%A4%20%D0%A0%D0%A4%D0%98%20%D0%9F%D0%B5%D1%80%D0%B2%D0%B0%D1%8F%20-%20%D0%A1%D0%B1%D0%B0%D0%BB%D0%B0%D0%BD%D1%81%D0%B8%D1%80%D0%BE%D0%B2%D0%B0%D0%BD%D0%BD%D1%8B%D0%B9%20_%D0%A1%D0%BF%D1%80%D0%B0%D0%B2%D0%BA%D0%B0%20%D0%BE%20%D1%81%D1%82%D0%BE%D0%B8%D0%BC%D0%BE%D1%81%D1%82%D0%B8%20%D1%87%D0%B8%D1%81%D1%82%D1%8B%D1%85%20%D0%B0%D0%BA%D1%82%D0%B8%D0%B2%D0%BE%D0%B2_%D0%B7%D0%B0_%D0%B8%D1%8E%D0%BD%D1%8C_2026%D0%B3.PDF,raw/Первая/Фонд Сбалансированный/2026-06-30.pdf
Первая,Фонд Сбалансированный,2026-07-31,https://www.first-am.ru/download/25999/%D0%9E%D0%9F%D0%98%D0%A4%20%D0%A0%D0%A4%D0%98%20%D0%9F%D0%B5%D1%80%D0%B2%D0%B0%D1%8F%20-%20%D0%A1%D0%B1%D0%B0%D0%BB%D0%B0%D0%BD%D1%81%D0%B8%D1%80%D0%BE%D0%B2%D0%B0%D0%BD%D0%BD%D1%8B%D0%B9%20_%D0%A1%D0%BF%D1%80%D0%B0%D0%B2%D0%BA%D0%B0%20%D0%BE%20%D1%81%D1%82%D0%BE%D0%B8%D0%BC%D0%BE%D1%81%D1%82%D0%B8%20%D1%87%D0%B8%D1%81%D1%82%D1%8B%D1%85%20%D0%B0%D0%BA%D1%82%D0%B8%D0%B2%D0%BE%D0%B2_%D0%B7%D0%B0_%D0%B8%D1%8E%D0%BB%D1%8C_2026%D0%B3.PDF,raw/Первая/Фонд Сбалансированный/2026-07-31.pdf
Первая,Фонд Сбалансированный,2026-08-31,https://www.first-am.ru/download/26382/%D0%9E%D0%9F%D0%98%D0%A4%20%D0%A0%D0%A4%D0%98%20%D0%9F%D0%B5%D1%80%D0%B2%D0%B0%D1%8F%20-%20%D0%A1%D0%B1%D0%B0%D0%BB%D0%B0%D0%BD%D1%81%D0%B8%D1%80%D0%BE%D0%B2%D0%B0%D0%BD%D0%BD%D1%8B%D0%B9%20_%D0%A1%D0%BF%D1%80%D0%B0%D0%B2%D0%BA%D0%B0%20%D0%BE%20%D1%81%D1%82%D0%BE%D0%B8%D0%BC%D0%BE%D1%81%D1%82%D0%B8%20%D1%87%D0%B8%D1%81%D1%82%D1%8B%D1%85%20%D0%B0%D0%BA%D1%82%D0%B8%D0%B2%D0%BE%D0%B2_%D0%B7%D0%B0_%D0%B0%D0%B2%D0%B3%D1%83%D1%81%D1%82_2026%D0%B3.PDF,raw/Первая/Фонд Сбалансированный/2026-08-31.pdf
ВИМ,ВИМ – Акции,2022-08-31,https://www.wealthim.ru/upload/iblock/d8a/22_08_31_SCHA_OPIF_Aktsii.pdf,raw/ВИМ/ВИМ  Акции/2022-08-31.pdf
ВИМ,ВИМ – Акции,2022-09-30,https://www.wealthim.ru/upload/iblock/16e/22_09_30_SCHA_OPIF_Aktsii.pdf,raw/ВИМ/ВИМ  Акции/2022-09-30.pdf
ВИМ,ВИМ – Акции,2022-10-31,https://www.wealthim.ru/upload/iblock/8ee/22_10_31_SCHA_OPIF_Aktsii.pdf,raw/ВИМ/ВИМ  Акции/2022-10-31.pdf
ВИМ,ВИМ – Акции,2022-11-30,https://www.wealthim.ru/upload/iblock/e35/22_11_30_SCHA_OPIF_Aktsii.pdf,raw/ВИМ/ВИМ  Акции/2022-11-30.pdf
ВИМ,ВИМ – Акции,2022-12-30,https://www.wealthim.ru/upload/iblock/d6f/22_12_30_SCHA_OPIF_Aktsii.pdf,raw/ВИМ/ВИМ  Акции/2022-12-30.pdf
ВИМ,ВИМ – Акции,2023-01-31,https://www.wealthim.ru/upload/iblock/667/23_01_31_SCHA_OPIF_Aktsii.pdf,raw/ВИМ/ВИМ  Акции/2023-01-31.pdf
ВИМ,ВИМ – Акции,2023-02-28,https://www.wealthim.ru/upload/iblock/44b/23_02_28_SCHA_OPIF_Aktsii.pdf,raw/ВИМ/ВИМ  Акции/2023-02-28.pdf
ВИМ,ВИМ – Акции,2023-03-31,https://www.wealthim.ru/upload/iblock/0d6/23_03_31_SCHA_OPIF_Aktsii.pdf,raw/ВИМ/ВИМ  Акции/2023-03-31.pdf
ВИМ,ВИМ – Акции,2023-04-28,https://www.wealthim.ru/upload/iblock/f9f/23_04_28_SCHA_OPIF_Aktsii.pdf,raw/ВИМ/ВИМ  Акции/2023-04-28.pdf
ВИМ,ВИМ – Акции,2023-05-31,https://www.wealthim.ru/upload/iblock/ca5/23_05_31_SCHA_OPIF_Aktsii.pdf,raw/ВИМ/ВИМ  Акции/2023-05-31.pdf
ВИМ,ВИМ – Акции,2023-06-30,https://www.wealthim.ru/upload/iblock/6b9/23_06_30_SCHA_OPIF_Aktsii.pdf,raw/ВИМ/ВИМ  Акции/2023-06-30.pdf
ВИМ,ВИМ – Акции,2023-07-31,https://www.wealthim.ru/upload/iblock/762/efj7d17kzuiu5i0zzivqo6tzylp7d45y/23_07_31_SCHA_OPIF_Aktsii.pdf,raw/ВИМ/ВИМ  Акции/2023-07-31.pdf
ВИМ,ВИМ – Акции,2023-08-31,https://www.wealthim.ru/upload/iblock/6c6/ixmqd3dg6kzt6gf0vwckzajxi1y0o23o/23_08_31_SCHA_OPIF_Aktsii.pdf,raw/ВИМ/ВИМ  Акции/2023-08-31.pdf
ВИМ,ВИМ – Акции,2023-09-29,https://www.wealthim.ru/upload/iblock/51b/lig1luk446zn82uek3ise263zjjrbca7/23_09_29_SCHA_OPIF_Aktsii.pdf,raw/ВИМ/ВИМ  Акции/2023-09-29.pdf
ВИМ,ВИМ – Акции,2023-10-31,https://www.wealthim.ru/upload/iblock/244/9d9bdd3fr4xuk324mslfime7v38c3xt4/23_10_31_SCHA_OPIF_Aktsii.pdf,raw/ВИМ/ВИМ  Акции/2023-10-31.pdf
ВИМ,ВИМ – Акции,2023-11-30,https://www.wealthim.ru/upload/iblock/10f/oikvn0u3l03raw7lm37izzf9cng8ozmt/23_11_30_SCHA_OPIF_Aktsii.pdf,raw/ВИМ/ВИМ  Акции/2023-11-30.pdf
ВИМ,ВИМ – Акции,2023-12-29,https://www.wealthim.ru/upload/iblock/dec/hfh35pee53jn3sdcewpi1cafs1z9361e/23_12_29_SCHA_OPIF_Aktsii.pdf,raw/ВИМ/ВИМ  Акции/2023-12-29.pdf
ВИМ,ВИМ – Акции,2024-01-31,https://www.wealthim.ru/upload/iblock/d90/lh67fsz39t4yvh063i4dfuff20hzuc3x/24_01_31_SCHA_OPIF_Aktsii.pdf,raw/ВИМ/ВИМ  Акции/2024-01-31.pdf
ВИМ,ВИМ – Акции,2024-02-29,https://www.wealthim.ru/upload/iblock/194/xii8yfsuwkhxyyk0xbavnxg3a53jyv3n/24_02_29_SCHA_OPIF_Aktsii.pdf,raw/ВИМ/ВИМ  Акции/2024-02-29.pdf
ВИМ,ВИМ – Акции,2024-03-29,https://www.wealthim.ru/upload/iblock/27c/6qtsctysa9v9y6q90jpzee1ysxe8y4ir/24_03_29_SCHA_OPIF_Aktsii.pdf,raw/ВИМ/ВИМ  Акции/2024-03-29.pdf
ВИМ,ВИМ – Акции,2024-04-27,https://www.wealthim.ru/upload/iblock/34c/5mgz8g6xt7q3xqg1vby1q4pyk8bmzzof/24_04_27_SCHA_OPIF_Aktsii.pdf,raw/ВИМ/ВИМ  Акции/2024-04-27.pdf
ВИМ,ВИМ – Акции,2024-05-31,https://www.wealthim.ru/upload/iblock/1c1/4u0r6rg4hqvdu35xkxoqpllqhvacl3cs/24_05_31_SCHA_OPIF_Aktsii.pdf,raw/ВИМ/ВИМ  Акции/2024-05-31.pdf
ВИМ,ВИМ – Акции,2024-06-28,https://www.wealthim.ru/upload/iblock/ef8/1d42yg57tb2mlexgov6bcrvh34eaw38g/24_06_28_SCHA_OPIF_Aktsii.pdf,raw/ВИМ/ВИМ  Акции/2024-06-28.pdf
ВИМ,ВИМ – Акции,2024-07-31,https://www.wealthim.ru/upload/iblock/64f/06j3ximyy4ibtoyk22jh0mdzga6xmxx2/24_07_31_SCHA_OPIF_Aktsii.pdf,raw/ВИМ/ВИМ  Акции/2024-07-31.pdf
ВИМ,ВИМ – Акции,2024-08-30,https://www.wealthim.ru/upload/iblock/90c/c2vgx6fsmmrcagyjtnn8fkenr8lov9mr/24_08_30_SCHA_OPIF_Aktsii.pdf,raw/ВИМ/ВИМ  Акции/2024-08-30.pdf
ВИМ,ВИМ – Акции,2024-08-30,https://www.wealthim.ru/upload/iblock/fa6/21k4tdaz64xrylqhbktdqnz0e0dak0aw/24_08_30_SCHA_OPIF_Aktsii.pdf,raw/ВИМ/ВИМ  Акции/2024-08-30.pdf
ВИМ,ВИМ – Акции,2024-09-30,https://www.wealthim.ru/upload/iblock/068/p1idwt9bzy2ziwm1a8zd3z43279gjpam/24_09_30_SCHA_OPIF_Aktsii.pdf,raw/ВИМ/ВИМ  Акции/2024-09-30.pdf
ВИМ,ВИМ – Акции,2024-09-30,https://www.wealthim.ru/upload/iblock/3ad/rorypmixagrwkxb4tbmyyeh4u0hpzu28/24_09_30_SCHA_OPIF_Aktsii.pdf,raw/ВИМ/ВИМ  Акции/2024-09-30.pdf
ВИМ,ВИМ – Акции,2024-10-31,https://www.wealthim.ru/upload/iblock/057/0819fdd8fhspv6ruw8r7ac8tvvp5m6xg/24_10_31_SCHA_OPIF_Aktsii.pdf,raw/ВИМ/ВИМ  Акции/2024-10-31.pdf
ВИМ,ВИМ – Акции,2024-11-29,https://www.wealthim.ru/upload/iblock/af0/1vo71xagpvadyjik19rgnypv1b0fwaau/24_11_29_SCHA_OPIF_Aktsii.pdf,raw/ВИМ/ВИМ  Акции/2024-11-29.pdf
ВИМ,ВИМ – Акции,2024-12-28,https://www.wealthim.ru/upload/iblock/14f/flgotinj9ad8926kypj1tsl3zmhvn5u7/24_12_28_SCHA_OPIF_Aktsii.pdf,raw/ВИМ/ВИМ  Акции/2024-12-28.pdf
ВИМ,ВИМ – Акции,2025-01-31,https://www.wealthim.ru/upload/iblock/498/kziucgvm1evas4cz3rjomj0e93r6jq2c/25_01_31_SCHA_OPIF_Aktsii.pdf,raw/ВИМ/ВИМ  Акции/2025-01-31.pdf
ВИМ,ВИМ – Акции,2025-02-28,https://www.wealthim.ru/upload/iblock/48a/erdjjdlylreofyagj2a1137l6j38vuhd/25_02_28_SCHA_OPIF_Aktsii.pdf,raw/ВИМ/ВИМ  Акции/2025-02-28.pdf
ВИМ,ВИМ – Акции,2025-03-31,https://www.wealthim.ru/upload/iblock/ca9/y2fljf9f3rxf01zo5tl7ejth125msfou/25_03_31_SCHA_OPIF_Aktsii.pdf,raw/ВИМ/ВИМ  Акции/2025-03-31.pdf
ВИМ,ВИМ – Акции,2025-04-30,https://www.wealthim.ru/upload/iblock/cee/5kl9rjz02mxpi4ejfuy1tljt325lk8pw/25_04_30_SCHA_OPIF_Aktsii.pdf,raw/ВИМ/ВИМ  Акции/2025-04-30.pdf
ВИМ,ВИМ – Акции,2025-05-30,https://www.wealthim.ru/upload/iblock/ebf/zk6ase0o342gqmp7heyxsuwvrzp46iob/25_05_30_SCHA_OPIF_Aktsii.pdf,raw/ВИМ/ВИМ  Акции/2025-05-30.pdf
ВИМ,ВИМ – Акции,2025-06-30,https://www.wealthim.ru/upload/iblock/267/dyale1swah64megq1rtb2bk8f3a7uoai/25_06_30_SCHA_OPIF_Aktsii.pdf,raw/ВИМ/ВИМ  Акции/2025-06-30.pdf
ВИМ,ВИМ – Акции,2025-07-31,https://www.wealthim.ru/upload/iblock/4a1/e2lc9q6q50sfvjbv0dxr780olxw2jku2/25_07_31_SCHA_OPIF_Aktsii.pdf,raw/ВИМ/ВИМ  Акции/2025-07-31.pdf
ВИМ,ВИМ – Акции,2025-08-29,https://www.wealthim.ru/upload/iblock/7fd/y3swsg51jdq4cbv2vnsnjlmpcb3pry7i/25_08_29_SCHA_OPIF_Aktsii.pdf,raw/ВИМ/ВИМ  Акции/2025-08-29.pdf
ВИМ,ВИМ – Акции,2025-09-30,https://www.wealthim.ru/upload/iblock/d6e/9cahu0k17yxfukhj1bo54dmqn0h3pwoh/25_09_30_SCHA_OPIF_Aktsii.pdf,raw/ВИМ/ВИМ  Акции/2025-09-30.pdf
ВИМ,ВИМ – Акции,2025-10-31,https://www.wealthim.ru/upload/iblock/a47/banxftbrbx1ekaz19hztl4p0vgymr8if/25_10_31_SCHA_OPIF_Aktsii.pdf,raw/ВИМ/ВИМ  Акции/2025-10-31.pdf
ВИМ,ВИМ – Акции,2025-11-28,https://www.wealthim.ru/upload/iblock/99c/kcrn37rv90or917ttialt2x4ayvygbfi/25_11_28_SCHA_OPIF_Aktsii.pdf,raw/ВИМ/ВИМ  Акции/2025-11-28.pdf
ВИМ,ВИМ – Акции,2025-12-30,https://www.wealthim.ru/upload/iblock/129/ca163h9aastjupqoojpdmb6j1kqmdh24/25_12_30_SCHA_OPIF_Aktsii.pdf,raw/ВИМ/ВИМ  Акции/2025-12-30.pdf
ВИМ,ВИМ – Акции,2026-01-30,https://www.wealthim.ru/upload/iblock/4a7/p2tp9tsymnnntlro7qxklmqi181bxzeb/26_01_30_SCHA_OPIF_Aktsii.pdf,raw/ВИМ/ВИМ  Акции/2026-01-30.pdf
ВИМ,ВИМ – Акции,2026-02-27,https://www.wealthim.ru/upload/iblock/574/vekrbt1sw0xuq2qo9hgau5cz8eaewk0e/26_02_27_SCHA_OPIF_Aktsii.pdf,raw/ВИМ/ВИМ  Акции/2026-02-27.pdf
ВИМ,ВИМ – Акции,2026-03-31,https://www.wealthim.ru/upload/iblock/19f/jr0irapl4bngi0sw29e82jkb8x3b3kkn/26_03_31_SCHA_OPIF_Aktsii.pdf,raw/ВИМ/ВИМ  Акции/2026-03-31.pdf
ВИМ,ВИМ – Акции,2026-04-30,https://www.wealthim.ru/upload/iblock/b36/rvem2t3q10dh4j5llyv1tmz85nel2hbu/26_04_30_SCHA_OPIF_Aktsii.pdf,raw/ВИМ/ВИМ  Акции/2026-04-30.pdf
ВИМ,ВИМ – Акции,2026-05-29,https://www.wealthim.ru/upload/iblock/4d2/hgrkuagyyo2wfma9ubl7dbpimhd5w5pb/26_05_29_SCHA_OPIF_Aktsii.pdf,raw/ВИМ/ВИМ  Акции/2026-05-29.pdf
ВИМ,ВИМ – Акции,2026-06-30,https://www.wealthim.ru/upload/iblock/68c/0m6dtnlujpu4b0z9lhrx6g9vf8rxucc6/26_06_30_SCHA_OPIF_Aktsii.pdf,raw/ВИМ/ВИМ  Акции/2026-06-30.pdf
ВИМ,ВИМ – Акции,2026-07-31,https://www.wealthim.ru/upload/iblock/366/jcgm8woci6a7bj17nalqryuhvsrnj416/26_07_31_SCHA_OPIF_Aktsii.pdf,raw/ВИМ/ВИМ  Акции/2026-07-31.pdf
ВИМ,ВИМ – Акции,2026-08-31,https://www.wealthim.ru/upload/iblock/9fc/7dd2ee5tr6psq8ek3chu56asd4dm9exb/26_08_31_SCHA_OPIF_Aktsii.pdf,raw/ВИМ/ВИМ  Акции/2026-08-31.pdf
ВИМ,ВИМ – Акции. Российские эмитенты,2022-08-31,https://www.wealthim.ru/upload/iblock/5b8/22_08_31_SCHA_OPIF_AktsRosEmitentov.pdf,raw/ВИМ/ВИМ  Акции Российские эмитенты/2022-08-31.pdf
ВИМ,ВИМ – Акции. Российские эмитенты,2022-09-30,https://www.wealthim.ru/upload/iblock/ee7/22_09_30_SCHA_OPIF_AktsRosEmitentov.pdf,raw/ВИМ/ВИМ  Акции Российские эмитенты/2022-09-30.pdf
ВИМ,ВИМ – Акции. Российские эмитенты,2022-10-31,https://www.wealthim.ru/upload/iblock/5d4/22_10_31_SCHA_OPIF_AktsRosEmitentov.pdf,raw/ВИМ/ВИМ  Акции Российские эмитенты/2022-10-31.pdf
ВИМ,ВИМ – Акции. Российские эмитенты,2022-11-30,https://www.wealthim.ru/upload/iblock/2ea/22_11_30_SCHA_OPIF_AktsRosEmitentov.pdf,raw/ВИМ/ВИМ  Акции Российские эмитенты/2022-11-30.pdf
ВИМ,ВИМ – Акции. Российские эмитенты,2022-12-30,https://www.wealthim.ru/upload/iblock/467/22_12_30_SCHA_OPIF_AktsRosEmitentov.pdf,raw/ВИМ/ВИМ  Акции Российские эмитенты/2022-12-30.pdf
ВИМ,ВИМ – Акции. Российские эмитенты,2023-01-31,https://www.wealthim.ru/upload/iblock/a33/23_01_31_SCHA_OPIF_AktsRosEmitentov.pdf,raw/ВИМ/ВИМ  Акции Российские эмитенты/2023-01-31.pdf
ВИМ,ВИМ – Акции. Российские эмитенты,2023-02-28,https://www.wealthim.ru/upload/iblock/d70/23_02_28_SCHA_OPIF_AktsRosEmitentov.pdf,raw/ВИМ/ВИМ  Акции Российские эмитенты/2023-02-28.pdf
ВИМ,ВИМ – Акции. Российские эмитенты,2023-03-31,https://www.wealthim.ru/upload/iblock/64d/23_03_31_SCHA_OPIF_AktsRosEmitentov.pdf,raw/ВИМ/ВИМ  Акции Российские эмитенты/2023-03-31.pdf
ВИМ,ВИМ – Акции. Российские эмитенты,2023-04-28,https://www.wealthim.ru/upload/iblock/1c0/23_04_28_SCHA_OPIF_AktsRosEmitentov.pdf,raw/ВИМ/ВИМ  Акции Российские эмитенты/2023-04-28.pdf
ВИМ,ВИМ – Акции. Российские эмитенты,2023-05-31,https://www.wealthim.ru/upload/iblock/eae/23_05_31_SCHA_OPIF_AktsRosEmitentov.pdf,raw/ВИМ/ВИМ  Акции Российские эмитенты/2023-05-31.pdf
ВИМ,ВИМ – Акции. Российские эмитенты,2023-06-30,https://www.wealthim.ru/upload/iblock/aec/23_06_30_SCHA_OPIF_AktsRosEmitentov.pdf,raw/ВИМ/ВИМ  Акции Российские эмитенты/2023-06-30.pdf
ВИМ,ВИМ – Акции. Российские эмитенты,2023-07-31,https://www.wealthim.ru/upload/iblock/e97/smk3uhdzjax4702w9bie7u0ta2rj1arb/23_07_31_SCHA_OPIF_AktsRosEmitentov.pdf,raw/ВИМ/ВИМ  Акции Российские эмитенты/2023-07-31.pdf
ВИМ,ВИМ – Акции. Российские эмитенты,2023-08-31,https://www.wealthim.ru/upload/iblock/2f0/9m3847xr9r6vw3255aj2gt8dv92780u2/23_08_31_SCHA_OPIF_AktsRosEmitentov.pdf,raw/ВИМ/ВИМ  Акции Российские эмитенты/2023-08-31.pdf
ВИМ,ВИМ – Акции. Российские эмитенты,2023-09-29,https://www.wealthim.ru/upload/iblock/8e9/vjxfhiu9nfa9ssjt7nht8wq4ib3ilss7/23_09_29_SCHA_OPIF_AktsRosEmitentov.pdf,raw/ВИМ/ВИМ  Акции Российские эмитенты/2023-09-29.pdf
ВИМ,ВИМ – Акции. Российские эмитенты,2023-10-31,https://www.wealthim.ru/upload/iblock/289/eulg3n51jkvy5exx9knghaj4hnlc162m/23_10_31_SCHA_OPIF_AktsRosEmitentov.pdf,raw/ВИМ/ВИМ  Акции Российские эмитенты/2023-10-31.pdf
ВИМ,ВИМ – Акции. Российские эмитенты,2023-11-30,https://www.wealthim.ru/upload/iblock/7c6/8n6q3z7zmf0dh2oq9ae97e6vgz98d3tj/23_11_30_SCHA_OPIF_AktsRosEmitentov.pdf,raw/ВИМ/ВИМ  Акции Российские эмитенты/2023-11-30.pdf
ВИМ,ВИМ – Акции. Российские эмитенты,2023-12-29,https://www.wealthim.ru/upload/iblock/33d/dvjhbsiog7czsx5t87a6k2n9bt78hrwd/23_12_29_SCHA_OPIF_AktsRosEmitentov.pdf,raw/ВИМ/ВИМ  Акции Российские эмитенты/2023-12-29.pdf
ВИМ,ВИМ – Акции. Российские эмитенты,2024-01-31,https://www.wealthim.ru/upload/iblock/2cd/811ri447i201a0k9canjv83ju4i7ofz5/24_01_31_SCHA_OPIF_AktsRosEmitentov.pdf,raw/ВИМ/ВИМ  Акции Российские эмитенты/2024-01-31.pdf
ВИМ,ВИМ – Акции. Российские эмитенты,2024-02-29,https://www.wealthim.ru/upload/iblock/c5a/pb2fajp3wu3i6skvg47deformuqh3o4o/24_02_29_SCHA_OPIF_AktsRosEmitentov.pdf,raw/ВИМ/ВИМ  Акции Российские эмитенты/2024-02-29.pdf
ВИМ,ВИМ – Акции. Российские эмитенты,2024-03-29,https://www.wealthim.ru/upload/iblock/b58/pasn5vysxzzowbc0y2hk3mtinvubmf3r/24_03_29_SCHA_OPIF_AktsRosEmitentov.pdf,raw/ВИМ/ВИМ  Акции Российские эмитенты/2024-03-29.pdf
ВИМ,ВИМ – Акции. Российские эмитенты,2024-04-27,https://www.wealthim.ru/upload/iblock/763/sbosq6luwm31nv1lhniz3uijfwjoulg0/24_04_27_SCHA_OPIF_AktsRosEmitentov.pdf,raw/ВИМ/ВИМ  Акции Российские эмитенты/2024-04-27.pdf
ВИМ,ВИМ – Акции. Российские эмитенты,2024-05-31,https://www.wealthim.ru/upload/iblock/946/xmgvypex4sxkly1d8zyj98bxv3nd34c6/24_05_31_SCHA_OPIF_AktsRosEmitentov.pdf,raw/ВИМ/ВИМ  Акции Российские эмитенты/2024-05-31.pdf
ВИМ,ВИМ – Акции. Российские эмитенты,2024-06-28,https://www.wealthim.ru/upload/iblock/f79/5gk7t3dfue1yit8wit37jzpfqtajdzzd/24_06_28_SCHA_OPIF_AktsRosEmitentov.pdf,raw/ВИМ/ВИМ  Акции Российские эмитенты/2024-06-28.pdf
ВИМ,ВИМ – Акции. Российские эмитенты,2024-07-31,https://www.wealthim.ru/upload/iblock/bb2/q8nu43np434qzzggkjpa848bzk35d18u/24_07_31_SCHA_OPIF_AktsRosEmitentov.pdf,raw/ВИМ/ВИМ  Акции Российские эмитенты/2024-07-31.pdf
ВИМ,ВИМ – Акции. Российские эмитенты,2024-08-30,https://www.wealthim.ru/upload/iblock/241/apu1u5djibncx4943g5f9m0d473v15xe/24_08_30_SCHA_OPIF_AktsRosEmitentov.pdf,raw/ВИМ/ВИМ  Акции Российские эмитенты/2024-08-30.pdf
ВИМ,ВИМ – Акции. Российские эмитенты,2024-08-30,https://www.wealthim.ru/upload/iblock/e8a/31mthvjsfwr94z6vh0esn9lt1mpu9dl3/24_08_30_SCHA_OPIF_AktsRosEmitentov.pdf,raw/ВИМ/ВИМ  Акции Российские эмитенты/2024-08-30.pdf
ВИМ,ВИМ – Акции. Российские эмитенты,2024-09-30,https://www.wealthim.ru/upload/iblock/046/dg5yx1vtfyol8iefub0a02l4olo879q3/24_09_30_SCHA_OPIF_AktsRosEmitentov.pdf,raw/ВИМ/ВИМ  Акции Российские эмитенты/2024-09-30.pdf
ВИМ,ВИМ – Акции. Российские эмитенты,2024-09-30,https://www.wealthim.ru/upload/iblock/ae1/qs2saibyy1brvtzbsliqpoq017oih0pj/24_09_30_SCHA_OPIF_AktsRosEmitentov.pdf,raw/ВИМ/ВИМ  Акции Российские эмитенты/2024-09-30.pdf
ВИМ,ВИМ – Акции. Российские эмитенты,2024-10-31,https://www.wealthim.ru/upload/iblock/9f6/yivk4p6u2p5pqocu0j467waj0yi2ywao/24_10_31_SCHA_OPIF_AktsRosEmitentov.pdf,raw/ВИМ/ВИМ  Акции Российские эмитенты/2024-10-31.pdf
ВИМ,ВИМ – Акции. Российские эмитенты,2024-11-29,https://www.wealthim.ru/upload/iblock/c35/lk16p7eitjia0amymyc562xfqk820obr/24_11_29_SCHA_OPIF_AktsRosEmitentov.pdf,raw/ВИМ/ВИМ  Акции Российские эмитенты/2024-11-29.pdf
ВИМ,ВИМ – Акции. Российские эмитенты,2024-12-28,https://www.wealthim.ru/upload/iblock/9c2/aifqwav19ycit5yn39zu65vg8al59lic/24_12_28_SCHA_OPIF_AktsRosEmitentov.pdf,raw/ВИМ/ВИМ  Акции Российские эмитенты/2024-12-28.pdf
ВИМ,ВИМ – Акции. Российские эмитенты,2025-01-31,https://www.wealthim.ru/upload/iblock/11a/4srusuq8ihaddhd1eksg3db8z48m8ic7/25_01_31_SCHA_OPIF_AktsRosEmitentov.pdf,raw/ВИМ/ВИМ  Акции Российские эмитенты/2025-01-31.pdf
ВИМ,ВИМ – Акции. Российские эмитенты,2025-02-28,https://www.wealthim.ru/upload/iblock/f4b/fcgnt5ie3spmgnryabfhoq5zscf09xcv/25_02_28_SCHA_OPIF_AktsRosEmitentov.pdf,raw/ВИМ/ВИМ  Акции Российские эмитенты/2025-02-28.pdf
ВИМ,ВИМ – Акции. Российские эмитенты,2025-03-31,https://www.wealthim.ru/upload/iblock/a2f/sfye65jwn6l23lan0t3a5kw418326nqu/25_03_31_SCHA_OPIF_AktsRosEmitentov.pdf,raw/ВИМ/ВИМ  Акции Российские эмитенты/2025-03-31.pdf
ВИМ,ВИМ – Акции. Российские эмитенты,2025-04-30,https://www.wealthim.ru/upload/iblock/4ae/qtxpr4czfjtb5srdecqe1rhuttl7b819/25_04_30_SCHA_OPIF_AktsRosEmitentov.pdf,raw/ВИМ/ВИМ  Акции Российские эмитенты/2025-04-30.pdf
ВИМ,ВИМ – Акции. Российские эмитенты,2025-05-30,https://www.wealthim.ru/upload/iblock/404/ekt0x0duzi92bl9sz38di2vuts33c66d/25_05_30_SCHA_OPIF_AktsRosEmitentov.pdf,raw/ВИМ/ВИМ  Акции Российские эмитенты/2025-05-30.pdf
ВИМ,ВИМ – Акции. Российские эмитенты,2025-06-30,https://www.wealthim.ru/upload/iblock/9cb/z0axs36uwnqxl2p8s6ozbpqzaho5d1pb/25_06_30_SCHA_OPIF_AktsRosEmitentov.pdf,raw/ВИМ/ВИМ  Акции Российские эмитенты/2025-06-30.pdf
ВИМ,ВИМ – Акции. Российские эмитенты,2025-07-31,https://www.wealthim.ru/upload/iblock/7e5/ez9moqb66dikr4kk4a2905o51ysqz2al/25_07_31_SCHA_OPIF_AktsRosEmitentov.pdf,raw/ВИМ/ВИМ  Акции Российские эмитенты/2025-07-31.pdf
ВИМ,ВИМ – Акции. Российские эмитенты,2025-08-29,https://www.wealthim.ru/upload/iblock/d9c/0l0kam5asw7uotyyvkuwe3ei8kyygkyi/25_08_29_SCHA_OPIF_AktsRosEmitentov.pdf,raw/ВИМ/ВИМ  Акции Российские эмитенты/2025-08-29.pdf
ВИМ,ВИМ – Акции. Российские эмитенты,2025-09-30,https://www.wealthim.ru/upload/iblock/4be/7pczrto1gxamap22wkcdc6f8av2r5poq/25_09_30_SCHA_OPIF_AktsRosEmitentov.pdf,raw/ВИМ/ВИМ  Акции Российские эмитенты/2025-09-30.pdf
ВИМ,ВИМ – Акции. Российские эмитенты,2025-10-31,https://www.wealthim.ru/upload/iblock/b8f/6qs65nqk1ujiyoi5rsw28x11q859nc8g/25_10_31_SCHA_OPIF_AktsRosEmitentov.pdf,raw/ВИМ/ВИМ  Акции Российские эмитенты/2025-10-31.pdf
ВИМ,ВИМ – Акции. Российские эмитенты,2025-11-28,https://www.wealthim.ru/upload/iblock/4fe/agr7trui6kwrizo4cvact1asv6d0qk7h/25_11_28_SCHA_OPIF_AktsRosEmitentov.pdf,raw/ВИМ/ВИМ  Акции Российские эмитенты/2025-11-28.pdf
ВИМ,ВИМ – Акции. Российские эмитенты,2025-12-30,https://www.wealthim.ru/upload/iblock/f4f/rbdt69sqy7cuo6mfb2jr0emt8iem1a9u/25_12_30_SCHA_OPIF_AktsRosEmitentov.pdf,raw/ВИМ/ВИМ  Акции Российские эмитенты/2025-12-30.pdf
ВИМ,ВИМ – Акции. Российские эмитенты,2026-01-30,https://www.wealthim.ru/upload/iblock/b97/whh6xrf1buixi0zluricgxac5yrqbor7/26_01_30_SCHA_OPIF_AktsRosEmitentov.pdf,raw/ВИМ/ВИМ  Акции Российские эмитенты/2026-01-30.pdf
ВИМ,ВИМ – Акции. Российские эмитенты,2026-02-27,https://www.wealthim.ru/upload/iblock/4af/961r7277ziyupefiygx7f0gmpahzyzwo/26_02_27_SCHA_OPIF_AktsRosEmitentov.pdf,raw/ВИМ/ВИМ  Акции Российские эмитенты/2026-02-27.pdf
ВИМ,ВИМ – Акции. Российские эмитенты,2026-03-31,https://www.wealthim.ru/upload/iblock/e59/5cu8f8earvbloy0hahzwov2i2qqzos97/26_03_31_SCHA_OPIF_AktsRosEmitentov.pdf,raw/ВИМ/ВИМ  Акции Российские эмитенты/2026-03-31.pdf
ВИМ,ВИМ – Акции. Российские эмитенты,2026-04-30,https://www.wealthim.ru/upload/iblock/e11/0rh0ou1yq7ar4yq9gxupunw0vmfjg9bb/26_04_30_SCHA_OPIF_AktsRosEmitentov.pdf,raw/ВИМ/ВИМ  Акции Российские эмитенты/2026-04-30.pdf
ВИМ,ВИМ – Акции. Российские эмитенты,2026-05-29,https://www.wealthim.ru/upload/iblock/75d/vefcm56vozc6gly5tgp136tjcedprho5/26_05_29_SCHA_OPIF_AktsRosEmitentov.pdf,raw/ВИМ/ВИМ  Акции Российские эмитенты/2026-05-29.pdf
ВИМ,ВИМ – Акции. Российские эмитенты,2026-06-30,https://www.wealthim.ru/upload/iblock/695/vyrhpqdgjn8mp5f7auiv1d1y3owhtfb5/26_06_30_SCHA_OPIF_AktsRosEmitentov.pdf,raw/ВИМ/ВИМ  Акции Российские эмитенты/2026-06-30.pdf
ВИМ,ВИМ – Акции. Российские эмитенты,2026-07-31,https://www.wealthim.ru/upload/iblock/8b5/on37303sd99307naylcf1uxor63h35lk/26_07_31_SCHA_OPIF_AktsRosEmitentov.pdf,raw/ВИМ/ВИМ  Акции Российские эмитенты/2026-07-31.pdf
ВИМ,ВИМ – Акции. Российские эмитенты,2026-08-31,https://www.wealthim.ru/upload/iblock/2ca/uv2aeg47o5j9i0n4o0gt8nmdmmm8a1ez/26_08_31_SCHA_OPIF_AktsRosEmitentov.pdf,raw/ВИМ/ВИМ  Акции Российские эмитенты/2026-08-31.pdf
ВИМ,ВИМ – Индекс МосБиржи,2022-08-31,https://www.wealthim.ru/upload/iblock/95e/22_08_31_SCHA_OPIF_IndeksMosBirzhi.pdf,raw/ВИМ/ВИМ  Индекс МосБиржи/2022-08-31.pdf
ВИМ,ВИМ – Индекс МосБиржи,2022-09-30,https://www.wealthim.ru/upload/iblock/25d/22_09_30_SCHA_OPIF_IndeksMosBirzhi.pdf,raw/ВИМ/ВИМ  Индекс МосБиржи/2022-09-30.pdf
ВИМ,ВИМ – Индекс МосБиржи,2022-10-31,https://www.wealthim.ru/upload/iblock/f9b/22_10_31_SCHA_OPIF_IndeksMosBirzhi.pdf,raw/ВИМ/ВИМ  Индекс МосБиржи/2022-10-31.pdf
ВИМ,ВИМ – Индекс МосБиржи,2022-11-30,https://www.wealthim.ru/upload/iblock/b6a/22_11_30_SCHA_OPIF_IndeksMosBirzhi.pdf,raw/ВИМ/ВИМ  Индекс МосБиржи/2022-11-30.pdf
ВИМ,ВИМ – Индекс МосБиржи,2022-12-30,https://www.wealthim.ru/upload/iblock/9f6/22_12_30_SCHA_OPIF_IndeksMosBirzhi.pdf,raw/ВИМ/ВИМ  Индекс МосБиржи/2022-12-30.pdf
ВИМ,ВИМ – Индекс МосБиржи,2023-01-31,https://www.wealthim.ru/upload/iblock/ead/23_01_31_SCHA_OPIF_IndeksMosBirzhi.pdf,raw/ВИМ/ВИМ  Индекс МосБиржи/2023-01-31.pdf
ВИМ,ВИМ – Индекс МосБиржи,2023-02-28,https://www.wealthim.ru/upload/iblock/652/23_02_28_SCHA_OPIF_IndeksMosBirzhi.pdf,raw/ВИМ/ВИМ  Индекс МосБиржи/2023-02-28.pdf
ВИМ,ВИМ – Индекс МосБиржи,2023-03-31,https://www.wealthim.ru/upload/iblock/74e/23_03_31_SCHA_OPIF_IndeksMosBirzhi.pdf,raw/ВИМ/ВИМ  Индекс МосБиржи/2023-03-31.pdf
ВИМ,ВИМ – Индекс МосБиржи,2023-04-28,https://www.wealthim.ru/upload/iblock/5c2/23_04_28_SCHA_OPIF_IndeksMosBirzhi.pdf,raw/ВИМ/ВИМ  Индекс МосБиржи/2023-04-28.pdf
ВИМ,ВИМ – Индекс МосБиржи,2023-05-31,https://www.wealthim.ru/upload/iblock/9bf/23_05_31_SCHA_OPIF_IndeksMosBirzhi.pdf,raw/ВИМ/ВИМ  Индекс МосБиржи/2023-05-31.pdf
ВИМ,ВИМ – Индекс МосБиржи,2023-06-30,https://www.wealthim.ru/upload/iblock/06d/23_06_30_SCHA_OPIF_IndeksMosBirzhi.pdf,raw/ВИМ/ВИМ  Индекс МосБиржи/2023-06-30.pdf
ВИМ,ВИМ – Индекс МосБиржи,2023-07-31,https://www.wealthim.ru/upload/iblock/cff/t1wb8nk768dgtm04lg8qgxzv19cou5yb/23_07_31_SCHA_OPIF_IndeksMosBirzhi.pdf,raw/ВИМ/ВИМ  Индекс МосБиржи/2023-07-31.pdf
ВИМ,ВИМ – Индекс МосБиржи,2023-08-31,https://www.wealthim.ru/upload/iblock/1bb/hokxq8h21ur70azmd4tukequbpcwwecw/23_08_31_SCHA_OPIF_IndeksMosBirzhi.pdf,raw/ВИМ/ВИМ  Индекс МосБиржи/2023-08-31.pdf
ВИМ,ВИМ – Индекс МосБиржи,2023-09-29,https://www.wealthim.ru/upload/iblock/a66/p33p95u65d63e35m0epjjfu9qp8r43hm/23_09_29_SCHA_OPIF_IndeksMosBirzhi.pdf,raw/ВИМ/ВИМ  Индекс МосБиржи/2023-09-29.pdf
ВИМ,ВИМ – Индекс МосБиржи,2023-10-31,https://www.wealthim.ru/upload/iblock/9a7/8s4g5e44sr4diby4shqu19ibvn7rv3jg/23_10_31_SCHA_OPIF_IndeksMosBirzhi.pdf,raw/ВИМ/ВИМ  Индекс МосБиржи/2023-10-31.pdf
ВИМ,ВИМ – Индекс МосБиржи,2023-11-30,https://www.wealthim.ru/upload/iblock/e38/1keh1eyvc8xx8h5ukx37aibqmorq1lqg/23_11_30_SCHA_OPIF_IndeksMosBirzhi.pdf,raw/ВИМ/ВИМ  Индекс МосБиржи/2023-11-30.pdf
ВИМ,ВИМ – Индекс МосБиржи,2023-12-29,https://www.wealthim.ru/upload/iblock/dfc/kf8zoj5jt7nktw4z8a73gm0rexhrtszn/23_12_29_SCHA_OPIF_IndeksMosBirzhi.pdf,raw/ВИМ/ВИМ  Индекс МосБиржи/2023-12-29.pdf
ВИМ,ВИМ – Индекс МосБиржи,2024-01-31,https://www.wealthim.ru/upload/iblock/6b5/foxmji9cf5ucnbx0pdai3cdjb4v7dagr/24_01_31_SCHA_OPIF_IndeksMosBirzhi.pdf,raw/ВИМ/ВИМ  Индекс МосБиржи/2024-01-31.pdf
ВИМ,ВИМ – Индекс МосБиржи,2024-02-29,https://www.wealthim.ru/upload/iblock/eb3/3pb6vlzp3w33u3gvcj6fhoibp8hiylxb/24_02_29_SCHA_OPIF_IndeksMosBirzhi.pdf,raw/ВИМ/ВИМ  Индекс МосБиржи/2024-02-29.pdf
ВИМ,ВИМ – Индекс МосБиржи,2024-03-29,https://www.wealthim.ru/upload/iblock/b69/eqc94p10xf23gbdnqwtog0c2qk3m0irm/24_03_29_SCHA_OPIF_IndeksMosBirzhi.pdf,raw/ВИМ/ВИМ  Индекс МосБиржи/2024-03-29.pdf
ВИМ,ВИМ – Индекс МосБиржи,2024-04-27,https://www.wealthim.ru/upload/iblock/8f6/bi7lth8j79v147mlhkd4xuuph7xyzihe/24_04_27_SCHA_OPIF_IndeksMosBirzhi.pdf,raw/ВИМ/ВИМ  Индекс МосБиржи/2024-04-27.pdf
ВИМ,ВИМ – Индекс МосБиржи,2024-05-31,https://www.wealthim.ru/upload/iblock/48b/7iaza0tm0dtcv6770eo0m914ob10phn9/24_05_31_SCHA_OPIF_IndeksMosBirzhi.pdf,raw/ВИМ/ВИМ  Индекс МосБиржи/2024-05-31.pdf
ВИМ,ВИМ – Индекс МосБиржи,2024-06-28,https://www.wealthim.ru/upload/iblock/1b3/775yuhdawqerb0kbtxf5rftmwllceq9n/24_06_28_SCHA_OPIF_IndeksMosBirzhi.pdf,raw/ВИМ/ВИМ  Индекс МосБиржи/2024-06-28.pdf
ВИМ,ВИМ – Индекс МосБиржи,2024-07-31,https://www.wealthim.ru/upload/iblock/9db/alpqs5wvw2ygmw0dokb6q9uip6zj1nyy/24_07_31_SCHA_OPIF_IndeksMosBirzhi.pdf,raw/ВИМ/ВИМ  Индекс МосБиржи/2024-07-31.pdf
ВИМ,ВИМ – Индекс МосБиржи,2024-08-30,https://www.wealthim.ru/upload/iblock/efc/4fc3c19uuva1er52pwb4ke0symr2btqx/24_08_30_SCHA_OPIF_IndeksMosBirzhi.pdf,raw/ВИМ/ВИМ  Индекс МосБиржи/2024-08-30.pdf
ВИМ,ВИМ – Индекс МосБиржи,2024-09-30,https://www.wealthim.ru/upload/iblock/72a/r02dmahpgcjmw6qie1syjsaypck9s3e4/24_09_30_SCHA_OPIF_IndeksMosBirzhi.pdf,raw/ВИМ/ВИМ  Индекс МосБиржи/2024-09-30.pdf
ВИМ,ВИМ – Индекс МосБиржи,2024-10-31,https://www.wealthim.ru/upload/iblock/9a3/80f5gqza15hbzzl9z22sg595dw2ff12s/24_10_31_SCHA_OPIF_IndeksMosBirzhi.pdf,raw/ВИМ/ВИМ  Индекс МосБиржи/2024-10-31.pdf
ВИМ,ВИМ – Индекс МосБиржи,2024-11-29,https://www.wealthim.ru/upload/iblock/06d/njbuq3ku9nqjhb8drwx65jvt6wsoyqrj/24_11_29_SCHA_OPIF_IndeksMosBirzhi.pdf,raw/ВИМ/ВИМ  Индекс МосБиржи/2024-11-29.pdf
ВИМ,ВИМ – Индекс МосБиржи,2024-12-28,https://www.wealthim.ru/upload/iblock/58e/r964cicx9dermovngwtkkemwsns61mjg/24_12_28_SCHA_OPIF_IndeksMosBirzhi.pdf,raw/ВИМ/ВИМ  Индекс МосБиржи/2024-12-28.pdf
ВИМ,ВИМ – Индекс МосБиржи,2025-01-31,https://www.wealthim.ru/upload/iblock/560/tcln9axvm324zblesadok430p1pf3808/25_01_31_SCHA_OPIF_IndeksMosBirzhi.pdf,raw/ВИМ/ВИМ  Индекс МосБиржи/2025-01-31.pdf
ВИМ,ВИМ – Индекс МосБиржи,2025-02-28,https://www.wealthim.ru/upload/iblock/95b/2dv3i4zg9fkuqrdvo3fgn9m98ttedwvm/25_02_28_SCHA_OPIF_IndeksMosBirzhi.pdf,raw/ВИМ/ВИМ  Индекс МосБиржи/2025-02-28.pdf
ВИМ,ВИМ – Индекс МосБиржи,2025-03-31,https://www.wealthim.ru/upload/iblock/68a/txoajqy7qdcti106owyploqxoi7ydqb4/25_03_31_SCHA_OPIF_IndeksMosBirzhi.pdf,raw/ВИМ/ВИМ  Индекс МосБиржи/2025-03-31.pdf
ВИМ,ВИМ – Индекс МосБиржи,2025-04-30,https://www.wealthim.ru/upload/iblock/ec3/p6hv2rlgpico3n63uwcml2za7ajk3lnc/25_04_30_SCHA_OPIF_IndeksMosBirzhi.pdf,raw/ВИМ/ВИМ  Индекс МосБиржи/2025-04-30.pdf
ВИМ,ВИМ – Индекс МосБиржи,2025-05-30,https://www.wealthim.ru/upload/iblock/2b4/te50v85nz39ff9izsqzpaa18d2097axm/25_05_30_SCHA_OPIF_IndeksMosBirzhi.pdf,raw/ВИМ/ВИМ  Индекс МосБиржи/2025-05-30.pdf
ВИМ,ВИМ – Индекс МосБиржи,2025-06-30,https://www.wealthim.ru/upload/iblock/8c3/9f3itupj35e6j323x6h6qok2symhwuhq/25_06_30_SCHA_OPIF_IndeksMosBirzhi.pdf,raw/ВИМ/ВИМ  Индекс МосБиржи/2025-06-30.pdf
ВИМ,ВИМ – Индекс МосБиржи,2025-07-31,https://www.wealthim.ru/upload/iblock/8d5/11m020nw97q0fppxd2dgut76psrvj31y/25_07_31_SCHA_OPIF_IndeksMosBirzhi.pdf,raw/ВИМ/ВИМ  Индекс МосБиржи/2025-07-31.pdf
ВИМ,ВИМ – Индекс МосБиржи,2025-08-29,https://www.wealthim.ru/upload/iblock/65a/cm3db1v56qmmivch3wvhig2qy79tgwow/25_08_29_SCHA_OPIF_IndeksMosBirzhi.pdf,raw/ВИМ/ВИМ  Индекс МосБиржи/2025-08-29.pdf
ВИМ,ВИМ – Индекс МосБиржи,2025-09-30,https://www.wealthim.ru/upload/iblock/58e/b9nbmexb34kikfb4veled1xh8s1zjztm/25_09_30_SCHA_OPIF_IndeksMosBirzhi.pdf,raw/ВИМ/ВИМ  Индекс МосБиржи/2025-09-30.pdf
ВИМ,ВИМ – Индекс МосБиржи,2025-10-31,https://www.wealthim.ru/upload/iblock/a90/0s53ops5fak1umd848wg35u57mv8q2ed/25_10_31_SCHA_OPIF_IndeksMosBirzhi.pdf,raw/ВИМ/ВИМ  Индекс МосБиржи/2025-10-31.pdf
ВИМ,ВИМ – Индекс МосБиржи,2025-11-28,https://www.wealthim.ru/upload/iblock/dbd/4nof5ermbvl7wj0pv505m1h3qgr9xn8w/25_11_28_SCHA_OPIF_IndeksMosBirzhi.pdf,raw/ВИМ/ВИМ  Индекс МосБиржи/2025-11-28.pdf
ВИМ,ВИМ – Индекс МосБиржи,2025-12-30,https://www.wealthim.ru/upload/iblock/2e0/ffrr3no5hyvdu4dbg5ntf8h1bg12b2ey/25_12_30_SCHA_OPIF_IndeksMosBirzhi.pdf,raw/ВИМ/ВИМ  Индекс МосБиржи/2025-12-30.pdf
ВИМ,ВИМ – Индекс МосБиржи,2026-01-30,https://www.wealthim.ru/upload/iblock/8ab/8lg6qjppyxki1d9xm1vd61k1ab391ev8/26_01_30_SCHA_OPIF_IndeksMosBirzhi.pdf,raw/ВИМ/ВИМ  Индекс МосБиржи/2026-01-30.pdf
ВИМ,ВИМ – Индекс МосБиржи,2026-02-27,https://www.wealthim.ru/upload/iblock/38b/2ucydqkc0wmjwpmb9xhkwui0qjb6pxfd/26_02_27_SCHA_OPIF_IndeksMosBirzhi.pdf,raw/ВИМ/ВИМ  Индекс МосБиржи/2026-02-27.pdf
ВИМ,ВИМ – Индекс МосБиржи,2026-03-31,https://www.wealthim.ru/upload/iblock/9c4/zc7n5aalftkuif2c390y8n67ufsei14v/26_03_31_SCHA_OPIF_IndeksMosBirzhi.pdf,raw/ВИМ/ВИМ  Индекс МосБиржи/2026-03-31.pdf
ВИМ,ВИМ – Индекс МосБиржи,2026-04-30,https://www.wealthim.ru/upload/iblock/481/vk991yti56sf9377f67w2miwkray18dz/26_04_30_SCHA_OPIF_IndeksMosBirzhi.pdf,raw/ВИМ/ВИМ  Индекс МосБиржи/2026-04-30.pdf
ВИМ,ВИМ – Индекс МосБиржи,2026-05-29,https://www.wealthim.ru/upload/iblock/49d/vu55sxzosczsnt9et3z5z0yj2dsjal80/26_05_29_SCHA_OPIF_IndeksMosBirzhi.pdf,raw/ВИМ/ВИМ  Индекс МосБиржи/2026-05-29.pdf
ВИМ,ВИМ – Индекс МосБиржи,2026-06-30,https://www.wealthim.ru/upload/iblock/a19/kacjuaggjm6ejb5pz88m9f73ojbyvwh0/26_06_30_SCHA_OPIF_IndeksMosBirzhi.pdf,raw/ВИМ/ВИМ  Индекс МосБиржи/2026-06-30.pdf
ВИМ,ВИМ – Индекс МосБиржи,2026-07-31,https://www.wealthim.ru/upload/iblock/baa/36xg2ve8uilys4f60pfef3hv5yda0vdw/26_07_31_SCHA_OPIF_IndeksMosBirzhi.pdf,raw/ВИМ/ВИМ  Индекс МосБиржи/2026-07-31.pdf
ВИМ,ВИМ – Индекс МосБиржи,2026-08-31,https://www.wealthim.ru/upload/iblock/fb8/wb9b76nout773ve99kppqdhbamp4xgjt/26_08_31_SCHA_OPIF_IndeksMosBirzhi.pdf,raw/ВИМ/ВИМ  Индекс МосБиржи/2026-08-31.pdf
ВИМ,ВИМ – Инновационный,2022-08-31,https://www.wealthim.ru/upload/iblock/8f1/22_08_31_SCHA_OPIF_Energetika.pdf,raw/ВИМ/ВИМ  Инновационный/2022-08-31.pdf
ВИМ,ВИМ – Инновационный,2022-09-30,https://www.wealthim.ru/upload/iblock/499/22_09_30_SCHA_OPIF_Energetika.pdf,raw/ВИМ/ВИМ  Инновационный/2022-09-30.pdf
ВИМ,ВИМ – Инновационный,2022-10-31,https://www.wealthim.ru/upload/iblock/ecd/22_10_31_SCHA_OPIF_Energetika.pdf,raw/ВИМ/ВИМ  Инновационный/2022-10-31.pdf
ВИМ,ВИМ – Инновационный,2022-11-30,https://www.wealthim.ru/upload/iblock/bf1/22_11_30_SCHA_OPIF_Energetika.pdf,raw/ВИМ/ВИМ  Инновационный/2022-11-30.pdf
ВИМ,ВИМ – Инновационный,2022-12-30,https://www.wealthim.ru/upload/iblock/590/22_12_30_SCHA_OPIF_Energetika.pdf,raw/ВИМ/ВИМ  Инновационный/2022-12-30.pdf
ВИМ,ВИМ – Инновационный,2023-01-31,https://www.wealthim.ru/upload/iblock/364/23_01_31_SCHA_OPIF_Energetika.pdf,raw/ВИМ/ВИМ  Инновационный/2023-01-31.pdf
ВИМ,ВИМ – Инновационный,2023-02-28,https://www.wealthim.ru/upload/iblock/385/23_02_28_SCHA_OPIF_Energetika.pdf,raw/ВИМ/ВИМ  Инновационный/2023-02-28.pdf
ВИМ,ВИМ – Инновационный,2023-03-31,https://www.wealthim.ru/upload/iblock/0fa/23_03_31_SCHA_OPIF_Energetika.pdf,raw/ВИМ/ВИМ  Инновационный/2023-03-31.pdf
ВИМ,ВИМ – Инновационный,2023-04-28,https://www.wealthim.ru/upload/iblock/37e/23_04_28_SCHA_OPIF_Energetika.pdf,raw/ВИМ/ВИМ  Инновационный/2023-04-28.pdf
ВИМ,ВИМ – Инновационный,2023-05-31,https://www.wealthim.ru/upload/iblock/0ce/23_05_31_SCHA_OPIF_Energetika.pdf,raw/ВИМ/ВИМ  Инновационный/2023-05-31.pdf
ВИМ,ВИМ – Инновационный,2023-06-30,https://www.wealthim.ru/upload/iblock/e66/23_06_30_SCHA_OPIF_Energetika.pdf,raw/ВИМ/ВИМ  Инновационный/2023-06-30.pdf
ВИМ,ВИМ – Инновационный,2023-07-31,https://www.wealthim.ru/upload/iblock/8ce/v67bej8ui4oxc202iact2wh5r0jfdsl6/23_07_31_SCHA_OPIF_Energetika.pdf,raw/ВИМ/ВИМ  Инновационный/2023-07-31.pdf
ВИМ,ВИМ – Инновационный,2023-08-31,https://www.wealthim.ru/upload/iblock/df6/qou40iqfyiobc4xuin1ccsuspzk2avlm/23_08_31_SCHA_OPIF_Energetika.pdf,raw/ВИМ/ВИМ  Инновационный/2023-08-31.pdf
ВИМ,ВИМ – Инновационный,2023-09-29,https://www.wealthim.ru/upload/iblock/792/h43y6ilulcywr2t3skgzuzxzrfnb4hlz/23_09_29_SCHA_OPIF_Energetika.pdf,raw/ВИМ/ВИМ  Инновационный/2023-09-29.pdf
ВИМ,ВИМ – Инновационный,2023-10-31,https://www.wealthim.ru/upload/iblock/47a/60rwspvsi67iy3g830b6jgoj76q7ehlm/23_10_31_SCHA_OPIF_Energetika.pdf,raw/ВИМ/ВИМ  Инновационный/2023-10-31.pdf
ВИМ,ВИМ – Инновационный,2023-11-30,https://www.wealthim.ru/upload/iblock/bea/37k10u7ykup8r81v77d0fuwthivv6q62/23_11_30_SCHA_OPIF_Energetika.pdf,raw/ВИМ/ВИМ  Инновационный/2023-11-30.pdf
ВИМ,ВИМ – Инновационный,2023-12-29,https://www.wealthim.ru/upload/iblock/ee5/p507b51jz1t5lponmq3uauykg5v06a4c/23_12_29_SCHA_OPIF_Energetika.pdf,raw/ВИМ/ВИМ  Инновационный/2023-12-29.pdf
ВИМ,ВИМ – Инновационный,2024-01-31,https://www.wealthim.ru/upload/iblock/4fc/5nuf02kyeiw6797ii0fpniaw80l1me82/24_01_31_SCHA_OPIF_Energetika.pdf,raw/ВИМ/ВИМ  Инновационный/2024-01-31.pdf
ВИМ,ВИМ – Инновационный,2024-02-29,https://www.wealthim.ru/upload/iblock/710/lanjfgk0uyykb1jfepg1f0pr5sl08h5k/24_02_29_SCHA_OPIF_Energetika.pdf,raw/ВИМ/ВИМ  Инновационный/2024-02-29.pdf
ВИМ,ВИМ – Инновационный,2024-03-29,https://www.wealthim.ru/upload/iblock/0ae/qltmeu0h4qfb641hwch6apbm6io3uz87/24_03_29_SCHA_OPIF_Energetika.pdf,raw/ВИМ/ВИМ  Инновационный/2024-03-29.pdf
ВИМ,ВИМ – Инновационный,2024-04-27,https://www.wealthim.ru/upload/iblock/803/mq7pvfhw3tjt0vtn35y0nr8cmkmlxvks/24_04_27_SCHA_OPIF_Energetika.pdf,raw/ВИМ/ВИМ  Инновационный/2024-04-27.pdf
ВИМ,ВИМ – Инновационный,2024-05-31,https://www.wealthim.ru/upload/iblock/784/60m0o924vwbgy70fq8r422tsaxdnahet/24_05_31_SCHA_OPIF_Energetika.pdf,raw/ВИМ/ВИМ  Инновационный/2024-05-31.pdf
ВИМ,ВИМ – Инновационный,2024-06-28,https://www.wealthim.ru/upload/iblock/3c9/ej1vqnp6nu66xxke12864mgw6inah95d/24_06_28_SCHA_OPIF_Innovatsionnyy.pdf,raw/ВИМ/ВИМ  Инновационный/2024-06-28.pdf
ВИМ,ВИМ – Инновационный,2024-07-31,https://www.wealthim.ru/upload/iblock/e00/mdgi07zggzlmajh422j88uey8m4g3uzl/24_07_31_SCHA_OPIF_Innovatsionnyy.pdf,raw/ВИМ/ВИМ  Инновационный/2024-07-31.pdf
ВИМ,ВИМ – Инновационный,2024-08-30,https://www.wealthim.ru/upload/iblock/3fd/lclsb0v1mz2zf0z00395o0xi4105l6s9/24_08_30_SCHA_OPIF_Innovatsionnyy.pdf,raw/ВИМ/ВИМ  Инновационный/2024-08-30.pdf
ВИМ,ВИМ – Инновационный,2024-09-30,https://www.wealthim.ru/upload/iblock/143/y87hxcdtijv5iieg1kuuf1h4v336wn6m/24_09_30_SCHA_OPIF_Innovatsionnyy.pdf,raw/ВИМ/ВИМ  Инновационный/2024-09-30.pdf
ВИМ,ВИМ – Инновационный,2024-10-31,https://www.wealthim.ru/upload/iblock/2fd/jc19tc2uyy9rlllx5p2mk58ehqyb5p9k/24_10_31_SCHA_OPIF_Innovatsionnyy.pdf,raw/ВИМ/ВИМ  Инновационный/2024-10-31.pdf
ВИМ,ВИМ – Инновационный,2024-11-29,https://www.wealthim.ru/upload/iblock/1fa/cau0wdxrx5299v8i8x40y83oo9cw8my3/24_11_29_SCHA_OPIF_Innovatsionnyy.pdf,raw/ВИМ/ВИМ  Инновационный/2024-11-29.pdf
ВИМ,ВИМ – Инновационный,2024-12-28,https://www.wealthim.ru/upload/iblock/8d0/obqe0dswx0wrzk4dshv1v8jn83vy688x/24_12_28_SCHA_OPIF_Innovatsionnyy.pdf,raw/ВИМ/ВИМ  Инновационный/2024-12-28.pdf
ВИМ,ВИМ – Инновационный,2025-01-31,https://www.wealthim.ru/upload/iblock/f3a/2h3i2i3rmqw7sx2c7wfmd01hl63dgu0b/25_01_31_SCHA_OPIF_Innovatsionnyy.pdf,raw/ВИМ/ВИМ  Инновационный/2025-01-31.pdf
ВИМ,ВИМ – Инновационный,2025-02-28,https://www.wealthim.ru/upload/iblock/5bc/vwx97wgyw8kjftigapodyakp39uti0k5/25_02_28_SCHA_OPIF_Innovatsionnyy.pdf,raw/ВИМ/ВИМ  Инновационный/2025-02-28.pdf
ВИМ,ВИМ – Инновационный,2025-03-31,https://www.wealthim.ru/upload/iblock/61f/pjguav7o0x4eqobbwkpaga3q89z0t48b/25_03_31_SCHA_OPIF_Innovatsionnyy.pdf,raw/ВИМ/ВИМ  Инновационный/2025-03-31.pdf
ВИМ,ВИМ – Инновационный,2025-04-30,https://www.wealthim.ru/upload/iblock/421/k268ntrl02hil68etnuuuqkqcuawt9c3/25_04_30_SCHA_OPIF_Innovatsionnyy.pdf,raw/ВИМ/ВИМ  Инновационный/2025-04-30.pdf
ВИМ,ВИМ – Инновационный,2025-05-30,https://www.wealthim.ru/upload/iblock/565/33j3cmt00sf23t3811hx8rdr2xx5jqx7/25_05_30_SCHA_OPIF_Innovatsionnyy.pdf,raw/ВИМ/ВИМ  Инновационный/2025-05-30.pdf
ВИМ,ВИМ – Инновационный,2025-06-30,https://www.wealthim.ru/upload/iblock/733/xbil9jup7lah26z53mnasj76u4icmzuc/25_06_30_SCHA_OPIF_Innovatsionnyy.pdf,raw/ВИМ/ВИМ  Инновационный/2025-06-30.pdf
ВИМ,ВИМ – Инновационный,2025-07-31,https://www.wealthim.ru/upload/iblock/c3d/gcuik0ghwi1wsnp3sg0u1qn3yu7owu8a/25_07_31_SCHA_OPIF_Innovatsionnyy.pdf,raw/ВИМ/ВИМ  Инновационный/2025-07-31.pdf
ВИМ,ВИМ – Инновационный,2025-08-29,https://www.wealthim.ru/upload/iblock/06d/g5o61ypelinmvjs3svidb2z9bkoslg7f/25_08_29_SCHA_OPIF_Innovatsionnyy.pdf,raw/ВИМ/ВИМ  Инновационный/2025-08-29.pdf
ВИМ,ВИМ – Инновационный,2025-09-30,https://www.wealthim.ru/upload/iblock/263/oyr9pop493awt8oro4s6b73ofvq8rmle/25_09_30_SCHA_OPIF_Innovatsionnyy.pdf,raw/ВИМ/ВИМ  Инновационный/2025-09-30.pdf
ВИМ,ВИМ – Инновационный,2025-10-31,https://www.wealthim.ru/upload/iblock/fe6/n06rdimuejzqyj0pj15lsg7sf0nyxmbu/25_10_31_SCHA_OPIF_Innovatsionnyy.pdf,raw/ВИМ/ВИМ  Инновационный/2025-10-31.pdf
ВИМ,ВИМ – Инновационный,2025-11-28,https://www.wealthim.ru/upload/iblock/f97/y3ugnu8o0wlnn55he2xyea292ed8o99x/25_11_28_SCHA_OPIF_Innovatsionnyy.pdf,raw/ВИМ/ВИМ  Инновационный/2025-11-28.pdf
ВИМ,ВИМ – Инновационный,2025-12-30,https://www.wealthim.ru/upload/iblock/ab3/lkww0r1l6c5zlcepbz3smmekhhdshfrp/25_12_30_SCHA_OPIF_Innovatsionnyy.pdf,raw/ВИМ/ВИМ  Инновационный/2025-12-30.pdf
ВИМ,ВИМ – Инновационный,2026-01-30,https://www.wealthim.ru/upload/iblock/cd5/uqu7sqqkvvasbylgjytgprbvpqwbot0a/26_01_30_SCHA_OPIF_Innovatsionnyy.pdf,raw/ВИМ/ВИМ  Инновационный/2026-01-30.pdf
ВИМ,ВИМ – Инновационный,2026-02-27,https://www.wealthim.ru/upload/iblock/5fe/kkqtgsjyj7ev0j0wh9gsfbxjsjqe7kw8/26_02_27_SCHA_OPIF_Innovatsionnyy.pdf,raw/ВИМ/ВИМ  Инновационный/2026-02-27.pdf
ВИМ,ВИМ – Инновационный,2026-03-31,https://www.wealthim.ru/upload/iblock/04d/eprc3drrb1uxbyet1xs9j1vowz5zp085/26_03_31_SCHA_OPIF_Innovatsionnyy.pdf,raw/ВИМ/ВИМ  Инновационный/2026-03-31.pdf
ВИМ,ВИМ – Инновационный,2026-04-30,https://www.wealthim.ru/upload/iblock/531/0ty5eydr8wnaw8lmothk60chyp3pxytj/26_04_30_SCHA_OPIF_Innovatsionnyy.pdf,raw/ВИМ/ВИМ  Инновационный/2026-04-30.pdf
ВИМ,ВИМ – Инновационный,2026-05-29,https://www.wealthim.ru/upload/iblock/cf5/wq0u2h5wqjg3tv3i903vn9mbbvig310q/26_05_29_SCHA_OPIF_Innovatsionnyy.pdf,raw/ВИМ/ВИМ  Инновационный/2026-05-29.pdf
ВИМ,ВИМ – Инновационный,2026-06-30,https://www.wealthim.ru/upload/iblock/929/m4oaqvemet9ocyp01s51ece29dnkman4/26_06_30_SCHA_OPIF_Innovatsionnyy.pdf,raw/ВИМ/ВИМ  Инновационный/2026-06-30.pdf
ВИМ,ВИМ – Инновационный,2026-07-31,https://www.wealthim.ru/upload/iblock/b53/r4l8de5ktn22b9wi5uxxstjfcxdvbj58/26_07_31_SCHA_OPIF_Innovatsionnyy.pdf,raw/ВИМ/ВИМ  Инновационный/2026-07-31.pdf
ВИМ,ВИМ – Инновационный,2026-08-31,https://www.wealthim.ru/upload/iblock/213/c207um2ooy8im6nr3ysokvqvv2r3mdiy/26_08_31_SCHA_OPIF_Innovatsionnyy.pdf,raw/ВИМ/ВИМ  Инновационный/2026-08-31.pdf
ВИМ,ВИМ – Металлургия,2022-08-31,https://www.wealthim.ru/upload/iblock/f1c/22_08_31_SCHA_OPIF_Metallurgiya.pdf,raw/ВИМ/ВИМ  Металлургия/2022-08-31.pdf
ВИМ,ВИМ – Металлургия,2022-09-30,https://www.wealthim.ru/upload/iblock/552/22_09_30_SCHA_OPIF_Metallurgiya.pdf,raw/ВИМ/ВИМ  Металлургия/2022-09-30.pdf
ВИМ,ВИМ – Металлургия,2022-10-31,https://www.wealthim.ru/upload/iblock/47b/22_10_31_SCHA_OPIF_Metallurgiya.pdf,raw/ВИМ/ВИМ  Металлургия/2022-10-31.pdf
ВИМ,ВИМ – Металлургия,2022-11-30,https://www.wealthim.ru/upload/iblock/9ff/22_11_30_SCHA_OPIF_Metallurgiya.pdf,raw/ВИМ/ВИМ  Металлургия/2022-11-30.pdf
ВИМ,ВИМ – Металлургия,2022-12-30,https://www.wealthim.ru/upload/iblock/d35/22_12_30_SCHA_OPIF_Metallurgiya.pdf,raw/ВИМ/ВИМ  Металлургия/2022-12-30.pdf
ВИМ,ВИМ – Металлургия,2023-01-31,https://www.wealthim.ru/upload/iblock/b0b/23_01_31_SCHA_OPIF_Metallurgiya.pdf,raw/ВИМ/ВИМ  Металлургия/2023-01-31.pdf
ВИМ,ВИМ – Металлургия,2023-02-28,https://www.wealthim.ru/upload/iblock/6ed/23_02_28_SCHA_OPIF_Metallurgiya.pdf,raw/ВИМ/ВИМ  Металлургия/2023-02-28.pdf
ВИМ,ВИМ – Металлургия,2023-03-31,https://www.wealthim.ru/upload/iblock/4dc/23_03_31_SCHA_OPIF_Metallurgiya.pdf,raw/ВИМ/ВИМ  Металлургия/2023-03-31.pdf
ВИМ,ВИМ – Металлургия,2023-04-28,https://www.wealthim.ru/upload/iblock/862/23_04_28_SCHA_OPIF_Metallurgiya.pdf,raw/ВИМ/ВИМ  Металлургия/2023-04-28.pdf
ВИМ,ВИМ – Металлургия,2023-05-31,https://www.wealthim.ru/upload/iblock/48b/23_05_31_SCHA_OPIF_Metallurgiya.pdf,raw/ВИМ/ВИМ  Металлургия/2023-05-31.pdf
ВИМ,ВИМ – Металлургия,2023-06-30,https://www.wealthim.ru/upload/iblock/621/23_06_30_SCHA_OPIF_Metallurgiya.pdf,raw/ВИМ/ВИМ  Металлургия/2023-06-30.pdf
ВИМ,ВИМ – Металлургия,2023-07-31,https://www.wealthim.ru/upload/iblock/c6b/73kjad3uun3h5goaihfungkirlqt3pln/23_07_31_SCHA_OPIF_Metallurgiya.pdf,raw/ВИМ/ВИМ  Металлургия/2023-07-31.pdf
ВИМ,ВИМ – Металлургия,2023-08-31,https://www.wealthim.ru/upload/iblock/3f7/ks40iyh309z9iautkd8bk40fbl6vw042/23_08_31_SCHA_OPIF_Metallurgiya.pdf,raw/ВИМ/ВИМ  Металлургия/2023-08-31.pdf
ВИМ,ВИМ – Металлургия,2023-09-29,https://www.wealthim.ru/upload/iblock/00e/q8q1r7wtyql12q2oox1thlywjg111pv3/23_09_29_SCHA_OPIF_Metallurgiya.pdf,raw/ВИМ/ВИМ  Металлургия/2023-09-29.pdf
ВИМ,ВИМ – Металлургия,2023-10-31,https://www.wealthim.ru/upload/iblock/a02/ysdre8bti501d8qouhhwaxps4t34464q/23_10_31_SCHA_OPIF_Metallurgiya.pdf,raw/ВИМ/ВИМ  Металлургия/2023-10-31.pdf
ВИМ,ВИМ – Металлургия,2023-11-30,https://www.wealthim.ru/upload/iblock/29f/j101fsx2cj4df982oak6p92bz2dgy3dh/23_11_30_SCHA_OPIF_Metallurgiya.pdf,raw/ВИМ/ВИМ  Металлургия/2023-11-30.pdf
ВИМ,ВИМ – Металлургия,2023-12-29,https://www.wealthim.ru/upload/iblock/752/br3uo3kydowqqab8o1934ddywis7n8s5/23_12_29_SCHA_OPIF_Metallurgiya.pdf,raw/ВИМ/ВИМ  Металлургия/2023-12-29.pdf
ВИМ,ВИМ – Металлургия,2024-01-31,https://www.wealthim.ru/upload/iblock/d2e/6qktcr8iftngtazf0sdydt6i35egdeyt/24_01_31_SCHA_OPIF_Metallurgiya.pdf,raw/ВИМ/ВИМ  Металлургия/2024-01-31.pdf
ВИМ,ВИМ – Металлургия,2024-02-29,https://www.wealthim.ru/upload/iblock/fda/wbvipiki8z1iib8ydj1mncxwbftn8oki/24_02_29_SCHA_OPIF_Metallurgiya.pdf,raw/ВИМ/ВИМ  Металлургия/2024-02-29.pdf
ВИМ,ВИМ – Металлургия,2024-03-29,https://www.wealthim.ru/upload/iblock/66c/kochb06dvgztzvqstlw7r70dj07uvefr/24_03_29_SCHA_OPIF_Metallurgiya.pdf,raw/ВИМ/ВИМ  Металлургия/2024-03-29.pdf
ВИМ,ВИМ – Металлургия,2024-04-27,https://www.wealthim.ru/upload/iblock/7d4/rxkemoshzin0o26qcjvpwnucz7hl6xnd/24_04_27_SCHA_OPIF_Metallurgiya.pdf,raw/ВИМ/ВИМ  Металлургия/2024-04-27.pdf
ВИМ,ВИМ – Металлургия,2024-05-31,https://www.wealthim.ru/upload/iblock/fa4/qq5viwntsxpbc0rf1a9a1s4zrnyufncp/24_05_31_SCHA_OPIF_Metallurgiya.pdf,raw/ВИМ/ВИМ  Металлургия/2024-05-31.pdf
ВИМ,ВИМ – Металлургия,2024-06-28,https://www.wealthim.ru/upload/iblock/817/0dgy7i1y7ayptw858cky8n9b23wmlblv/24_06_28_SCHA_OPIF_Metallurgiya.pdf,raw/ВИМ/ВИМ  Металлургия/2024-06-28.pdf
ВИМ,ВИМ – Металлургия,2024-07-31,https://www.wealthim.ru/upload/iblock/fb6/dz9monkloc45l7kxfy1qo726zgjjdphz/24_07_31_SCHA_OPIF_Metallurgiya.pdf,raw/ВИМ/ВИМ  Металлургия/2024-07-31.pdf
ВИМ,ВИМ – Металлургия,2024-08-30,https://www.wealthim.ru/upload/iblock/737/9c38oyfzecounoko8ve6zqnmhv8ekyll/24_08_30_SCHA_OPIF_Metallurgiya.pdf,raw/ВИМ/ВИМ  Металлургия/2024-08-30.pdf
ВИМ,ВИМ – Металлургия,2024-09-30,https://www.wealthim.ru/upload/iblock/52c/2idyrzvxgv9lpjebwv9jn0dlgeqnpaha/24_09_30_SCHA_OPIF_Metallurgiya.pdf,raw/ВИМ/ВИМ  Металлургия/2024-09-30.pdf
ВИМ,ВИМ – Металлургия,2024-10-31,https://www.wealthim.ru/upload/iblock/79e/om1l43wx5a618tpsalih3nq31sla11yh/24_10_31_SCHA_OPIF_Metallurgiya.pdf,raw/ВИМ/ВИМ  Металлургия/2024-10-31.pdf
ВИМ,ВИМ – Металлургия,2024-11-29,https://www.wealthim.ru/upload/iblock/929/48zf3ayv21m8c1kj9nd839v6wml6ed8f/24_11_29_SCHA_OPIF_Metallurgiya.pdf,raw/ВИМ/ВИМ  Металлургия/2024-11-29.pdf
ВИМ,ВИМ – Металлургия,2024-12-28,https://www.wealthim.ru/upload/iblock/e32/7j59q6yuiphtjsdnv66kn20wkc07ou26/24_12_28_SCHA_OPIF_Metallurgiya.pdf,raw/ВИМ/ВИМ  Металлургия/2024-12-28.pdf
ВИМ,ВИМ – Металлургия,2025-01-31,https://www.wealthim.ru/upload/iblock/24c/28hpsi8b5hhqasa7o4mfjyfdmloshab3/25_01_31_SCHA_OPIF_Metallurgiya.pdf,raw/ВИМ/ВИМ  Металлургия/2025-01-31.pdf
ВИМ,ВИМ – Металлургия,2025-02-28,https://www.wealthim.ru/upload/iblock/1ac/gd197bbype17fgz021uj8rhfkh6o6hgg/25_02_28_SCHA_OPIF_Metallurgiya.pdf,raw/ВИМ/ВИМ  Металлургия/2025-02-28.pdf
ВИМ,ВИМ – Металлургия,2025-03-31,https://www.wealthim.ru/upload/iblock/631/s3i78wxjjjn32hrm8aow2d0jmakabn8r/25_03_31_SCHA_OPIF_Metallurgiya.pdf,raw/ВИМ/ВИМ  Металлургия/2025-03-31.pdf
ВИМ,ВИМ – Металлургия,2025-04-30,https://www.wealthim.ru/upload/iblock/08d/rspxfoph3z1xxsn52bytnoy9hjyni0v0/25_04_30_SCHA_OPIF_Metallurgiya.pdf,raw/ВИМ/ВИМ  Металлургия/2025-04-30.pdf
ВИМ,ВИМ – Металлургия,2025-05-30,https://www.wealthim.ru/upload/iblock/733/zcby2ywc9xvntjiaumo4kvhepook1fpd/25_05_30_SCHA_OPIF_Metallurgiya.pdf,raw/ВИМ/ВИМ  Металлургия/2025-05-30.pdf
ВИМ,ВИМ – Металлургия,2025-06-30,https://www.wealthim.ru/upload/iblock/0c0/ek2yzd3eh27it36edgl8isq10b7exsjt/25_06_30_SCHA_OPIF_Metallurgiya.pdf,raw/ВИМ/ВИМ  Металлургия/2025-06-30.pdf
ВИМ,ВИМ – Металлургия,2025-07-31,https://www.wealthim.ru/upload/iblock/bcb/99an125gpvr0li4vs5hue5kmnsu4894y/25_07_31_SCHA_OPIF_Metallurgiya.pdf,raw/ВИМ/ВИМ  Металлургия/2025-07-31.pdf
ВИМ,ВИМ – Металлургия,2025-08-29,https://www.wealthim.ru/upload/iblock/818/ryd59vgy1z3q73l78e6mx0fq4r5gnryw/25_08_29_SCHA_OPIF_Metallurgiya.pdf,raw/ВИМ/ВИМ  Металлургия/2025-08-29.pdf
ВИМ,ВИМ – Металлургия,2025-09-30,https://www.wealthim.ru/upload/iblock/02a/27rdr3f03jt5xhf22y51g8r0vy6o7vi6/25_09_30_SCHA_OPIF_Metallurgiya.pdf,raw/ВИМ/ВИМ  Металлургия/2025-09-30.pdf
ВИМ,ВИМ – Металлургия,2025-10-31,https://www.wealthim.ru/upload/iblock/e11/nly6vg572yy7urinpejizc86mh1rn4dt/25_10_31_SCHA_OPIF_Metallurgiya.pdf,raw/ВИМ/ВИМ  Металлургия/2025-10-31.pdf
ВИМ,ВИМ – Металлургия,2025-11-28,https://www.wealthim.ru/upload/iblock/52b/vllwaihbrlv3z604wnb0azytvzzzg1o1/25_11_28_SCHA_OPIF_Metallurgiya.pdf,raw/ВИМ/ВИМ  Металлургия/2025-11-28.pdf
ВИМ,ВИМ – Металлургия,2025-12-30,https://www.wealthim.ru/upload/iblock/7be/uemakgb8w8toj6ygurozkucmridoqp0a/25_12_30_SCHA_OPIF_Metallurgiya.pdf,raw/ВИМ/ВИМ  Металлургия/2025-12-30.pdf
ВИМ,ВИМ – Металлургия,2026-01-30,https://www.wealthim.ru/upload/iblock/979/l1eo5gcypisb498m30dltyl8uot4aeyi/26_01_30_SCHA_OPIF_Metallurgiya.pdf,raw/ВИМ/ВИМ  Металлургия/2026-01-30.pdf
ВИМ,ВИМ – Металлургия,2026-02-27,https://www.wealthim.ru/upload/iblock/c56/vgc07dddgutx0dvhm7xymyjze9ejla0c/26_02_27_SCHA_OPIF_Metallurgiya.pdf,raw/ВИМ/ВИМ  Металлургия/2026-02-27.pdf
ВИМ,ВИМ – Металлургия,2026-03-31,https://www.wealthim.ru/upload/iblock/983/183dx1tu7suoec1rua64ww2ddner5adk/26_03_31_SCHA_OPIF_Metallurgiya.pdf,raw/ВИМ/ВИМ  Металлургия/2026-03-31.pdf
ВИМ,ВИМ – Металлургия,2026-04-30,https://www.wealthim.ru/upload/iblock/28f/xgwn2kd7ms6r881h17h2hvu2mke27ibw/26_04_30_SCHA_OPIF_Metallurgiya.pdf,raw/ВИМ/ВИМ  Металлургия/2026-04-30.pdf
ВИМ,ВИМ – Металлургия,2026-05-29,https://www.wealthim.ru/upload/iblock/66d/0v4l91k8ncrvdoxfb1ox96b8av698kvf/26_05_29_SCHA_OPIF_Metallurgiya.pdf,raw/ВИМ/ВИМ  Металлургия/2026-05-29.pdf
ВИМ,ВИМ – Металлургия,2026-06-30,https://www.wealthim.ru/upload/iblock/381/hmfgkoal5p9ewd41v3c3p9ehmt6glxoy/26_06_30_SCHA_OPIF_Metallurgiya.pdf,raw/ВИМ/ВИМ  Металлургия/2026-06-30.pdf
ВИМ,ВИМ – Металлургия,2026-07-31,https://www.wealthim.ru/upload/iblock/a92/pgv811rgfjsgp0n390sb3ag6nke003ky/26_07_31_SCHA_OPIF_Metallurgiya.pdf,raw/ВИМ/ВИМ  Металлургия/2026-07-31.pdf
ВИМ,ВИМ – Металлургия,2026-08-31,https://www.wealthim.ru/upload/iblock/25b/846vc9d4g0rvmpem2domqe5gbtusz0xy/26_08_31_SCHA_OPIF_Metallurgiya.pdf,raw/ВИМ/ВИМ  Металлургия/2026-08-31.pdf
ВИМ,ВИМ – Нефтегазовый сектор,2022-08-31,https://www.wealthim.ru/upload/iblock/865/22_08_31_SCHA_OPIF_Neftegaz.pdf,raw/ВИМ/ВИМ  Нефтегазовый сектор/2022-08-31.pdf
ВИМ,ВИМ – Нефтегазовый сектор,2022-09-30,https://www.wealthim.ru/upload/iblock/bdd/22_09_30_SCHA_OPIF_Neftegaz.pdf,raw/ВИМ/ВИМ  Нефтегазовый сектор/2022-09-30.pdf
ВИМ,ВИМ – Нефтегазовый сектор,2022-10-31,https://www.wealthim.ru/upload/iblock/b30/22_10_31_SCHA_OPIF_Neftegaz.pdf,raw/ВИМ/ВИМ  Нефтегазовый сектор/2022-10-31.pdf
ВИМ,ВИМ – Нефтегазовый сектор,2022-11-30,https://www.wealthim.ru/upload/iblock/0f8/22_11_30_SCHA_OPIF_Neftegaz.pdf,raw/ВИМ/ВИМ  Нефтегазовый сектор/2022-11-30.pdf
ВИМ,ВИМ – Нефтегазовый сектор,2022-12-30,https://www.wealthim.ru/upload/iblock/f57/22_12_30_SCHA_OPIF_Neftegaz.pdf,raw/ВИМ/ВИМ  Нефтегазовый сектор/2022-12-30.pdf
ВИМ,ВИМ – Нефтегазовый сектор,2023-01-31,https://www.wealthim.ru/upload/iblock/cff/23_01_31_SCHA_OPIF_Neftegaz.pdf,raw/ВИМ/ВИМ  Нефтегазовый сектор/2023-01-31.pdf
ВИМ,ВИМ – Нефтегазовый сектор,2023-02-28,https://www.wealthim.ru/upload/iblock/fab/23_02_28_SCHA_OPIF_Neftegaz.pdf,raw/ВИМ/ВИМ  Нефтегазовый сектор/2023-02-28.pdf
ВИМ,ВИМ – Нефтегазовый сектор,2023-03-31,https://www.wealthim.ru/upload/iblock/2d5/23_03_31_SCHA_OPIF_Neftegaz.pdf,raw/ВИМ/ВИМ  Нефтегазовый сектор/2023-03-31.pdf
ВИМ,ВИМ – Нефтегазовый сектор,2023-04-28,https://www.wealthim.ru/upload/iblock/4ed/23_04_28_SCHA_OPIF_Neftegaz.pdf,raw/ВИМ/ВИМ  Нефтегазовый сектор/2023-04-28.pdf
ВИМ,ВИМ – Нефтегазовый сектор,2023-05-31,https://www.wealthim.ru/upload/iblock/491/23_05_31_SCHA_OPIF_Neftegaz.pdf,raw/ВИМ/ВИМ  Нефтегазовый сектор/2023-05-31.pdf
ВИМ,ВИМ – Нефтегазовый сектор,2023-06-30,https://www.wealthim.ru/upload/iblock/b67/23_06_30_SCHA_OPIF_Neftegaz.pdf,raw/ВИМ/ВИМ  Нефтегазовый сектор/2023-06-30.pdf
ВИМ,ВИМ – Нефтегазовый сектор,2023-07-31,https://www.wealthim.ru/upload/iblock/d91/d5fxayl31l3uqbwymazkfwxb8p2qmhq8/23_07_31_SCHA_OPIF_Neftegaz.pdf,raw/ВИМ/ВИМ  Нефтегазовый сектор/2023-07-31.pdf
ВИМ,ВИМ – Нефтегазовый сектор,2023-08-31,https://www.wealthim.ru/upload/iblock/b95/01cvlm24riew2c7ykzlexe9s93nnc09d/23_08_31_SCHA_OPIF_Neftegaz.pdf,raw/ВИМ/ВИМ  Нефтегазовый сектор/2023-08-31.pdf
ВИМ,ВИМ – Нефтегазовый сектор,2023-09-29,https://www.wealthim.ru/upload/iblock/ff6/9ncqtzl6rqb631omh4gk1773jjuyybgv/23_09_29_SCHA_OPIF_Neftegaz.pdf,raw/ВИМ/ВИМ  Нефтегазовый сектор/2023-09-29.pdf
ВИМ,ВИМ – Нефтегазовый сектор,2023-10-31,https://www.wealthim.ru/upload/iblock/479/crd47zciovvwqf9edl7ozbcp6nv1u0vh/23_10_31_SCHA_OPIF_Neftegaz.pdf,raw/ВИМ/ВИМ  Нефтегазовый сектор/2023-10-31.pdf
ВИМ,ВИМ – Нефтегазовый сектор,2023-11-30,https://www.wealthim.ru/upload/iblock/1ae/dudrbkr4q2tkt105rjrih8mt4h41ml9f/23_11_30_SCHA_OPIF_Neftegaz.pdf,raw/ВИМ/ВИМ  Нефтегазовый сектор/2023-11-30.pdf
ВИМ,ВИМ – Нефтегазовый сектор,2023-12-29,https://www.wealthim.ru/upload/iblock/a5a/qlbzu0d12y0qjpwxne524273099v4rw2/23_12_29_SCHA_OPIF_Neftegaz.pdf,raw/ВИМ/ВИМ  Нефтегазовый сектор/2023-12-29.pdf
ВИМ,ВИМ – Нефтегазовый сектор,2024-01-31,https://www.wealthim.ru/upload/iblock/db8/sowzgz5zyscvn3k3ikgnttqqzk3ft6ou/24_01_31_SCHA_OPIF_Neftegaz.pdf,raw/ВИМ/ВИМ  Нефтегазовый сектор/2024-01-31.pdf
ВИМ,ВИМ – Нефтегазовый сектор,2024-02-29,https://www.wealthim.ru/upload/iblock/cfb/v6utjol27jw9losson5txr0dtli46dl8/24_02_29_SCHA_OPIF_Neftegaz.pdf,raw/ВИМ/ВИМ  Нефтегазовый сектор/2024-02-29.pdf
ВИМ,ВИМ – Нефтегазовый сектор,2024-03-29,https://www.wealthim.ru/upload/iblock/620/pl7yldd1rtnmt8mrl3jt86rfz0mujwed/24_03_29_SCHA_OPIF_Neftegaz.pdf,raw/ВИМ/ВИМ  Нефтегазовый сектор/2024-03-29.pdf
ВИМ,ВИМ – Нефтегазовый сектор,2024-04-27,https://www.wealthim.ru/upload/iblock/348/781vpf8yj8d8f32iddqo9nv05kr5mj2y/24_04_27_SCHA_OPIF_Neftegaz.pdf,raw/ВИМ/ВИМ  Нефтегазовый сектор/2024-04-27.pdf
ВИМ,ВИМ – Нефтегазовый сектор,2024-05-31,https://www.wealthim.ru/upload/iblock/60d/9vwh89rj3dzpi3trr9l68clmbzub31v3/24_05_31_SCHA_OPIF_Neftegaz.pdf,raw/ВИМ/ВИМ  Нефтегазовый сектор/2024-05-31.pdf
ВИМ,ВИМ – Нефтегазовый сектор,2024-06-28,https://www.wealthim.ru/upload/iblock/703/22zdfuhhili4mabvnk9d9imsld3q64w0/24_06_28_SCHA_OPIF_Neftegaz.pdf,raw/ВИМ/ВИМ  Нефтегазовый сектор/2024-06-28.pdf
ВИМ,ВИМ – Нефтегазовый сектор,2024-07-31,https://www.wealthim.ru/upload/iblock/666/98bk7a40t58uc4brqu8y60yfh7vgv0zz/24_07_31_SCHA_OPIF_Neftegaz.pdf,raw/ВИМ/ВИМ  Нефтегазовый сектор/2024-07-31.pdf
ВИМ,ВИМ – Нефтегазовый сектор,2024-08-30,https://www.wealthim.ru/upload/iblock/e9f/gmkw8ar0yc232fqb29c447eftbwlr8gn/24_08_30_SCHA_OPIF_Neftegaz.pdf,raw/ВИМ/ВИМ  Нефтегазовый сектор/2024-08-30.pdf
ВИМ,ВИМ – Нефтегазовый сектор,2024-09-30,https://www.wealthim.ru/upload/iblock/6a0/ceeq68x8x8ku1n3cdlzqaycn1rkxga7f/24_09_30_SCHA_OPIF_Neftegaz.pdf,raw/ВИМ/ВИМ  Нефтегазовый сектор/2024-09-30.pdf
ВИМ,ВИМ – Нефтегазовый сектор,2024-10-31,https://www.wealthim.ru/upload/iblock/66b/f6rjeh63cy1nk7rfbhqf83chk01grqbr/24_10_31_SCHA_OPIF_Neftegaz.pdf,raw/ВИМ/ВИМ  Нефтегазовый сектор/2024-10-31.pdf
ВИМ,ВИМ – Нефтегазовый сектор,2024-11-29,https://www.wealthim.ru/upload/iblock/cd1/7z99awzf8c35k55m8krfq0qkjtivl92q/24_11_29_SCHA_OPIF_Neftegaz.pdf,raw/ВИМ/ВИМ  Нефтегазовый сектор/2024-11-29.pdf
ВИМ,ВИМ – Нефтегазовый сектор,2024-12-28,https://www.wealthim.ru/upload/iblock/c50/3dn4uehvjgaa82q291o93f6phu6phum8/24_12_28_SCHA_OPIF_Neftegaz.pdf,raw/ВИМ/ВИМ  Нефтегазовый сектор/2024-12-28.pdf
ВИМ,ВИМ – Нефтегазовый сектор,2025-01-31,https://www.wealthim.ru/upload/iblock/a59/2hbx95aenq4abph58aeqrt5ux0uh22yd/25_01_31_SCHA_OPIF_Neftegaz.pdf,raw/ВИМ/ВИМ  Нефтегазовый сектор/2025-01-31.pdf
ВИМ,ВИМ – Нефтегазовый сектор,2025-02-28,https://www.wealthim.ru/upload/iblock/78d/xycbi30i9siedz8tib4c4ujum6b4hai4/25_02_28_SCHA_OPIF_Neftegaz.pdf,raw/ВИМ/ВИМ  Нефтегазовый сектор/2025-02-28.pdf
ВИМ,ВИМ – Нефтегазовый сектор,2025-03-31,https://www.wealthim.ru/upload/iblock/693/uk0e4783xjalf5foxbynu7zw4te0gxif/25_03_31_SCHA_OPIF_Neftegaz.pdf,raw/ВИМ/ВИМ  Нефтегазовый сектор/2025-03-31.pdf
ВИМ,ВИМ – Нефтегазовый сектор,2025-04-30,https://www.wealthim.ru/upload/iblock/d25/ucebllivu51a4b8hdqbicji15vucz7ma/25_04_30_SCHA_OPIF_Neftegaz.pdf,raw/ВИМ/ВИМ  Нефтегазовый сектор/2025-04-30.pdf
ВИМ,ВИМ – Нефтегазовый сектор,2025-05-30,https://www.wealthim.ru/upload/iblock/bb6/6j3nl485kz6nqsp5btcpbwyncnjmh102/25_05_30_SCHA_OPIF_Neftegaz.pdf,raw/ВИМ/ВИМ  Нефтегазовый сектор/2025-05-30.pdf
ВИМ,ВИМ – Нефтегазовый сектор,2025-06-30,https://www.wealthim.ru/upload/iblock/332/d2yvddzojufu3twc562yau29z2tqvife/25_06_30_SCHA_OPIF_Neftegaz.pdf,raw/ВИМ/ВИМ  Нефтегазовый сектор/2025-06-30.pdf
ВИМ,ВИМ – Нефтегазовый сектор,2025-07-31,https://www.wealthim.ru/upload/iblock/add/337qvlxg83f8zayuw42bue1ui1dm5oo6/25_07_31_SCHA_OPIF_Neftegaz.pdf,raw/ВИМ/ВИМ  Нефтегазовый сектор/2025-07-31.pdf
ВИМ,ВИМ – Нефтегазовый сектор,2025-08-29,https://www.wealthim.ru/upload/iblock/256/owml11zryp0fefxinasg0y22yp29bmll/25_08_29_SCHA_OPIF_Neftegaz.pdf,raw/ВИМ/ВИМ  Нефтегазовый сектор/2025-08-29.pdf
ВИМ,ВИМ – Нефтегазовый сектор,2025-09-30,https://www.wealthim.ru/upload/iblock/102/ci3k03jwjdkdqgmg7x4zfn3v11br02gj/25_09_30_SCHA_OPIF_Neftegaz.pdf,raw/ВИМ/ВИМ  Нефтегазовый сектор/2025-09-30.pdf
ВИМ,ВИМ – Нефтегазовый сектор,2025-10-31,https://www.wealthim.ru/upload/iblock/952/kfx0e41d0ensmrsef9fpqot2ytk41hij/25_10_31_SCHA_OPIF_Neftegaz.pdf,raw/ВИМ/ВИМ  Нефтегазовый сектор/2025-10-31.pdf
ВИМ,ВИМ – Нефтегазовый сектор,2025-11-28,https://www.wealthim.ru/upload/iblock/949/nfowqcyorrmvlt4ueinl5621l74vp1lp/25_11_28_SCHA_OPIF_Neftegaz.pdf,raw/ВИМ/ВИМ  Нефтегазовый сектор/2025-11-28.pdf
ВИМ,ВИМ – Нефтегазовый сектор,2025-12-30,https://www.wealthim.ru/upload/iblock/0c2/nkmsrecf9zw3yynrc64cdxu5p4520u2n/25_12_30_SCHA_OPIF_Neftegaz.pdf,raw/ВИМ/ВИМ  Нефтегазовый сектор/2025-12-30.pdf
ВИМ,ВИМ – Нефтегазовый сектор,2026-01-30,https://www.wealthim.ru/upload/iblock/f46/w8t34wq1mn3emyp1ura140ueqvpxj51d/26_01_30_SCHA_OPIF_Neftegaz.pdf,raw/ВИМ/ВИМ  Нефтегазовый сектор/2026-01-30.pdf
ВИМ,ВИМ – Нефтегазовый сектор,2026-02-27,https://www.wealthim.ru/upload/iblock/3d6/nbp1r7lgkx1csg3uv3fv0kramxaio5h6/26_02_27_SCHA_OPIF_Neftegaz.pdf,raw/ВИМ/ВИМ  Нефтегазовый сектор/2026-02-27.pdf
ВИМ,ВИМ – Нефтегазовый сектор,2026-03-31,https://www.wealthim.ru/upload/iblock/e65/bf9inxc0aap1dhsfnho32uu5rz0rr3us/26_03_31_SCHA_OPIF_Neftegaz.pdf,raw/ВИМ/ВИМ  Нефтегазовый сектор/2026-03-31.pdf
ВИМ,ВИМ – Нефтегазовый сектор,2026-04-30,https://www.wealthim.ru/upload/iblock/48f/4u9lqz7ggnv6h5zk61h01y0coi1c6ov0/26_04_30_SCHA_OPIF_Neftegaz.pdf,raw/ВИМ/ВИМ  Нефтегазовый сектор/2026-04-30.pdf
ВИМ,ВИМ – Нефтегазовый сектор,2026-05-29,https://www.wealthim.ru/upload/iblock/278/ev6o3r3fvgmcdl6o250djgio8yh7z9e6/26_05_29_SCHA_OPIF_Neftegaz.pdf,raw/ВИМ/ВИМ  Нефтегазовый сектор/2026-05-29.pdf
ВИМ,ВИМ – Нефтегазовый сектор,2026-06-30,https://www.wealthim.ru/upload/iblock/06d/v6rp1li4po3r48buwa4nq2257agjj4u5/26_06_30_SCHA_OPIF_Neftegaz.pdf,raw/ВИМ/ВИМ  Нефтегазовый сектор/2026-06-30.pdf
ВИМ,ВИМ – Нефтегазовый сектор,2026-07-31,https://www.wealthim.ru/upload/iblock/2ec/315k2nddcqkdg232g2lat809nneinhz1/26_07_31_SCHA_OPIF_Neftegaz.pdf,raw/ВИМ/ВИМ  Нефтегазовый сектор/2026-07-31.pdf
ВИМ,ВИМ – Нефтегазовый сектор,2026-08-31,https://www.wealthim.ru/upload/iblock/c41/4w1681bxomymdokn3aakpe4nvy5ssunl/26_08_31_SCHA_OPIF_Neftegaz.pdf,raw/ВИМ/ВИМ  Нефтегазовый сектор/2026-08-31.pdf
ВИМ,ВИМ – Перспективные размещения,2022-08-31,https://www.wealthim.ru/upload/iblock/093/22_08_31_SCHA_OPIF_AktsOtvInv.pdf,raw/ВИМ/ВИМ  Перспективные размещения/2022-08-31.pdf
ВИМ,ВИМ – Перспективные размещения,2022-09-30,https://www.wealthim.ru/upload/iblock/776/22_09_30_SCHA_OPIF_AktsOtvInv.pdf,raw/ВИМ/ВИМ  Перспективные размещения/2022-09-30.pdf
ВИМ,ВИМ – Перспективные размещения,2022-10-31,https://www.wealthim.ru/upload/iblock/1f1/22_10_31_SCHA_OPIF_AktsOtvInv.pdf,raw/ВИМ/ВИМ  Перспективные размещения/2022-10-31.pdf
ВИМ,ВИМ – Перспективные размещения,2022-11-30,https://www.wealthim.ru/upload/iblock/a2c/22_11_30_SCHA_OPIF_AktsOtvInv.pdf,raw/ВИМ/ВИМ  Перспективные размещения/2022-11-30.pdf
ВИМ,ВИМ – Перспективные размещения,2022-12-30,https://www.wealthim.ru/upload/iblock/df3/22_12_30_SCHA_OPIF_AktsOtvInv.pdf,raw/ВИМ/ВИМ  Перспективные размещения/2022-12-30.pdf
ВИМ,ВИМ – Перспективные размещения,2023-01-31,https://www.wealthim.ru/upload/iblock/f08/23_01_31_SCHA_OPIF_AktsOtvInv.pdf,raw/ВИМ/ВИМ  Перспективные размещения/2023-01-31.pdf
ВИМ,ВИМ – Перспективные размещения,2023-02-28,https://www.wealthim.ru/upload/iblock/b41/23_02_28_SCHA_OPIF_AktsOtvInv.pdf,raw/ВИМ/ВИМ  Перспективные размещения/2023-02-28.pdf
ВИМ,ВИМ – Перспективные размещения,2023-03-31,https://www.wealthim.ru/upload/iblock/b09/23_03_31_SCHA_OPIF_AktsOtvInv.pdf,raw/ВИМ/ВИМ  Перспективные размещения/2023-03-31.pdf
ВИМ,ВИМ – Перспективные размещения,2023-04-28,https://www.wealthim.ru/upload/iblock/659/23_04_28_SCHA_OPIF_AktsOtvInv.pdf,raw/ВИМ/ВИМ  Перспективные размещения/2023-04-28.pdf
ВИМ,ВИМ – Перспективные размещения,2023-05-31,https://www.wealthim.ru/upload/iblock/8db/23_05_31_SCHA_OPIF_AktsOtvInv.pdf,raw/ВИМ/ВИМ  Перспективные размещения/2023-05-31.pdf
ВИМ,ВИМ – Перспективные размещения,2023-06-30,https://www.wealthim.ru/upload/iblock/887/23_06_30_SCHA_OPIF_AktsOtvInv.pdf,raw/ВИМ/ВИМ  Перспективные размещения/2023-06-30.pdf
ВИМ,ВИМ – Перспективные размещения,2023-07-31,https://www.wealthim.ru/upload/iblock/d5b/i0u14fhgp9h64rl7qt2v40lu7jp00peh/23_07_31_SCHA_OPIF_AktsOtvInv.pdf,raw/ВИМ/ВИМ  Перспективные размещения/2023-07-31.pdf
ВИМ,ВИМ – Перспективные размещения,2023-08-31,https://www.wealthim.ru/upload/iblock/8ff/82fkxisa80hxiqfxiih642nvr8hviq5f/23_08_31_SCHA_OPIF_AktsOtvInv.pdf,raw/ВИМ/ВИМ  Перспективные размещения/2023-08-31.pdf
ВИМ,ВИМ – Перспективные размещения,2023-09-29,https://www.wealthim.ru/upload/iblock/39f/oyxrq61g0sc9n19h0q0hog4r4p813ez6/23_09_29_SCHA_OPIF_AktsOtvInv.pdf,raw/ВИМ/ВИМ  Перспективные размещения/2023-09-29.pdf
ВИМ,ВИМ – Перспективные размещения,2023-10-31,https://www.wealthim.ru/upload/iblock/d9f/gefv82ieqmjv1mh6m31sy8nu0ra3mxea/23_10_31_SCHA_OPIF_AktsOtvInv.pdf,raw/ВИМ/ВИМ  Перспективные размещения/2023-10-31.pdf
ВИМ,ВИМ – Перспективные размещения,2023-11-30,https://www.wealthim.ru/upload/iblock/f98/sgffsizduweyog8vimcy2hd63f5isaac/23_11_30_SCHA_OPIF_AktsOtvInv.pdf,raw/ВИМ/ВИМ  Перспективные размещения/2023-11-30.pdf
ВИМ,ВИМ – Перспективные размещения,2023-12-29,https://www.wealthim.ru/upload/iblock/998/n0dnb42ny269eht6fspji0vpyvxgru6d/23_12_29_SCHA_OPIF_AktsOtvInv.pdf,raw/ВИМ/ВИМ  Перспективные размещения/2023-12-29.pdf
ВИМ,ВИМ – Перспективные размещения,2024-01-31,https://www.wealthim.ru/upload/iblock/554/kl2t02zlkt2yxbyf782ib0iacmab3gcs/24_01_31_SCHA_OPIF_AktsOtvInv.pdf,raw/ВИМ/ВИМ  Перспективные размещения/2024-01-31.pdf
ВИМ,ВИМ – Перспективные размещения,2024-02-29,https://www.wealthim.ru/upload/iblock/1ae/a1j71wg3qns8pp0oturkbkncabivl4ne/24_02_29_SCHA_OPIF_AktsOtvInv.pdf,raw/ВИМ/ВИМ  Перспективные размещения/2024-02-29.pdf
ВИМ,ВИМ – Перспективные размещения,2024-03-29,https://www.wealthim.ru/upload/iblock/7e6/0qgowlaig0nhtejki7i7zqgy14ds1f56/24_03_29_SCHA_OPIF_AktsOtvInv.pdf,raw/ВИМ/ВИМ  Перспективные размещения/2024-03-29.pdf
ВИМ,ВИМ – Перспективные размещения,2024-04-27,https://www.wealthim.ru/upload/iblock/64a/0ej5tz3oxgqbzt4hj1eip2kciozgo7uz/24_04_27_SCHA_OPIF_AktsOtvInv.pdf,raw/ВИМ/ВИМ  Перспективные размещения/2024-04-27.pdf
ВИМ,ВИМ – Перспективные размещения,2024-05-31,https://www.wealthim.ru/upload/iblock/f27/qw63puq82dxahjg262sjp67fv2rbce2a/24_05_31_SCHA_OPIF_AktsOtvInv.pdf,raw/ВИМ/ВИМ  Перспективные размещения/2024-05-31.pdf
ВИМ,ВИМ – Перспективные размещения,2024-06-28,https://www.wealthim.ru/upload/iblock/bd4/3e30sj9l1ymigs83bqnml36heu3kvlbb/24_06_28_SCHA_OPIF_AktsOtvInv.pdf,raw/ВИМ/ВИМ  Перспективные размещения/2024-06-28.pdf
ВИМ,ВИМ – Перспективные размещения,2024-07-31,https://www.wealthim.ru/upload/iblock/a32/4myd1reo7px5ugl0rkyghp9gpno923yk/24_07_31_SCHA_OPIF_AktsOtvInv.pdf,raw/ВИМ/ВИМ  Перспективные размещения/2024-07-31.pdf
ВИМ,ВИМ – Перспективные размещения,2024-08-30,https://www.wealthim.ru/upload/iblock/3d3/omuo1d6f7bmhj9laocqlf32vra1cv9uc/24_08_30_SCHA_OPIF_PerspRazmeshcheniya.pdf,raw/ВИМ/ВИМ  Перспективные размещения/2024-08-30.pdf
ВИМ,ВИМ – Перспективные размещения,2024-09-30,https://www.wealthim.ru/upload/iblock/3ab/cjr5gb6dr4yhx7zzvdxfcq9w9i0japes/24_09_30_SCHA_OPIF_PerspRazmeshcheniya.pdf,raw/ВИМ/ВИМ  Перспективные размещения/2024-09-30.pdf
ВИМ,ВИМ – Перспективные размещения,2024-10-31,https://www.wealthim.ru/upload/iblock/ce4/14mckchro4tjzj1gx38xz0cx8iqrpx9u/24_10_31_SCHA_OPIF_PerspRazmeshcheniya.pdf,raw/ВИМ/ВИМ  Перспективные размещения/2024-10-31.pdf
ВИМ,ВИМ – Перспективные размещения,2024-11-29,https://www.wealthim.ru/upload/iblock/11f/045szohdzltoy86tsqrby6nh2onfo2g0/24_11_29_SCHA_OPIF_PerspRazmeshcheniya.pdf,raw/ВИМ/ВИМ  Перспективные размещения/2024-11-29.pdf
ВИМ,ВИМ – Перспективные размещения,2024-12-28,https://www.wealthim.ru/upload/iblock/0f8/jwyju6rgu91jckk3mcr85186aqprtrh6/24_12_28_SCHA_OPIF_PerspRazmeshcheniya.pdf,raw/ВИМ/ВИМ  Перспективные размещения/2024-12-28.pdf
ВИМ,ВИМ – Перспективные размещения,2025-01-31,https://www.wealthim.ru/upload/iblock/edd/vx4hcpieav0ivaimsjz2fb9xqw90y2k9/25_01_31_SCHA_OPIF_PerspRazmeshcheniya.pdf,raw/ВИМ/ВИМ  Перспективные размещения/2025-01-31.pdf
ВИМ,ВИМ – Перспективные размещения,2025-02-28,https://www.wealthim.ru/upload/iblock/a95/rfxh3m492ynbhqx3ur6ckp0idm6aibu2/25_02_28_SCHA_OPIF_PerspRazmeshcheniya.pdf,raw/ВИМ/ВИМ  Перспективные размещения/2025-02-28.pdf
ВИМ,ВИМ – Перспективные размещения,2025-03-31,https://www.wealthim.ru/upload/iblock/389/3h6ensepftn4w0cqjyvgx0lly3qn9on2/25_03_31_SCHA_OPIF_PerspRazmeshcheniya.pdf,raw/ВИМ/ВИМ  Перспективные размещения/2025-03-31.pdf
ВИМ,ВИМ – Перспективные размещения,2025-04-30,https://www.wealthim.ru/upload/iblock/b62/4vb88ynx0e57uderbxkfp9m8syadbpop/25_04_30_SCHA_OPIF_PerspRazmeshcheniya.pdf,raw/ВИМ/ВИМ  Перспективные размещения/2025-04-30.pdf
ВИМ,ВИМ – Перспективные размещения,2025-05-30,https://www.wealthim.ru/upload/iblock/147/rmo2zgdbyp8p0vsovu7gc5v3s6ccbhq4/25_05_30_SCHA_OPIF_PerspRazmeshcheniya.pdf,raw/ВИМ/ВИМ  Перспективные размещения/2025-05-30.pdf
ВИМ,ВИМ – Перспективные размещения,2025-06-30,https://www.wealthim.ru/upload/iblock/23b/4t3mhaxbvvycx1vds966cm4gkfihjsao/25_06_30_SCHA_OPIF_PerspRazmeshcheniya.pdf,raw/ВИМ/ВИМ  Перспективные размещения/2025-06-30.pdf
ВИМ,ВИМ – Перспективные размещения,2025-07-31,https://www.wealthim.ru/upload/iblock/d27/6xbpudofwo1cnjln6frv71vtoh840oe1/25_07_31_SCHA_OPIF_PerspRazmeshcheniya.pdf,raw/ВИМ/ВИМ  Перспективные размещения/2025-07-31.pdf
ВИМ,ВИМ – Перспективные размещения,2025-08-29,https://www.wealthim.ru/upload/iblock/3f3/7qlpokitx047ctnb23uffrkap16igkzp/25_08_29_SCHA_OPIF_PerspRazmeshcheniya.pdf,raw/ВИМ/ВИМ  Перспективные размещения/2025-08-29.pdf
ВИМ,ВИМ – Перспективные размещения,2025-09-30,https://www.wealthim.ru/upload/iblock/c87/p2d80h76p390ai5i8tgbdhdo6j35ihkg/25_09_30_SCHA_OPIF_PerspRazmeshcheniya.pdf,raw/ВИМ/ВИМ  Перспективные размещения/2025-09-30.pdf
ВИМ,ВИМ – Перспективные размещения,2025-10-31,https://www.wealthim.ru/upload/iblock/d6d/hnbi35i4pz9c2rsrv53hdahbxnb77ak6/25_10_31_SCHA_OPIF_PerspRazmeshcheniya.pdf,raw/ВИМ/ВИМ  Перспективные размещения/2025-10-31.pdf
ВИМ,ВИМ – Перспективные размещения,2025-11-28,https://www.wealthim.ru/upload/iblock/d99/oqq5j81fzm3ppot3im0k2b7t7fy91u5w/25_11_28_SCHA_OPIF_PerspRazmeshcheniya.pdf,raw/ВИМ/ВИМ  Перспективные размещения/2025-11-28.pdf
ВИМ,ВИМ – Перспективные размещения,2025-12-30,https://www.wealthim.ru/upload/iblock/f7a/9r0k7mze942feu0j8verdm9io9mg9kpu/25_12_30_SCHA_OPIF_PerspRazmeshcheniya.pdf,raw/ВИМ/ВИМ  Перспективные размещения/2025-12-30.pdf
ВИМ,ВИМ – Перспективные размещения,2026-01-30,https://www.wealthim.ru/upload/iblock/d14/a8q38g6b9wxxskvqpcsen7nau8ov4ddl/26_01_30_SCHA_OPIF_PerspRazmeshcheniya.pdf,raw/ВИМ/ВИМ  Перспективные размещения/2026-01-30.pdf
ВИМ,ВИМ – Перспективные размещения,2026-02-27,https://www.wealthim.ru/upload/iblock/8cb/u2je6wd8phek6y9nyo66x3exq9t7jgmr/26_02_27_SCHA_OPIF_PerspRazmeshcheniya.pdf,raw/ВИМ/ВИМ  Перспективные размещения/2026-02-27.pdf
ВИМ,ВИМ – Перспективные размещения,2026-03-31,https://www.wealthim.ru/upload/iblock/c15/nsgsf5a4ev653z9hssrxn9bb3aniuzhj/26_03_31_SCHA_OPIF_PerspRazmeshcheniya.pdf,raw/ВИМ/ВИМ  Перспективные размещения/2026-03-31.pdf
ВИМ,ВИМ – Перспективные размещения,2026-04-30,https://www.wealthim.ru/upload/iblock/c9e/8tcky80gemz7e65aj982wmsbnqkub61i/26_04_30_SCHA_OPIF_PerspRazmeshcheniya.pdf,raw/ВИМ/ВИМ  Перспективные размещения/2026-04-30.pdf
ВИМ,ВИМ – Перспективные размещения,2026-05-29,https://www.wealthim.ru/upload/iblock/2fe/f58v1yowe8bbc9t8nl7paia1vt329fy1/26_05_29_SCHA_OPIF_PerspRazmeshcheniya.pdf,raw/ВИМ/ВИМ  Перспективные размещения/2026-05-29.pdf
ВИМ,ВИМ – Перспективные размещения,2026-06-30,https://www.wealthim.ru/upload/iblock/c02/d9iwpk6v8cl1wvc3a9n0g65x3mjqdp2w/26_06_30_SCHA_OPIF_PerspRazmeshcheniya.pdf,raw/ВИМ/ВИМ  Перспективные размещения/2026-06-30.pdf
ВИМ,ВИМ – Перспективные размещения,2026-07-31,https://www.wealthim.ru/upload/iblock/8d6/qxxj5bolsagymkn0b2k7arg1v2s2gf1p/26_07_31_SCHA_OPIF_PerspRazmeshcheniya.pdf,raw/ВИМ/ВИМ  Перспективные размещения/2026-07-31.pdf
ВИМ,ВИМ – Перспективные размещения,2026-08-31,https://www.wealthim.ru/upload/iblock/8d6/1cybd76jh49ef3cihfbr4b18ipu35yll/26_08_31_SCHA_OPIF_PerspRazmeshcheniya.pdf,raw/ВИМ/ВИМ  Перспективные размещения/2026-08-31.pdf
ВИМ,ВИМ – Сбалансированный. Российские эмитенты,2025-04-30,https://www.wealthim.ru/upload/iblock/826/xojydm7oni0ki5t0bqnyuh3ipselkr85/25_04_30_SCHA_OPIF_PortfSbal.pdf,raw/ВИМ/ВИМ  Сбалансированный Российские эмитенты/2025-04-30.pdf
ВИМ,ВИМ – Сбалансированный. Российские эмитенты,2025-05-30,https://www.wealthim.ru/upload/iblock/e62/lx8rtmp1qnnmt33fi7ziib2buv7sh5ja/25_05_30_SCHA_OPIF_PortfSbal.pdf,raw/ВИМ/ВИМ  Сбалансированный Российские эмитенты/2025-05-30.pdf
ВИМ,ВИМ – Сбалансированный. Российские эмитенты,2025-06-30,https://www.wealthim.ru/upload/iblock/87d/979yptv4ezw7ge8q03ramjlv3gt1sx7p/25_06_30_SCHA_OPIF_PortfSbal.pdf,raw/ВИМ/ВИМ  Сбалансированный Российские эмитенты/2025-06-30.pdf
ВИМ,ВИМ – Сбалансированный. Российские эмитенты,2025-07-31,https://www.wealthim.ru/upload/iblock/3f4/4quh278oj4dhk4u9dmz032olphu3rdg1/25_07_31_SCHA_OPIF_SbalRosEmitenty.pdf,raw/ВИМ/ВИМ  Сбалансированный Российские эмитенты/2025-07-31.pdf
ВИМ,ВИМ – Сбалансированный. Российские эмитенты,2025-08-29,https://www.wealthim.ru/upload/iblock/ae9/oli0v574wvbr8r23manzjbjcfu5h00ak/25_08_29_SCHA_OPIF_SbalRosEmitenty.pdf,raw/ВИМ/ВИМ  Сбалансированный Российские эмитенты/2025-08-29.pdf
ВИМ,ВИМ – Сбалансированный. Российские эмитенты,2025-09-30,https://www.wealthim.ru/upload/iblock/9e4/ujv4u5p9c0uyo6ei58fp7zqr2it2in03/25_09_30_SCHA_OPIF_SbalRosEmitenty.pdf,raw/ВИМ/ВИМ  Сбалансированный Российские эмитенты/2025-09-30.pdf
ВИМ,ВИМ – Сбалансированный. Российские эмитенты,2025-10-31,https://www.wealthim.ru/upload/iblock/06b/jdm7jbv3lkglfsy7fc30das5ngr42su2/25_10_31_SCHA_OPIF_SbalRosEmitenty.pdf,raw/ВИМ/ВИМ  Сбалансированный Российские эмитенты/2025-10-31.pdf
ВИМ,ВИМ – Сбалансированный. Российские эмитенты,2025-11-28,https://www.wealthim.ru/upload/iblock/d0a/fa177oxlj2vfl39tnzrb24hh3uslfne7/25_11_28_SCHA_OPIF_SbalRosEmitenty.pdf,raw/ВИМ/ВИМ  Сбалансированный Российские эмитенты/2025-11-28.pdf
ВИМ,ВИМ – Сбалансированный. Российские эмитенты,2025-12-30,https://www.wealthim.ru/upload/iblock/ff1/sk7sxx33erfxqx2drewox80ztsxu14x3/25_12_30_SCHA_OPIF_SbalRosEmitenty.pdf,raw/ВИМ/ВИМ  Сбалансированный Российские эмитенты/2025-12-30.pdf
ВИМ,ВИМ – Сбалансированный. Российские эмитенты,2026-01-30,https://www.wealthim.ru/upload/iblock/c6d/fvhc7g1d63asx2eedw3vxm4c4hy8xdxx/26_01_30_SCHA_OPIF_SbalRosEmitenty.pdf,raw/ВИМ/ВИМ  Сбалансированный Российские эмитенты/2026-01-30.pdf
ВИМ,ВИМ – Сбалансированный. Российские эмитенты,2026-02-27,https://www.wealthim.ru/upload/iblock/8f3/0a1a2i7prpf7jk1tlywawhudw5ketyqf/26_02_27_SCHA_OPIF_SbalRosEmitenty.pdf,raw/ВИМ/ВИМ  Сбалансированный Российские эмитенты/2026-02-27.pdf
ВИМ,ВИМ – Сбалансированный. Российские эмитенты,2026-03-31,https://www.wealthim.ru/upload/iblock/30e/7ryncl2gzqynkyx5ay508rp68mj6aaj4/26_03_31_SCHA_OPIF_SbalRosEmitenty.pdf,raw/ВИМ/ВИМ  Сбалансированный Российские эмитенты/2026-03-31.pdf
ВИМ,ВИМ – Сбалансированный. Российские эмитенты,2026-04-30,https://www.wealthim.ru/upload/iblock/db6/d44gwt33bptmxql9brqu182k3mkg909z/26_04_30_SCHA_OPIF_SbalRosEmitenty.pdf,raw/ВИМ/ВИМ  Сбалансированный Российские эмитенты/2026-04-30.pdf
ВИМ,ВИМ – Сбалансированный. Российские эмитенты,2026-05-29,https://www.wealthim.ru/upload/iblock/814/hkpcrtk8dwchw9hrp85p4km22zvqguxx/26_05_29_SCHA_OPIF_SbalRosEmitenty.pdf,raw/ВИМ/ВИМ  Сбалансированный Российские эмитенты/2026-05-29.pdf
ВИМ,ВИМ – Сбалансированный. Российские эмитенты,2026-06-30,https://www.wealthim.ru/upload/iblock/49a/9qyveorael2qtd49pxwv7p1clnpurnbq/26_06_30_SCHA_OPIF_SbalRosEmitenty.pdf,raw/ВИМ/ВИМ  Сбалансированный Российские эмитенты/2026-06-30.pdf
ВИМ,ВИМ – Сбалансированный. Российские эмитенты,2026-07-31,https://www.wealthim.ru/upload/iblock/c53/6ti0vdxp2t9njdg591r9vbh9dn6n9s27/26_07_31_SCHA_OPIF_SbalRosEmitenty.pdf,raw/ВИМ/ВИМ  Сбалансированный Российские эмитенты/2026-07-31.pdf
ВИМ,ВИМ – Сбалансированный. Российские эмитенты,2026-08-31,https://www.wealthim.ru/upload/iblock/c9e/dz2i6izhaov2zx2xhh0d6phpxz3gnzoy/26_08_31_SCHA_OPIF_SbalRosEmitenty.pdf,raw/ВИМ/ВИМ  Сбалансированный Российские эмитенты/2026-08-31.pdf
Альфа-Капитал,Альфа – Акции компаний роста,2023-11-30,https://www.alfacapital.ru/disclosure/file/19388,raw/Альфа-Капитал/Альфа  Акции компаний роста/2023-11-30.xls
Альфа-Капитал,Альфа – Акции компаний роста,2024-01-31,https://www.alfacapital.ru/disclosure/file/20897,raw/Альфа-Капитал/Альфа  Акции компаний роста/2024-01-31.xls
Альфа-Капитал,Альфа – Акции компаний роста,2024-02-29,https://www.alfacapital.ru/disclosure/file/21760,raw/Альфа-Капитал/Альфа  Акции компаний роста/2024-02-29.xls
Альфа-Капитал,Альфа – Акции компаний роста,2024-04-30,https://www.alfacapital.ru/disclosure/file/23297,raw/Альфа-Капитал/Альфа  Акции компаний роста/2024-04-30.xls
Альфа-Капитал,Альфа – Акции компаний роста,2024-05-31,https://www.alfacapital.ru/disclosure/file/24218,raw/Альфа-Капитал/Альфа  Акции компаний роста/2024-05-31.xls
Альфа-Капитал,Альфа – Акции компаний роста,2024-07-31,https://www.alfacapital.ru/disclosure/file/25793,raw/Альфа-Капитал/Альфа  Акции компаний роста/2024-07-31.xls
Альфа-Капитал,Альфа – Акции компаний роста,2024-08-31,https://www.alfacapital.ru/disclosure/file/26679,raw/Альфа-Капитал/Альфа  Акции компаний роста/2024-08-31.xls
Альфа-Капитал,Альфа – Акции компаний роста,2024-10-31,https://www.alfacapital.ru/disclosure/file/29505,raw/Альфа-Капитал/Альфа  Акции компаний роста/2024-10-31.xls
Альфа-Капитал,Альфа – Акции компаний роста,2024-11-30,https://www.alfacapital.ru/disclosure/file/30607,raw/Альфа-Капитал/Альфа  Акции компаний роста/2024-11-30.xls
Альфа-Капитал,Альфа – Акции компаний роста,2025-01-31,https://www.alfacapital.ru/disclosure/file/33337,raw/Альфа-Капитал/Альфа  Акции компаний роста/2025-01-31.xls
Альфа-Капитал,Альфа – Акции компаний роста,2025-02-28,https://www.alfacapital.ru/disclosure/file/34638,raw/Альфа-Капитал/Альфа  Акции компаний роста/2025-02-28.xls
Альфа-Капитал,Альфа – Акции компаний роста,2025-04-30,https://www.alfacapital.ru/disclosure/file/37692,raw/Альфа-Капитал/Альфа  Акции компаний роста/2025-04-30.xls
Альфа-Капитал,Альфа – Акции компаний роста,2025-05-31,https://www.alfacapital.ru/disclosure/file/38988,raw/Альфа-Капитал/Альфа  Акции компаний роста/2025-05-31.xls
Альфа-Капитал,Альфа – Акции компаний роста,2025-07-31,https://www.alfacapital.ru/disclosure/file/41629,raw/Альфа-Капитал/Альфа  Акции компаний роста/2025-07-31.xls
Альфа-Капитал,Альфа – Акции компаний роста,2025-08-31,https://www.alfacapital.ru/disclosure/file/43013,raw/Альфа-Капитал/Альфа  Акции компаний роста/2025-08-31.xls
Альфа-Капитал,Альфа – Акции компаний роста,2025-10-31,https://www.alfacapital.ru/disclosure/file/45878,raw/Альфа-Капитал/Альфа  Акции компаний роста/2025-10-31.xls
Альфа-Капитал,Альфа – Акции компаний роста,2025-11-30,https://www.alfacapital.ru/disclosure/file/46991,raw/Альфа-Капитал/Альфа  Акции компаний роста/2025-11-30.xls
Альфа-Капитал,Альфа – Акции компаний роста,2026-01-31,https://www.alfacapital.ru/disclosure/file/50406,raw/Альфа-Капитал/Альфа  Акции компаний роста/2026-01-31.xls
Альфа-Капитал,Альфа – Акции компаний роста,2026-02-28,https://www.alfacapital.ru/disclosure/file/51963,raw/Альфа-Капитал/Альфа  Акции компаний роста/2026-02-28.xlsx
Альфа-Капитал,Альфа – Акции компаний роста,2026-04-30,https://www.alfacapital.ru/disclosure/file/54965,raw/Альфа-Капитал/Альфа  Акции компаний роста/2026-04-30.xlsx
Альфа-Капитал,Альфа – Акции компаний роста,2026-05-31,https://www.alfacapital.ru/disclosure/file/56172,raw/Альфа-Капитал/Альфа  Акции компаний роста/2026-05-31.xlsx
Альфа-Капитал,Альфа – Акции компаний роста,2026-07-31,https://www.alfacapital.ru/disclosure/file/59252,raw/Альфа-Капитал/Альфа  Акции компаний роста/2026-07-31.xlsx
Альфа-Капитал,Альфа – Акции компаний роста,2026-08-31,https://www.alfacapital.ru/disclosure/file/60708,raw/Альфа-Капитал/Альфа  Акции компаний роста/2026-08-31.xlsx
Альфа-Капитал,Альфа – Акции с выплатой дохода,2023-10-31,https://www.alfacapital.ru/disclosure/file/18484,raw/Альфа-Капитал/Альфа  Акции с выплатой дохода/2023-10-31.xlsx
Альфа-Капитал,Альфа – Акции с выплатой дохода,2023-11-30,https://www.alfacapital.ru/disclosure/file/19356,raw/Альфа-Капитал/Альфа  Акции с выплатой дохода/2023-11-30.xlsx
Альфа-Капитал,Альфа – Акции с выплатой дохода,2024-01-31,https://www.alfacapital.ru/disclosure/file/20892,raw/Альфа-Капитал/Альфа  Акции с выплатой дохода/2024-01-31.xls
Альфа-Капитал,Альфа – Акции с выплатой дохода,2024-02-29,https://www.alfacapital.ru/disclosure/file/21756,raw/Альфа-Капитал/Альфа  Акции с выплатой дохода/2024-02-29.xls
Альфа-Капитал,Альфа – Акции с выплатой дохода,2024-04-30,https://www.alfacapital.ru/disclosure/file/23309,raw/Альфа-Капитал/Альфа  Акции с выплатой дохода/2024-04-30.xls
Альфа-Капитал,Альфа – Акции с выплатой дохода,2024-05-31,https://www.alfacapital.ru/disclosure/file/24220,raw/Альфа-Капитал/Альфа  Акции с выплатой дохода/2024-05-31.xls
Альфа-Капитал,Альфа – Акции с выплатой дохода,2024-07-31,https://www.alfacapital.ru/disclosure/file/25784,raw/Альфа-Капитал/Альфа  Акции с выплатой дохода/2024-07-31.xls
Альфа-Капитал,Альфа – Акции с выплатой дохода,2024-08-31,https://www.alfacapital.ru/disclosure/file/26678,raw/Альфа-Капитал/Альфа  Акции с выплатой дохода/2024-08-31.xls
Альфа-Капитал,Альфа – Акции с выплатой дохода,2024-10-31,https://www.alfacapital.ru/disclosure/file/29507,raw/Альфа-Капитал/Альфа  Акции с выплатой дохода/2024-10-31.xls
Альфа-Капитал,Альфа – Акции с выплатой дохода,2024-11-30,https://www.alfacapital.ru/disclosure/file/30618,raw/Альфа-Капитал/Альфа  Акции с выплатой дохода/2024-11-30.xls
Альфа-Капитал,Альфа – Акции с выплатой дохода,2025-01-31,https://www.alfacapital.ru/disclosure/file/33332,raw/Альфа-Капитал/Альфа  Акции с выплатой дохода/2025-01-31.xls
Альфа-Капитал,Альфа – Акции с выплатой дохода,2025-02-28,https://www.alfacapital.ru/disclosure/file/34626,raw/Альфа-Капитал/Альфа  Акции с выплатой дохода/2025-02-28.xls
Альфа-Капитал,Альфа – Акции с выплатой дохода,2025-04-30,https://www.alfacapital.ru/disclosure/file/37694,raw/Альфа-Капитал/Альфа  Акции с выплатой дохода/2025-04-30.xls
Альфа-Капитал,Альфа – Акции с выплатой дохода,2025-05-31,https://www.alfacapital.ru/disclosure/file/38954,raw/Альфа-Капитал/Альфа  Акции с выплатой дохода/2025-05-31.xls
Альфа-Капитал,Альфа – Акции с выплатой дохода,2025-07-31,https://www.alfacapital.ru/disclosure/file/41631,raw/Альфа-Капитал/Альфа  Акции с выплатой дохода/2025-07-31.xls
Альфа-Капитал,Альфа – Акции с выплатой дохода,2025-08-31,https://www.alfacapital.ru/disclosure/file/43015,raw/Альфа-Капитал/Альфа  Акции с выплатой дохода/2025-08-31.xls
Альфа-Капитал,Альфа – Акции с выплатой дохода,2025-10-31,https://www.alfacapital.ru/disclosure/file/45880,raw/Альфа-Капитал/Альфа  Акции с выплатой дохода/2025-10-31.xls
Альфа-Капитал,Альфа – Акции с выплатой дохода,2025-11-30,https://www.alfacapital.ru/disclosure/file/46993,raw/Альфа-Капитал/Альфа  Акции с выплатой дохода/2025-11-30.xls
Альфа-Капитал,Альфа – Акции с выплатой дохода,2026-01-31,https://www.alfacapital.ru/disclosure/file/50408,raw/Альфа-Капитал/Альфа  Акции с выплатой дохода/2026-01-31.xls
Альфа-Капитал,Альфа – Акции с выплатой дохода,2026-02-28,https://www.alfacapital.ru/disclosure/file/51862,raw/Альфа-Капитал/Альфа  Акции с выплатой дохода/2026-02-28.xls
Альфа-Капитал,Альфа – Акции с выплатой дохода,2026-04-30,https://www.alfacapital.ru/disclosure/file/54967,raw/Альфа-Капитал/Альфа  Акции с выплатой дохода/2026-04-30.xls
Альфа-Капитал,Альфа – Акции с выплатой дохода,2026-05-31,https://www.alfacapital.ru/disclosure/file/56174,raw/Альфа-Капитал/Альфа  Акции с выплатой дохода/2026-05-31.xls
Альфа-Капитал,Альфа – Акции с выплатой дохода,2026-07-31,https://www.alfacapital.ru/disclosure/file/59254,raw/Альфа-Капитал/Альфа  Акции с выплатой дохода/2026-07-31.xls
Альфа-Капитал,Альфа – Акции с выплатой дохода,2026-08-31,https://www.alfacapital.ru/disclosure/file/60710,raw/Альфа-Капитал/Альфа  Акции с выплатой дохода/2026-08-31.xls
Альфа-Капитал,Альфа – Баланс,2021-10-31,https://www.alfacapital.ru/disclosure/file/8688,raw/Альфа-Капитал/Альфа  Баланс/2021-10-31.xls
Альфа-Капитал,Альфа – Баланс,2021-11-30,https://www.alfacapital.ru/disclosure/file/8983,raw/Альфа-Капитал/Альфа  Баланс/2021-11-30.xls
Альфа-Капитал,Альфа – Баланс,2022-01-31,https://www.alfacapital.ru/disclosure/file/9348,raw/Альфа-Капитал/Альфа  Баланс/2022-01-31.xls
Альфа-Капитал,Альфа – Баланс,2022-02-28,https://www.alfacapital.ru/disclosure/file/9699,raw/Альфа-Капитал/Альфа  Баланс/2022-02-28.xls
Альфа-Капитал,Альфа – Баланс,2022-04-30,https://www.alfacapital.ru/disclosure/file/10677,raw/Альфа-Капитал/Альфа  Баланс/2022-04-30.xls
Альфа-Капитал,Альфа – Баланс,2022-05-31,https://www.alfacapital.ru/disclosure/file/10981,raw/Альфа-Капитал/Альфа  Баланс/2022-05-31.xls
Альфа-Капитал,Альфа – Баланс,2022-07-31,https://www.alfacapital.ru/disclosure/file/11856,raw/Альфа-Капитал/Альфа  Баланс/2022-07-31.xls
Альфа-Капитал,Альфа – Баланс,2022-08-31,https://www.alfacapital.ru/disclosure/file/12227,raw/Альфа-Капитал/Альфа  Баланс/2022-08-31.xls
Альфа-Капитал,Альфа – Баланс,2022-10-31,https://www.alfacapital.ru/disclosure/file/13190,raw/Альфа-Капитал/Альфа  Баланс/2022-10-31.xls
Альфа-Капитал,Альфа – Баланс,2022-11-30,https://www.alfacapital.ru/disclosure/file/13560,raw/Альфа-Капитал/Альфа  Баланс/2022-11-30.xls
Альфа-Капитал,Альфа – Баланс,2023-01-31,https://www.alfacapital.ru/disclosure/file/14519,raw/Альфа-Капитал/Альфа  Баланс/2023-01-31.xls
Альфа-Капитал,Альфа – Баланс,2023-02-28,https://www.alfacapital.ru/disclosure/file/14828,raw/Альфа-Капитал/Альфа  Баланс/2023-02-28.xls
Альфа-Капитал,Альфа – Баланс,2023-04-30,https://www.alfacapital.ru/disclosure/file/15717,raw/Альфа-Капитал/Альфа  Баланс/2023-04-30.xlsx
Альфа-Капитал,Альфа – Баланс,2023-05-31,https://www.alfacapital.ru/disclosure/file/16217,raw/Альфа-Капитал/Альфа  Баланс/2023-05-31.xls
Альфа-Капитал,Альфа – Баланс,2023-07-31,https://www.alfacapital.ru/disclosure/file/17031,raw/Альфа-Капитал/Альфа  Баланс/2023-07-31.xls
Альфа-Капитал,Альфа – Баланс,2023-08-31,https://www.alfacapital.ru/disclosure/file/17543,raw/Альфа-Капитал/Альфа  Баланс/2023-08-31.xlsx
Альфа-Капитал,Альфа – Баланс,2023-10-31,https://www.alfacapital.ru/disclosure/file/18540,raw/Альфа-Капитал/Альфа  Баланс/2023-10-31.xlsx
Альфа-Капитал,Альфа – Баланс,2023-11-30,https://www.alfacapital.ru/disclosure/file/19361,raw/Альфа-Капитал/Альфа  Баланс/2023-11-30.xlsx
Альфа-Капитал,Альфа – Баланс,2024-01-31,https://www.alfacapital.ru/disclosure/file/20879,raw/Альфа-Капитал/Альфа  Баланс/2024-01-31.xlsx
Альфа-Капитал,Альфа – Баланс,2024-02-29,https://www.alfacapital.ru/disclosure/file/21773,raw/Альфа-Капитал/Альфа  Баланс/2024-02-29.xlsx
Альфа-Капитал,Альфа – Баланс,2024-04-30,https://www.alfacapital.ru/disclosure/file/23299,raw/Альфа-Капитал/Альфа  Баланс/2024-04-30.xlsx
Альфа-Капитал,Альфа – Баланс,2024-05-31,https://www.alfacapital.ru/disclosure/file/24226,raw/Альфа-Капитал/Альфа  Баланс/2024-05-31.xlsx
Альфа-Капитал,Альфа – Баланс,2024-07-31,https://www.alfacapital.ru/disclosure/file/25797,raw/Альфа-Капитал/Альфа  Баланс/2024-07-31.xlsx
Альфа-Капитал,Альфа – Баланс,2024-08-31,https://www.alfacapital.ru/disclosure/file/26682,raw/Альфа-Капитал/Альфа  Баланс/2024-08-31.xlsx
Альфа-Капитал,Альфа – Баланс,2024-10-31,https://www.alfacapital.ru/disclosure/file/29510,raw/Альфа-Капитал/Альфа  Баланс/2024-10-31.xlsx
Альфа-Капитал,Альфа – Баланс,2024-11-30,https://www.alfacapital.ru/disclosure/file/30637,raw/Альфа-Капитал/Альфа  Баланс/2024-11-30.xlsx
Альфа-Капитал,Альфа – Баланс,2025-01-31,https://www.alfacapital.ru/disclosure/file/33339,raw/Альфа-Капитал/Альфа  Баланс/2025-01-31.xlsx
Альфа-Капитал,Альфа – Баланс,2025-02-28,https://www.alfacapital.ru/disclosure/file/34652,raw/Альфа-Капитал/Альфа  Баланс/2025-02-28.xlsx
Альфа-Капитал,Альфа – Баланс,2025-04-30,https://www.alfacapital.ru/disclosure/file/37696,raw/Альфа-Капитал/Альфа  Баланс/2025-04-30.xlsx
Альфа-Капитал,Альфа – Баланс,2025-05-31,https://www.alfacapital.ru/disclosure/file/38981,raw/Альфа-Капитал/Альфа  Баланс/2025-05-31.xlsx
Альфа-Капитал,Альфа – Баланс,2025-07-31,https://www.alfacapital.ru/disclosure/file/41627,raw/Альфа-Капитал/Альфа  Баланс/2025-07-31.xlsx
Альфа-Капитал,Альфа – Баланс,2025-08-31,https://www.alfacapital.ru/disclosure/file/43017,raw/Альфа-Капитал/Альфа  Баланс/2025-08-31.xlsx
Альфа-Капитал,Альфа – Баланс,2025-10-31,https://www.alfacapital.ru/disclosure/file/45882,raw/Альфа-Капитал/Альфа  Баланс/2025-10-31.xlsx
Альфа-Капитал,Альфа – Баланс,2025-11-30,https://www.alfacapital.ru/disclosure/file/46995,raw/Альфа-Капитал/Альфа  Баланс/2025-11-30.xlsx
Альфа-Капитал,Альфа – Баланс,2026-01-31,https://www.alfacapital.ru/disclosure/file/50409,raw/Альфа-Капитал/Альфа  Баланс/2026-01-31.xlsx
Альфа-Капитал,Альфа – Баланс,2026-02-28,https://www.alfacapital.ru/disclosure/file/51864,raw/Альфа-Капитал/Альфа  Баланс/2026-02-28.xlsx
Альфа-Капитал,Альфа – Баланс,2026-04-30,https://www.alfacapital.ru/disclosure/file/54969,raw/Альфа-Капитал/Альфа  Баланс/2026-04-30.xlsx
Альфа-Капитал,Альфа – Баланс,2026-05-31,https://www.alfacapital.ru/disclosure/file/56176,raw/Альфа-Капитал/Альфа  Баланс/2026-05-31.xlsx
Альфа-Капитал,Альфа – Баланс,2026-07-31,https://www.alfacapital.ru/disclosure/file/59256,raw/Альфа-Капитал/Альфа  Баланс/2026-07-31.xlsx
Альфа-Капитал,Альфа – Баланс,2026-08-31,https://www.alfacapital.ru/disclosure/file/60712,raw/Альфа-Капитал/Альфа  Баланс/2026-08-31.xlsx
Альфа-Капитал,Альфа – Ликвидные акции,2021-10-31,https://www.alfacapital.ru/disclosure/file/8686,raw/Альфа-Капитал/Альфа  Ликвидные акции/2021-10-31.xls
Альфа-Капитал,Альфа – Ликвидные акции,2021-11-30,https://www.alfacapital.ru/disclosure/file/8997,raw/Альфа-Капитал/Альфа  Ликвидные акции/2021-11-30.xls
Альфа-Капитал,Альфа – Ликвидные акции,2022-01-31,https://www.alfacapital.ru/disclosure/file/9354,raw/Альфа-Капитал/Альфа  Ликвидные акции/2022-01-31.xls
Альфа-Капитал,Альфа – Ликвидные акции,2022-02-28,https://www.alfacapital.ru/disclosure/file/9711,raw/Альфа-Капитал/Альфа  Ликвидные акции/2022-02-28.xls
Альфа-Капитал,Альфа – Ликвидные акции,2022-04-30,https://www.alfacapital.ru/disclosure/file/10687,raw/Альфа-Капитал/Альфа  Ликвидные акции/2022-04-30.xls
Альфа-Капитал,Альфа – Ликвидные акции,2022-05-31,https://www.alfacapital.ru/disclosure/file/10979,raw/Альфа-Капитал/Альфа  Ликвидные акции/2022-05-31.xls
Альфа-Капитал,Альфа – Ликвидные акции,2022-07-31,https://www.alfacapital.ru/disclosure/file/11900,raw/Альфа-Капитал/Альфа  Ликвидные акции/2022-07-31.xls
Альфа-Капитал,Альфа – Ликвидные акции,2022-08-31,https://www.alfacapital.ru/disclosure/file/12236,raw/Альфа-Капитал/Альфа  Ликвидные акции/2022-08-31.xls
Альфа-Капитал,Альфа – Ликвидные акции,2022-10-31,https://www.alfacapital.ru/disclosure/file/13186,raw/Альфа-Капитал/Альфа  Ликвидные акции/2022-10-31.xls
Альфа-Капитал,Альфа – Ликвидные акции,2022-11-30,https://www.alfacapital.ru/disclosure/file/13585,raw/Альфа-Капитал/Альфа  Ликвидные акции/2022-11-30.xls
Альфа-Капитал,Альфа – Ликвидные акции,2023-01-31,https://www.alfacapital.ru/disclosure/file/14525,raw/Альфа-Капитал/Альфа  Ликвидные акции/2023-01-31.xls
Альфа-Капитал,Альфа – Ликвидные акции,2023-02-28,https://www.alfacapital.ru/disclosure/file/14822,raw/Альфа-Капитал/Альфа  Ликвидные акции/2023-02-28.xls
Альфа-Капитал,Альфа – Ликвидные акции,2023-04-30,https://www.alfacapital.ru/disclosure/file/15719,raw/Альфа-Капитал/Альфа  Ликвидные акции/2023-04-30.xlsx
Альфа-Капитал,Альфа – Ликвидные акции,2023-05-31,https://www.alfacapital.ru/disclosure/file/16221,raw/Альфа-Капитал/Альфа  Ликвидные акции/2023-05-31.xls
Альфа-Капитал,Альфа – Ликвидные акции,2023-07-31,https://www.alfacapital.ru/disclosure/file/17087,raw/Альфа-Капитал/Альфа  Ликвидные акции/2023-07-31.xls
Альфа-Капитал,Альфа – Ликвидные акции,2023-08-31,https://www.alfacapital.ru/disclosure/file/17548,raw/Альфа-Капитал/Альфа  Ликвидные акции/2023-08-31.xlsx
Альфа-Капитал,Альфа – Ликвидные акции,2023-10-31,https://www.alfacapital.ru/disclosure/file/18501,raw/Альфа-Капитал/Альфа  Ликвидные акции/2023-10-31.xlsx
Альфа-Капитал,Альфа – Ликвидные акции,2023-11-30,https://www.alfacapital.ru/disclosure/file/19365,raw/Альфа-Капитал/Альфа  Ликвидные акции/2023-11-30.xlsx
Альфа-Капитал,Альфа – Ликвидные акции,2024-01-31,https://www.alfacapital.ru/disclosure/file/20838,raw/Альфа-Капитал/Альфа  Ликвидные акции/2024-01-31.xlsx
Альфа-Капитал,Альфа – Ликвидные акции,2024-02-29,https://www.alfacapital.ru/disclosure/file/21762,raw/Альфа-Капитал/Альфа  Ликвидные акции/2024-02-29.xlsx
Альфа-Капитал,Альфа – Ликвидные акции,2024-04-30,https://www.alfacapital.ru/disclosure/file/23303,raw/Альфа-Капитал/Альфа  Ликвидные акции/2024-04-30.xlsx
Альфа-Капитал,Альфа – Ликвидные акции,2024-05-31,https://www.alfacapital.ru/disclosure/file/24230,raw/Альфа-Капитал/Альфа  Ликвидные акции/2024-05-31.xlsx
Альфа-Капитал,Альфа – Ликвидные акции,2024-07-31,https://www.alfacapital.ru/disclosure/file/25795,raw/Альфа-Капитал/Альфа  Ликвидные акции/2024-07-31.xlsx
Альфа-Капитал,Альфа – Ликвидные акции,2024-08-31,https://www.alfacapital.ru/disclosure/file/26692,raw/Альфа-Капитал/Альфа  Ликвидные акции/2024-08-31.xlsx
Альфа-Капитал,Альфа – Ликвидные акции,2024-10-31,https://www.alfacapital.ru/disclosure/file/29518,raw/Альфа-Капитал/Альфа  Ликвидные акции/2024-10-31.xlsx
Альфа-Капитал,Альфа – Ликвидные акции,2024-11-30,https://www.alfacapital.ru/disclosure/file/30665,raw/Альфа-Капитал/Альфа  Ликвидные акции/2024-11-30.xlsx
Альфа-Капитал,Альфа – Ликвидные акции,2025-01-31,https://www.alfacapital.ru/disclosure/file/33351,raw/Альфа-Капитал/Альфа  Ликвидные акции/2025-01-31.xlsx
Альфа-Капитал,Альфа – Ликвидные акции,2025-02-28,https://www.alfacapital.ru/disclosure/file/34663,raw/Альфа-Капитал/Альфа  Ликвидные акции/2025-02-28.xlsx
Альфа-Капитал,Альфа – Ликвидные акции,2025-04-30,https://www.alfacapital.ru/disclosure/file/37704,raw/Альфа-Капитал/Альфа  Ликвидные акции/2025-04-30.xlsx
Альфа-Капитал,Альфа – Ликвидные акции,2025-05-31,https://www.alfacapital.ru/disclosure/file/38992,raw/Альфа-Капитал/Альфа  Ликвидные акции/2025-05-31.xlsx
Альфа-Капитал,Альфа – Ликвидные акции,2025-07-31,https://www.alfacapital.ru/disclosure/file/41621,raw/Альфа-Капитал/Альфа  Ликвидные акции/2025-07-31.xlsx
Альфа-Капитал,Альфа – Ликвидные акции,2025-08-31,https://www.alfacapital.ru/disclosure/file/43040,raw/Альфа-Капитал/Альфа  Ликвидные акции/2025-08-31.xlsx
Альфа-Капитал,Альфа – Ликвидные акции,2025-10-31,https://www.alfacapital.ru/disclosure/file/45872,raw/Альфа-Капитал/Альфа  Ликвидные акции/2025-10-31.xlsx
Альфа-Капитал,Альфа – Ликвидные акции,2025-11-30,https://www.alfacapital.ru/disclosure/file/46985,raw/Альфа-Капитал/Альфа  Ликвидные акции/2025-11-30.xlsx
Альфа-Капитал,Альфа – Ликвидные акции,2026-01-31,https://www.alfacapital.ru/disclosure/file/50399,raw/Альфа-Капитал/Альфа  Ликвидные акции/2026-01-31.xlsx
Альфа-Капитал,Альфа – Ликвидные акции,2026-02-28,https://www.alfacapital.ru/disclosure/file/51873,raw/Альфа-Капитал/Альфа  Ликвидные акции/2026-02-28.xlsx
Альфа-Капитал,Альфа – Ликвидные акции,2026-04-30,https://www.alfacapital.ru/disclosure/file/54977,raw/Альфа-Капитал/Альфа  Ликвидные акции/2026-04-30.xlsx
Альфа-Капитал,Альфа – Ликвидные акции,2026-05-31,https://www.alfacapital.ru/disclosure/file/56184,raw/Альфа-Капитал/Альфа  Ликвидные акции/2026-05-31.xlsx
Альфа-Капитал,Альфа – Ликвидные акции,2026-07-31,https://www.alfacapital.ru/disclosure/file/59267,raw/Альфа-Капитал/Альфа  Ликвидные акции/2026-07-31.xlsx
Альфа-Капитал,Альфа – Ликвидные акции,2026-08-31,https://www.alfacapital.ru/disclosure/file/60722,raw/Альфа-Капитал/Альфа  Ликвидные акции/2026-08-31.xlsx
Альфа-Капитал,Альфа – Новые имена,2024-04-30,https://www.alfacapital.ru/disclosure/file/23293,raw/Альфа-Капитал/Альфа  Новые имена/2024-04-30.xls
Альфа-Капитал,Альфа – Новые имена,2024-05-31,https://www.alfacapital.ru/disclosure/file/24232,raw/Альфа-Капитал/Альфа  Новые имена/2024-05-31.xlsx
Альфа-Капитал,Альфа – Новые имена,2024-07-31,https://www.alfacapital.ru/disclosure/file/25790,raw/Альфа-Капитал/Альфа  Новые имена/2024-07-31.xlsx
Альфа-Капитал,Альфа – Новые имена,2024-08-31,https://www.alfacapital.ru/disclosure/file/26694,raw/Альфа-Капитал/Альфа  Новые имена/2024-08-31.xlsx
Альфа-Капитал,Альфа – Новые имена,2024-10-31,https://www.alfacapital.ru/disclosure/file/29520,raw/Альфа-Капитал/Альфа  Новые имена/2024-10-31.xlsx
Альфа-Капитал,Альфа – Новые имена,2024-11-30,https://www.alfacapital.ru/disclosure/file/30668,raw/Альфа-Капитал/Альфа  Новые имена/2024-11-30.xlsx
Альфа-Капитал,Альфа – Новые имена,2025-01-31,https://www.alfacapital.ru/disclosure/file/33353,raw/Альфа-Капитал/Альфа  Новые имена/2025-01-31.xlsx
Альфа-Капитал,Альфа – Новые имена,2025-02-28,https://www.alfacapital.ru/disclosure/file/34665,raw/Альфа-Капитал/Альфа  Новые имена/2025-02-28.xlsx
Альфа-Капитал,Альфа – Новые имена,2025-04-30,https://www.alfacapital.ru/disclosure/file/37706,raw/Альфа-Капитал/Альфа  Новые имена/2025-04-30.xlsx
Альфа-Капитал,Альфа – Новые имена,2025-05-31,https://www.alfacapital.ru/disclosure/file/38983,raw/Альфа-Капитал/Альфа  Новые имена/2025-05-31.xlsx
Альфа-Капитал,Альфа – Новые имена,2025-07-31,https://www.alfacapital.ru/disclosure/file/41640,raw/Альфа-Капитал/Альфа  Новые имена/2025-07-31.xlsx
Альфа-Капитал,Альфа – Новые имена,2025-08-31,https://www.alfacapital.ru/disclosure/file/43024,raw/Альфа-Капитал/Альфа  Новые имена/2025-08-31.xlsx
Альфа-Капитал,Альфа – Новые имена,2025-10-31,https://www.alfacapital.ru/disclosure/file/45891,raw/Альфа-Капитал/Альфа  Новые имена/2025-10-31.xlsx
Альфа-Капитал,Альфа – Новые имена,2025-11-30,https://www.alfacapital.ru/disclosure/file/47001,raw/Альфа-Капитал/Альфа  Новые имена/2025-11-30.xlsx
Альфа-Капитал,Альфа – Новые имена,2026-01-31,https://www.alfacapital.ru/disclosure/file/50417,raw/Альфа-Капитал/Альфа  Новые имена/2026-01-31.xlsx
Альфа-Капитал,Альфа – Новые имена,2026-02-28,https://www.alfacapital.ru/disclosure/file/51877,raw/Альфа-Капитал/Альфа  Новые имена/2026-02-28.xlsx
Альфа-Капитал,Альфа – Новые имена,2026-04-30,https://www.alfacapital.ru/disclosure/file/54981,raw/Альфа-Капитал/Альфа  Новые имена/2026-04-30.xlsx
Альфа-Капитал,Альфа – Новые имена,2026-05-31,https://www.alfacapital.ru/disclosure/file/56188,raw/Альфа-Капитал/Альфа  Новые имена/2026-05-31.xlsx
Альфа-Капитал,Альфа – Новые имена,2026-07-31,https://www.alfacapital.ru/disclosure/file/59271,raw/Альфа-Капитал/Альфа  Новые имена/2026-07-31.xlsx
Альфа-Капитал,Альфа – Новые имена,2026-08-31,https://www.alfacapital.ru/disclosure/file/60726,raw/Альфа-Капитал/Альфа  Новые имена/2026-08-31.xlsx
Альфа-Капитал,Альфа – Ресурсы,2021-10-31,https://www.alfacapital.ru/disclosure/file/8682,raw/Альфа-Капитал/Альфа  Ресурсы/2021-10-31.xls
Альфа-Капитал,Альфа – Ресурсы,2021-11-30,https://www.alfacapital.ru/disclosure/file/8995,raw/Альфа-Капитал/Альфа  Ресурсы/2021-11-30.xls
Альфа-Капитал,Альфа – Ресурсы,2022-01-31,https://www.alfacapital.ru/disclosure/file/9358,raw/Альфа-Капитал/Альфа  Ресурсы/2022-01-31.xls
Альфа-Капитал,Альфа – Ресурсы,2022-02-28,https://www.alfacapital.ru/disclosure/file/9695,raw/Альфа-Капитал/Альфа  Ресурсы/2022-02-28.xls
Альфа-Капитал,Альфа – Ресурсы,2022-04-30,https://www.alfacapital.ru/disclosure/file/10679,raw/Альфа-Капитал/Альфа  Ресурсы/2022-04-30.xls
Альфа-Капитал,Альфа – Ресурсы,2022-05-31,https://www.alfacapital.ru/disclosure/file/10983,raw/Альфа-Капитал/Альфа  Ресурсы/2022-05-31.xls
Альфа-Капитал,Альфа – Ресурсы,2022-07-31,https://www.alfacapital.ru/disclosure/file/11886,raw/Альфа-Капитал/Альфа  Ресурсы/2022-07-31.xls
Альфа-Капитал,Альфа – Ресурсы,2022-08-31,https://www.alfacapital.ru/disclosure/file/12235,raw/Альфа-Капитал/Альфа  Ресурсы/2022-08-31.xls
Альфа-Капитал,Альфа – Ресурсы,2022-10-31,https://www.alfacapital.ru/disclosure/file/13173,raw/Альфа-Капитал/Альфа  Ресурсы/2022-10-31.xls
Альфа-Капитал,Альфа – Ресурсы,2022-11-30,https://www.alfacapital.ru/disclosure/file/13588,raw/Альфа-Капитал/Альфа  Ресурсы/2022-11-30.xls
Альфа-Капитал,Альфа – Ресурсы,2023-01-31,https://www.alfacapital.ru/disclosure/file/14513,raw/Альфа-Капитал/Альфа  Ресурсы/2023-01-31.xls
Альфа-Капитал,Альфа – Ресурсы,2023-02-28,https://www.alfacapital.ru/disclosure/file/14832,raw/Альфа-Капитал/Альфа  Ресурсы/2023-02-28.xls
Альфа-Капитал,Альфа – Ресурсы,2023-04-30,https://www.alfacapital.ru/disclosure/file/15727,raw/Альфа-Капитал/Альфа  Ресурсы/2023-04-30.xlsx
Альфа-Капитал,Альфа – Ресурсы,2023-05-31,https://www.alfacapital.ru/disclosure/file/16231,raw/Альфа-Капитал/Альфа  Ресурсы/2023-05-31.xls
Альфа-Капитал,Альфа – Ресурсы,2023-07-31,https://www.alfacapital.ru/disclosure/file/17089,raw/Альфа-Капитал/Альфа  Ресурсы/2023-07-31.xls
Альфа-Капитал,Альфа – Ресурсы,2023-08-31,https://www.alfacapital.ru/disclosure/file/17560,raw/Альфа-Капитал/Альфа  Ресурсы/2023-08-31.xlsx
Альфа-Капитал,Альфа – Ресурсы,2023-10-31,https://www.alfacapital.ru/disclosure/file/18538,raw/Альфа-Капитал/Альфа  Ресурсы/2023-10-31.xlsx
Альфа-Капитал,Альфа – Ресурсы,2023-11-30,https://www.alfacapital.ru/disclosure/file/19369,raw/Альфа-Капитал/Альфа  Ресурсы/2023-11-30.xlsx
Альфа-Капитал,Альфа – Ресурсы,2024-01-31,https://www.alfacapital.ru/disclosure/file/20881,raw/Альфа-Капитал/Альфа  Ресурсы/2024-01-31.xlsx
Альфа-Капитал,Альфа – Ресурсы,2024-02-29,https://www.alfacapital.ru/disclosure/file/21764,raw/Альфа-Капитал/Альфа  Ресурсы/2024-02-29.xlsx
Альфа-Капитал,Альфа – Ресурсы,2024-04-30,https://www.alfacapital.ru/disclosure/file/23311,raw/Альфа-Капитал/Альфа  Ресурсы/2024-04-30.xlsx
Альфа-Капитал,Альфа – Ресурсы,2024-05-31,https://www.alfacapital.ru/disclosure/file/24236,raw/Альфа-Капитал/Альфа  Ресурсы/2024-05-31.xlsx
Альфа-Капитал,Альфа – Ресурсы,2024-07-31,https://www.alfacapital.ru/disclosure/file/25799,raw/Альфа-Капитал/Альфа  Ресурсы/2024-07-31.xlsx
Альфа-Капитал,Альфа – Ресурсы,2024-08-31,https://www.alfacapital.ru/disclosure/file/26698,raw/Альфа-Капитал/Альфа  Ресурсы/2024-08-31.xlsx
Альфа-Капитал,Альфа – Ресурсы,2024-10-31,https://www.alfacapital.ru/disclosure/file/29526,raw/Альфа-Капитал/Альфа  Ресурсы/2024-10-31.xlsx
Альфа-Капитал,Альфа – Ресурсы,2024-11-30,https://www.alfacapital.ru/disclosure/file/30681,raw/Альфа-Капитал/Альфа  Ресурсы/2024-11-30.xlsx
Альфа-Капитал,Альфа – Ресурсы,2025-01-31,https://www.alfacapital.ru/disclosure/file/33357,raw/Альфа-Капитал/Альфа  Ресурсы/2025-01-31.xlsx
Альфа-Капитал,Альфа – Ресурсы,2025-02-28,https://www.alfacapital.ru/disclosure/file/34669,raw/Альфа-Капитал/Альфа  Ресурсы/2025-02-28.xlsx
Альфа-Капитал,Альфа – Ресурсы,2025-04-30,https://www.alfacapital.ru/disclosure/file/37712,raw/Альфа-Капитал/Альфа  Ресурсы/2025-04-30.xlsx
Альфа-Капитал,Альфа – Ресурсы,2025-05-31,https://www.alfacapital.ru/disclosure/file/38994,raw/Альфа-Капитал/Альфа  Ресурсы/2025-05-31.xlsx
Альфа-Капитал,Альфа – Ресурсы,2025-07-31,https://www.alfacapital.ru/disclosure/file/41642,raw/Альфа-Капитал/Альфа  Ресурсы/2025-07-31.xlsx
Альфа-Капитал,Альфа – Ресурсы,2025-08-31,https://www.alfacapital.ru/disclosure/file/43028,raw/Альфа-Капитал/Альфа  Ресурсы/2025-08-31.xlsx
Альфа-Капитал,Альфа – Ресурсы,2025-10-31,https://www.alfacapital.ru/disclosure/file/45896,raw/Альфа-Капитал/Альфа  Ресурсы/2025-10-31.xlsx
Альфа-Капитал,Альфа – Ресурсы,2025-11-30,https://www.alfacapital.ru/disclosure/file/47005,raw/Альфа-Капитал/Альфа  Ресурсы/2025-11-30.xlsx
Альфа-Капитал,Альфа – Ресурсы,2026-01-31,https://www.alfacapital.ru/disclosure/file/50421,raw/Альфа-Капитал/Альфа  Ресурсы/2026-01-31.xlsx
Альфа-Капитал,Альфа – Ресурсы,2026-02-28,https://www.alfacapital.ru/disclosure/file/51884,raw/Альфа-Капитал/Альфа  Ресурсы/2026-02-28.xlsx
Альфа-Капитал,Альфа – Ресурсы,2026-04-30,https://www.alfacapital.ru/disclosure/file/54987,raw/Альфа-Капитал/Альфа  Ресурсы/2026-04-30.xlsx
Альфа-Капитал,Альфа – Ресурсы,2026-05-31,https://www.alfacapital.ru/disclosure/file/56194,raw/Альфа-Капитал/Альфа  Ресурсы/2026-05-31.xlsx
Альфа-Капитал,Альфа – Ресурсы,2026-07-31,https://www.alfacapital.ru/disclosure/file/59277,raw/Альфа-Капитал/Альфа  Ресурсы/2026-07-31.xlsx
Альфа-Капитал,Альфа – Ресурсы,2026-08-31,https://www.alfacapital.ru/disclosure/file/60732,raw/Альфа-Капитал/Альфа  Ресурсы/2026-08-31.xlsx
ДОХОДЪ,ДОХОДЪ – Анализ акций,2025-05-30,https://www.dohod.ru/assets/dist/upload/docs/scha-bpif_stocks-30052025.pdf,raw/ДОХОДЪ/ДОХОДЪ  Анализ акций/2025-05-30.pdf
ДОХОДЪ,ДОХОДЪ – Анализ акций,2025-06-30,https://www.dohod.ru/assets/dist/upload/docs/scha-bpif_stocks-30062025.pdf,raw/ДОХОДЪ/ДОХОДЪ  Анализ акций/2025-06-30.pdf
ДОХОДЪ,ДОХОДЪ – Анализ акций,2025-07-31,https://www.dohod.ru/assets/dist/upload/docs/scha-bpif_stocks-31072025.pdf,raw/ДОХОДЪ/ДОХОДЪ  Анализ акций/2025-07-31.pdf
ДОХОДЪ,ДОХОДЪ – Анализ акций,2025-08-29,https://www.dohod.ru/assets/dist/upload/docs/scha-bpif_stocks-29082025.pdf,raw/ДОХОДЪ/ДОХОДЪ  Анализ акций/2025-08-29.pdf
ДОХОДЪ,ДОХОДЪ – Анализ акций,2025-09-30,https://www.dohod.ru/assets/dist/upload/docs/scha-bpif_stocks-30092025.pdf,raw/ДОХОДЪ/ДОХОДЪ  Анализ акций/2025-09-30.pdf
ДОХОДЪ,ДОХОДЪ – Анализ акций,2025-10-31,https://www.dohod.ru/assets/dist/upload/docs/scha-bpif_stocks-31102025.pdf,raw/ДОХОДЪ/ДОХОДЪ  Анализ акций/2025-10-31.pdf
ДОХОДЪ,ДОХОДЪ – Анализ акций,2025-11-28,https://www.dohod.ru/assets/dist/upload/docs/scha-bpif_stocks-28112025.pdf,raw/ДОХОДЪ/ДОХОДЪ  Анализ акций/2025-11-28.pdf
ДОХОДЪ,ДОХОДЪ – Анализ акций,2025-12-30,https://www.dohod.ru/assets/dist/upload/docs/scha-bpif_stocks-30122025.pdf,raw/ДОХОДЪ/ДОХОДЪ  Анализ акций/2025-12-30.pdf
ДОХОДЪ,ДОХОДЪ – Анализ акций,2026-01-30,https://www.dohod.ru/assets/dist/upload/docs/scha-bpif_stocks-30012026.pdf,raw/ДОХОДЪ/ДОХОДЪ  Анализ акций/2026-01-30.pdf
ДОХОДЪ,ДОХОДЪ – Анализ акций,2026-02-27,https://www.dohod.ru/assets/dist/upload/docs/scha-bpif_stocks-27022026.pdf,raw/ДОХОДЪ/ДОХОДЪ  Анализ акций/2026-02-27.pdf
ДОХОДЪ,ДОХОДЪ – Анализ акций,2026-03-31,https://www.dohod.ru/assets/dist/upload/docs/scha-bpif_stocks-31032026.pdf,raw/ДОХОДЪ/ДОХОДЪ  Анализ акций/2026-03-31.pdf
ДОХОДЪ,ДОХОДЪ – Анализ акций,2026-04-30,https://www.dohod.ru/assets/dist/upload/docs/scha-bpif_stocks-30042026.pdf,raw/ДОХОДЪ/ДОХОДЪ  Анализ акций/2026-04-30.pdf
ДОХОДЪ,ДОХОДЪ – Анализ акций,2026-05-29,https://www.dohod.ru/assets/dist/upload/docs/scha-bpif_stocks-29052026.pdf,raw/ДОХОДЪ/ДОХОДЪ  Анализ акций/2026-05-29.pdf
ДОХОДЪ,ДОХОДЪ – Анализ акций,2026-06-30,https://www.dohod.ru/assets/dist/upload/docs/scha-bpif_stocks-30062026.pdf,raw/ДОХОДЪ/ДОХОДЪ  Анализ акций/2026-06-30.pdf
ДОХОДЪ,ДОХОДЪ – Анализ акций,2026-07-31,https://www.dohod.ru/assets/dist/upload/docs/scha-bpif_stocks-31072026.pdf,raw/ДОХОДЪ/ДОХОДЪ  Анализ акций/2026-07-31.pdf
ДОХОДЪ,ДОХОДЪ – Анализ акций,2026-08-31,https://www.dohod.ru/assets/dist/upload/docs/scha-bpif_stocks-31082026.pdf,raw/ДОХОДЪ/ДОХОДЪ  Анализ акций/2026-08-31.pdf
ДОХОДЪ,ДОХОДЪ – Дивидендные акции. Россия,2023-05-31,https://www.dohod.ru/assets/dist/upload/docs/scha-di-31052023.pdf,raw/ДОХОДЪ/ДОХОДЪ  Дивидендные акции Россия/2023-05-31.pdf
ДОХОДЪ,ДОХОДЪ – Дивидендные акции. Россия,2023-06-30,https://www.dohod.ru/assets/dist/upload/docs/scha-di-30062023.pdf,raw/ДОХОДЪ/ДОХОДЪ  Дивидендные акции Россия/2023-06-30.pdf
ДОХОДЪ,ДОХОДЪ – Дивидендные акции. Россия,2023-07-31,https://www.dohod.ru/assets/dist/upload/docs/scha-di-31072023.pdf,raw/ДОХОДЪ/ДОХОДЪ  Дивидендные акции Россия/2023-07-31.pdf
ДОХОДЪ,ДОХОДЪ – Дивидендные акции. Россия,2023-08-31,https://www.dohod.ru/assets/dist/upload/docs/scha-di-31082023.pdf,raw/ДОХОДЪ/ДОХОДЪ  Дивидендные акции Россия/2023-08-31.pdf
ДОХОДЪ,ДОХОДЪ – Дивидендные акции. Россия,2023-11-30,https://www.dohod.ru/assets/dist/upload/docs/scha-di-30112023.pdf,raw/ДОХОДЪ/ДОХОДЪ  Дивидендные акции Россия/2023-11-30.pdf
ДОХОДЪ,ДОХОДЪ – Дивидендные акции. Россия,2023-12-29,https://www.dohod.ru/assets/dist/upload/docs/scha-di-29122023.pdf,raw/ДОХОДЪ/ДОХОДЪ  Дивидендные акции Россия/2023-12-29.pdf
ДОХОДЪ,ДОХОДЪ – Дивидендные акции. Россия,2024-01-31,https://www.dohod.ru/assets/dist/upload/docs/scha-di-31012024.pdf,raw/ДОХОДЪ/ДОХОДЪ  Дивидендные акции Россия/2024-01-31.pdf
ДОХОДЪ,ДОХОДЪ – Дивидендные акции. Россия,2024-02-29,https://www.dohod.ru/assets/dist/upload/docs/scha-di-29022024.pdf,raw/ДОХОДЪ/ДОХОДЪ  Дивидендные акции Россия/2024-02-29.pdf
ДОХОДЪ,ДОХОДЪ – Дивидендные акции. Россия,2024-03-29,https://www.dohod.ru/assets/dist/upload/docs/scha-di-29032024.pdf,raw/ДОХОДЪ/ДОХОДЪ  Дивидендные акции Россия/2024-03-29.pdf
ДОХОДЪ,ДОХОДЪ – Дивидендные акции. Россия,2024-04-27,https://www.dohod.ru/assets/dist/upload/docs/scha-di-27042024.pdf,raw/ДОХОДЪ/ДОХОДЪ  Дивидендные акции Россия/2024-04-27.pdf
ДОХОДЪ,ДОХОДЪ – Дивидендные акции. Россия,2024-05-31,https://www.dohod.ru/assets/dist/upload/docs/scha-di-31052024.pdf,raw/ДОХОДЪ/ДОХОДЪ  Дивидендные акции Россия/2024-05-31.pdf
ДОХОДЪ,ДОХОДЪ – Дивидендные акции. Россия,2024-06-28,https://www.dohod.ru/assets/dist/upload/docs/scha-di-28062024.pdf,raw/ДОХОДЪ/ДОХОДЪ  Дивидендные акции Россия/2024-06-28.pdf
ДОХОДЪ,ДОХОДЪ – Дивидендные акции. Россия,2024-07-31,https://www.dohod.ru/assets/dist/upload/docs/scha-di-31072024.pdf,raw/ДОХОДЪ/ДОХОДЪ  Дивидендные акции Россия/2024-07-31.pdf
ДОХОДЪ,ДОХОДЪ – Дивидендные акции. Россия,2024-08-30,https://www.dohod.ru/assets/dist/upload/docs/scha-di-30082024.pdf,raw/ДОХОДЪ/ДОХОДЪ  Дивидендные акции Россия/2024-08-30.pdf
ДОХОДЪ,ДОХОДЪ – Дивидендные акции. Россия,2024-09-30,https://www.dohod.ru/assets/dist/upload/docs/scha-di-30092024.pdf,raw/ДОХОДЪ/ДОХОДЪ  Дивидендные акции Россия/2024-09-30.pdf
ДОХОДЪ,ДОХОДЪ – Дивидендные акции. Россия,2024-10-31,https://www.dohod.ru/assets/dist/upload/docs/scha-di-31102024.pdf,raw/ДОХОДЪ/ДОХОДЪ  Дивидендные акции Россия/2024-10-31.pdf
ДОХОДЪ,ДОХОДЪ – Дивидендные акции. Россия,2024-11-29,https://www.dohod.ru/assets/dist/upload/docs/scha-di-29112024.pdf,raw/ДОХОДЪ/ДОХОДЪ  Дивидендные акции Россия/2024-11-29.pdf
ДОХОДЪ,ДОХОДЪ – Дивидендные акции. Россия,2024-12-28,https://www.dohod.ru/assets/dist/upload/docs/scha-di-28122024.pdf,raw/ДОХОДЪ/ДОХОДЪ  Дивидендные акции Россия/2024-12-28.pdf
ДОХОДЪ,ДОХОДЪ – Дивидендные акции. Россия,2025-01-31,https://www.dohod.ru/assets/dist/upload/docs/scha-di-31012025.pdf,raw/ДОХОДЪ/ДОХОДЪ  Дивидендные акции Россия/2025-01-31.pdf
ДОХОДЪ,ДОХОДЪ – Дивидендные акции. Россия,2025-01-31,https://www.dohod.ru/assets/dist/upload/docs/scha-di-31012025k.pdf,raw/ДОХОДЪ/ДОХОДЪ  Дивидендные акции Россия/2025-01-31.pdf
ДОХОДЪ,ДОХОДЪ – Дивидендные акции. Россия,2025-02-28,https://www.dohod.ru/assets/dist/upload/docs/scha-di-28022025_.pdf,raw/ДОХОДЪ/ДОХОДЪ  Дивидендные акции Россия/2025-02-28.pdf
ДОХОДЪ,ДОХОДЪ – Дивидендные акции. Россия,2025-03-31,https://www.dohod.ru/assets/dist/upload/docs/scha-di-31032025.pdf,raw/ДОХОДЪ/ДОХОДЪ  Дивидендные акции Россия/2025-03-31.pdf
ДОХОДЪ,ДОХОДЪ – Дивидендные акции. Россия,2025-04-30,https://www.dohod.ru/assets/dist/upload/docs/scha-di-30042025.pdf,raw/ДОХОДЪ/ДОХОДЪ  Дивидендные акции Россия/2025-04-30.pdf
ДОХОДЪ,ДОХОДЪ – Дивидендные акции. Россия,2025-05-30,https://www.dohod.ru/assets/dist/upload/docs/scha-di-30052025.pdf,raw/ДОХОДЪ/ДОХОДЪ  Дивидендные акции Россия/2025-05-30.pdf
ДОХОДЪ,ДОХОДЪ – Дивидендные акции. Россия,2025-06-30,https://www.dohod.ru/assets/dist/upload/docs/scha-di-30062025.pdf,raw/ДОХОДЪ/ДОХОДЪ  Дивидендные акции Россия/2025-06-30.pdf
ДОХОДЪ,ДОХОДЪ – Дивидендные акции. Россия,2025-07-31,https://www.dohod.ru/assets/dist/upload/docs/scha-di-31072025.pdf,raw/ДОХОДЪ/ДОХОДЪ  Дивидендные акции Россия/2025-07-31.pdf
ДОХОДЪ,ДОХОДЪ – Дивидендные акции. Россия,2025-08-29,https://www.dohod.ru/assets/dist/upload/docs/scha-di-29082025.pdf,raw/ДОХОДЪ/ДОХОДЪ  Дивидендные акции Россия/2025-08-29.pdf
ДОХОДЪ,ДОХОДЪ – Дивидендные акции. Россия,2025-09-30,https://www.dohod.ru/assets/dist/upload/docs/scha-di-30092025.pdf,raw/ДОХОДЪ/ДОХОДЪ  Дивидендные акции Россия/2025-09-30.pdf
ДОХОДЪ,ДОХОДЪ – Дивидендные акции. Россия,2025-10-31,https://www.dohod.ru/assets/dist/upload/docs/scha-di-31102025.pdf,raw/ДОХОДЪ/ДОХОДЪ  Дивидендные акции Россия/2025-10-31.pdf
ДОХОДЪ,ДОХОДЪ – Дивидендные акции. Россия,2025-11-28,https://www.dohod.ru/assets/dist/upload/docs/scha-di-28112025.pdf,raw/ДОХОДЪ/ДОХОДЪ  Дивидендные акции Россия/2025-11-28.pdf
ДОХОДЪ,ДОХОДЪ – Дивидендные акции. Россия,2025-12-30,https://www.dohod.ru/assets/dist/upload/docs/scha-di-30122025.pdf,raw/ДОХОДЪ/ДОХОДЪ  Дивидендные акции Россия/2025-12-30.pdf
ДОХОДЪ,ДОХОДЪ – Дивидендные акции. Россия,2026-01-30,https://www.dohod.ru/assets/dist/upload/docs/scha-di-30012026.pdf,raw/ДОХОДЪ/ДОХОДЪ  Дивидендные акции Россия/2026-01-30.pdf
ДОХОДЪ,ДОХОДЪ – Дивидендные акции. Россия,2026-02-27,https://www.dohod.ru/assets/dist/upload/docs/scha-di-27022026.pdf,raw/ДОХОДЪ/ДОХОДЪ  Дивидендные акции Россия/2026-02-27.pdf
ДОХОДЪ,ДОХОДЪ – Дивидендные акции. Россия,2026-03-31,https://www.dohod.ru/assets/dist/upload/docs/scha-di-31032026.pdf,raw/ДОХОДЪ/ДОХОДЪ  Дивидендные акции Россия/2026-03-31.pdf
ДОХОДЪ,ДОХОДЪ – Дивидендные акции. Россия,2026-04-30,https://www.dohod.ru/assets/dist/upload/docs/scha-di-30042026.pdf,raw/ДОХОДЪ/ДОХОДЪ  Дивидендные акции Россия/2026-04-30.pdf
ДОХОДЪ,ДОХОДЪ – Дивидендные акции. Россия,2026-05-29,https://www.dohod.ru/assets/dist/upload/docs/scha-di-29052026.pdf,raw/ДОХОДЪ/ДОХОДЪ  Дивидендные акции Россия/2026-05-29.pdf
ДОХОДЪ,ДОХОДЪ – Дивидендные акции. Россия,2026-06-30,https://www.dohod.ru/assets/dist/upload/docs/scha-di-30062026.pdf,raw/ДОХОДЪ/ДОХОДЪ  Дивидендные акции Россия/2026-06-30.pdf
ДОХОДЪ,ДОХОДЪ – Дивидендные акции. Россия,2026-07-31,https://www.dohod.ru/assets/dist/upload/docs/scha-di-31072026.pdf,raw/ДОХОДЪ/ДОХОДЪ  Дивидендные акции Россия/2026-07-31.pdf
ДОХОДЪ,ДОХОДЪ – Дивидендные акции. Россия,2026-08-31,https://www.dohod.ru/assets/dist/upload/docs/scha-di-31082026.pdf,raw/ДОХОДЪ/ДОХОДЪ  Дивидендные акции Россия/2026-08-31.pdf
ДОХОДЪ,ДОХОДЪ – Индекс акций роста,2023-05-31,https://www.dohod.ru/assets/dist/upload/docs/scha-bpif-ar-31052023.pdf,raw/ДОХОДЪ/ДОХОДЪ  Индекс акций роста/2023-05-31.pdf
ДОХОДЪ,ДОХОДЪ – Индекс акций роста,2023-06-30,https://www.dohod.ru/assets/dist/upload/docs/scha-bpif-ar-30062023.pdf,raw/ДОХОДЪ/ДОХОДЪ  Индекс акций роста/2023-06-30.pdf
ДОХОДЪ,ДОХОДЪ – Индекс акций роста,2023-07-31,https://www.dohod.ru/assets/dist/upload/docs/scha-bpif-ar-31072023.pdf,raw/ДОХОДЪ/ДОХОДЪ  Индекс акций роста/2023-07-31.pdf
ДОХОДЪ,ДОХОДЪ – Индекс акций роста,2023-08-31,https://www.dohod.ru/assets/dist/upload/docs/scha-bpif-ar-31082023.pdf,raw/ДОХОДЪ/ДОХОДЪ  Индекс акций роста/2023-08-31.pdf
ДОХОДЪ,ДОХОДЪ – Индекс акций роста,2023-10-31,https://www.dohod.ru/assets/dist/upload/docs/scha-bpif-ar-31102023.pdf,raw/ДОХОДЪ/ДОХОДЪ  Индекс акций роста/2023-10-31.pdf
ДОХОДЪ,ДОХОДЪ – Индекс акций роста,2023-11-30,https://www.dohod.ru/assets/dist/upload/docs/scha-bpif-ar-30112023.pdf,raw/ДОХОДЪ/ДОХОДЪ  Индекс акций роста/2023-11-30.pdf
ДОХОДЪ,ДОХОДЪ – Индекс акций роста,2023-12-29,https://www.dohod.ru/assets/dist/upload/docs/scha-bpif-ar-29122023.pdf,raw/ДОХОДЪ/ДОХОДЪ  Индекс акций роста/2023-12-29.pdf
ДОХОДЪ,ДОХОДЪ – Индекс акций роста,2024-01-31,https://www.dohod.ru/assets/dist/upload/docs/scha-bpif-ar-31012024.pdf,raw/ДОХОДЪ/ДОХОДЪ  Индекс акций роста/2024-01-31.pdf
ДОХОДЪ,ДОХОДЪ – Индекс акций роста,2024-02-29,https://www.dohod.ru/assets/dist/upload/docs/scha-bpif-ar-29022024.pdf,raw/ДОХОДЪ/ДОХОДЪ  Индекс акций роста/2024-02-29.pdf
ДОХОДЪ,ДОХОДЪ – Индекс акций роста,2024-03-29,https://www.dohod.ru/assets/dist/upload/docs/scha-bpif-ar-29032024.pdf,raw/ДОХОДЪ/ДОХОДЪ  Индекс акций роста/2024-03-29.pdf
ДОХОДЪ,ДОХОДЪ – Индекс акций роста,2024-04-27,https://www.dohod.ru/assets/dist/upload/docs/scha-bpif-ar-27042024.pdf,raw/ДОХОДЪ/ДОХОДЪ  Индекс акций роста/2024-04-27.pdf
ДОХОДЪ,ДОХОДЪ – Индекс акций роста,2024-05-31,https://www.dohod.ru/assets/dist/upload/docs/scha-bpif-ar-31052024.pdf,raw/ДОХОДЪ/ДОХОДЪ  Индекс акций роста/2024-05-31.pdf
ДОХОДЪ,ДОХОДЪ – Индекс акций роста,2024-06-28,https://www.dohod.ru/assets/dist/upload/docs/scha-bpif-ar-28062024.pdf,raw/ДОХОДЪ/ДОХОДЪ  Индекс акций роста/2024-06-28.pdf
ДОХОДЪ,ДОХОДЪ – Индекс акций роста,2024-07-31,https://www.dohod.ru/assets/dist/upload/docs/scha-bpif-ar-31072024.pdf,raw/ДОХОДЪ/ДОХОДЪ  Индекс акций роста/2024-07-31.pdf
ДОХОДЪ,ДОХОДЪ – Индекс акций роста,2024-08-30,https://www.dohod.ru/assets/dist/upload/docs/scha-bpif-ar-30082024.pdf,raw/ДОХОДЪ/ДОХОДЪ  Индекс акций роста/2024-08-30.pdf
ДОХОДЪ,ДОХОДЪ – Индекс акций роста,2024-09-30,https://www.dohod.ru/assets/dist/upload/docs/scha-bpif-ar-30092024.pdf,raw/ДОХОДЪ/ДОХОДЪ  Индекс акций роста/2024-09-30.pdf
ДОХОДЪ,ДОХОДЪ – Индекс акций роста,2024-10-31,https://www.dohod.ru/assets/dist/upload/docs/scha-bpif-ar-31102024.pdf,raw/ДОХОДЪ/ДОХОДЪ  Индекс акций роста/2024-10-31.pdf
ДОХОДЪ,ДОХОДЪ – Индекс акций роста,2024-11-29,https://www.dohod.ru/assets/dist/upload/docs/scha-bpif-ar-29112024.pdf,raw/ДОХОДЪ/ДОХОДЪ  Индекс акций роста/2024-11-29.pdf
ДОХОДЪ,ДОХОДЪ – Индекс акций роста,2024-12-28,https://www.dohod.ru/assets/dist/upload/docs/scha-bpif-ar-28122024.pdf,raw/ДОХОДЪ/ДОХОДЪ  Индекс акций роста/2024-12-28.pdf
ДОХОДЪ,ДОХОДЪ – Индекс акций роста,2025-01-31,https://www.dohod.ru/assets/dist/upload/docs/scha-bpif-ar-31012025.pdf,raw/ДОХОДЪ/ДОХОДЪ  Индекс акций роста/2025-01-31.pdf
ДОХОДЪ,ДОХОДЪ – Индекс акций роста,2025-01-31,https://www.dohod.ru/assets/dist/upload/docs/scha-bpif-ar-31012025_k2.pdf,raw/ДОХОДЪ/ДОХОДЪ  Индекс акций роста/2025-01-31.pdf
ДОХОДЪ,ДОХОДЪ – Индекс акций роста,2025-01-31,https://www.dohod.ru/assets/dist/upload/docs/scha-bpif-ar-31012025k.pdf,raw/ДОХОДЪ/ДОХОДЪ  Индекс акций роста/2025-01-31.pdf
ДОХОДЪ,ДОХОДЪ – Индекс акций роста,2025-02-28,https://www.dohod.ru/assets/dist/upload/docs/scha-bpif-ar-28022025.pdf,raw/ДОХОДЪ/ДОХОДЪ  Индекс акций роста/2025-02-28.pdf
ДОХОДЪ,ДОХОДЪ – Индекс акций роста,2025-03-31,https://www.dohod.ru/assets/dist/upload/docs/scha-bpif-ar-31032025.pdf,raw/ДОХОДЪ/ДОХОДЪ  Индекс акций роста/2025-03-31.pdf
ДОХОДЪ,ДОХОДЪ – Индекс акций роста,2025-04-30,https://www.dohod.ru/assets/dist/upload/docs/scha-bpif-ar-30042025.pdf,raw/ДОХОДЪ/ДОХОДЪ  Индекс акций роста/2025-04-30.pdf
ДОХОДЪ,ДОХОДЪ – Индекс акций роста,2025-05-30,https://www.dohod.ru/assets/dist/upload/docs/scha-bpif-ar-30052025.pdf,raw/ДОХОДЪ/ДОХОДЪ  Индекс акций роста/2025-05-30.pdf
ДОХОДЪ,ДОХОДЪ – Индекс акций роста,2025-06-30,https://www.dohod.ru/assets/dist/upload/docs/scha-bpif-ar-30062025.pdf,raw/ДОХОДЪ/ДОХОДЪ  Индекс акций роста/2025-06-30.pdf
ДОХОДЪ,ДОХОДЪ – Индекс акций роста,2025-07-31,https://www.dohod.ru/assets/dist/upload/docs/scha-bpif-ar-31072025.pdf,raw/ДОХОДЪ/ДОХОДЪ  Индекс акций роста/2025-07-31.pdf
ДОХОДЪ,ДОХОДЪ – Индекс акций роста,2025-08-29,https://www.dohod.ru/assets/dist/upload/docs/scha-bpif-ar-29082025.pdf,raw/ДОХОДЪ/ДОХОДЪ  Индекс акций роста/2025-08-29.pdf
ДОХОДЪ,ДОХОДЪ – Индекс акций роста,2025-09-30,https://www.dohod.ru/assets/dist/upload/docs/scha-bpif-ar-30092025.pdf,raw/ДОХОДЪ/ДОХОДЪ  Индекс акций роста/2025-09-30.pdf
ДОХОДЪ,ДОХОДЪ – Индекс акций роста,2025-10-31,https://www.dohod.ru/assets/dist/upload/docs/scha-bpif-ar-31102025.pdf,raw/ДОХОДЪ/ДОХОДЪ  Индекс акций роста/2025-10-31.pdf
ДОХОДЪ,ДОХОДЪ – Индекс акций роста,2025-11-28,https://www.dohod.ru/assets/dist/upload/docs/scha-bpif-ar-28112025.pdf,raw/ДОХОДЪ/ДОХОДЪ  Индекс акций роста/2025-11-28.pdf
ДОХОДЪ,ДОХОДЪ – Индекс акций роста,2025-12-30,https://www.dohod.ru/assets/dist/upload/docs/scha-bpif-ar-30122025.pdf,raw/ДОХОДЪ/ДОХОДЪ  Индекс акций роста/2025-12-30.pdf
ДОХОДЪ,ДОХОДЪ – Индекс акций роста,2026-01-30,https://www.dohod.ru/assets/dist/upload/docs/scha-bpif-ar-30012026.pdf,raw/ДОХОДЪ/ДОХОДЪ  Индекс акций роста/2026-01-30.pdf
ДОХОДЪ,ДОХОДЪ – Индекс акций роста,2026-02-27,https://www.dohod.ru/assets/dist/upload/docs/scha-bpif-ar-27022026.pdf,raw/ДОХОДЪ/ДОХОДЪ  Индекс акций роста/2026-02-27.pdf
ДОХОДЪ,ДОХОДЪ – Индекс акций роста,2026-03-31,https://www.dohod.ru/assets/dist/upload/docs/scha-bpif-ar-31032026.pdf,raw/ДОХОДЪ/ДОХОДЪ  Индекс акций роста/2026-03-31.pdf
ДОХОДЪ,ДОХОДЪ – Индекс акций роста,2026-04-30,https://www.dohod.ru/assets/dist/upload/docs/scha-bpif-ar-30042026.pdf,raw/ДОХОДЪ/ДОХОДЪ  Индекс акций роста/2026-04-30.pdf
ДОХОДЪ,ДОХОДЪ – Индекс акций роста,2026-05-29,https://www.dohod.ru/assets/dist/upload/docs/scha-bpif-ar-29052026.pdf,raw/ДОХОДЪ/ДОХОДЪ  Индекс акций роста/2026-05-29.pdf
ДОХОДЪ,ДОХОДЪ – Индекс акций роста,2026-06-30,https://www.dohod.ru/assets/dist/upload/docs/scha-bpif-ar-30062026.pdf,raw/ДОХОДЪ/ДОХОДЪ  Индекс акций роста/2026-06-30.pdf
ДОХОДЪ,ДОХОДЪ – Индекс акций роста,2026-07-31,https://www.dohod.ru/assets/dist/upload/docs/scha-bpif-ar-31072026.pdf,raw/ДОХОДЪ/ДОХОДЪ  Индекс акций роста/2026-07-31.pdf
ДОХОДЪ,ДОХОДЪ – Индекс акций роста,2026-08-31,https://www.dohod.ru/assets/dist/upload/docs/scha-bpif-ar-31082026.pdf,raw/ДОХОДЪ/ДОХОДЪ  Индекс акций роста/2026-08-31.pdf
ДОХОДЪ,ДОХОДЪ – Индекс дивидендных акций,2023-05-31,https://www.dohod.ru/assets/dist/upload/docs/scha-bpif-da-31052023.pdf,raw/ДОХОДЪ/ДОХОДЪ  Индекс дивидендных акций/2023-05-31.pdf
ДОХОДЪ,ДОХОДЪ – Индекс дивидендных акций,2023-06-30,https://www.dohod.ru/assets/dist/upload/docs/scha-bpif-da-30062023.pdf,raw/ДОХОДЪ/ДОХОДЪ  Индекс дивидендных акций/2023-06-30.pdf
ДОХОДЪ,ДОХОДЪ – Индекс дивидендных акций,2023-07-31,https://www.dohod.ru/assets/dist/upload/docs/scha-bpif-da-31072023.pdf,raw/ДОХОДЪ/ДОХОДЪ  Индекс дивидендных акций/2023-07-31.pdf
ДОХОДЪ,ДОХОДЪ – Индекс дивидендных акций,2023-08-31,https://www.dohod.ru/assets/dist/upload/docs/scha-bpif-da-31082023.pdf,raw/ДОХОДЪ/ДОХОДЪ  Индекс дивидендных акций/2023-08-31.pdf
ДОХОДЪ,ДОХОДЪ – Индекс дивидендных акций,2023-11-30,https://www.dohod.ru/assets/dist/upload/docs/scha-bpif-da-30112023.pdf,raw/ДОХОДЪ/ДОХОДЪ  Индекс дивидендных акций/2023-11-30.pdf
ДОХОДЪ,ДОХОДЪ – Индекс дивидендных акций,2023-12-29,https://www.dohod.ru/assets/dist/upload/docs/scha-bpif-da-29122023.pdf,raw/ДОХОДЪ/ДОХОДЪ  Индекс дивидендных акций/2023-12-29.pdf
ДОХОДЪ,ДОХОДЪ – Индекс дивидендных акций,2024-01-31,https://www.dohod.ru/assets/dist/upload/docs/scha-bpif-da-31012024.pdf,raw/ДОХОДЪ/ДОХОДЪ  Индекс дивидендных акций/2024-01-31.pdf
ДОХОДЪ,ДОХОДЪ – Индекс дивидендных акций,2024-02-29,https://www.dohod.ru/assets/dist/upload/docs/scha-bpif-da-29022024.pdf,raw/ДОХОДЪ/ДОХОДЪ  Индекс дивидендных акций/2024-02-29.pdf
ДОХОДЪ,ДОХОДЪ – Индекс дивидендных акций,2024-03-29,https://www.dohod.ru/assets/dist/upload/docs/scha-bpif-da-29032024.pdf,raw/ДОХОДЪ/ДОХОДЪ  Индекс дивидендных акций/2024-03-29.pdf
ДОХОДЪ,ДОХОДЪ – Индекс дивидендных акций,2024-04-27,https://www.dohod.ru/assets/dist/upload/docs/scha-bpif-da-27042024.pdf,raw/ДОХОДЪ/ДОХОДЪ  Индекс дивидендных акций/2024-04-27.pdf
ДОХОДЪ,ДОХОДЪ – Индекс дивидендных акций,2024-05-31,https://www.dohod.ru/assets/dist/upload/docs/scha-bpif-da-31052024.pdf,raw/ДОХОДЪ/ДОХОДЪ  Индекс дивидендных акций/2024-05-31.pdf
ДОХОДЪ,ДОХОДЪ – Индекс дивидендных акций,2024-06-28,https://www.dohod.ru/assets/dist/upload/docs/scha-bpif-da-28062024.pdf,raw/ДОХОДЪ/ДОХОДЪ  Индекс дивидендных акций/2024-06-28.pdf
ДОХОДЪ,ДОХОДЪ – Индекс дивидендных акций,2024-07-31,https://www.dohod.ru/assets/dist/upload/docs/scha-bpif-da-31072024.pdf,raw/ДОХОДЪ/ДОХОДЪ  Индекс дивидендных акций/2024-07-31.pdf
ДОХОДЪ,ДОХОДЪ – Индекс дивидендных акций,2024-08-30,https://www.dohod.ru/assets/dist/upload/docs/scha-bpif-da-30082024.pdf,raw/ДОХОДЪ/ДОХОДЪ  Индекс дивидендных акций/2024-08-30.pdf
ДОХОДЪ,ДОХОДЪ – Индекс дивидендных акций,2024-09-30,https://www.dohod.ru/assets/dist/upload/docs/scha-bpif-da-30092024.pdf,raw/ДОХОДЪ/ДОХОДЪ  Индекс дивидендных акций/2024-09-30.pdf
ДОХОДЪ,ДОХОДЪ – Индекс дивидендных акций,2024-10-31,https://www.dohod.ru/assets/dist/upload/docs/scha-bpif-da-31102024.pdf,raw/ДОХОДЪ/ДОХОДЪ  Индекс дивидендных акций/2024-10-31.pdf
ДОХОДЪ,ДОХОДЪ – Индекс дивидендных акций,2024-11-29,https://www.dohod.ru/assets/dist/upload/docs/scha-bpif-da-29112024.pdf,raw/ДОХОДЪ/ДОХОДЪ  Индекс дивидендных акций/2024-11-29.pdf
ДОХОДЪ,ДОХОДЪ – Индекс дивидендных акций,2024-12-28,https://www.dohod.ru/assets/dist/upload/docs/scha-bpif-da-28122024.pdf,raw/ДОХОДЪ/ДОХОДЪ  Индекс дивидендных акций/2024-12-28.pdf
ДОХОДЪ,ДОХОДЪ – Индекс дивидендных акций,2025-01-31,https://www.dohod.ru/assets/dist/upload/docs/scha-bpif-da-31012025.pdf,raw/ДОХОДЪ/ДОХОДЪ  Индекс дивидендных акций/2025-01-31.pdf
ДОХОДЪ,ДОХОДЪ – Индекс дивидендных акций,2025-01-31,https://www.dohod.ru/assets/dist/upload/docs/scha-bpif-da-31012025k.pdf,raw/ДОХОДЪ/ДОХОДЪ  Индекс дивидендных акций/2025-01-31.pdf
ДОХОДЪ,ДОХОДЪ – Индекс дивидендных акций,2025-02-28,https://www.dohod.ru/assets/dist/upload/docs/scha-bpif-da-28022025_.pdf,raw/ДОХОДЪ/ДОХОДЪ  Индекс дивидендных акций/2025-02-28.pdf
ДОХОДЪ,ДОХОДЪ – Индекс дивидендных акций,2025-03-31,https://www.dohod.ru/assets/dist/upload/docs/scha-bpif-da-31032025.pdf,raw/ДОХОДЪ/ДОХОДЪ  Индекс дивидендных акций/2025-03-31.pdf
ДОХОДЪ,ДОХОДЪ – Индекс дивидендных акций,2025-04-30,https://www.dohod.ru/assets/dist/upload/docs/scha-bpif-da-30042025.pdf,raw/ДОХОДЪ/ДОХОДЪ  Индекс дивидендных акций/2025-04-30.pdf
ДОХОДЪ,ДОХОДЪ – Индекс дивидендных акций,2025-05-30,https://www.dohod.ru/assets/dist/upload/docs/scha-bpif-da-30052025.pdf,raw/ДОХОДЪ/ДОХОДЪ  Индекс дивидендных акций/2025-05-30.pdf
ДОХОДЪ,ДОХОДЪ – Индекс дивидендных акций,2025-06-30,https://www.dohod.ru/assets/dist/upload/docs/scha-bpif-da-30062025.pdf,raw/ДОХОДЪ/ДОХОДЪ  Индекс дивидендных акций/2025-06-30.pdf
ДОХОДЪ,ДОХОДЪ – Индекс дивидендных акций,2025-07-31,https://www.dohod.ru/assets/dist/upload/docs/scha-bpif-da-31072025.pdf,raw/ДОХОДЪ/ДОХОДЪ  Индекс дивидендных акций/2025-07-31.pdf
ДОХОДЪ,ДОХОДЪ – Индекс дивидендных акций,2025-08-29,https://www.dohod.ru/assets/dist/upload/docs/scha-bpif-da-29082025.pdf,raw/ДОХОДЪ/ДОХОДЪ  Индекс дивидендных акций/2025-08-29.pdf
ДОХОДЪ,ДОХОДЪ – Индекс дивидендных акций,2025-09-30,https://www.dohod.ru/assets/dist/upload/docs/scha-bpif-da-30092025.pdf,raw/ДОХОДЪ/ДОХОДЪ  Индекс дивидендных акций/2025-09-30.pdf
ДОХОДЪ,ДОХОДЪ – Индекс дивидендных акций,2025-10-31,https://www.dohod.ru/assets/dist/upload/docs/scha-bpif-da-31102025.pdf,raw/ДОХОДЪ/ДОХОДЪ  Индекс дивидендных акций/2025-10-31.pdf
ДОХОДЪ,ДОХОДЪ – Индекс дивидендных акций,2025-11-28,https://www.dohod.ru/assets/dist/upload/docs/scha-bpif-da-28112025.pdf,raw/ДОХОДЪ/ДОХОДЪ  Индекс дивидендных акций/2025-11-28.pdf
ДОХОДЪ,ДОХОДЪ – Индекс дивидендных акций,2025-12-30,https://www.dohod.ru/assets/dist/upload/docs/scha-bpif-da-30122025.pdf,raw/ДОХОДЪ/ДОХОДЪ  Индекс дивидендных акций/2025-12-30.pdf
ДОХОДЪ,ДОХОДЪ – Индекс дивидендных акций,2026-01-30,https://www.dohod.ru/assets/dist/upload/docs/scha-bpif-da-30012026.pdf,raw/ДОХОДЪ/ДОХОДЪ  Индекс дивидендных акций/2026-01-30.pdf
ДОХОДЪ,ДОХОДЪ – Индекс дивидендных акций,2026-02-27,https://www.dohod.ru/assets/dist/upload/docs/scha-bpif-da-27022026.pdf,raw/ДОХОДЪ/ДОХОДЪ  Индекс дивидендных акций/2026-02-27.pdf
ДОХОДЪ,ДОХОДЪ – Индекс дивидендных акций,2026-03-31,https://www.dohod.ru/assets/dist/upload/docs/scha-bpif-da-31032026.pdf,raw/ДОХОДЪ/ДОХОДЪ  Индекс дивидендных акций/2026-03-31.pdf
ДОХОДЪ,ДОХОДЪ – Индекс дивидендных акций,2026-04-30,https://www.dohod.ru/assets/dist/upload/docs/scha-bpif-da-30042026.pdf,raw/ДОХОДЪ/ДОХОДЪ  Индекс дивидендных акций/2026-04-30.pdf
ДОХОДЪ,ДОХОДЪ – Индекс дивидендных акций,2026-05-29,https://www.dohod.ru/assets/dist/upload/docs/scha-bpif-da-29052026.pdf,raw/ДОХОДЪ/ДОХОДЪ  Индекс дивидендных акций/2026-05-29.pdf
ДОХОДЪ,ДОХОДЪ – Индекс дивидендных акций,2026-06-30,https://www.dohod.ru/assets/dist/upload/docs/scha-bpif-da-30062026.pdf,raw/ДОХОДЪ/ДОХОДЪ  Индекс дивидендных акций/2026-06-30.pdf
ДОХОДЪ,ДОХОДЪ – Индекс дивидендных акций,2026-07-31,https://www.dohod.ru/assets/dist/upload/docs/scha-bpif-da-31072026.pdf,raw/ДОХОДЪ/ДОХОДЪ  Индекс дивидендных акций/2026-07-31.pdf
ДОХОДЪ,ДОХОДЪ – Индекс дивидендных акций,2026-08-31,https://www.dohod.ru/assets/dist/upload/docs/scha-bpif-da-31082026.pdf,raw/ДОХОДЪ/ДОХОДЪ  Индекс дивидендных акций/2026-08-31.pdf
ДОХОДЪ,ДОХОДЪ – Российские акции. Первый эшелон,2023-05-31,https://www.dohod.ru/assets/dist/upload/docs/scha-ra-31052023.pdf,raw/ДОХОДЪ/ДОХОДЪ  Российские акции Первый эшелон/2023-05-31.pdf
ДОХОДЪ,ДОХОДЪ – Российские акции. Первый эшелон,2023-06-30,https://www.dohod.ru/assets/dist/upload/docs/scha-ra-30062023.pdf,raw/ДОХОДЪ/ДОХОДЪ  Российские акции Первый эшелон/2023-06-30.pdf
ДОХОДЪ,ДОХОДЪ – Российские акции. Первый эшелон,2023-07-31,https://www.dohod.ru/assets/dist/upload/docs/scha-ra-31072023.pdf,raw/ДОХОДЪ/ДОХОДЪ  Российские акции Первый эшелон/2023-07-31.pdf
ДОХОДЪ,ДОХОДЪ – Российские акции. Первый эшелон,2023-08-31,https://www.dohod.ru/assets/dist/upload/docs/scha-ra-31082023.pdf,raw/ДОХОДЪ/ДОХОДЪ  Российские акции Первый эшелон/2023-08-31.pdf
ДОХОДЪ,ДОХОДЪ – Российские акции. Первый эшелон,2023-11-30,https://www.dohod.ru/assets/dist/upload/docs/scha-ra-30112023.pdf,raw/ДОХОДЪ/ДОХОДЪ  Российские акции Первый эшелон/2023-11-30.pdf
ДОХОДЪ,ДОХОДЪ – Российские акции. Первый эшелон,2023-12-29,https://www.dohod.ru/assets/dist/upload/docs/scha-ra-29122023.pdf,raw/ДОХОДЪ/ДОХОДЪ  Российские акции Первый эшелон/2023-12-29.pdf
ДОХОДЪ,ДОХОДЪ – Российские акции. Первый эшелон,2024-01-31,https://www.dohod.ru/assets/dist/upload/docs/scha-ra-31012024.pdf,raw/ДОХОДЪ/ДОХОДЪ  Российские акции Первый эшелон/2024-01-31.pdf
ДОХОДЪ,ДОХОДЪ – Российские акции. Первый эшелон,2024-02-29,https://www.dohod.ru/assets/dist/upload/docs/scha-ra-29022024.pdf,raw/ДОХОДЪ/ДОХОДЪ  Российские акции Первый эшелон/2024-02-29.pdf
ДОХОДЪ,ДОХОДЪ – Российские акции. Первый эшелон,2024-03-29,https://www.dohod.ru/assets/dist/upload/docs/scha-ra-29032024.pdf,raw/ДОХОДЪ/ДОХОДЪ  Российские акции Первый эшелон/2024-03-29.pdf
ДОХОДЪ,ДОХОДЪ – Российские акции. Первый эшелон,2024-04-27,https://www.dohod.ru/assets/dist/upload/docs/scha-ra-27042024.pdf,raw/ДОХОДЪ/ДОХОДЪ  Российские акции Первый эшелон/2024-04-27.pdf
ДОХОДЪ,ДОХОДЪ – Российские акции. Первый эшелон,2024-05-31,https://www.dohod.ru/assets/dist/upload/docs/scha-ra-31052024.pdf,raw/ДОХОДЪ/ДОХОДЪ  Российские акции Первый эшелон/2024-05-31.pdf
ДОХОДЪ,ДОХОДЪ – Российские акции. Первый эшелон,2024-06-28,https://www.dohod.ru/assets/dist/upload/docs/scha-ra-28062024.pdf,raw/ДОХОДЪ/ДОХОДЪ  Российские акции Первый эшелон/2024-06-28.pdf
ДОХОДЪ,ДОХОДЪ – Российские акции. Первый эшелон,2024-07-31,https://www.dohod.ru/assets/dist/upload/docs/scha-ra-31072024.pdf,raw/ДОХОДЪ/ДОХОДЪ  Российские акции Первый эшелон/2024-07-31.pdf
ДОХОДЪ,ДОХОДЪ – Российские акции. Первый эшелон,2024-08-30,https://www.dohod.ru/assets/dist/upload/docs/scha-ra-30082024.pdf,raw/ДОХОДЪ/ДОХОДЪ  Российские акции Первый эшелон/2024-08-30.pdf
ДОХОДЪ,ДОХОДЪ – Российские акции. Первый эшелон,2024-09-30,https://www.dohod.ru/assets/dist/upload/docs/scha-ra-30092024.pdf,raw/ДОХОДЪ/ДОХОДЪ  Российские акции Первый эшелон/2024-09-30.pdf
ДОХОДЪ,ДОХОДЪ – Российские акции. Первый эшелон,2024-10-31,https://www.dohod.ru/assets/dist/upload/docs/scha-ra-31102024.pdf,raw/ДОХОДЪ/ДОХОДЪ  Российские акции Первый эшелон/2024-10-31.pdf
ДОХОДЪ,ДОХОДЪ – Российские акции. Первый эшелон,2024-11-29,https://www.dohod.ru/assets/dist/upload/docs/scha-ra-29112024.pdf,raw/ДОХОДЪ/ДОХОДЪ  Российские акции Первый эшелон/2024-11-29.pdf
ДОХОДЪ,ДОХОДЪ – Российские акции. Первый эшелон,2024-12-28,https://www.dohod.ru/assets/dist/upload/docs/scha-ra-28122024.pdf,raw/ДОХОДЪ/ДОХОДЪ  Российские акции Первый эшелон/2024-12-28.pdf
ДОХОДЪ,ДОХОДЪ – Российские акции. Первый эшелон,2025-01-31,https://www.dohod.ru/assets/dist/upload/docs/scha-ra-31012025.pdf,raw/ДОХОДЪ/ДОХОДЪ  Российские акции Первый эшелон/2025-01-31.pdf
ДОХОДЪ,ДОХОДЪ – Российские акции. Первый эшелон,2025-01-31,https://www.dohod.ru/assets/dist/upload/docs/scha-ra-31012025k.pdf,raw/ДОХОДЪ/ДОХОДЪ  Российские акции Первый эшелон/2025-01-31.pdf
ДОХОДЪ,ДОХОДЪ – Российские акции. Первый эшелон,2025-02-28,https://www.dohod.ru/assets/dist/upload/docs/scha-ra-28022025.pdf,raw/ДОХОДЪ/ДОХОДЪ  Российские акции Первый эшелон/2025-02-28.pdf
ДОХОДЪ,ДОХОДЪ – Российские акции. Первый эшелон,2025-03-31,https://www.dohod.ru/assets/dist/upload/docs/scha-ra-31032025.pdf,raw/ДОХОДЪ/ДОХОДЪ  Российские акции Первый эшелон/2025-03-31.pdf
ДОХОДЪ,ДОХОДЪ – Российские акции. Первый эшелон,2025-04-30,https://www.dohod.ru/assets/dist/upload/docs/scha-ra-30042025.pdf,raw/ДОХОДЪ/ДОХОДЪ  Российские акции Первый эшелон/2025-04-30.pdf
ДОХОДЪ,ДОХОДЪ – Российские акции. Первый эшелон,2025-05-30,https://www.dohod.ru/assets/dist/upload/docs/scha-ra-30052025.pdf,raw/ДОХОДЪ/ДОХОДЪ  Российские акции Первый эшелон/2025-05-30.pdf
ДОХОДЪ,ДОХОДЪ – Российские акции. Первый эшелон,2025-06-30,https://www.dohod.ru/assets/dist/upload/docs/scha-ra-30062025.pdf,raw/ДОХОДЪ/ДОХОДЪ  Российские акции Первый эшелон/2025-06-30.pdf
ДОХОДЪ,ДОХОДЪ – Российские акции. Первый эшелон,2025-07-31,https://www.dohod.ru/assets/dist/upload/docs/scha-ra-31072025.pdf,raw/ДОХОДЪ/ДОХОДЪ  Российские акции Первый эшелон/2025-07-31.pdf
ДОХОДЪ,ДОХОДЪ – Российские акции. Первый эшелон,2025-08-29,https://www.dohod.ru/assets/dist/upload/docs/scha-ra-29082025.pdf,raw/ДОХОДЪ/ДОХОДЪ  Российские акции Первый эшелон/2025-08-29.pdf
ДОХОДЪ,ДОХОДЪ – Российские акции. Первый эшелон,2025-09-30,https://www.dohod.ru/assets/dist/upload/docs/scha-ra-30092025.pdf,raw/ДОХОДЪ/ДОХОДЪ  Российские акции Первый эшелон/2025-09-30.pdf
ДОХОДЪ,ДОХОДЪ – Российские акции. Первый эшелон,2025-10-31,https://www.dohod.ru/assets/dist/upload/docs/scha-ra-31102025.pdf,raw/ДОХОДЪ/ДОХОДЪ  Российские акции Первый эшелон/2025-10-31.pdf
ДОХОДЪ,ДОХОДЪ – Российские акции. Первый эшелон,2025-11-28,https://www.dohod.ru/assets/dist/upload/docs/scha-ra-28112025.pdf,raw/ДОХОДЪ/ДОХОДЪ  Российские акции Первый эшелон/2025-11-28.pdf
ДОХОДЪ,ДОХОДЪ – Российские акции. Первый эшелон,2025-12-30,https://www.dohod.ru/assets/dist/upload/docs/scha-ra-30122025.pdf,raw/ДОХОДЪ/ДОХОДЪ  Российские акции Первый эшелон/2025-12-30.pdf
ДОХОДЪ,ДОХОДЪ – Российские акции. Первый эшелон,2026-01-30,https://www.dohod.ru/assets/dist/upload/docs/scha-ra-30012026.pdf,raw/ДОХОДЪ/ДОХОДЪ  Российские акции Первый эшелон/2026-01-30.pdf
ДОХОДЪ,ДОХОДЪ – Российские акции. Первый эшелон,2026-02-27,https://www.dohod.ru/assets/dist/upload/docs/scha-ra-27022026.pdf,raw/ДОХОДЪ/ДОХОДЪ  Российские акции Первый эшелон/2026-02-27.pdf
ДОХОДЪ,ДОХОДЪ – Российские акции. Первый эшелон,2026-03-31,https://www.dohod.ru/assets/dist/upload/docs/scha-ra-31032026.pdf,raw/ДОХОДЪ/ДОХОДЪ  Российские акции Первый эшелон/2026-03-31.pdf
ДОХОДЪ,ДОХОДЪ – Российские акции. Первый эшелон,2026-04-30,https://www.dohod.ru/assets/dist/upload/docs/scha-ra-30042026.pdf,raw/ДОХОДЪ/ДОХОДЪ  Российские акции Первый эшелон/2026-04-30.pdf
ДОХОДЪ,ДОХОДЪ – Российские акции. Первый эшелон,2026-05-29,https://www.dohod.ru/assets/dist/upload/docs/scha-ra-29052026.pdf,raw/ДОХОДЪ/ДОХОДЪ  Российские акции Первый эшелон/2026-05-29.pdf
ДОХОДЪ,ДОХОДЪ – Российские акции. Первый эшелон,2026-06-30,https://www.dohod.ru/assets/dist/upload/docs/scha-ra-30062026.pdf,raw/ДОХОДЪ/ДОХОДЪ  Российские акции Первый эшелон/2026-06-30.pdf
ДОХОДЪ,ДОХОДЪ – Российские акции. Первый эшелон,2026-07-31,https://www.dohod.ru/assets/dist/upload/docs/scha-ra-31072026.pdf,raw/ДОХОДЪ/ДОХОДЪ  Российские акции Первый эшелон/2026-07-31.pdf
ДОХОДЪ,ДОХОДЪ – Российские акции. Первый эшелон,2026-08-31,https://www.dohod.ru/assets/dist/upload/docs/scha-ra-31082026.pdf,raw/ДОХОДЪ/ДОХОДЪ  Российские акции Первый эшелон/2026-08-31.pdf
ПСБ,ПСБ – Акции,2023-07-31,https://www.upravlyaem.ru/upload/iblock/e0f/yeceq9hflh33n9vyjx154nb0pwxjj3vm/Spravka-o-stoimosti-chistykh-aktivov-Fonda-na-31.07.2023.pdf,raw/ПСБ/ПСБ  Акции/2023-07-31.pdf
ПСБ,ПСБ – Акции,2023-08-31,https://www.upravlyaem.ru/upload/iblock/5ea/uy5sl7ton75w1fh30j5usw1wexrwkppe/Spravka-o-stoimosti-chistykh-aktivov-Fonda-na-31.08.2023.pdf,raw/ПСБ/ПСБ  Акции/2023-08-31.pdf
ПСБ,ПСБ – Акции,2023-09-29,https://www.upravlyaem.ru/upload/iblock/3d1/6yqqht2rtjevydnqceugtl31dt62hlwi/Spravka-o-stoimosti-chistykh-aktivov-Fonda-na-29.09.2023.pdf,raw/ПСБ/ПСБ  Акции/2023-09-29.pdf
ПСБ,ПСБ – Акции,2023-10-31,https://www.upravlyaem.ru/upload/iblock/b13/nu3ytb9nf8mhkanesjh3hu3h07qnl9cy/Spravka-o-stoimosti-chistykh-aktivov-Fonda-na-31.10.2023.pdf,raw/ПСБ/ПСБ  Акции/2023-10-31.pdf
ПСБ,ПСБ – Акции,2023-11-30,https://www.upravlyaem.ru/upload/iblock/856/thz1jj660m7j4gffxu8wec5byvwe9a4d/Spravka-o-stoimosti-chistykh-aktivov-Fonda-na-30.11.2023.pdf,raw/ПСБ/ПСБ  Акции/2023-11-30.pdf
ПСБ,ПСБ – Акции,2023-12-29,https://www.upravlyaem.ru/upload/iblock/20d/1nn43n42er2lnu2vyrklwhpv38j4v62a/Spravka-o-stoimosti-chistykh-aktivov-Fonda-na-29.12.2023.pdf,raw/ПСБ/ПСБ  Акции/2023-12-29.pdf
ПСБ,ПСБ – Акции,2024-01-31,https://www.upravlyaem.ru/upload/iblock/5d3/u3l3c2unwa9h9g74i2yjce3o1hxibaok/Spravka-o-stoimosti-chistykh-aktivov-Fonda-na-31.01.2024.pdf,raw/ПСБ/ПСБ  Акции/2024-01-31.pdf
ПСБ,ПСБ – Акции,2024-02-29,https://www.upravlyaem.ru/upload/iblock/a37/n6jpyfxju1kfwjz9rgm6s6flcxzee8y7/Spravka-o-stoimosti-chistykh-aktivov-Fonda-na-29.02.2024.pdf,raw/ПСБ/ПСБ  Акции/2024-02-29.pdf
ПСБ,ПСБ – Акции,2024-03-29,https://www.upravlyaem.ru/upload/iblock/8ed/5nkhg190wg5sz8h4obpk12wicafoqn5s/Spravka-o-stoimosti-chistykh-aktivov-Fonda-na-29.03.2024.pdf,raw/ПСБ/ПСБ  Акции/2024-03-29.pdf
ПСБ,ПСБ – Акции,2024-04-27,https://www.upravlyaem.ru/upload/iblock/25c/xlwgf3hgsfa12ts74f6372aenr07v46f/Spravka-o-stoimosti-chistykh-aktivov-Fonda-na-27.04.2024.pdf,raw/ПСБ/ПСБ  Акции/2024-04-27.pdf
ПСБ,ПСБ – Акции,2024-05-31,https://www.upravlyaem.ru/upload/iblock/5d8/02x34hu2es005bxjh6hpo1kp1sttadsj/Spravka-o-stoimosti-chistykh-aktivov-Fonda-na-31.05.2024.pdf,raw/ПСБ/ПСБ  Акции/2024-05-31.pdf
ПСБ,ПСБ – Акции,2024-06-28,https://www.upravlyaem.ru/upload/iblock/301/tmyelvpbqgbpymlsst9nwawlndyeqwid/Spravka-o-stoimosti-chistykh-aktivov-Fonda-na-28.06.2024.pdf,raw/ПСБ/ПСБ  Акции/2024-06-28.pdf
ПСБ,ПСБ – Акции,2024-07-31,https://www.upravlyaem.ru/upload/iblock/e5f/yac095lgimu1vtqtvr90om6cfzv7t6xe/Spravka-o-stoimosti-chistykh-aktivov-Fonda-na-31.07.2024.pdf,raw/ПСБ/ПСБ  Акции/2024-07-31.pdf
ПСБ,ПСБ – Акции,2024-08-30,https://www.upravlyaem.ru/upload/iblock/ef8/4p1j4lubc8o164wswqkgpo0otxxk77q4/Spravka-o-stoimosti-chistykh-aktivov-Fonda-na-30.08.2024.pdf,raw/ПСБ/ПСБ  Акции/2024-08-30.pdf
ПСБ,ПСБ – Акции,2024-09-30,https://www.upravlyaem.ru/upload/iblock/78f/1e35fgf2313apknr0uz7xizx74nu9t40/Spravka-o-stoimosti-chistykh-aktivov-Fonda-na-30.09.2024.pdf,raw/ПСБ/ПСБ  Акции/2024-09-30.pdf
ПСБ,ПСБ – Акции,2024-10-31,https://www.upravlyaem.ru/upload/iblock/914/gaouucfip2lgy2rs0bq148yvdzt5rp0l/Spravka-o-stoimosti-chistykh-aktivov-Fonda-na-31.10.2024.pdf,raw/ПСБ/ПСБ  Акции/2024-10-31.pdf
ПСБ,ПСБ – Акции,2024-11-29,https://www.upravlyaem.ru/upload/iblock/9f6/lw9n73liognswa8w3o7urieb5k6htc0z/Spravka-o-stoimosti-chistykh-aktivov-Fonda-na-29.11.2024.pdf,raw/ПСБ/ПСБ  Акции/2024-11-29.pdf
ПСБ,ПСБ – Акции,2024-12-28,https://www.upravlyaem.ru/upload/iblock/d25/zfo2hpayodtih11r2ds3tpgz3ml4eita/Spravka-o-stoimosti-chistykh-aktivov-Fonda-na-28.12.2024.pdf,raw/ПСБ/ПСБ  Акции/2024-12-28.pdf
ПСБ,ПСБ – Акции,2025-01-31,https://www.upravlyaem.ru/upload/iblock/971/8fff9m80wura4ae4ltfuirf4fshr6hts/Spravka-o-stoimosti-chistykh-aktivov-Fonda-na-31.01.2025.pdf,raw/ПСБ/ПСБ  Акции/2025-01-31.pdf
ПСБ,ПСБ – Акции,2025-02-28,https://www.upravlyaem.ru/upload/iblock/448/zdlu2mbdyfeufx8kl1fkspcnltw3q7jr/Spravka-o-stoimosti-chistykh-aktivov-Fonda-na-28.02.2025.pdf,raw/ПСБ/ПСБ  Акции/2025-02-28.pdf
ПСБ,ПСБ – Акции,2025-03-31,https://www.upravlyaem.ru/upload/iblock/38e/iis46x82fgoh7r4ufvn59q6pft90o1ds/Spravka-o-stoimosti-chistykh-aktivov-Fonda-na-31.03.2025.pdf,raw/ПСБ/ПСБ  Акции/2025-03-31.pdf
ПСБ,ПСБ – Акции,2025-04-30,https://www.upravlyaem.ru/upload/iblock/8fb/71i9gyjpg7rck9ijow9faa1pchfye5m9/Spravka-o-stoimosti-chistykh-aktivov-Fonda-na-30.04.2025.pdf,raw/ПСБ/ПСБ  Акции/2025-04-30.pdf
ПСБ,ПСБ – Акции,2025-05-30,https://www.upravlyaem.ru/upload/iblock/acc/i6f47hpftsafyl5lq5p2xjxf1vyjv9co/Spravka-o-stoimosti-chistykh-aktivov-Fonda-na-30.05.2025.pdf,raw/ПСБ/ПСБ  Акции/2025-05-30.pdf
ПСБ,ПСБ – Акции,2025-06-30,https://www.upravlyaem.ru/upload/iblock/8b9/s6ql82z4hsyto1nqlie73dkid525oqho/Spravka-o-stoimosti-chistykh-aktivov-Fonda-na-30.06.2025.pdf,raw/ПСБ/ПСБ  Акции/2025-06-30.pdf
ПСБ,ПСБ – Акции,2025-07-31,https://www.upravlyaem.ru/upload/iblock/b54/aeg6tq37uvsgk8pvx7nbm655u362nza2/Spravka-o-stoimosti-chistykh-aktivov-Fonda-na-31.07.2025.pdf,raw/ПСБ/ПСБ  Акции/2025-07-31.pdf
ПСБ,ПСБ – Акции,2025-08-29,https://www.upravlyaem.ru/upload/iblock/6f8/kiluvcs30dek82aw7e4ugcrignamockw/Spravka-o-stoimosti-chistykh-aktivov-Fonda-na-29.08.2025.pdf,raw/ПСБ/ПСБ  Акции/2025-08-29.pdf
ПСБ,ПСБ – Акции,2025-09-30,https://www.upravlyaem.ru/upload/iblock/134/dsc96vmug9wh4fm23zbqy3jltvqs7lxw/Spravka-o-stoimosti-chistykh-aktivov-Fonda-na-30.09.2025.pdf,raw/ПСБ/ПСБ  Акции/2025-09-30.pdf
ПСБ,ПСБ – Акции,2025-10-31,https://www.upravlyaem.ru/upload/iblock/2e2/mbt40bqq0qm41hzr8a6v217iyjwr3626/Spravka-o-stoimosti-chistykh-aktivov-Fonda-na-31.10.2025.pdf,raw/ПСБ/ПСБ  Акции/2025-10-31.pdf
ПСБ,ПСБ – Акции,2025-11-28,https://www.upravlyaem.ru/upload/iblock/59f/80ru4hp9mpfxqzozl3fl9txx6ct4p10t/Spravka-o-stoimosti-chistykh-aktivov-Fonda-na-28.11.2025.pdf,raw/ПСБ/ПСБ  Акции/2025-11-28.pdf
ПСБ,ПСБ – Акции,2025-12-30,https://www.upravlyaem.ru/upload/iblock/2e0/6osj41mvca1i7jbmq0wtns4k861ios00/Spravka-o-stoimosti-chistykh-aktivov-Fonda-na-30.12.2025.pdf,raw/ПСБ/ПСБ  Акции/2025-12-30.pdf
ПСБ,ПСБ – Акции,2026-01-30,https://www.upravlyaem.ru/upload/iblock/ad7/22ifxkup3sd1q7044macz7lfj6t8un4s/Spravka-o-stoimosti-chistykh-aktivov-Fonda-na-30.01.2026.pdf,raw/ПСБ/ПСБ  Акции/2026-01-30.pdf
ПСБ,ПСБ – Акции,2026-02-27,https://www.upravlyaem.ru/upload/iblock/7d8/rslsqebgf8owxxnzp6dgymlhup62r0vk/Spravka-o-stoimosti-chistykh-aktivov-Fonda-na-27.02.2026.pdf,raw/ПСБ/ПСБ  Акции/2026-02-27.pdf
ПСБ,ПСБ – Акции,2026-03-31,https://www.upravlyaem.ru/upload/iblock/3e4/3obbc96b38andp6w2m9cmo7pqiwxnjcl/Spravka-o-stoimosti-chistykh-aktivov-Fonda-na-31.03.2026.pdf,raw/ПСБ/ПСБ  Акции/2026-03-31.pdf
ПСБ,ПСБ – Акции,2026-04-30,https://www.upravlyaem.ru/upload/iblock/0ad/d715d9mamnlbws2kndj3wzc0all2ulq0/Spravka-o-stoimosti-chistykh-aktivov-Fonda-na-30.04.2026.pdf,raw/ПСБ/ПСБ  Акции/2026-04-30.pdf
ПСБ,ПСБ – Акции,2026-05-29,https://www.upravlyaem.ru/upload/iblock/13e/ui1qbcuvhnk8xmoipdptqpczuxdlg387/Spravka-o-stoimosti-chistykh-aktivov-Fonda-na-29.05.2026.pdf,raw/ПСБ/ПСБ  Акции/2026-05-29.pdf
ПСБ,ПСБ – Акции,2026-06-30,https://www.upravlyaem.ru/upload/iblock/3da/ygia2axlgtbto2x30o8f7g77y2l6dmr6/Spravka-o-stoimosti-chistykh-aktivov-Fonda-na-30.06.2026.pdf,raw/ПСБ/ПСБ  Акции/2026-06-30.pdf
ПСБ,ПСБ – Акции,2026-07-31,https://www.upravlyaem.ru/upload/iblock/f5b/xc13dnejywlir5r5tl46hi9t44j2gozg/Spravka-o-stoimosti-chistykh-aktivov-Fonda-na-31.07.2026.pdf,raw/ПСБ/ПСБ  Акции/2026-07-31.pdf
ПСБ,ПСБ – Акции,2026-08-31,https://www.upravlyaem.ru/upload/iblock/e4b/f6grph11hx2v91zx9l0y59akl638rafp/Spravka-o-stoimosti-chistykh-aktivov-Fonda-na-31.08.2026.pdf,raw/ПСБ/ПСБ  Акции/2026-08-31.pdf
ПСБ,ПСБ – Дивидендные акции,2023-07-31,https://www.upravlyaem.ru/upload/iblock/c0c/bf6b7vreehzliror72yg2ko4rcopo33x/Spravka-o-stoimosti-chistykh-aktivov-Fonda-na-31.07.2023.pdf,raw/ПСБ/ПСБ  Дивидендные акции/2023-07-31.pdf
ПСБ,ПСБ – Дивидендные акции,2023-08-31,https://www.upravlyaem.ru/upload/iblock/f10/wq6npabmw0ikq7706thoxo0d8w75ow9w/Spravka-o-stoimosti-chistykh-aktivov-Fonda-na-31.08.2023.pdf,raw/ПСБ/ПСБ  Дивидендные акции/2023-08-31.pdf
ПСБ,ПСБ – Дивидендные акции,2023-09-29,https://www.upravlyaem.ru/upload/iblock/604/ozw9eo2mldrxwssmgrf1tewg2eg6don4/Spravka-o-stoimosti-chistykh-aktivov-Fonda-na-29.09.2023.pdf,raw/ПСБ/ПСБ  Дивидендные акции/2023-09-29.pdf
ПСБ,ПСБ – Дивидендные акции,2023-10-31,https://www.upravlyaem.ru/upload/iblock/408/iwyt89gxf3wqlqkdp1bup45gw13mk9wq/Spravka-o-stoimosti-chistykh-aktivov-Fonda-na-31.10.2023.pdf,raw/ПСБ/ПСБ  Дивидендные акции/2023-10-31.pdf
ПСБ,ПСБ – Дивидендные акции,2023-11-30,https://www.upravlyaem.ru/upload/iblock/45b/l1c9trpywctz3kkhpj9vthps32twig29/Spravka-o-stoimosti-chistykh-aktivov-Fonda-na-30.11.2023.pdf,raw/ПСБ/ПСБ  Дивидендные акции/2023-11-30.pdf
ПСБ,ПСБ – Дивидендные акции,2023-12-29,https://www.upravlyaem.ru/upload/iblock/512/h6tfw4rlapxa8f0ha5g4j1pyngdf23k9/Spravka-o-stoimosti-chistykh-aktivov-Fonda-na-29.12.2023.pdf,raw/ПСБ/ПСБ  Дивидендные акции/2023-12-29.pdf
ПСБ,ПСБ – Дивидендные акции,2024-01-31,https://www.upravlyaem.ru/upload/iblock/ed2/37lz86eqmc4glu6ylm782aw2po8ulbbp/Spravka-o-stoimosti-chistykh-aktivov-Fonda-na-31.01.2024.pdf,raw/ПСБ/ПСБ  Дивидендные акции/2024-01-31.pdf
ПСБ,ПСБ – Дивидендные акции,2024-02-29,https://www.upravlyaem.ru/upload/iblock/23a/vr0oay4nvaswpfixzvt8e0i0cdd0drfd/Spravka-o-stoimosti-chistykh-aktivov-Fonda-na-29.02.2024.pdf,raw/ПСБ/ПСБ  Дивидендные акции/2024-02-29.pdf
ПСБ,ПСБ – Дивидендные акции,2024-03-29,https://www.upravlyaem.ru/upload/iblock/093/abjoan7e3bru1h06q0zapetnh17hjl5e/Spravka-o-stoimosti-chistykh-aktivov-Fonda-na-29.03.2024.pdf,raw/ПСБ/ПСБ  Дивидендные акции/2024-03-29.pdf
ПСБ,ПСБ – Дивидендные акции,2024-04-27,https://www.upravlyaem.ru/upload/iblock/8f6/w6dhduv0pag08fzl2vu2g71sv1cfndzy/Spravka-o-stoimosti-chistykh-aktivov-Fonda-na-27.04.2024.pdf,raw/ПСБ/ПСБ  Дивидендные акции/2024-04-27.pdf
ПСБ,ПСБ – Дивидендные акции,2024-05-31,https://www.upravlyaem.ru/upload/iblock/5c4/8vmvghr0tu21rm75jv07v4nedck4htk6/Spravka-o-stoimosti-chistykh-aktivov-Fonda-na-31.05.2024.pdf,raw/ПСБ/ПСБ  Дивидендные акции/2024-05-31.pdf
ПСБ,ПСБ – Дивидендные акции,2024-06-28,https://www.upravlyaem.ru/upload/iblock/548/qn1drygkr7y1c1psfffuovm9i3k7dpgu/Spravka-o-stoimosti-chistykh-aktivov-Fonda-na-28.06.2024.pdf,raw/ПСБ/ПСБ  Дивидендные акции/2024-06-28.pdf
ПСБ,ПСБ – Дивидендные акции,2024-07-31,https://www.upravlyaem.ru/upload/iblock/856/2bst6vr8gxdr30937i02acacir9ohuof/Spravka-o-stoimosti-chistykh-aktivov-Fonda-na-31.07.2024.pdf,raw/ПСБ/ПСБ  Дивидендные акции/2024-07-31.pdf
ПСБ,ПСБ – Дивидендные акции,2024-08-30,https://www.upravlyaem.ru/upload/iblock/75d/b1wvicwn7xu0iy5u2kca8kb3hwv6tab0/Spravka-o-stoimosti-chistykh-aktivov-Fonda-na-30.08.2024.pdf,raw/ПСБ/ПСБ  Дивидендные акции/2024-08-30.pdf
ПСБ,ПСБ – Дивидендные акции,2024-09-30,https://www.upravlyaem.ru/upload/iblock/288/e530o7rpj1buytmbnneev366frgmgsxn/Spravka-o-stoimosti-chistykh-aktivov-Fonda-na-30.09.2024.pdf,raw/ПСБ/ПСБ  Дивидендные акции/2024-09-30.pdf
ПСБ,ПСБ – Дивидендные акции,2024-10-31,https://www.upravlyaem.ru/upload/iblock/bdf/wqk0qo9qe6vlre3ikapu4p0dhpnf9ai5/Spravka-o-stoimosti-chistykh-aktivov-Fonda-na-31.10.2024.pdf,raw/ПСБ/ПСБ  Дивидендные акции/2024-10-31.pdf
ПСБ,ПСБ – Дивидендные акции,2024-11-29,https://www.upravlyaem.ru/upload/iblock/0df/ncr4jg67p6l8kdr7jbnp4ckknukoi970/Spravka-o-stoimosti-chistykh-aktivov-Fonda-na-29.11.2024.pdf,raw/ПСБ/ПСБ  Дивидендные акции/2024-11-29.pdf
ПСБ,ПСБ – Дивидендные акции,2024-12-28,https://www.upravlyaem.ru/upload/iblock/28c/9rbkf5zf4z7ebekiyl863skr52gjdx8f/Spravka-o-stoimosti-chistykh-aktivov-Fonda-na-28.12.2024.pdf,raw/ПСБ/ПСБ  Дивидендные акции/2024-12-28.pdf
ПСБ,ПСБ – Дивидендные акции,2025-01-31,https://www.upravlyaem.ru/upload/iblock/a82/r8bfvbfemfej3fkiu6fv70tdersp5p3c/Spravka-o-stoimosti-chistykh-aktivov-Fonda-na-31.01.2025.pdf,raw/ПСБ/ПСБ  Дивидендные акции/2025-01-31.pdf
ПСБ,ПСБ – Дивидендные акции,2025-02-28,https://www.upravlyaem.ru/upload/iblock/bfa/3ues5sobrwggednt35hepl5mr93os7dt/Spravka-o-stoimosti-chistykh-aktivov-Fonda-na-28.02.2025.pdf,raw/ПСБ/ПСБ  Дивидендные акции/2025-02-28.pdf
ПСБ,ПСБ – Дивидендные акции,2025-03-31,https://www.upravlyaem.ru/upload/iblock/842/9l8rtqr9gfl9v9tr6v1g3bzya98hluig/Spravka-o-stoimosti-chistykh-aktivov-Fonda-na-31.03.2025.pdf,raw/ПСБ/ПСБ  Дивидендные акции/2025-03-31.pdf
ПСБ,ПСБ – Дивидендные акции,2025-04-30,https://www.upravlyaem.ru/upload/iblock/d2d/njyejewpcyok0x3xvbhjbujyo5y6xlsh/Spravka-o-stoimosti-chistykh-aktivov-Fonda-na-30.04.2025.pdf,raw/ПСБ/ПСБ  Дивидендные акции/2025-04-30.pdf
ПСБ,ПСБ – Дивидендные акции,2025-05-30,https://www.upravlyaem.ru/upload/iblock/ae2/861x9wedak087kjsjkkg9wrc3nmbxv75/Spravka-o-stoimosti-chistykh-aktivov-Fonda-na-30.05.2025.pdf,raw/ПСБ/ПСБ  Дивидендные акции/2025-05-30.pdf
ПСБ,ПСБ – Дивидендные акции,2025-06-30,https://www.upravlyaem.ru/upload/iblock/054/585mntgfr0b5pg71nc5nmx3zbflfd81t/Spravka-o-stoimosti-chistykh-aktivov-Fonda-na-30.06.2025.pdf,raw/ПСБ/ПСБ  Дивидендные акции/2025-06-30.pdf
ПСБ,ПСБ – Дивидендные акции,2025-07-31,https://www.upravlyaem.ru/upload/iblock/904/sb8s5480w1thky5ovib7v60txilmnlet/Spravka-o-stoimosti-chistykh-aktivov-Fonda-na-31.07.2025.pdf,raw/ПСБ/ПСБ  Дивидендные акции/2025-07-31.pdf
ПСБ,ПСБ – Дивидендные акции,2025-08-29,https://www.upravlyaem.ru/upload/iblock/b0a/5fb61y59tgjhqq7amkuyhhq3ioe25ff7/Spravka-o-stoimosti-chistykh-aktivov-Fonda-na-29.08.2025.pdf,raw/ПСБ/ПСБ  Дивидендные акции/2025-08-29.pdf
ПСБ,ПСБ – Дивидендные акции,2025-09-30,https://www.upravlyaem.ru/upload/iblock/b49/jcg78e2le4rknejyi9wrp1zgfd0lt416/Spravka-o-stoimosti-chistykh-aktivov-Fonda-na-30.09.2025.pdf,raw/ПСБ/ПСБ  Дивидендные акции/2025-09-30.pdf
ПСБ,ПСБ – Дивидендные акции,2025-10-31,https://www.upravlyaem.ru/upload/iblock/10e/kkrst4buenpukreesgsb0awkt7cj5luo/Spravka-o-stoimosti-chistykh-aktivov-Fonda-na-31.10.2025.pdf,raw/ПСБ/ПСБ  Дивидендные акции/2025-10-31.pdf
ПСБ,ПСБ – Дивидендные акции,2025-11-28,https://www.upravlyaem.ru/upload/iblock/e36/mrhntz6vige93pmf49yq1i92sari5w65/Spravka-o-stoimosti-chistykh-aktivov-Fonda-na-28.11.2025.pdf,raw/ПСБ/ПСБ  Дивидендные акции/2025-11-28.pdf
ПСБ,ПСБ – Дивидендные акции,2025-12-30,https://www.upravlyaem.ru/upload/iblock/85b/slkzenpc5sqb460cn23ykk6k7m64efjj/Spravka-o-stoimosti-chistykh-aktivov-Fonda-na-30.12.2025.pdf,raw/ПСБ/ПСБ  Дивидендные акции/2025-12-30.pdf
ПСБ,ПСБ – Дивидендные акции,2026-01-30,https://www.upravlyaem.ru/upload/iblock/a4e/2jy48t3fcztjr1fzbsj3svl7ap2wnv0h/Spravka-o-stoimosti-chistykh-aktivov-Fonda-na-30.01.2026.pdf,raw/ПСБ/ПСБ  Дивидендные акции/2026-01-30.pdf
ПСБ,ПСБ – Дивидендные акции,2026-02-27,https://www.upravlyaem.ru/upload/iblock/87c/03hl8s2pl4za32vqwbbeoj3x6c75p1rr/Spravka-o-stoimosti-chistykh-aktivov-Fonda-na-27.02.2026.pdf,raw/ПСБ/ПСБ  Дивидендные акции/2026-02-27.pdf
ПСБ,ПСБ – Дивидендные акции,2026-03-31,https://www.upravlyaem.ru/upload/iblock/f6b/5bnb7wvgfpao65fd7fp015ku3j6v5t1v/Spravka-o-stoimosti-chistykh-aktivov-Fonda-na-31.03.2026.pdf,raw/ПСБ/ПСБ  Дивидендные акции/2026-03-31.pdf
ПСБ,ПСБ – Дивидендные акции,2026-04-30,https://www.upravlyaem.ru/upload/iblock/486/q2mwm7j79i75d55gldia2un2dh0oabfn/Spravka-o-stoimosti-chistykh-aktivov-Fonda-na-30.04.2026.pdf,raw/ПСБ/ПСБ  Дивидендные акции/2026-04-30.pdf
ПСБ,ПСБ – Дивидендные акции,2026-05-29,https://www.upravlyaem.ru/upload/iblock/7f3/z6bumif0ezpexg4tjfq20q53lv0e3mwy/Spravka-o-stoimosti-chistykh-aktivov-Fonda-na-29.05.2026.pdf,raw/ПСБ/ПСБ  Дивидендные акции/2026-05-29.pdf
ПСБ,ПСБ – Дивидендные акции,2026-06-30,https://www.upravlyaem.ru/upload/iblock/f22/rt8duuu59d5j2cinxc4uf0nff73sar4b/Spravka-o-stoimosti-chistykh-aktivov-Fonda-na-30.06.2026.pdf,raw/ПСБ/ПСБ  Дивидендные акции/2026-06-30.pdf
ПСБ,ПСБ – Дивидендные акции,2026-07-31,https://www.upravlyaem.ru/upload/iblock/1e4/jqbtxawo8pfeb19op1fyyr0t0n178wfq/Spravka-o-stoimosti-chistykh-aktivov-Fonda-na-31.07.2026.pdf,raw/ПСБ/ПСБ  Дивидендные акции/2026-07-31.pdf
ПСБ,ПСБ – Дивидендные акции,2026-08-31,https://www.upravlyaem.ru/upload/iblock/feb/ma3g83q59jhvnv8efv4pxvlpxkxedgfc/Spravka-o-stoimosti-chistykh-aktivov-Fonda-na-31.08.2026.pdf,raw/ПСБ/ПСБ  Дивидендные акции/2026-08-31.pdf
ПСБ,ПСБ – Капитал перспектива,2023-07-31,https://www.upravlyaem.ru/upload/iblock/530/1r4p3o79vctmd2f77q3if9bwm9gg8cq1/Spravka-o-stoimosti-chistykh-aktivov-Fonda-na-31.07.2023.pdf,raw/ПСБ/ПСБ  Капитал перспектива/2023-07-31.pdf
ПСБ,ПСБ – Капитал перспектива,2023-08-31,https://www.upravlyaem.ru/upload/iblock/ca5/7lsvjn86osn59gulrcufz8flcooa2nae/Spravka-o-stoimosti-chistykh-aktivov-Fonda-na-31.08.2023.pdf,raw/ПСБ/ПСБ  Капитал перспектива/2023-08-31.pdf
ПСБ,ПСБ – Капитал перспектива,2023-09-29,https://www.upravlyaem.ru/upload/iblock/bfd/iq1p2nqdz1m08l423wltcj0xx5b39rh3/Spravka-o-stoimosti-chistykh-aktivov-Fonda-na-29.09.2023.pdf,raw/ПСБ/ПСБ  Капитал перспектива/2023-09-29.pdf
ПСБ,ПСБ – Капитал перспектива,2023-10-31,https://www.upravlyaem.ru/upload/iblock/60c/gex1s1i2gpukce26bu5cff5vfwkgc735/Spravka-o-stoimosti-chistykh-aktivov-Fonda-na-31.10.2023.pdf,raw/ПСБ/ПСБ  Капитал перспектива/2023-10-31.pdf
ПСБ,ПСБ – Капитал перспектива,2023-11-30,https://www.upravlyaem.ru/upload/iblock/3d9/tdo47mjk9allxje6gm8zg2i21msm3zmy/Spravka-o-stoimosti-chistykh-aktivov-Fonda-na-30.11.2023.pdf,raw/ПСБ/ПСБ  Капитал перспектива/2023-11-30.pdf
ПСБ,ПСБ – Капитал перспектива,2023-12-29,https://www.upravlyaem.ru/upload/iblock/26c/eka9hv6420z4hc31e9mp0ky8lt47uaxq/Spravka-o-stoimosti-chistykh-aktivov-Fonda-na-29.12.2023.pdf,raw/ПСБ/ПСБ  Капитал перспектива/2023-12-29.pdf
ПСБ,ПСБ – Капитал перспектива,2024-01-31,https://www.upravlyaem.ru/upload/iblock/0e4/kbei36bstvds2k6dz0ife31i8xg3mp8c/Spravka-o-stoimosti-chistykh-aktivov-Fonda-na-31.01.2024.pdf,raw/ПСБ/ПСБ  Капитал перспектива/2024-01-31.pdf
ПСБ,ПСБ – Капитал перспектива,2024-02-29,https://www.upravlyaem.ru/upload/iblock/e65/syzn4r0i34j0mlfi97uy39rny637xzl0/Spravka-o-stoimosti-chistykh-aktivov-Fonda-na-29.02.2024.pdf,raw/ПСБ/ПСБ  Капитал перспектива/2024-02-29.pdf
ПСБ,ПСБ – Капитал перспектива,2024-03-29,https://www.upravlyaem.ru/upload/iblock/227/x8jyaw51bptbml04oiviggzobcodi3nx/Spravka-o-stoimosti-chistykh-aktivov-Fonda-na-29.03.2024.pdf,raw/ПСБ/ПСБ  Капитал перспектива/2024-03-29.pdf
ПСБ,ПСБ – Капитал перспектива,2024-04-27,https://www.upravlyaem.ru/upload/iblock/ce4/oa037flg7lyx97il08wg2x4bbtesmggw/Spravka-o-stoimosti-chistykh-aktivov-Fonda-na-27.04.2024.pdf,raw/ПСБ/ПСБ  Капитал перспектива/2024-04-27.pdf
ПСБ,ПСБ – Капитал перспектива,2024-05-31,https://www.upravlyaem.ru/upload/iblock/871/ypc7xlf1lvj9o7dwju4jrpnmu9rpg7r4/Spravka-o-stoimosti-chistykh-aktivov-Fonda-na-31.05.2024.pdf,raw/ПСБ/ПСБ  Капитал перспектива/2024-05-31.pdf
ПСБ,ПСБ – Капитал перспектива,2024-06-28,https://www.upravlyaem.ru/upload/iblock/bb3/t2uy3d0qljp64e0dmzxju88wsj0j7heu/Spravka-o-stoimosti-chistykh-aktivov-Fonda-na-28.06.2024.pdf,raw/ПСБ/ПСБ  Капитал перспектива/2024-06-28.pdf
ПСБ,ПСБ – Капитал перспектива,2024-07-31,https://www.upravlyaem.ru/upload/iblock/a3a/9nky0b9qsjg5m9uaq1ew6uwgs7n2tuyx/Spravka-o-stoimosti-chistykh-aktivov-Fonda-na-31.07.2024.pdf,raw/ПСБ/ПСБ  Капитал перспектива/2024-07-31.pdf
ПСБ,ПСБ – Капитал перспектива,2024-08-30,https://www.upravlyaem.ru/upload/iblock/7b3/9j50t9gyeq78xz7tfkqiwvb5xv29dg9r/Spravka-o-stoimosti-chistykh-aktivov-Fonda-na-30.08.2024.pdf,raw/ПСБ/ПСБ  Капитал перспектива/2024-08-30.pdf
ПСБ,ПСБ – Капитал перспектива,2024-09-30,https://www.upravlyaem.ru/upload/iblock/403/bo4znaht126jl8bxthm0wfgvbhm1i0ib/Spravka-o-stoimosti-chistykh-aktivov-Fonda-na-30.09.2024.pdf,raw/ПСБ/ПСБ  Капитал перспектива/2024-09-30.pdf
ПСБ,ПСБ – Капитал перспектива,2024-10-31,https://www.upravlyaem.ru/upload/iblock/4b3/1rxrryv1q5l51c1qogfpo3jtkz0ojbpk/Spravka-o-stoimosti-chistykh-aktivov-Fonda-na-31.10.2024.pdf,raw/ПСБ/ПСБ  Капитал перспектива/2024-10-31.pdf
ПСБ,ПСБ – Капитал перспектива,2024-11-29,https://www.upravlyaem.ru/upload/iblock/ce6/nmbkhz5boq7ypdbjozommc6cw02ofv60/Spravka-o-stoimosti-chistykh-aktivov-Fonda-na-29.11.2024.pdf,raw/ПСБ/ПСБ  Капитал перспектива/2024-11-29.pdf
ПСБ,ПСБ – Капитал перспектива,2024-12-28,https://www.upravlyaem.ru/upload/iblock/012/kwgjx2yw53r5bkdpgx3jb80dv453h27x/Spravka-o-stoimosti-chistykh-aktivov-Fonda-na-28.12.2024.pdf,raw/ПСБ/ПСБ  Капитал перспектива/2024-12-28.pdf
ПСБ,ПСБ – Капитал перспектива,2025-01-31,https://www.upravlyaem.ru/upload/iblock/9a6/6ntjtlexhrrd267uup870kkesy601wxh/Spravka-o-stoimosti-chistykh-aktivov-Fonda-na-31.01.2025.pdf,raw/ПСБ/ПСБ  Капитал перспектива/2025-01-31.pdf
ПСБ,ПСБ – Капитал перспектива,2025-02-28,https://www.upravlyaem.ru/upload/iblock/6c3/lf8qqxtq3cmndm3959wje13qhe4sntbu/Spravka-o-stoimosti-chistykh-aktivov-Fonda-na-28.02.2025.pdf,raw/ПСБ/ПСБ  Капитал перспектива/2025-02-28.pdf
ПСБ,ПСБ – Капитал перспектива,2025-03-31,https://www.upravlyaem.ru/upload/iblock/564/25g7vcl00ejyw92mu35mbe9hbr3dkjgr/Spravka-o-stoimosti-chistykh-aktivov-Fonda-na-31.03.2025.pdf,raw/ПСБ/ПСБ  Капитал перспектива/2025-03-31.pdf
ПСБ,ПСБ – Капитал перспектива,2025-04-30,https://www.upravlyaem.ru/upload/iblock/294/yavso934gg0evk86hip73s5xeqb7a7p2/Spravka-o-stoimosti-chistykh-aktivov-Fonda-na-30.04.2025.pdf,raw/ПСБ/ПСБ  Капитал перспектива/2025-04-30.pdf
ПСБ,ПСБ – Капитал перспектива,2025-05-30,https://www.upravlyaem.ru/upload/iblock/c1f/xlv5mmluarhaniaaw5dsqu776grxzy89/Spravka-o-stoimosti-chistykh-aktivov-Fonda-na-30.05.2025.pdf,raw/ПСБ/ПСБ  Капитал перспектива/2025-05-30.pdf
ПСБ,ПСБ – Капитал перспектива,2025-06-30,https://www.upravlyaem.ru/upload/iblock/e97/i9y2rcj4qod243e6y6rsp89yn40ictsx/Spravka-o-stoimosti-chistykh-aktivov-Fonda-na-30.06.2025.pdf,raw/ПСБ/ПСБ  Капитал перспектива/2025-06-30.pdf
ПСБ,ПСБ – Капитал перспектива,2025-07-31,https://www.upravlyaem.ru/upload/iblock/d3f/fu7qwknmpg6bq51cgrupe314lru4gs7q/Spravka-o-stoimosti-chistykh-aktivov-Fonda-na-31.07.2025.pdf,raw/ПСБ/ПСБ  Капитал перспектива/2025-07-31.pdf
ПСБ,ПСБ – Капитал перспектива,2025-08-29,https://www.upravlyaem.ru/upload/iblock/169/2e0nlxrjylfe2ri0yb2nb96pocon22ks/Spravka-o-stoimosti-chistykh-aktivov-Fonda-na-29.08.2025.pdf,raw/ПСБ/ПСБ  Капитал перспектива/2025-08-29.pdf
ПСБ,ПСБ – Капитал перспектива,2025-09-30,https://www.upravlyaem.ru/upload/iblock/b17/5203zouknjbpvafcnthalpg322uxys30/Spravka-o-stoimosti-chistykh-aktivov-Fonda-na-30.09.2025.pdf,raw/ПСБ/ПСБ  Капитал перспектива/2025-09-30.pdf
ПСБ,ПСБ – Капитал перспектива,2025-10-31,https://www.upravlyaem.ru/upload/iblock/3e3/qctkaqp0w67zxvwwaoek5duwmslgqotx/Spravka-o-stoimosti-chistykh-aktivov-Fonda-na-31.10.2025.pdf,raw/ПСБ/ПСБ  Капитал перспектива/2025-10-31.pdf
ПСБ,ПСБ – Капитал перспектива,2025-11-28,https://www.upravlyaem.ru/upload/iblock/6c5/vjxzdie012gbqkx5iny2l9hfg92s47bh/Spravka-o-stoimosti-chistykh-aktivov-Fonda-na-28.11.2025.pdf,raw/ПСБ/ПСБ  Капитал перспектива/2025-11-28.pdf
ПСБ,ПСБ – Капитал перспектива,2025-12-30,https://www.upravlyaem.ru/upload/iblock/dc1/cq5pnn190kfx1xaud99wypxlmo8qt2vm/Spravka-o-stoimosti-chistykh-aktivov-Fonda-na-30.12.2025.pdf,raw/ПСБ/ПСБ  Капитал перспектива/2025-12-30.pdf
ПСБ,ПСБ – Капитал перспектива,2026-01-30,https://www.upravlyaem.ru/upload/iblock/63c/i4wp6yemvlmr747tl10w87wpaxhy07rn/Spravka-o-stoimosti-chistykh-aktivov-Fonda-na-30.01.2026.pdf,raw/ПСБ/ПСБ  Капитал перспектива/2026-01-30.pdf
ПСБ,ПСБ – Капитал перспектива,2026-02-27,https://www.upravlyaem.ru/upload/iblock/b54/3jdr7dz6lvyw0os65e8u33q7o7es2a0t/Spravka-o-stoimosti-chistykh-aktivov-Fonda-na-27.02.2026.pdf,raw/ПСБ/ПСБ  Капитал перспектива/2026-02-27.pdf
ПСБ,ПСБ – Капитал перспектива,2026-03-31,https://www.upravlyaem.ru/upload/iblock/f59/l05blw0c7nm8yxn8tzig7y8fjlnxceta/Spravka-o-stoimosti-chistykh-aktivov-Fonda-na-31.03.2026.pdf,raw/ПСБ/ПСБ  Капитал перспектива/2026-03-31.pdf
ПСБ,ПСБ – Капитал перспектива,2026-04-30,https://www.upravlyaem.ru/upload/iblock/60e/wqwottbiu3x190847xbc9ijf0674j5b7/Spravka-o-stoimosti-chistykh-aktivov-Fonda-na-30.04.2026.pdf,raw/ПСБ/ПСБ  Капитал перспектива/2026-04-30.pdf
ПСБ,ПСБ – Капитал перспектива,2026-05-29,https://www.upravlyaem.ru/upload/iblock/f74/xg2w0ca5buhk1b27mf7w69h70hai30r2/Spravka-o-stoimosti-chistykh-aktivov-Fonda-na-29.05.2026.pdf,raw/ПСБ/ПСБ  Капитал перспектива/2026-05-29.pdf
ПСБ,ПСБ – Капитал перспектива,2026-06-30,https://www.upravlyaem.ru/upload/iblock/202/1t4ip9e23kkegybh9zj3tcazz9yh7udr/Spravka-o-stoimosti-chistykh-aktivov-Fonda-na-30.06.2026.pdf,raw/ПСБ/ПСБ  Капитал перспектива/2026-06-30.pdf
ПСБ,ПСБ – Капитал перспектива,2026-07-31,https://www.upravlyaem.ru/upload/iblock/a21/agn8t22jfm2tbezof26jorcjg8e71prq/Spravka-o-stoimosti-chistykh-aktivov-Fonda-na-31.07.2026.pdf,raw/ПСБ/ПСБ  Капитал перспектива/2026-07-31.pdf
ПСБ,ПСБ – Капитал перспектива,2026-08-31,https://www.upravlyaem.ru/upload/iblock/73b/zxosuzn6a9fmif9y774us63bvyzf1fe6/Spravka-o-stoimosti-chistykh-aktivov-Fonda-na-31.08.2026.pdf,raw/ПСБ/ПСБ  Капитал перспектива/2026-08-31.pdf
ПСБ,ПСБ – Недра России,2023-07-31,https://www.upravlyaem.ru/upload/iblock/1f4/mdqnybuwe97782u7qht5bod35lwvrpbn/Spravka-o-stoimosti-chistykh-aktivov-Fonda-na-31.07.2023.pdf,raw/ПСБ/ПСБ  Недра России/2023-07-31.pdf
ПСБ,ПСБ – Недра России,2023-08-31,https://www.upravlyaem.ru/upload/iblock/a46/tymzlpaxtu68j00d9fgd3xxv9l6sf46p/Spravka-o-stoimosti-chistykh-aktivov-Fonda-na-31.08.2023.pdf,raw/ПСБ/ПСБ  Недра России/2023-08-31.pdf
ПСБ,ПСБ – Недра России,2023-09-29,https://www.upravlyaem.ru/upload/iblock/aaa/ydwg1jpaqu0a3zl951e0i045jb99mme6/Spravka-o-stoimosti-chistykh-aktivov-Fonda-na-29.09.2023.pdf,raw/ПСБ/ПСБ  Недра России/2023-09-29.pdf
ПСБ,ПСБ – Недра России,2023-10-31,https://www.upravlyaem.ru/upload/iblock/097/1fqqf20vk0v0hwi5a8l1pw7zpcdo0wra/Spravka-o-stoimosti-chistykh-aktivov-Fonda-na-31.10.2023.pdf,raw/ПСБ/ПСБ  Недра России/2023-10-31.pdf
ПСБ,ПСБ – Недра России,2023-11-30,https://www.upravlyaem.ru/upload/iblock/50e/q4cum71770l86a1ciodqtkak3461eq02/Spravka-o-stoimosti-chistykh-aktivov-Fonda-na-30.11.2023.pdf,raw/ПСБ/ПСБ  Недра России/2023-11-30.pdf
ПСБ,ПСБ – Недра России,2023-12-29,https://www.upravlyaem.ru/upload/iblock/1e8/xa2vw2ubmqp08uyfupuj6bs0a43mraym/Spravka-o-stoimosti-chistykh-aktivov-Fonda-na-29.12.2023.pdf,raw/ПСБ/ПСБ  Недра России/2023-12-29.pdf
ПСБ,ПСБ – Недра России,2024-01-31,https://www.upravlyaem.ru/upload/iblock/24a/0zi03i80c3hm3or11csb2qb9eai26w6y/Spravka-o-stoimosti-chistykh-aktivov-Fonda-na-31.01.2024.pdf,raw/ПСБ/ПСБ  Недра России/2024-01-31.pdf
ПСБ,ПСБ – Недра России,2024-02-29,https://www.upravlyaem.ru/upload/iblock/738/w06jvnb7jpm9i4na5t98z38cv2ghy5dp/Spravka-o-stoimosti-chistykh-aktivov-Fonda-na-29.02.2024.pdf,raw/ПСБ/ПСБ  Недра России/2024-02-29.pdf
ПСБ,ПСБ – Недра России,2024-03-29,https://www.upravlyaem.ru/upload/iblock/309/v4ibvq4imc8kdsl5o3q78q0kkzjdkg4u/Spravka-o-stoimosti-chistykh-aktivov-Fonda-na-29.03.2024.pdf,raw/ПСБ/ПСБ  Недра России/2024-03-29.pdf
ПСБ,ПСБ – Недра России,2024-04-27,https://www.upravlyaem.ru/upload/iblock/f6b/4u1gt9hdwwz37gj2clfaglumsikx9i9j/Spravka-o-stoimosti-chistykh-aktivov-Fonda-na-27.04.2024.pdf,raw/ПСБ/ПСБ  Недра России/2024-04-27.pdf
ПСБ,ПСБ – Недра России,2024-05-31,https://www.upravlyaem.ru/upload/iblock/899/di0hv7472wvw5ovljqaesckpm69tca3n/Spravka-o-stoimosti-chistykh-aktivov-Fonda-na-31.05.2024.pdf,raw/ПСБ/ПСБ  Недра России/2024-05-31.pdf
ПСБ,ПСБ – Недра России,2024-06-28,https://www.upravlyaem.ru/upload/iblock/4d3/teuwzja7ph87ytlkpjfrvumpp05qjlhx/Spravka-o-stoimosti-chistykh-aktivov-Fonda-na-28.06.2024.pdf,raw/ПСБ/ПСБ  Недра России/2024-06-28.pdf
ПСБ,ПСБ – Недра России,2024-07-31,https://www.upravlyaem.ru/upload/iblock/0d8/p50m5teqzhxdotk5atr9v3venxtdzcvk/Spravka-o-stoimosti-chistykh-aktivov-Fonda-na-31.07.2024.pdf,raw/ПСБ/ПСБ  Недра России/2024-07-31.pdf
ПСБ,ПСБ – Недра России,2024-08-30,https://www.upravlyaem.ru/upload/iblock/26c/51lnyqq307a1bqfi822gfphnqk8jb3hn/Spravka-o-stoimosti-chistykh-aktivov-Fonda-na-30.08.2024.pdf,raw/ПСБ/ПСБ  Недра России/2024-08-30.pdf
ПСБ,ПСБ – Недра России,2024-09-30,https://www.upravlyaem.ru/upload/iblock/0d7/j5wod7pk6xvrizbxgikrxdzxh029wx4u/Spravka-o-stoimosti-chistykh-aktivov-Fonda-na-30.09.2024.pdf,raw/ПСБ/ПСБ  Недра России/2024-09-30.pdf
ПСБ,ПСБ – Недра России,2024-10-31,https://www.upravlyaem.ru/upload/iblock/f54/38ja6opip2g799j4g7rjjxji4a0o8hcm/Spravka-o-stoimosti-chistykh-aktivov-Fonda-na-31.10.2024.pdf,raw/ПСБ/ПСБ  Недра России/2024-10-31.pdf
ПСБ,ПСБ – Недра России,2024-11-29,https://www.upravlyaem.ru/upload/iblock/40f/ntud4ei4y1e6oelvqfzoew3rfc3gntxm/Spravka-o-stoimosti-chistykh-aktivov-Fonda-na-29.11.2024.pdf,raw/ПСБ/ПСБ  Недра России/2024-11-29.pdf
ПСБ,ПСБ – Недра России,2024-12-28,https://www.upravlyaem.ru/upload/iblock/12f/hdrfwicuwnq0nsysg7fgld321sv3lak2/Spravka-o-stoimosti-chistykh-aktivov-Fonda-na-28.12.2024.pdf,raw/ПСБ/ПСБ  Недра России/2024-12-28.pdf
ПСБ,ПСБ – Недра России,2025-01-31,https://www.upravlyaem.ru/upload/iblock/93a/iga352evnme7pbj1ems905h5iej0uzrn/Spravka-o-stoimosti-chistykh-aktivov-Fonda-na-31.01.2025.pdf,raw/ПСБ/ПСБ  Недра России/2025-01-31.pdf
ПСБ,ПСБ – Недра России,2025-02-28,https://www.upravlyaem.ru/upload/iblock/c6b/g316wdh3fs6tyxrbm2a60fkqcke3o4oo/Spravka-o-stoimosti-chistykh-aktivov-Fonda-na-28.02.2025.pdf,raw/ПСБ/ПСБ  Недра России/2025-02-28.pdf
ПСБ,ПСБ – Недра России,2025-03-31,https://www.upravlyaem.ru/upload/iblock/989/fz3axue4esm6d9hb1bbi268aj2x1k2i0/Spravka-o-stoimosti-chistykh-aktivov-Fonda-na-31.03.2025.pdf,raw/ПСБ/ПСБ  Недра России/2025-03-31.pdf
ПСБ,ПСБ – Недра России,2025-04-30,https://www.upravlyaem.ru/upload/iblock/915/bag1zgqvwf8hp6daezinra08gw8uhnue/Spravka-o-stoimosti-chistykh-aktivov-Fonda-na-30.04.2025.pdf,raw/ПСБ/ПСБ  Недра России/2025-04-30.pdf
ПСБ,ПСБ – Недра России,2025-05-30,https://www.upravlyaem.ru/upload/iblock/07b/n2adefmqaew70dw0pav1t0sjstn4n88e/Spravka-o-stoimosti-chistykh-aktivov-Fonda-na-30.05.2025.pdf,raw/ПСБ/ПСБ  Недра России/2025-05-30.pdf
ПСБ,ПСБ – Недра России,2025-06-30,https://www.upravlyaem.ru/upload/iblock/5e0/fmhugp2niev1l0ijozri5pw3fw3cehko/Spravka-o-stoimosti-chistykh-aktivov-Fonda-na-30.06.2025.pdf,raw/ПСБ/ПСБ  Недра России/2025-06-30.pdf
ПСБ,ПСБ – Недра России,2025-07-31,https://www.upravlyaem.ru/upload/iblock/c4b/80fsrgw05dnwymabzjl187qndp0l82bh/Spravka-o-stoimosti-chistykh-aktivov-Fonda-na-31.07.2025.pdf,raw/ПСБ/ПСБ  Недра России/2025-07-31.pdf
ПСБ,ПСБ – Недра России,2025-08-29,https://www.upravlyaem.ru/upload/iblock/246/92ja0wg9fb0g105wqm8y444gyekrgxnw/Spravka-o-stoimosti-chistykh-aktivov-Fonda-na-29.08.2025.pdf,raw/ПСБ/ПСБ  Недра России/2025-08-29.pdf
ПСБ,ПСБ – Недра России,2025-09-30,https://www.upravlyaem.ru/upload/iblock/e0c/oxt7xrmygevophrpi27ql3renadbdl27/Spravka-o-stoimosti-chistykh-aktivov-Fonda-na-30.09.2025.pdf,raw/ПСБ/ПСБ  Недра России/2025-09-30.pdf
ПСБ,ПСБ – Недра России,2025-10-31,https://www.upravlyaem.ru/upload/iblock/c12/s0beaujnlphi3icdidqyhp214kpln297/Spravka-o-stoimosti-chistykh-aktivov-Fonda-na-31.10.2025.pdf,raw/ПСБ/ПСБ  Недра России/2025-10-31.pdf
ПСБ,ПСБ – Недра России,2025-11-28,https://www.upravlyaem.ru/upload/iblock/c80/t1z5n46cvjnsouqw7x01n2dromewkw01/Spravka-o-stoimosti-chistykh-aktivov-Fonda-na-28.11.2025.pdf,raw/ПСБ/ПСБ  Недра России/2025-11-28.pdf
ПСБ,ПСБ – Недра России,2025-12-30,https://www.upravlyaem.ru/upload/iblock/a7c/2d4epsew3j4qegowz6fm106rsggco7pj/Spravka-o-stoimosti-chistykh-aktivov-Fonda-na-30.12.2025.pdf,raw/ПСБ/ПСБ  Недра России/2025-12-30.pdf
ПСБ,ПСБ – Недра России,2026-01-30,https://www.upravlyaem.ru/upload/iblock/0ef/tswv0gcj6pgd30dw8yga8ta5gs33rst7/Spravka-o-stoimosti-chistykh-aktivov-Fonda-na-30.01.2026.pdf,raw/ПСБ/ПСБ  Недра России/2026-01-30.pdf
ПСБ,ПСБ – Недра России,2026-02-27,https://www.upravlyaem.ru/upload/iblock/3d9/hxfkerr1y66g0os11p8legyjurlhlyx1/Spravka-o-stoimosti-chistykh-aktivov-Fonda-na-27.02.2026.pdf,raw/ПСБ/ПСБ  Недра России/2026-02-27.pdf
ПСБ,ПСБ – Недра России,2026-03-31,https://www.upravlyaem.ru/upload/iblock/dab/wvs3lkgkaz3i22ojph51tpiiylz2ujar/Spravka-o-stoimosti-chistykh-aktivov-Fonda-na-31.03.2026.pdf,raw/ПСБ/ПСБ  Недра России/2026-03-31.pdf
ПСБ,ПСБ – Недра России,2026-04-30,https://www.upravlyaem.ru/upload/iblock/aa3/fclhrfryn6xe7eje4obbm3q0lzditbhm/Spravka-o-stoimosti-chistykh-aktivov-Fonda-na-30.04.2026.pdf,raw/ПСБ/ПСБ  Недра России/2026-04-30.pdf
ПСБ,ПСБ – Недра России,2026-05-29,https://www.upravlyaem.ru/upload/iblock/664/gns7r4r1fd0lmw4ryhss1jelvjuz2yb3/Spravka-o-stoimosti-chistykh-aktivov-Fonda-na-29.05.2026.pdf,raw/ПСБ/ПСБ  Недра России/2026-05-29.pdf
ПСБ,ПСБ – Недра России,2026-06-30,https://www.upravlyaem.ru/upload/iblock/f06/sxy48afn7xmghvgmx9hrqghds52purc4/Spravka-o-stoimosti-chistykh-aktivov-Fonda-na-30.06.2026.pdf,raw/ПСБ/ПСБ  Недра России/2026-06-30.pdf
ПСБ,ПСБ – Недра России,2026-07-31,https://www.upravlyaem.ru/upload/iblock/334/hgkmubd6ttqtnt3qfu63phllhopvdeu0/Spravka-o-stoimosti-chistykh-aktivov-Fonda-na-31.07.2026.pdf,raw/ПСБ/ПСБ  Недра России/2026-07-31.pdf
ПСБ,ПСБ – Недра России,2026-08-31,https://www.upravlyaem.ru/upload/iblock/389/4htrwxldgr351xfmlmrubu31xcsr095s/Spravka-o-stoimosti-chistykh-aktivov-Fonda-na-31.08.2026.pdf,raw/ПСБ/ПСБ  Недра России/2026-08-31.pdf
ПСБ,ПСБ – Оборонный,2023-07-31,https://www.upravlyaem.ru/upload/iblock/e0b/ywizphmtt58k7dpqeu4s1t9pcm7vi761/Spravka-o-stoimosti-chistykh-aktivov-Fonda-na-31.07.2023.pdf,raw/ПСБ/ПСБ  Оборонный/2023-07-31.pdf
ПСБ,ПСБ – Оборонный,2023-08-31,https://www.upravlyaem.ru/upload/iblock/b16/fwxo1aru6dqyh6mqzuqfmfb91r4dxgws/Spravka-o-stoimosti-chistykh-aktivov-Fonda-na-31.08.2023.pdf,raw/ПСБ/ПСБ  Оборонный/2023-08-31.pdf
ПСБ,ПСБ – Оборонный,2023-09-29,https://www.upravlyaem.ru/upload/iblock/37c/41o4bucadmndoe9pf7jnx4m43t0351x7/Spravka-o-stoimosti-chistykh-aktivov-Fonda-na-29.09.2023.pdf,raw/ПСБ/ПСБ  Оборонный/2023-09-29.pdf
ПСБ,ПСБ – Оборонный,2023-10-31,https://www.upravlyaem.ru/upload/iblock/a60/pw3aur9f1yd150v40fdka19v3otvmnja/Spravka-o-stoimosti-chistykh-aktivov-Fonda-na-31.10.2023.pdf,raw/ПСБ/ПСБ  Оборонный/2023-10-31.pdf
ПСБ,ПСБ – Оборонный,2023-11-30,https://www.upravlyaem.ru/upload/iblock/70e/80c5swejn0oad79yhm1vvce9u0q7mflh/Spravka-o-stoimosti-chistykh-aktivov-Fonda-na-30.11.2023.pdf,raw/ПСБ/ПСБ  Оборонный/2023-11-30.pdf
ПСБ,ПСБ – Оборонный,2023-12-29,https://www.upravlyaem.ru/upload/iblock/17d/gio9ijigy4l27sjctqe3umi41jwykft0/Spravka-o-stoimosti-chistykh-aktivov-Fonda-na-29.12.2023.pdf,raw/ПСБ/ПСБ  Оборонный/2023-12-29.pdf
ПСБ,ПСБ – Оборонный,2024-01-31,https://www.upravlyaem.ru/upload/iblock/29c/26l4f5d6plsv5m3dqej4l7rgxhx3oeg9/Spravka-o-stoimosti-chistykh-aktivov-Fonda-na-31.01.2024.pdf,raw/ПСБ/ПСБ  Оборонный/2024-01-31.pdf
ПСБ,ПСБ – Оборонный,2024-02-29,https://www.upravlyaem.ru/upload/iblock/e6f/3wxlsjlm6pttk4muegdw79wlv7nh7f5r/Spravka-o-stoimosti-chistykh-aktivov-Fonda-na-29.02.2024.pdf,raw/ПСБ/ПСБ  Оборонный/2024-02-29.pdf
ПСБ,ПСБ – Оборонный,2024-03-29,https://www.upravlyaem.ru/upload/iblock/f3a/vggtrw9yfy3hle3pmp5nbjie88f71okx/Spravka-o-stoimosti-chistykh-aktivov-Fonda-na-29.03.2024.pdf,raw/ПСБ/ПСБ  Оборонный/2024-03-29.pdf
ПСБ,ПСБ – Оборонный,2024-04-27,https://www.upravlyaem.ru/upload/iblock/159/c575w74h3tta7kxuv6koaj2qahahgsrj/Spravka-o-stoimosti-chistykh-aktivov-Fonda-na-27.04.2024.pdf,raw/ПСБ/ПСБ  Оборонный/2024-04-27.pdf
ПСБ,ПСБ – Оборонный,2024-05-31,https://www.upravlyaem.ru/upload/iblock/eae/114472odhpbppxl5veajvhjh2o0eqgrw/Spravka-o-stoimosti-chistykh-aktivov-Fonda-na-31.05.2024.pdf,raw/ПСБ/ПСБ  Оборонный/2024-05-31.pdf
ПСБ,ПСБ – Оборонный,2024-06-28,https://www.upravlyaem.ru/upload/iblock/ac9/f8lanh02zxsentdba79r3pgbs3q1uc4n/Spravka-o-stoimosti-chistykh-aktivov-Fonda-na-28.06.2024.pdf,raw/ПСБ/ПСБ  Оборонный/2024-06-28.pdf
ПСБ,ПСБ – Оборонный,2024-07-31,https://www.upravlyaem.ru/upload/iblock/b5a/i317qn9cdlc2nidwryoigndpze8ex55h/Spravka-o-stoimosti-chistykh-aktivov-Fonda-na-31.07.2024.pdf,raw/ПСБ/ПСБ  Оборонный/2024-07-31.pdf
ПСБ,ПСБ – Оборонный,2024-08-30,https://www.upravlyaem.ru/upload/iblock/816/8l9v247itxq6p138pnfidjylsjy46wkg/Spravka-o-stoimosti-chistykh-aktivov-Fonda-na-30.08.2024.pdf,raw/ПСБ/ПСБ  Оборонный/2024-08-30.pdf
ПСБ,ПСБ – Оборонный,2024-09-30,https://www.upravlyaem.ru/upload/iblock/e86/v2yq2xad2g7lrcr29c2jxz7zxno586ui/Spravka-o-stoimosti-chistykh-aktivov-Fonda-na-30.09.2024.pdf,raw/ПСБ/ПСБ  Оборонный/2024-09-30.pdf
ПСБ,ПСБ – Оборонный,2024-10-31,https://www.upravlyaem.ru/upload/iblock/d23/itgxmxl6jskn6a2dj5dp9cvbk9qd7uu9/Spravka-o-stoimosti-chistykh-aktivov-Fonda-na-31.10.2024.pdf,raw/ПСБ/ПСБ  Оборонный/2024-10-31.pdf
ПСБ,ПСБ – Оборонный,2024-11-29,https://www.upravlyaem.ru/upload/iblock/08f/yx241urur2x2dv26hygeymm53x1c37n8/Spravka-o-stoimosti-chistykh-aktivov-Fonda-na-29.11.2024.pdf,raw/ПСБ/ПСБ  Оборонный/2024-11-29.pdf
ПСБ,ПСБ – Оборонный,2024-12-28,https://www.upravlyaem.ru/upload/iblock/df4/t06rd8i7a4smion21cwqz7f18pwbnvpw/Spravka-o-stoimosti-chistykh-aktivov-Fonda-na-28.12.2024.pdf,raw/ПСБ/ПСБ  Оборонный/2024-12-28.pdf
ПСБ,ПСБ – Оборонный,2025-01-31,https://www.upravlyaem.ru/upload/iblock/47c/vgmqest3nt7d6481bdfjemryhv7zalsw/Spravka-o-stoimosti-chistykh-aktivov-Fonda-na-31.01.2025.pdf,raw/ПСБ/ПСБ  Оборонный/2025-01-31.pdf
ПСБ,ПСБ – Оборонный,2025-01-31,https://www.upravlyaem.ru/upload/iblock/ad9/3q6ymvayw8lv3207ikk086m61zfuik4b/Spravka-o-stoimosti-chistykh-aktivov-Fonda-na-31.01.2025.pdf,raw/ПСБ/ПСБ  Оборонный/2025-01-31.pdf
ПСБ,ПСБ – Оборонный,2025-02-28,https://www.upravlyaem.ru/upload/iblock/21f/qkw3tq2uz17ypmkwcfbiorlsed6ggt7h/Spravka-o-stoimosti-chistykh-aktivov-Fonda-na-28.02.2025.pdf,raw/ПСБ/ПСБ  Оборонный/2025-02-28.pdf
ПСБ,ПСБ – Оборонный,2025-03-31,https://www.upravlyaem.ru/upload/iblock/676/6qwkddwl44fpr7c72mecjd8tupo70ing/Spravka-o-stoimosti-chistykh-aktivov-Fonda-na-31.03.2025.pdf,raw/ПСБ/ПСБ  Оборонный/2025-03-31.pdf
ПСБ,ПСБ – Оборонный,2025-04-30,https://www.upravlyaem.ru/upload/iblock/a63/d8wvzf2y58odwxejxdmn17zeyd3dlelo/Spravka-o-stoimosti-chistykh-aktivov-Fonda-na-30.04.2025.pdf,raw/ПСБ/ПСБ  Оборонный/2025-04-30.pdf
ПСБ,ПСБ – Оборонный,2025-05-30,https://www.upravlyaem.ru/upload/iblock/eb4/x5463llp4oftd99zzfm29tz3hao4qo2x/Spravka-o-stoimosti-chistykh-aktivov-Fonda-na-30.05.2025.pdf,raw/ПСБ/ПСБ  Оборонный/2025-05-30.pdf
ПСБ,ПСБ – Оборонный,2025-06-30,https://www.upravlyaem.ru/upload/iblock/bdb/cpn0tw03ec83c3awai99jbc8ntn1eufk/Spravka-o-stoimosti-chistykh-aktivov-Fonda-na-30.06.2025.pdf,raw/ПСБ/ПСБ  Оборонный/2025-06-30.pdf
ПСБ,ПСБ – Оборонный,2025-07-31,https://www.upravlyaem.ru/upload/iblock/a33/51r72vnblb5pbqk6a6k3yl9o6p7o8gjy/Spravka-o-stoimosti-chistykh-aktivov-Fonda-na-31.07.2025.pdf,raw/ПСБ/ПСБ  Оборонный/2025-07-31.pdf
ПСБ,ПСБ – Оборонный,2025-08-29,https://www.upravlyaem.ru/upload/iblock/821/y6x1t2znav223mzhvar3ke1zypbbxps9/Spravka-o-stoimosti-chistykh-aktivov-Fonda-na-29.08.2025.pdf,raw/ПСБ/ПСБ  Оборонный/2025-08-29.pdf
ПСБ,ПСБ – Оборонный,2025-09-30,https://www.upravlyaem.ru/upload/iblock/2a3/gz8jawaj8dspavfuksrpc6x8hwuhe7cy/Spravka-o-stoimosti-chistykh-aktivov-Fonda-na-30.09.2025.pdf,raw/ПСБ/ПСБ  Оборонный/2025-09-30.pdf
ПСБ,ПСБ – Оборонный,2025-10-31,https://www.upravlyaem.ru/upload/iblock/370/2cjsvh9fzdvbev392ah0a7aan1zdaw9i/Spravka-o-stoimosti-chistykh-aktivov-Fonda-na-31.10.2025.pdf,raw/ПСБ/ПСБ  Оборонный/2025-10-31.pdf
ПСБ,ПСБ – Оборонный,2025-11-28,https://www.upravlyaem.ru/upload/iblock/443/uxv8zoi56clufxqv34c9xft32d3dli1y/Spravka-o-stoimosti-chistykh-aktivov-Fonda-na-28.11.2025.pdf,raw/ПСБ/ПСБ  Оборонный/2025-11-28.pdf
ПСБ,ПСБ – Оборонный,2025-12-30,https://www.upravlyaem.ru/upload/iblock/386/4sl7f7ysq6ff96aod6tamv7cug21n82b/Spravka-o-stoimosti-chistykh-aktivov-Fonda-na-30.12.2025.pdf,raw/ПСБ/ПСБ  Оборонный/2025-12-30.pdf
ПСБ,ПСБ – Оборонный,2026-01-30,https://www.upravlyaem.ru/upload/iblock/f61/ogbkm9jrs1ies2s3qehpu6of3dlmr1m3/Spravka-o-stoimosti-chistykh-aktivov-Fonda-na-30.01.2026.pdf,raw/ПСБ/ПСБ  Оборонный/2026-01-30.pdf
ПСБ,ПСБ – Оборонный,2026-02-27,https://www.upravlyaem.ru/upload/iblock/2d4/z1jrba0ovbdnad448f5waxmdmkpnr0qc/Spravka-o-stoimosti-chistykh-aktivov-Fonda-na-27.02.2026.pdf,raw/ПСБ/ПСБ  Оборонный/2026-02-27.pdf
ПСБ,ПСБ – Оборонный,2026-03-31,https://www.upravlyaem.ru/upload/iblock/a1a/g4b2u0tkzm9qg13z78y4ijgolpl0f9l4/Spravka-o-stoimosti-chistykh-aktivov-Fonda-na-31.03.2026.pdf,raw/ПСБ/ПСБ  Оборонный/2026-03-31.pdf
ПСБ,ПСБ – Оборонный,2026-04-30,https://www.upravlyaem.ru/upload/iblock/bd2/5qkboec4ifcent0iasoimi8e5bdhla6s/Spravka-o-stoimosti-chistykh-aktivov-Fonda-na-30.04.2026.pdf,raw/ПСБ/ПСБ  Оборонный/2026-04-30.pdf
ПСБ,ПСБ – Оборонный,2026-05-29,https://www.upravlyaem.ru/upload/iblock/c99/ojlx4r5jsf4bqoj82unpv4y7p0t3i3zy/Spravka-o-stoimosti-chistykh-aktivov-Fonda-na-29.05.2026.pdf,raw/ПСБ/ПСБ  Оборонный/2026-05-29.pdf
ПСБ,ПСБ – Оборонный,2026-06-30,https://www.upravlyaem.ru/upload/iblock/2ba/0f057na79yk51hrji8zg3vw3xysl18it/Spravka-o-stoimosti-chistykh-aktivov-Fonda-na-30.06.2026.pdf,raw/ПСБ/ПСБ  Оборонный/2026-06-30.pdf
ПСБ,ПСБ – Оборонный,2026-07-31,https://www.upravlyaem.ru/upload/iblock/28e/bym31yz8l029rt0k6vxdri4bm49hyu4p/Spravka-o-stoimosti-chistykh-aktivov-Fonda-na-31.07.2026.pdf,raw/ПСБ/ПСБ  Оборонный/2026-07-31.pdf
ПСБ,ПСБ – Оборонный,2026-08-31,https://www.upravlyaem.ru/upload/iblock/d50/zywv0tpev3rpgknp3cjw3i09gx7srtoj/Spravka-o-stoimosti-chistykh-aktivov-Fonda-na-31.08.2026.pdf,raw/ПСБ/ПСБ  Оборонный/2026-08-31.pdf
ПСБ,ПСБ – Окно возможностей,2023-07-31,https://www.upravlyaem.ru/upload/iblock/858/73i4vav4feeveedv3a7qky7hr5e402cw/Spravka-o-stoimosti-chistykh-aktivov-Fonda-na-31.07.2023.pdf,raw/ПСБ/ПСБ  Окно возможностей/2023-07-31.pdf
ПСБ,ПСБ – Окно возможностей,2023-08-31,https://www.upravlyaem.ru/upload/iblock/f0e/0r0353uhhexazexstgj2d6x49rvkomgv/Spravka-o-stoimosti-chistykh-aktivov-Fonda-na-31.08.2023.pdf,raw/ПСБ/ПСБ  Окно возможностей/2023-08-31.pdf
ПСБ,ПСБ – Окно возможностей,2023-09-29,https://www.upravlyaem.ru/upload/iblock/006/2945slr4u4qbiulrnukyup7jgzotderc/Spravka-o-stoimosti-chistykh-aktivov-Fonda-na-29.09.2023.pdf,raw/ПСБ/ПСБ  Окно возможностей/2023-09-29.pdf
ПСБ,ПСБ – Окно возможностей,2023-10-31,https://www.upravlyaem.ru/upload/iblock/f1b/w6ni0hk6e8wo13ceokdsqsbshuvh0tyz/Spravka-o-stoimosti-chistykh-aktivov-Fonda-na-31.10.2023.pdf,raw/ПСБ/ПСБ  Окно возможностей/2023-10-31.pdf
ПСБ,ПСБ – Окно возможностей,2023-11-30,https://www.upravlyaem.ru/upload/iblock/dec/3kvyly7zu5qf11ysx6k0f64pgrsqjfyb/Spravka-o-stoimosti-chistykh-aktivov-Fonda-na-30.11.2023.pdf,raw/ПСБ/ПСБ  Окно возможностей/2023-11-30.pdf
ПСБ,ПСБ – Окно возможностей,2023-12-29,https://www.upravlyaem.ru/upload/iblock/c78/mgpojpr9x8agdo3hje6s6u19rovxeuhi/Spravka-o-stoimosti-chistykh-aktivov-Fonda-na-29.12.2023.pdf,raw/ПСБ/ПСБ  Окно возможностей/2023-12-29.pdf
ПСБ,ПСБ – Окно возможностей,2024-01-31,https://www.upravlyaem.ru/upload/iblock/5d9/8c2uzd2i1saoln6tr1jeexq7nnrk0bf1/Spravka-o-stoimosti-chistykh-aktivov-Fonda-na-31.01.2024.pdf,raw/ПСБ/ПСБ  Окно возможностей/2024-01-31.pdf
ПСБ,ПСБ – Окно возможностей,2024-02-29,https://www.upravlyaem.ru/upload/iblock/f94/mk3ark1a28c451kvr6iafjpp7yh4xwu0/Spravka-o-stoimosti-chistykh-aktivov-Fonda-na-29.02.2024.pdf,raw/ПСБ/ПСБ  Окно возможностей/2024-02-29.pdf
ПСБ,ПСБ – Окно возможностей,2024-03-29,https://www.upravlyaem.ru/upload/iblock/d1e/hkqs8v0cumora3hd3jr5d9stskee3bzf/Spravka-o-stoimosti-chistykh-aktivov-Fonda-na-29.03.2024.pdf,raw/ПСБ/ПСБ  Окно возможностей/2024-03-29.pdf
ПСБ,ПСБ – Окно возможностей,2024-04-27,https://www.upravlyaem.ru/upload/iblock/f39/1pbs5diak0hzsfcabl47g3qyn8amsbm0/Spravka-o-stoimosti-chistykh-aktivov-Fonda-na-27.04.2024.pdf,raw/ПСБ/ПСБ  Окно возможностей/2024-04-27.pdf
ПСБ,ПСБ – Окно возможностей,2024-05-31,https://www.upravlyaem.ru/upload/iblock/707/o98qib0vxoob0tq3ijxnsv6b337g0igq/Spravka-o-stoimosti-chistykh-aktivov-Fonda-na-31.05.2024.pdf,raw/ПСБ/ПСБ  Окно возможностей/2024-05-31.pdf
ПСБ,ПСБ – Окно возможностей,2024-06-28,https://www.upravlyaem.ru/upload/iblock/ebb/ltklj3rp37g5tr3uvc73sqk6s92d26ad/Spravka-o-stoimosti-chistykh-aktivov-Fonda-na-28.06.2024.pdf,raw/ПСБ/ПСБ  Окно возможностей/2024-06-28.pdf
ПСБ,ПСБ – Окно возможностей,2024-07-31,https://www.upravlyaem.ru/upload/iblock/3fa/k8mt1uzfi8oava38oq74w17jbuez7gom/Spravka-o-stoimosti-chistykh-aktivov-Fonda-na-31.07.2024.pdf,raw/ПСБ/ПСБ  Окно возможностей/2024-07-31.pdf
ПСБ,ПСБ – Окно возможностей,2024-08-30,https://www.upravlyaem.ru/upload/iblock/173/px004zan0wa7vbjgn4kglolvcsfrj8om/Spravka-o-stoimosti-chistykh-aktivov-Fonda-na-30.08.2024.pdf,raw/ПСБ/ПСБ  Окно возможностей/2024-08-30.pdf
ПСБ,ПСБ – Окно возможностей,2024-09-30,https://www.upravlyaem.ru/upload/iblock/dff/zkvliodbmek9tyx1xk82ro52rxe78z30/Spravka-o-stoimosti-chistykh-aktivov-Fonda-na-30.09.2024.pdf,raw/ПСБ/ПСБ  Окно возможностей/2024-09-30.pdf
ПСБ,ПСБ – Окно возможностей,2024-10-31,https://www.upravlyaem.ru/upload/iblock/09d/f8bvqqce3bybfhdlpcrsvbu4gmiajjgp/Spravka-o-stoimosti-chistykh-aktivov-Fonda-na-31.10.2024.pdf,raw/ПСБ/ПСБ  Окно возможностей/2024-10-31.pdf
ПСБ,ПСБ – Окно возможностей,2024-11-29,https://www.upravlyaem.ru/upload/iblock/078/fs14ikehtj5vv52yiw06ffc4p4kmca3u/Spravka-o-stoimosti-chistykh-aktivov-Fonda-na-29.11.2024.pdf,raw/ПСБ/ПСБ  Окно возможностей/2024-11-29.pdf
ПСБ,ПСБ – Окно возможностей,2024-12-28,https://www.upravlyaem.ru/upload/iblock/5d7/g1e8iu7ddju40tenzcqh9s6hjp7yey7y/Spravka-o-stoimosti-chistykh-aktivov-Fonda-na-28.12.2024.pdf,raw/ПСБ/ПСБ  Окно возможностей/2024-12-28.pdf
ПСБ,ПСБ – Окно возможностей,2025-01-31,https://www.upravlyaem.ru/upload/iblock/33e/2d6gr6mz9ff76krm879ljbwv1otywrs3/Spravka-o-stoimosti-chistykh-aktivov-Fonda-na-31.01.2025.pdf,raw/ПСБ/ПСБ  Окно возможностей/2025-01-31.pdf
ПСБ,ПСБ – Окно возможностей,2025-02-28,https://www.upravlyaem.ru/upload/iblock/614/5ogcv6vetti6b5vnzuuzyydv9dc201lb/Spravka-o-stoimosti-chistykh-aktivov-Fonda-na-28.02.2025.pdf,raw/ПСБ/ПСБ  Окно возможностей/2025-02-28.pdf
ПСБ,ПСБ – Окно возможностей,2025-03-31,https://www.upravlyaem.ru/upload/iblock/69c/6x924ch7h027crh48zz1893ik9vgui6q/Spravka-o-stoimosti-chistykh-aktivov-Fonda-na-31.03.2025.pdf,raw/ПСБ/ПСБ  Окно возможностей/2025-03-31.pdf
ПСБ,ПСБ – Окно возможностей,2025-04-30,https://www.upravlyaem.ru/upload/iblock/940/gq3enwzb5me8i33iq6pbi0fqpr3lc0vj/Spravka-o-stoimosti-chistykh-aktivov-Fonda-na-30.04.2025.pdf,raw/ПСБ/ПСБ  Окно возможностей/2025-04-30.pdf
ПСБ,ПСБ – Окно возможностей,2025-05-30,https://www.upravlyaem.ru/upload/iblock/26e/ek3tc5qz112y5qm1myq2vy1xwn8bs31y/Spravka-o-stoimosti-chistykh-aktivov-Fonda-na-30.05.2025.pdf,raw/ПСБ/ПСБ  Окно возможностей/2025-05-30.pdf
ПСБ,ПСБ – Окно возможностей,2025-06-30,https://www.upravlyaem.ru/upload/iblock/324/f1mqoisxw97kpvwyxmb5z6n69r710ugu/Spravka-o-stoimosti-chistykh-aktivov-Fonda-na-30.06.2025.pdf,raw/ПСБ/ПСБ  Окно возможностей/2025-06-30.pdf
ПСБ,ПСБ – Окно возможностей,2025-07-31,https://www.upravlyaem.ru/upload/iblock/3b5/wxemfvfonulfdq2ky3ng2fliqx6bgxjd/Spravka-o-stoimosti-chistykh-aktivov-Fonda-na-31.07.2025.pdf,raw/ПСБ/ПСБ  Окно возможностей/2025-07-31.pdf
ПСБ,ПСБ – Окно возможностей,2025-08-29,https://www.upravlyaem.ru/upload/iblock/89f/izapatujd8hyudrc82hg1m4qvba2tgxd/Spravka-o-stoimosti-chistykh-aktivov-Fonda-na-29.08.2025.pdf,raw/ПСБ/ПСБ  Окно возможностей/2025-08-29.pdf
ПСБ,ПСБ – Окно возможностей,2025-09-30,https://www.upravlyaem.ru/upload/iblock/4a1/vri4xmefnwso7e3zi8w887p5pnmmst1d/Spravka-o-stoimosti-chistykh-aktivov-Fonda-na-30.09.2025.pdf,raw/ПСБ/ПСБ  Окно возможностей/2025-09-30.pdf
ПСБ,ПСБ – Окно возможностей,2025-10-31,https://www.upravlyaem.ru/upload/iblock/f8c/6ziqyn4noelk9q9kvy6c28wtp7owkpkq/Spravka-o-stoimosti-chistykh-aktivov-Fonda-na-31.10.2025.pdf,raw/ПСБ/ПСБ  Окно возможностей/2025-10-31.pdf
ПСБ,ПСБ – Окно возможностей,2025-11-28,https://www.upravlyaem.ru/upload/iblock/c38/ug3sqi8lu3kcfoe0h0tw6lnfe89x66dd/Spravka-o-stoimosti-chistykh-aktivov-Fonda-na-28.11.2025.pdf,raw/ПСБ/ПСБ  Окно возможностей/2025-11-28.pdf
ПСБ,ПСБ – Окно возможностей,2025-12-30,https://www.upravlyaem.ru/upload/iblock/497/k5i0qsivi33l09xxoqdagv6wrhyc82ld/Spravka-o-stoimosti-chistykh-aktivov-Fonda-na-30.12.2025.pdf,raw/ПСБ/ПСБ  Окно возможностей/2025-12-30.pdf
ПСБ,ПСБ – Окно возможностей,2026-01-30,https://www.upravlyaem.ru/upload/iblock/87b/zh62kbg1vwaej9r7w4lk8hfiazk7n0jw/Spravka-o-stoimosti-chistykh-aktivov-Fonda-na-30.01.2026.pdf,raw/ПСБ/ПСБ  Окно возможностей/2026-01-30.pdf
ПСБ,ПСБ – Окно возможностей,2026-02-27,https://www.upravlyaem.ru/upload/iblock/fcc/9wn02gk78rhtw0p7z7lf6czp8c97kiaz/Spravka-o-stoimosti-chistykh-aktivov-Fonda-na-27.02.2026.pdf,raw/ПСБ/ПСБ  Окно возможностей/2026-02-27.pdf
ПСБ,ПСБ – Окно возможностей,2026-03-31,https://www.upravlyaem.ru/upload/iblock/3ad/ic0zqdh2bggz046g9x2hjxpd5p4kl9k1/Spravka-o-stoimosti-chistykh-aktivov-Fonda-na-31.03.2026.pdf,raw/ПСБ/ПСБ  Окно возможностей/2026-03-31.pdf
ПСБ,ПСБ – Окно возможностей,2026-04-30,https://www.upravlyaem.ru/upload/iblock/248/167q52osm1m1rhhuumo4n3os9mvhgs3o/Spravka-o-stoimosti-chistykh-aktivov-Fonda-na-30.04.2026.pdf,raw/ПСБ/ПСБ  Окно возможностей/2026-04-30.pdf
ПСБ,ПСБ – Окно возможностей,2026-05-29,https://www.upravlyaem.ru/upload/iblock/7ec/zlnz5695bfoewy95t6rp9zye9ii809hk/Spravka-o-stoimosti-chistykh-aktivov-Fonda-na-29.05.2026.pdf,raw/ПСБ/ПСБ  Окно возможностей/2026-05-29.pdf
ПСБ,ПСБ – Окно возможностей,2026-06-30,https://www.upravlyaem.ru/upload/iblock/7ef/2lglnl0uprru1xo2a61vdtz28sl38ypx/Spravka-o-stoimosti-chistykh-aktivov-Fonda-na-30.06.2026.pdf,raw/ПСБ/ПСБ  Окно возможностей/2026-06-30.pdf
ПСБ,ПСБ – Окно возможностей,2026-07-31,https://www.upravlyaem.ru/upload/iblock/4fd/33cj0jmtphc3u53utrcrumfikha2aquv/Spravka-o-stoimosti-chistykh-aktivov-Fonda-na-31.07.2026.pdf,raw/ПСБ/ПСБ  Окно возможностей/2026-07-31.pdf
ПСБ,ПСБ – Окно возможностей,2026-08-31,https://www.upravlyaem.ru/upload/iblock/599/u2y3o65wv7nwklfd6sy3bexj55i9oexs/Spravka-o-stoimosti-chistykh-aktivov-Fonda-na-31.08.2026.pdf,raw/ПСБ/ПСБ  Окно возможностей/2026-08-31.pdf
ПСБ,ПСБ – Российские акции,2025-07-31,https://www.upravlyaem.ru/upload/iblock/3af/3dkvgh740g374e8d0thyx7p2tbh81lxw/Spravka-o-stoimosti-chistykh-aktivov-Fonda-na-31.07.2025.pdf,raw/ПСБ/ПСБ  Российские акции/2025-07-31.pdf
ПСБ,ПСБ – Российские акции,2025-08-29,https://www.upravlyaem.ru/upload/iblock/4c4/2tdrvhewpsgkhp1c3k7mt7lf0rqk6ph0/Spravka-o-stoimosti-chistykh-aktivov-Fonda-na-29.08.2025.pdf,raw/ПСБ/ПСБ  Российские акции/2025-08-29.pdf
ПСБ,ПСБ – Российские акции,2025-09-30,https://www.upravlyaem.ru/upload/iblock/012/wa8k42imgzfa5k3kx9o8n6ss3x1kwrxp/Spravka-o-stoimosti-chistykh-aktivov-Fonda-na-30.09.2025.pdf,raw/ПСБ/ПСБ  Российские акции/2025-09-30.pdf
ПСБ,ПСБ – Российские акции,2025-10-31,https://www.upravlyaem.ru/upload/iblock/5e7/8inj1ryjq1ujl90p6g4igbnjd3c7hno9/Spravka-o-stoimosti-chistykh-aktivov-Fonda-na-31.10.2025.pdf,raw/ПСБ/ПСБ  Российские акции/2025-10-31.pdf
ПСБ,ПСБ – Российские акции,2025-11-28,https://www.upravlyaem.ru/upload/iblock/692/5j29pro482epxmrzrgjbpesk7e47kqpt/Spravka-o-stoimosti-chistykh-aktivov-Fonda-na-28.11.2025.pdf,raw/ПСБ/ПСБ  Российские акции/2025-11-28.pdf
ПСБ,ПСБ – Российские акции,2025-12-30,https://www.upravlyaem.ru/upload/iblock/a82/gkt992wgkkz6tv4840cstcel9bvcp2v0/Spravka-o-stoimosti-chistykh-aktivov-Fonda-na-30.12.2025.pdf,raw/ПСБ/ПСБ  Российские акции/2025-12-30.pdf
ПСБ,ПСБ – Российские акции,2026-01-30,https://www.upravlyaem.ru/upload/iblock/49f/ahc2trcx0sv3howm2glx8ckqrm3jthhb/Spravka-o-stoimosti-chistykh-aktivov-Fonda-na-30.01.2026.pdf,raw/ПСБ/ПСБ  Российские акции/2026-01-30.pdf
ПСБ,ПСБ – Российские акции,2026-02-27,https://www.upravlyaem.ru/upload/iblock/82d/utsx65t50z2lvscp3fkc4uema5byxrcl/Spravka-o-stoimosti-chistykh-aktivov-Fonda-na-27.02.2026.pdf,raw/ПСБ/ПСБ  Российские акции/2026-02-27.pdf
ПСБ,ПСБ – Российские акции,2026-03-31,https://www.upravlyaem.ru/upload/iblock/644/0s7lo3cxjum1pviw1kyjdqimpt2rloq6/Spravka-o-stoimosti-chistykh-aktivov-Fonda-na-31.03.2026.pdf,raw/ПСБ/ПСБ  Российские акции/2026-03-31.pdf
ПСБ,ПСБ – Российские акции,2026-04-30,https://www.upravlyaem.ru/upload/iblock/692/wcyxvj284qx3wdk36h8205tsw9dei0hv/Spravka-o-stoimosti-chistykh-aktivov-Fonda-na-30.04.2026.pdf,raw/ПСБ/ПСБ  Российские акции/2026-04-30.pdf
ПСБ,ПСБ – Российские акции,2026-05-29,https://www.upravlyaem.ru/upload/iblock/de4/qaybj4p7hjtk2gpb8sdh7wl1a9eulm83/Spravka-o-stoimosti-chistykh-aktivov-Fonda-na-29.05.2026.pdf,raw/ПСБ/ПСБ  Российские акции/2026-05-29.pdf
ПСБ,ПСБ – Российские акции,2026-06-30,https://www.upravlyaem.ru/upload/iblock/bbf/l7yoiery78sm4mhjka435elkz3mcicq2/Spravka-o-stoimosti-chistykh-aktivov-Fonda-na-30.06.2026.pdf,raw/ПСБ/ПСБ  Российские акции/2026-06-30.pdf
ПСБ,ПСБ – Российские акции,2026-07-31,https://www.upravlyaem.ru/upload/iblock/284/ai3dur770usfu1kxxf5og1xpf2f6ltk5/Spravka-o-stoimosti-chistykh-aktivov-Fonda-na-31.07.2026.pdf,raw/ПСБ/ПСБ  Российские акции/2026-07-31.pdf
ПСБ,ПСБ – Российские акции,2026-08-31,https://www.upravlyaem.ru/upload/iblock/09c/3s6k5xvssqias3rnn7qxdofxusw8q9vv/Spravka-o-stoimosti-chistykh-aktivov-Fonda-na-31.08.2026.pdf,raw/ПСБ/ПСБ  Российские акции/2026-08-31.pdf
ПСБ,ПСБ – Сбалансированный,2023-07-31,https://www.upravlyaem.ru/upload/iblock/f25/77er082n94ornyym0iwh2vxdbbx01qdd/Spravka-o-stoimosti-chistykh-aktivov-Fonda-na-31.07.2023.pdf,raw/ПСБ/ПСБ  Сбалансированный/2023-07-31.pdf
ПСБ,ПСБ – Сбалансированный,2023-08-31,https://www.upravlyaem.ru/upload/iblock/f46/urvt6bowcz2jpqi9kqnvpto6y41db850/Spravka-o-stoimosti-chistykh-aktivov-Fonda-na-31.08.2023.pdf,raw/ПСБ/ПСБ  Сбалансированный/2023-08-31.pdf
ПСБ,ПСБ – Сбалансированный,2023-09-29,https://www.upravlyaem.ru/upload/iblock/c55/p1scg38dita61hwhc030l2u7em8ywtbi/Spravka-o-stoimosti-chistykh-aktivov-Fonda-na-29.09.2023.pdf,raw/ПСБ/ПСБ  Сбалансированный/2023-09-29.pdf
ПСБ,ПСБ – Сбалансированный,2023-10-31,https://www.upravlyaem.ru/upload/iblock/a65/5zy9x5o88xnv01jg4q7g9xq4rs90ca8b/Spravka-o-stoimosti-chistykh-aktivov-Fonda-na-31.10.2023.pdf,raw/ПСБ/ПСБ  Сбалансированный/2023-10-31.pdf
ПСБ,ПСБ – Сбалансированный,2023-11-30,https://www.upravlyaem.ru/upload/iblock/f4b/zycsbbfxaxo97b8y91wz1aibim8kei0s/Spravka-o-stoimosti-chistykh-aktivov-Fonda-na-30.11.2023.pdf,raw/ПСБ/ПСБ  Сбалансированный/2023-11-30.pdf
ПСБ,ПСБ – Сбалансированный,2023-12-29,https://www.upravlyaem.ru/upload/iblock/34c/bvj7sn2pz6nz4ucb5l98dy6qgsp3qdg2/Spravka-o-stoimosti-chistykh-aktivov-Fonda-na-29.12.2023.pdf,raw/ПСБ/ПСБ  Сбалансированный/2023-12-29.pdf
ПСБ,ПСБ – Сбалансированный,2024-01-31,https://www.upravlyaem.ru/upload/iblock/2ce/ibhptbw0o4nh51l4yp5a77wqxyt4i6zh/Spravka-o-stoimosti-chistykh-aktivov-Fonda-na-31.01.2024.pdf,raw/ПСБ/ПСБ  Сбалансированный/2024-01-31.pdf
ПСБ,ПСБ – Сбалансированный,2024-02-29,https://www.upravlyaem.ru/upload/iblock/824/izu6nm1tj6l3zga2pw0i4287cgff7dz7/Spravka-o-stoimosti-chistykh-aktivov-Fonda-na-29.02.2024.pdf,raw/ПСБ/ПСБ  Сбалансированный/2024-02-29.pdf
ПСБ,ПСБ – Сбалансированный,2024-03-29,https://www.upravlyaem.ru/upload/iblock/859/8a2tc2yc1zizirx1ng92osut42zdpr3j/Spravka-o-stoimosti-chistykh-aktivov-Fonda-na-29.03.2024.pdf,raw/ПСБ/ПСБ  Сбалансированный/2024-03-29.pdf
ПСБ,ПСБ – Сбалансированный,2024-04-27,https://www.upravlyaem.ru/upload/iblock/b16/y4ivi66qftitcbo8l79gnvgw9p0d9dtf/Spravka-o-stoimosti-chistykh-aktivov-Fonda-na-27.04.2024.pdf,raw/ПСБ/ПСБ  Сбалансированный/2024-04-27.pdf
ПСБ,ПСБ – Сбалансированный,2024-05-31,https://www.upravlyaem.ru/upload/iblock/edf/hw912149s8djrin6wu4udcgv49mpcbny/Spravka-o-stoimosti-chistykh-aktivov-Fonda-na-31.05.2024.pdf,raw/ПСБ/ПСБ  Сбалансированный/2024-05-31.pdf
ПСБ,ПСБ – Сбалансированный,2024-06-28,https://www.upravlyaem.ru/upload/iblock/0fd/s67tk4nw69so10x5et7feexchqyl1or7/Spravka-o-stoimosti-chistykh-aktivov-Fonda-na-28.06.2024.pdf,raw/ПСБ/ПСБ  Сбалансированный/2024-06-28.pdf
ПСБ,ПСБ – Сбалансированный,2024-07-31,https://www.upravlyaem.ru/upload/iblock/801/iw7q6wt6x6fu65fyg9cw4vessmyk5816/Spravka-o-stoimosti-chistykh-aktivov-Fonda-na-31.07.2024.pdf,raw/ПСБ/ПСБ  Сбалансированный/2024-07-31.pdf
ПСБ,ПСБ – Сбалансированный,2024-08-30,https://www.upravlyaem.ru/upload/iblock/fd6/1619e53btgvhakbuify97iala9ehs9du/Spravka-o-stoimosti-chistykh-aktivov-Fonda-na-30.08.2024.pdf,raw/ПСБ/ПСБ  Сбалансированный/2024-08-30.pdf
ПСБ,ПСБ – Сбалансированный,2024-09-30,https://www.upravlyaem.ru/upload/iblock/67c/b358n3yp90x5jplxcnxw82ngqugses6a/Spravka-o-stoimosti-chistykh-aktivov-Fonda-na-30.09.2024.pdf,raw/ПСБ/ПСБ  Сбалансированный/2024-09-30.pdf
ПСБ,ПСБ – Сбалансированный,2024-10-31,https://www.upravlyaem.ru/upload/iblock/cb6/yexksthcylfybrmjrd9j608e3qg2fkme/Spravka-o-stoimosti-chistykh-aktivov-Fonda-na-31.10.2024.pdf,raw/ПСБ/ПСБ  Сбалансированный/2024-10-31.pdf
ПСБ,ПСБ – Сбалансированный,2024-11-29,https://www.upravlyaem.ru/upload/iblock/591/lwwtpnqo5lh7ce8w82jza5p1nui8bp2x/Spravka-o-stoimosti-chistykh-aktivov-Fonda-na-29.11.2024.pdf,raw/ПСБ/ПСБ  Сбалансированный/2024-11-29.pdf
ПСБ,ПСБ – Сбалансированный,2024-12-28,https://www.upravlyaem.ru/upload/iblock/e40/b95aiwsizxpxz3ibxnncnj3jmejakxbh/Spravka-o-stoimosti-chistykh-aktivov-Fonda-na-28.12.2024.pdf,raw/ПСБ/ПСБ  Сбалансированный/2024-12-28.pdf
ПСБ,ПСБ – Сбалансированный,2025-01-31,https://www.upravlyaem.ru/upload/iblock/566/1zrmttiqerbhkyf1e5rymajnlr8yhuhm/Spravka-o-stoimosti-chistykh-aktivov-Fonda-na-31.01.2025.pdf,raw/ПСБ/ПСБ  Сбалансированный/2025-01-31.pdf
ПСБ,ПСБ – Сбалансированный,2025-02-28,https://www.upravlyaem.ru/upload/iblock/0dd/3bec6lh7w2a4qst6pq2r6a2kx4hmhrbp/Spravka-o-stoimosti-chistykh-aktivov-Fonda-na-28.02.2025.pdf,raw/ПСБ/ПСБ  Сбалансированный/2025-02-28.pdf
ПСБ,ПСБ – Сбалансированный,2025-03-31,https://www.upravlyaem.ru/upload/iblock/21a/3tgc0fo98l9g52vjirree1k2pvndeezn/Spravka-o-stoimosti-chistykh-aktivov-Fonda-na-31.03.2025.pdf,raw/ПСБ/ПСБ  Сбалансированный/2025-03-31.pdf
ПСБ,ПСБ – Сбалансированный,2025-04-30,https://www.upravlyaem.ru/upload/iblock/165/zgw8xynto7yv4p1ep9xr3k2sa1p91lw8/Spravka-o-stoimosti-chistykh-aktivov-Fonda-na-30.04.2025.pdf,raw/ПСБ/ПСБ  Сбалансированный/2025-04-30.pdf
ПСБ,ПСБ – Сбалансированный,2025-05-30,https://www.upravlyaem.ru/upload/iblock/3fd/w75cxon9o0z3fj1ofnen3ugx4qyad0wu/Spravka-o-stoimosti-chistykh-aktivov-Fonda-na-30.05.2025.pdf,raw/ПСБ/ПСБ  Сбалансированный/2025-05-30.pdf
ПСБ,ПСБ – Сбалансированный,2025-06-30,https://www.upravlyaem.ru/upload/iblock/556/3613ypeqxppriamu4go8bxnk5y395zzg/Spravka-o-stoimosti-chistykh-aktivov-Fonda-na-30.06.2025.pdf,raw/ПСБ/ПСБ  Сбалансированный/2025-06-30.pdf
ПСБ,ПСБ – Сбалансированный,2025-07-31,https://www.upravlyaem.ru/upload/iblock/4d6/83cw4njv37j208zggiq1t6xl8lrk1f1p/Spravka-o-stoimosti-chistykh-aktivov-Fonda-na-31.07.2025.pdf,raw/ПСБ/ПСБ  Сбалансированный/2025-07-31.pdf
ПСБ,ПСБ – Сбалансированный,2025-08-29,https://www.upravlyaem.ru/upload/iblock/4ae/e7ynxtxc748f69jx1luydtm6cyebykie/Spravka-o-stoimosti-chistykh-aktivov-Fonda-na-29.08.2025.pdf,raw/ПСБ/ПСБ  Сбалансированный/2025-08-29.pdf
ПСБ,ПСБ – Сбалансированный,2025-09-30,https://www.upravlyaem.ru/upload/iblock/bad/bv3wln0r3o5vjom4hfgnpxvqmgz4pzbd/Spravka-o-stoimosti-chistykh-aktivov-Fonda-na-30.09.2025.pdf,raw/ПСБ/ПСБ  Сбалансированный/2025-09-30.pdf
ПСБ,ПСБ – Сбалансированный,2025-10-31,https://www.upravlyaem.ru/upload/iblock/098/g1iuyi8gq3m60h4a1fmzpvca1egt3xig/Spravka-o-stoimosti-chistykh-aktivov-Fonda-na-31.10.2025.pdf,raw/ПСБ/ПСБ  Сбалансированный/2025-10-31.pdf
ПСБ,ПСБ – Сбалансированный,2025-11-28,https://www.upravlyaem.ru/upload/iblock/1da/82jckhpieclk9rpb2g3xzreetn39lt3n/Spravka-o-stoimosti-chistykh-aktivov-Fonda-na-28.11.2025.pdf,raw/ПСБ/ПСБ  Сбалансированный/2025-11-28.pdf
ПСБ,ПСБ – Сбалансированный,2025-12-30,https://www.upravlyaem.ru/upload/iblock/98d/0qs1d5q5rutty5y119vmkl0gmfakgam1/Spravka-o-stoimosti-chistykh-aktivov-Fonda-na-30.12.2025.pdf,raw/ПСБ/ПСБ  Сбалансированный/2025-12-30.pdf
ПСБ,ПСБ – Сбалансированный,2026-01-30,https://www.upravlyaem.ru/upload/iblock/08e/cu0zbjcwuu134mdwrsz93xr4tmo5kxty/Spravka-o-stoimosti-chistykh-aktivov-Fonda-na-30.01.2026.pdf,raw/ПСБ/ПСБ  Сбалансированный/2026-01-30.pdf
ПСБ,ПСБ – Сбалансированный,2026-02-27,https://www.upravlyaem.ru/upload/iblock/62b/ontrqrphkinagkkr03q6ya8piedkiskl/Spravka-o-stoimosti-chistykh-aktivov-Fonda-na-27.02.2026.pdf,raw/ПСБ/ПСБ  Сбалансированный/2026-02-27.pdf
ПСБ,ПСБ – Сбалансированный,2026-03-31,https://www.upravlyaem.ru/upload/iblock/7db/1wgmzp4iu80w0brinqhfhfvp6ilhxwfa/Spravka-o-stoimosti-chistykh-aktivov-Fonda-na-31.03.2026.pdf,raw/ПСБ/ПСБ  Сбалансированный/2026-03-31.pdf
ПСБ,ПСБ – Сбалансированный,2026-04-30,https://www.upravlyaem.ru/upload/iblock/472/jvwyyrqoyyfhbsjpj9zgrl0n72fhfee0/Spravka-o-stoimosti-chistykh-aktivov-Fonda-na-30.04.2026.pdf,raw/ПСБ/ПСБ  Сбалансированный/2026-04-30.pdf
ПСБ,ПСБ – Сбалансированный,2026-05-29,https://www.upravlyaem.ru/upload/iblock/f70/t0hbpwx9cfc85lrb5xpkh2g8w408xmpu/Spravka-o-stoimosti-chistykh-aktivov-Fonda-na-29.05.2026.pdf,raw/ПСБ/ПСБ  Сбалансированный/2026-05-29.pdf
ПСБ,ПСБ – Сбалансированный,2026-06-30,https://www.upravlyaem.ru/upload/iblock/630/7j1u3xsqcjks44w9vnrohr9prnb9ins1/Spravka-o-stoimosti-chistykh-aktivov-Fonda-na-30.06.2026.pdf,raw/ПСБ/ПСБ  Сбалансированный/2026-06-30.pdf
ПСБ,ПСБ – Сбалансированный,2026-07-31,https://www.upravlyaem.ru/upload/iblock/abb/usc0314mt2qzi6dp0t80901wa8yqv1rm/Spravka-o-stoimosti-chistykh-aktivov-Fonda-na-31.07.2026.pdf,raw/ПСБ/ПСБ  Сбалансированный/2026-07-31.pdf
ПСБ,ПСБ – Сбалансированный,2026-08-31,https://www.upravlyaem.ru/upload/iblock/0c1/phly072nc9qcnde0pyq8jwudipbajkqv/Spravka-o-stoimosti-chistykh-aktivov-Fonda-na-31.08.2026.pdf,raw/ПСБ/ПСБ  Сбалансированный/2026-08-31.pdf
АК Барс,АК Барс – Акции,2021-09-30,https://www.akbars-capital.ru/upload/iblock/18b/%D0%A1%D0%BF%D1%80%D0%B0%D0%B2%D0%BA%D0%B0%20%D0%A1%D0%A7%D0%90_31.08.2021-30.09.2021_%D0%9E%D0%9F%D0%98%D0%A4%20%D0%90%D0%BA%D1%86%D0%B8%D0%B8.xlsx,raw/АК Барс/АК Барс  Акции/2021-09-30.xlsx
АК Барс,АК Барс – Акции,2021-10-29,https://www.akbars-capital.ru/upload/iblock/15a/%D0%A1%D0%BF%D1%80%D0%B0%D0%B2%D0%BA%D0%B0%20%D0%A1%D0%A7%D0%90_28.10.2021-29.10.2021_%D0%9E%D0%9F%D0%98%D0%A4%20%D0%90%D0%BA%D1%86%D0%B8%D0%B8.xls,raw/АК Барс/АК Барс  Акции/2021-10-29.xls
АК Барс,АК Барс – Акции,2021-11-30,https://www.akbars-capital.ru/upload/iblock/0cb/%D0%A1%D0%BF%D1%80%D0%B0%D0%B2%D0%BA%D0%B0%20%D0%A1%D0%A7%D0%90_29.11.2021-30.11.2021_%D0%9E%D0%9F%D0%98%D0%A4%20%D0%90%D0%BA%D1%86%D0%B8%D0%B8.xlsx,raw/АК Барс/АК Барс  Акции/2021-11-30.xlsx
АК Барс,АК Барс – Акции,2021-12-30,https://www.akbars-capital.ru/upload/iblock/0b3/%D0%A1%D0%BF%D1%80%D0%B0%D0%B2%D0%BA%D0%B0%20%D0%A1%D0%A7%D0%90_29.12.2021-30.12.2021_%D0%9E%D0%9F%D0%98%D0%A4%20%D0%90%D0%BA%D1%86%D0%B8%D0%B8.xlsx,raw/АК Барс/АК Барс  Акции/2021-12-30.xlsx
АК Барс,АК Барс – Акции,2022-01-31,https://www.akbars-capital.ru/upload/iblock/ef9/%D0%A1%D0%BF%D1%80%D0%B0%D0%B2%D0%BA%D0%B0%20%D0%A1%D0%A7%D0%90_28.01.2022-31.01.2022_%D0%9E%D0%9F%D0%98%D0%A4%20%D0%90%D0%BA%D1%86%D0%B8%D0%B8.xlsx,raw/АК Барс/АК Барс  Акции/2022-01-31.xlsx
АК Барс,АК Барс – Акции,2022-02-28,https://www.akbars-capital.ru/upload/iblock/388/%D0%A1%D0%BF%D1%80%D0%B0%D0%B2%D0%BA%D0%B0%20%D0%A1%D0%A7%D0%90_25.02.2022-28.02.2022_%D0%9E%D0%9F%D0%98%D0%A4%20%D0%90%D0%BA%D1%86%D0%B8%D0%B8.xlsx,raw/АК Барс/АК Барс  Акции/2022-02-28.xlsx
АК Барс,АК Барс – Акции,2022-03-31,https://www.akbars-capital.ru/upload/iblock/597/%D0%A1%D0%BF%D1%80%D0%B0%D0%B2%D0%BA%D0%B0%20%D0%A1%D0%A7%D0%90_30.03.2022-31.03.2022_%D0%9E%D0%9F%D0%98%D0%A4%20%D0%90%D0%BA%D1%86%D0%B8%D0%B8.xlsx,raw/АК Барс/АК Барс  Акции/2022-03-31.xlsx
АК Барс,АК Барс – Акции,2022-04-29,https://www.akbars-capital.ru/upload/iblock/6fd/%D0%A1%D0%BF%D1%80%D0%B0%D0%B2%D0%BA%D0%B0%20%D0%A1%D0%A7%D0%90_28.04.2022-29.04.2022_%D0%9E%D0%9F%D0%98%D0%A4%20%D0%90%D0%BA%D1%86%D0%B8%D0%B8.xlsx,raw/АК Барс/АК Барс  Акции/2022-04-29.xlsx
АК Барс,АК Барс – Акции,2022-05-31,https://www.akbars-capital.ru/upload/iblock/59f/%D0%A1%D0%BF%D1%80%D0%B0%D0%B2%D0%BA%D0%B0%20%D0%A1%D0%A7%D0%90_30.05.2022-31.05.2022_%D0%9E%D0%9F%D0%98%D0%A4%20%D0%90%D0%BA%D1%86%D0%B8%D0%B8.xlsx,raw/АК Барс/АК Барс  Акции/2022-05-31.xlsx
АК Барс,АК Барс – Акции,2022-06-30,https://www.akbars-capital.ru/upload/iblock/8e0/%D0%A1%D0%BF%D1%80%D0%B0%D0%B2%D0%BA%D0%B0%20%D0%A1%D0%A7%D0%90_29.06.2022-30.06.2022_%D0%9E%D0%9F%D0%98%D0%A4%20%D0%90%D0%BA%D1%86%D0%B8%D0%B8.xlsx,raw/АК Барс/АК Барс  Акции/2022-06-30.xlsx
АК Барс,АК Барс – Акции,2022-07-29,https://www.akbars-capital.ru/upload/iblock/bf5/%D0%A1%D0%BF%D1%80%D0%B0%D0%B2%D0%BA%D0%B0%20%D0%A1%D0%A7%D0%90_28.07.2022-29.07.2022_%D0%9E%D0%9F%D0%98%D0%A4%20%D0%90%D0%9A%20%D0%91%D0%90%D0%A0%D0%A1-%20%D0%90%D0%BA%D1%86%D0%B8%D0%B8.xlsx,raw/АК Барс/АК Барс  Акции/2022-07-29.xlsx
АК Барс,АК Барс – Акции,2022-08-31,https://www.akbars-capital.ru/upload/iblock/fff/%D0%A1%D0%BF%D1%80%D0%B0%D0%B2%D0%BA%D0%B0%20%D0%A1%D0%A7%D0%90_30.08.2022-31.08.2022_%D0%9E%D0%9F%D0%98%D0%A4%20%D0%90%D0%9A%20%D0%91%D0%90%D0%A0%D0%A1-%20%D0%90%D0%BA%D1%86%D0%B8%D0%B8.xlsx,raw/АК Барс/АК Барс  Акции/2022-08-31.xlsx
АК Барс,АК Барс – Акции,2022-09-30,https://www.akbars-capital.ru/upload/iblock/e9b/%D0%A1%D0%BF%D1%80%D0%B0%D0%B2%D0%BA%D0%B0%20%D0%A1%D0%A7%D0%90_29.09.2022-30.09.2022_%D0%9E%D0%9F%D0%98%D0%A4%20%D0%90%D0%9A%20%D0%91%D0%90%D0%A0%D0%A1-%20%D0%90%D0%BA%D1%86%D0%B8%D0%B8.xlsx,raw/АК Барс/АК Барс  Акции/2022-09-30.xlsx
АК Барс,АК Барс – Акции,2022-10-31,https://www.akbars-capital.ru/upload/iblock/950/%D0%A1%D0%BF%D1%80%D0%B0%D0%B2%D0%BA%D0%B0%20%D0%A1%D0%A7%D0%90_28.10.2022-31.10.2022_%D0%9E%D0%9F%D0%98%D0%A4%20%D0%90%D0%9A%20%D0%91%D0%90%D0%A0%D0%A1-%20%D0%90%D0%BA%D1%86%D0%B8%D0%B8.xlsx,raw/АК Барс/АК Барс  Акции/2022-10-31.xlsx
АК Барс,АК Барс – Акции,2022-11-30,https://www.akbars-capital.ru/upload/iblock/7ee/bcs56f7rlvjcg5u7aryacubl3atn2jum/%D0%A1%D0%BF%D1%80%D0%B0%D0%B2%D0%BA%D0%B0%20%D0%A1%D0%A7%D0%90_29.11.2022-30.11.2022_%D0%9E%D0%9F%D0%98%D0%A4%20%D0%90%D0%9A%20%D0%91%D0%90%D0%A0%D0%A1-%20%D0%90%D0%BA%D1%86%D0%B8%D0%B8.xlsx,raw/АК Барс/АК Барс  Акции/2022-11-30.xlsx
АК Барс,АК Барс – Акции,2022-12-30,https://www.akbars-capital.ru/upload/iblock/aff/7z8cao33lqmepfw8e0soi6mz4mrr6v4s/%D0%A1%D0%BF%D1%80%D0%B0%D0%B2%D0%BA%D0%B0%20%D0%A1%D0%A7%D0%90_29.12.2022-30.12.2022_%D0%9E%D0%9F%D0%98%D0%A4%20%D0%90%D0%9A%20%D0%91%D0%90%D0%A0%D0%A1-%20%D0%90%D0%BA%D1%86%D0%B8%D0%B8.xlsx,raw/АК Барс/АК Барс  Акции/2022-12-30.xlsx
АК Барс,АК Барс – Акции,2023-01-31,https://www.akbars-capital.ru/upload/iblock/68b/uru1zvz8tyhyzfikwva0o9re65x8fiew/%D0%A1%D0%BF%D1%80%D0%B0%D0%B2%D0%BA%D0%B0%20%D0%A1%D0%A7%D0%90_30.01.2023-31.01.2023_%D0%9E%D0%9F%D0%98%D0%A4%20%D0%90%D0%9A%20%D0%91%D0%90%D0%A0%D0%A1-%20%D0%90%D0%BA%D1%86%D0%B8%D0%B8.xlsx,raw/АК Барс/АК Барс  Акции/2023-01-31.xlsx
АК Барс,АК Барс – Акции,2023-02-28,https://www.akbars-capital.ru/upload/iblock/6af/ag2t9u6jlcl804wfyq6eimc4d45nadm8/%D0%A1%D0%BF%D1%80%D0%B0%D0%B2%D0%BA%D0%B0%20%D0%A1%D0%A7%D0%90_27.02.2023-28.02.2023_%D0%9E%D0%9F%D0%98%D0%A4%20%D0%90%D0%9A%20%D0%91%D0%90%D0%A0%D0%A1-%20%D0%90%D0%BA%D1%86%D0%B8%D0%B8.xlsx,raw/АК Барс/АК Барс  Акции/2023-02-28.xlsx
АК Барс,АК Барс – Акции,2023-03-31,https://www.akbars-capital.ru/upload/iblock/c01/yvtkiy9ea4odw6qxx4goy3kjt0h01fbe/%D0%A1%D0%BF%D1%80%D0%B0%D0%B2%D0%BA%D0%B0%20%D0%A1%D0%A7%D0%90_30.03.2023-31.03.2023_%D0%9E%D0%9F%D0%98%D0%A4%20%D0%90%D0%9A%20%D0%91%D0%90%D0%A0%D0%A1-%20%D0%90%D0%BA%D1%86%D0%B8%D0%B8.xlsx,raw/АК Барс/АК Барс  Акции/2023-03-31.xlsx
АК Барс,АК Барс – Акции,2023-05-31,https://www.akbars-capital.ru/upload/iblock/02f/qhsiaxc6ubjw0hed3rn1f7jh68vmfc1i/%D0%A1%D0%BF%D1%80%D0%B0%D0%B2%D0%BA%D0%B0%20%D0%A1%D0%A7%D0%90_01.05.2023-31.05.2023_%D0%9E%D0%9F%D0%98%D0%A4%20%D0%90%D0%9A%20%D0%91%D0%90%D0%A0%D0%A1-%20%D0%90%D0%BA%D1%86%D0%B8%D0%B8.xlsx,raw/АК Барс/АК Барс  Акции/2023-05-31.xlsx
АК Барс,АК Барс – Акции,2023-06-30,https://www.akbars-capital.ru/upload/iblock/534/kfigykfjsuiyk7sbppqsk3o3vtmm2lr7/%D0%A1%D0%BF%D1%80%D0%B0%D0%B2%D0%BA%D0%B0%20%D0%A1%D0%A7%D0%90_01.06.2023-30.06.2023_%D0%9E%D0%9F%D0%98%D0%A4%20%D0%90%D0%9A%20%D0%91%D0%90%D0%A0%D0%A1-%20%D0%90%D0%BA%D1%86%D0%B8%D0%B8.xlsx,raw/АК Барс/АК Барс  Акции/2023-06-30.xlsx
АК Барс,АК Барс – Акции,2023-07-31,https://www.akbars-capital.ru/upload/iblock/ba5/kmesujeqsyl38vkqkzhbt6mwsf6nz9u6/%D0%A1%D0%BF%D1%80%D0%B0%D0%B2%D0%BA%D0%B0%20%D0%A1%D0%A7%D0%90_01.07.2023-31.07.2023_%D0%9E%D0%9F%D0%98%D0%A4%20%D0%90%D0%9A%20%D0%91%D0%90%D0%A0%D0%A1-%20%D0%90%D0%BA%D1%86%D0%B8%D0%B8.xlsx,raw/АК Барс/АК Барс  Акции/2023-07-31.xlsx
АК Барс,АК Барс – Акции,2023-08-31,https://www.akbars-capital.ru/upload/iblock/ad5/mzzv83o5hvtcbvooqmh1nag9rfyoi0mg/%D0%A1%D0%BF%D1%80%D0%B0%D0%B2%D0%BA%D0%B0%20%D0%A1%D0%A7%D0%90_01.08.2023-31.08.2023_%D0%9E%D0%9F%D0%98%D0%A4%20%D0%90%D0%9A%20%D0%91%D0%90%D0%A0%D0%A1-%20%D0%90%D0%BA%D1%86%D0%B8%D0%B8.xlsx,raw/АК Барс/АК Барс  Акции/2023-08-31.xlsx
АК Барс,АК Барс – Акции,2023-09-29,https://www.akbars-capital.ru/upload/iblock/f03/qyncb2bqv1s3dj514w5l6bvo65yrplcr/%D0%A1%D0%BF%D1%80%D0%B0%D0%B2%D0%BA%D0%B0%20%D0%A1%D0%A7%D0%90_01.09.2023-29.09.2023_%D0%9E%D0%9F%D0%98%D0%A4%20%D0%90%D0%9A%20%D0%91%D0%90%D0%A0%D0%A1-%20%D0%90%D0%BA%D1%86%D0%B8%D0%B8.xlsx,raw/АК Барс/АК Барс  Акции/2023-09-29.xlsx
АК Барс,АК Барс – Акции,2023-10-31,https://www.akbars-capital.ru/upload/iblock/e83/yu72r82pohwrlwjniovbwmv10nrjq967/%D0%A1%D0%BF%D1%80%D0%B0%D0%B2%D0%BA%D0%B0%20%D0%A1%D0%A7%D0%90_01.10.2023-31.10.2023_%D0%9E%D0%9F%D0%98%D0%A4%20%D0%90%D0%9A%20%D0%91%D0%90%D0%A0%D0%A1-%20%D0%90%D0%BA%D1%86%D0%B8%D0%B8.xlsx,raw/АК Барс/АК Барс  Акции/2023-10-31.xlsx
АК Барс,АК Барс – Акции,2023-11-30,https://www.akbars-capital.ru/upload/iblock/682/sfnhfvhjbb9t3xswhd97uwzgv8ha8aqv/%D0%A1%D0%BF%D1%80%D0%B0%D0%B2%D0%BA%D0%B0%20%D0%A1%D0%A7%D0%90_01.11.2023-30.11.2023_%D0%9E%D0%9F%D0%98%D0%A4%20%D0%90%D0%9A%20%D0%91%D0%90%D0%A0%D0%A1-%20%D0%90%D0%BA%D1%86%D0%B8%D0%B8.xlsx,raw/АК Барс/АК Барс  Акции/2023-11-30.xlsx
АК Барс,АК Барс – Акции,2023-12-29,https://www.akbars-capital.ru/upload/iblock/84f/sh70hkpsfoi0c0tmj6oyqvwbuw5kc3ct/%D0%A1%D0%BF%D1%80%D0%B0%D0%B2%D0%BA%D0%B0%20%D0%A1%D0%A7%D0%90_01.12.2023-29.12.2023_%D0%9E%D0%9F%D0%98%D0%A4%20%D0%90%D0%9A%20%D0%91%D0%90%D0%A0%D0%A1-%20%D0%90%D0%BA%D1%86%D0%B8%D0%B8.xlsx,raw/АК Барс/АК Барс  Акции/2023-12-29.xlsx
АК Барс,АК Барс – Акции,2024-01-31,https://www.akbars-capital.ru/upload/iblock/f37/ajyqoqouup24xxebrb6451tvsau940z3/%D0%A1%D0%BF%D1%80%D0%B0%D0%B2%D0%BA%D0%B0%20%D0%A1%D0%A7%D0%90_01.01.2024-31.01.2024_%D0%9E%D0%9F%D0%98%D0%A4%20%D0%90%D0%9A%20%D0%91%D0%90%D0%A0%D0%A1-%20%D0%90%D0%BA%D1%86%D0%B8%D0%B8.xlsx,raw/АК Барс/АК Барс  Акции/2024-01-31.xlsx
АК Барс,АК Барс – Акции,2024-02-29,https://www.akbars-capital.ru/upload/iblock/797/7oor3mmvwpp02ub9waakwj8s8hfxzuc1/%D0%A1%D0%BF%D1%80%D0%B0%D0%B2%D0%BA%D0%B0%20%D0%A1%D0%A7%D0%90_01.02.2024-29.02.2024_%D0%9E%D0%9F%D0%98%D0%A4%20%D0%90%D0%9A%20%D0%91%D0%90%D0%A0%D0%A1-%20%D0%90%D0%BA%D1%86%D0%B8%D0%B8.xlsx,raw/АК Барс/АК Барс  Акции/2024-02-29.xlsx
АК Барс,АК Барс – Акции,2024-03-29,https://www.akbars-capital.ru/upload/iblock/63d/x85w8rul6fjw9r1kwke5su1cdz5e6g46/%D0%A1%D0%BF%D1%80%D0%B0%D0%B2%D0%BA%D0%B0%20%D0%A1%D0%A7%D0%90_01.03.2024-29.03.2024_%D0%9E%D0%9F%D0%98%D0%A4%20%D0%90%D0%9A%20%D0%91%D0%90%D0%A0%D0%A1-%20%D0%90%D0%BA%D1%86%D0%B8%D0%B8.xlsx,raw/АК Барс/АК Барс  Акции/2024-03-29.xlsx
АК Барс,АК Барс – Акции,2024-04-27,https://www.akbars-capital.ru/upload/iblock/b42/15eyoz2kxj921kkl389hji2na1bcle13/%D0%A1%D0%BF%D1%80%D0%B0%D0%B2%D0%BA%D0%B0%20%D0%A1%D0%A7%D0%90_01.04.2024-27.04.2024_%D0%9E%D0%9F%D0%98%D0%A4%20%D0%90%D0%9A%20%D0%91%D0%90%D0%A0%D0%A1-%20%D0%90%D0%BA%D1%86%D0%B8%D0%B8.xlsx,raw/АК Барс/АК Барс  Акции/2024-04-27.xlsx
АК Барс,АК Барс – Акции,2024-05-31,https://www.akbars-capital.ru/upload/iblock/60d/yirp4ck32rcirgrynwn8pmf4ruuj42ek/%D0%A1%D0%BF%D1%80%D0%B0%D0%B2%D0%BA%D0%B0%20%D0%A1%D0%A7%D0%90_01.05.2024-31.05.2024_%D0%9E%D0%9F%D0%98%D0%A4%20%D0%90%D0%9A%20%D0%91%D0%90%D0%A0%D0%A1-%20%D0%90%D0%BA%D1%86%D0%B8%D0%B8.xls,raw/АК Барс/АК Барс  Акции/2024-05-31.xls
АК Барс,АК Барс – Акции,2024-06-28,https://www.akbars-capital.ru/upload/iblock/f62/jexjzk1pla1bsgvnzxp0deep54ls1fry/%D0%A1%D0%BF%D1%80%D0%B0%D0%B2%D0%BA%D0%B0%20%D0%A1%D0%A7%D0%90_01.06.2024-28.06.2024_%D0%9E%D0%9F%D0%98%D0%A4%20%D0%90%D0%9A%20%D0%91%D0%90%D0%A0%D0%A1-%20%D0%90%D0%BA%D1%86%D0%B8%D0%B8.xlsx,raw/АК Барс/АК Барс  Акции/2024-06-28.xlsx
АК Барс,АК Барс – Акции,2024-07-31,https://www.akbars-capital.ru/upload/iblock/77e/30qe42ov7qudac1puwihl9sjruucnm8j/%D0%A1%D0%BF%D1%80%D0%B0%D0%B2%D0%BA%D0%B0%20%D0%A1%D0%A7%D0%90_01.07.2024-31.07.2024_%D0%9E%D0%9F%D0%98%D0%A4%20%D0%90%D0%9A%20%D0%91%D0%90%D0%A0%D0%A1-%20%D0%90%D0%BA%D1%86%D0%B8%D0%B8.xlsx,raw/АК Барс/АК Барс  Акции/2024-07-31.xlsx
АК Барс,АК Барс – Акции,2024-08-30,https://www.akbars-capital.ru/upload/iblock/b5b/xe3suzs58umnptorvdfz2qakg912abnv/%D0%A1%D0%BF%D1%80%D0%B0%D0%B2%D0%BA%D0%B0%20%D0%A1%D0%A7%D0%90_01.08.2024-30.08.2024_%D0%9E%D0%9F%D0%98%D0%A4%20%D0%90%D0%9A%20%D0%91%D0%90%D0%A0%D0%A1-%20%D0%90%D0%BA%D1%86%D0%B8%D0%B8.xlsx,raw/АК Барс/АК Барс  Акции/2024-08-30.xlsx
АК Барс,АК Барс – Акции,2024-09-30,https://www.akbars-capital.ru/upload/iblock/dab/lszmghq2r37kwwgabxfvejb991c2oyiv/%D0%A1%D0%BF%D1%80%D0%B0%D0%B2%D0%BA%D0%B0%20%D0%A1%D0%A7%D0%90_01.09.2024-30.09.2024_%D0%9E%D0%9F%D0%98%D0%A4%20%D0%90%D0%9A%20%D0%91%D0%90%D0%A0%D0%A1-%20%D0%90%D0%BA%D1%86%D0%B8%D0%B8.xlsx,raw/АК Барс/АК Барс  Акции/2024-09-30.xlsx
АК Барс,АК Барс – Акции,2024-10-31,https://www.akbars-capital.ru/upload/iblock/34e/id0086kyw29qc8nol1joywfgxxeinzix/%D0%A1%D0%BF%D1%80%D0%B0%D0%B2%D0%BA%D0%B0%20%D0%A1%D0%A7%D0%90_01.10.2024-31.10.2024_%D0%9E%D0%9F%D0%98%D0%A4%20%D0%90%D0%9A%20%D0%91%D0%90%D0%A0%D0%A1-%20%D0%90%D0%BA%D1%86%D0%B8%D0%B8.xlsx,raw/АК Барс/АК Барс  Акции/2024-10-31.xlsx
АК Барс,АК Барс – Акции,2024-11-29,https://www.akbars-capital.ru/upload/iblock/927/rn8lvch2fzh2g0dnh752nno0uoibdsu3/%D0%A1%D0%BF%D1%80%D0%B0%D0%B2%D0%BA%D0%B0%20%D0%A1%D0%A7%D0%90_01.11.2024-29.11.2024_%D0%9E%D0%9F%D0%98%D0%A4%20%D0%90%D0%9A%20%D0%91%D0%90%D0%A0%D0%A1-%20%D0%90%D0%BA%D1%86%D0%B8%D0%B8.xlsx,raw/АК Барс/АК Барс  Акции/2024-11-29.xlsx
АК Барс,АК Барс – Акции,2024-12-28,https://www.akbars-capital.ru/upload/iblock/2b2/1435hevh57duapx1m3266bshofsza1n6/%D0%A1%D0%BF%D1%80%D0%B0%D0%B2%D0%BA%D0%B0%20%D0%A1%D0%A7%D0%90_01.12.2024-28.12.2024_%D0%9E%D0%9F%D0%98%D0%A4%20%D0%90%D0%9A%20%D0%91%D0%90%D0%A0%D0%A1-%20%D0%90%D0%BA%D1%86%D0%B8%D0%B8.xlsx,raw/АК Барс/АК Барс  Акции/2024-12-28.xlsx
АК Барс,АК Барс – Акции,2025-01-31,https://www.akbars-capital.ru/upload/iblock/2fc/r79k8h0yeh9y33mzz85a1roq8cqc9upc/%D0%A1%D0%BF%D1%80%D0%B0%D0%B2%D0%BA%D0%B0%20%D0%A1%D0%A7%D0%90_01.01.2025-31.01.2025_%D0%9E%D0%9F%D0%98%D0%A4%20%D0%90%D0%9A%20%D0%91%D0%90%D0%A0%D0%A1-%20%D0%90%D0%BA%D1%86%D0%B8%D0%B8.xlsx,raw/АК Барс/АК Барс  Акции/2025-01-31.xlsx
АК Барс,АК Барс – Акции,2025-02-28,https://www.akbars-capital.ru/upload/iblock/d11/din1gsss1evu5no2vuc07irpp9rmwlll/%D0%A1%D0%BF%D1%80%D0%B0%D0%B2%D0%BA%D0%B0%20%D0%A1%D0%A7%D0%90_01.02.2025-28.02.2025_%D0%9E%D0%9F%D0%98%D0%A4%20%D0%90%D0%9A%20%D0%91%D0%90%D0%A0%D0%A1-%20%D0%90%D0%BA%D1%86%D0%B8%D0%B8.xlsx,raw/АК Барс/АК Барс  Акции/2025-02-28.xlsx
АК Барс,АК Барс – Акции,2025-03-31,https://www.akbars-capital.ru/upload/iblock/9f8/09apmt33gg6vsm9cg751tum2e05m6w72/%D0%A1%D0%BF%D1%80%D0%B0%D0%B2%D0%BA%D0%B0%20%D0%A1%D0%A7%D0%90_01.03.2025-31.03.2025_%D0%9E%D0%9F%D0%98%D0%A4%20%D0%90%D0%9A%20%D0%91%D0%90%D0%A0%D0%A1-%20%D0%90%D0%BA%D1%86%D0%B8%D0%B8.xlsx,raw/АК Барс/АК Барс  Акции/2025-03-31.xlsx
АК Барс,АК Барс – Акции,2025-04-30,https://www.akbars-capital.ru/upload/iblock/ae8/gr933m8raj2frc2fsy8dvgbtuc5opvi7/%D0%A1%D0%BF%D1%80%D0%B0%D0%B2%D0%BA%D0%B0%20%D0%A1%D0%A7%D0%90_01.04.2025-30.04.2025_%D0%9E%D0%9F%D0%98%D0%A4%20%D0%90%D0%9A%20%D0%91%D0%90%D0%A0%D0%A1-%20%D0%90%D0%BA%D1%86%D0%B8%D0%B8.xlsx,raw/АК Барс/АК Барс  Акции/2025-04-30.xlsx
АК Барс,АК Барс – Акции,2025-05-30,https://www.akbars-capital.ru/upload/iblock/54e/7uc0jtbyu5k28wp7whtcdzgjv8v1vak6/%D0%A1%D0%BF%D1%80%D0%B0%D0%B2%D0%BA%D0%B0%20%D0%A1%D0%A7%D0%90_01.05.2025-30.05.2025_%D0%9E%D0%9F%D0%98%D0%A4%20%D0%90%D0%9A%20%D0%91%D0%90%D0%A0%D0%A1-%20%D0%90%D0%BA%D1%86%D0%B8%D0%B8.xlsx,raw/АК Барс/АК Барс  Акции/2025-05-30.xlsx
АК Барс,АК Барс – Акции,2025-06-30,https://www.akbars-capital.ru/upload/iblock/a34/huxs2xkb7d6w46s9fg2wl5humk5x8iju/%D0%A1%D0%BF%D1%80%D0%B0%D0%B2%D0%BA%D0%B0%20%D0%A1%D0%A7%D0%90_01.06.2025-30.06.2025_%D0%9E%D0%9F%D0%98%D0%A4%20%D0%90%D0%9A%20%D0%91%D0%90%D0%A0%D0%A1-%20%D0%90%D0%BA%D1%86%D0%B8%D0%B8.xlsx,raw/АК Барс/АК Барс  Акции/2025-06-30.xlsx
АК Барс,АК Барс – Акции,2025-07-31,https://www.akbars-capital.ru/upload/iblock/e7a/lvx22fjms8dbtsxs0abs4286ybqwon6i/%D0%A1%D0%BF%D1%80%D0%B0%D0%B2%D0%BA%D0%B0%20%D0%A1%D0%A7%D0%90_01.07.2025-31.07.2025_%D0%9E%D0%9F%D0%98%D0%A4%20%D0%90%D0%9A%20%D0%91%D0%90%D0%A0%D0%A1-%20%D0%90%D0%BA%D1%86%D0%B8%D0%B8.xlsx,raw/АК Барс/АК Барс  Акции/2025-07-31.xlsx
АК Барс,АК Барс – Акции,2025-08-29,https://www.akbars-capital.ru/upload/iblock/55e/a5pn2pivwv2rq6wgazy0yuci2oee1yzb/%D0%A1%D0%BF%D1%80%D0%B0%D0%B2%D0%BA%D0%B0%20%D0%A1%D0%A7%D0%90_01.08.2025-29.08.2025_%D0%9E%D0%9F%D0%98%D0%A4%20%D0%90%D0%9A%20%D0%91%D0%90%D0%A0%D0%A1-%20%D0%90%D0%BA%D1%86%D0%B8%D0%B8.xlsx,raw/АК Барс/АК Барс  Акции/2025-08-29.xlsx
АК Барс,АК Барс – Акции,2025-09-30,https://www.akbars-capital.ru/upload/iblock/0d0/hxwty1rs8bjb7tdr8vrukd1fi4u0rss7/%D0%A1%D0%BF%D1%80%D0%B0%D0%B2%D0%BA%D0%B0%20%D0%A1%D0%A7%D0%90_01.09.2025-30.09.2025_%D0%9E%D0%9F%D0%98%D0%A4%20%D0%90%D0%9A%20%D0%91%D0%90%D0%A0%D0%A1-%20%D0%90%D0%BA%D1%86%D0%B8%D0%B8.xlsx,raw/АК Барс/АК Барс  Акции/2025-09-30.xlsx
АК Барс,АК Барс – Акции,2025-10-31,https://www.akbars-capital.ru/upload/iblock/e41/u81jzxts115mkh9wu6339sqy4kwt0lny/%D0%A1%D0%BF%D1%80%D0%B0%D0%B2%D0%BA%D0%B0%20%D0%A1%D0%A7%D0%90_01.10.2025-31.10.2025_%D0%9E%D0%9F%D0%98%D0%A4%20%D0%90%D0%9A%20%D0%91%D0%90%D0%A0%D0%A1-%20%D0%90%D0%BA%D1%86%D0%B8%D0%B8.xlsx,raw/АК Барс/АК Барс  Акции/2025-10-31.xlsx
АК Барс,АК Барс – Акции,2025-11-28,https://www.akbars-capital.ru/upload/iblock/95a/aoktssr29u1b09tvrdzjich433bf4z4q/%D0%A1%D0%BF%D1%80%D0%B0%D0%B2%D0%BA%D0%B0%20%D0%A1%D0%A7%D0%90_01.11.2025-28.11.2025_%D0%9E%D0%9F%D0%98%D0%A4%20%D0%90%D0%9A%20%D0%91%D0%90%D0%A0%D0%A1-%20%D0%90%D0%BA%D1%86%D0%B8%D0%B8.xlsx,raw/АК Барс/АК Барс  Акции/2025-11-28.xlsx
АК Барс,АК Барс – Акции,2025-12-30,https://www.akbars-capital.ru/upload/iblock/9a6/5p624v35jl888mvmmc73usn7shudd01e/%D0%A1%D0%BF%D1%80%D0%B0%D0%B2%D0%BA%D0%B0%20%D0%A1%D0%A7%D0%90_01.12.2025-30.12.2025_%D0%9E%D0%9F%D0%98%D0%A4%20%D0%90%D0%9A%20%D0%91%D0%90%D0%A0%D0%A1-%20%D0%90%D0%BA%D1%86%D0%B8%D0%B8.xls,raw/АК Барс/АК Барс  Акции/2025-12-30.xls
АК Барс,АК Барс – Акции,2026-01-30,https://www.akbars-capital.ru/upload/iblock/b96/poah3dqxqdcpyy9eg5b2vu65z4y2w5ye/%D0%A1%D0%BF%D1%80%D0%B0%D0%B2%D0%BA%D0%B0%20%D0%A1%D0%A7%D0%90_01.01.2026-30.01.2026_%D0%9E%D0%9F%D0%98%D0%A4%20%D0%90%D0%9A%20%D0%91%D0%90%D0%A0%D0%A1-%20%D0%90%D0%BA%D1%86%D0%B8%D0%B8.xlsx,raw/АК Барс/АК Барс  Акции/2026-01-30.xlsx
АК Барс,АК Барс – Акции,2026-02-27,https://www.akbars-capital.ru/upload/iblock/e0e/qcno5nx8np72vq0ei9k9wdwk94ndi0ni/%D0%A1%D0%BF%D1%80%D0%B0%D0%B2%D0%BA%D0%B0%20%D0%A1%D0%A7%D0%90_01.02.2026-27.02.2026_%D0%9E%D0%9F%D0%98%D0%A4%20%D0%90%D0%9A%20%D0%91%D0%90%D0%A0%D0%A1-%20%D0%90%D0%BA%D1%86%D0%B8%D0%B8.xlsx,raw/АК Барс/АК Барс  Акции/2026-02-27.xlsx
АК Барс,АК Барс – Акции,2026-03-31,https://www.akbars-capital.ru/upload/iblock/610/fowno3j6l65fm2t6v4yhvlqwbtx3khz1/%D0%A1%D0%BF%D1%80%D0%B0%D0%B2%D0%BA%D0%B0%20%D0%A1%D0%A7%D0%90_01.03.2026-31.03.2026_%D0%9E%D0%9F%D0%98%D0%A4%20%D0%90%D0%9A%20%D0%91%D0%90%D0%A0%D0%A1-%20%D0%90%D0%BA%D1%86%D0%B8%D0%B8.xlsx,raw/АК Барс/АК Барс  Акции/2026-03-31.xlsx
АК Барс,АК Барс – Акции,2026-04-30,https://www.akbars-capital.ru/upload/iblock/79c/6e8moi8xx90x1ronf0r75rfoiql0f5v4/%D0%A1%D0%BF%D1%80%D0%B0%D0%B2%D0%BA%D0%B0%20%D0%A1%D0%A7%D0%90_01.04.2026-30.04.2026_%D0%9E%D0%9F%D0%98%D0%A4%20%D0%90%D0%9A%20%D0%91%D0%90%D0%A0%D0%A1-%20%D0%90%D0%BA%D1%86%D0%B8%D0%B8.xlsx,raw/АК Барс/АК Барс  Акции/2026-04-30.xlsx
АК Барс,АК Барс – Акции,2026-05-29,https://www.akbars-capital.ru/upload/iblock/1e5/x090l66tf1ur1r3ep6kyhphz6qytle36/%D0%A1%D0%BF%D1%80%D0%B0%D0%B2%D0%BA%D0%B0%20%D0%A1%D0%A7%D0%90_01.05.2026-29.05.2026_%D0%9E%D0%9F%D0%98%D0%A4%20%D0%90%D0%9A%20%D0%91%D0%90%D0%A0%D0%A1-%20%D0%90%D0%BA%D1%86%D0%B8%D0%B8.xlsx,raw/АК Барс/АК Барс  Акции/2026-05-29.xlsx
АК Барс,АК Барс – Акции,2026-06-30,https://www.akbars-capital.ru/upload/iblock/b9e/xish1ean92yhdnzw7i31kg44tjtr79y9/%D0%A1%D0%BF%D1%80%D0%B0%D0%B2%D0%BA%D0%B0%20%D0%A1%D0%A7%D0%90_01.06.2026-30.06.2026_%D0%9E%D0%9F%D0%98%D0%A4%20%D0%90%D0%9A%20%D0%91%D0%90%D0%A0%D0%A1-%20%D0%90%D0%BA%D1%86%D0%B8%D0%B8.xlsx,raw/АК Барс/АК Барс  Акции/2026-06-30.xlsx
АК Барс,АК Барс – Акции,2026-07-31,https://www.akbars-capital.ru/upload/iblock/532/n6odi2t23bii28fmwoxxxa44bqhah6l8/%D0%A1%D0%BF%D1%80%D0%B0%D0%B2%D0%BA%D0%B0%20%D0%A1%D0%A7%D0%90_01.07.2026-31.07.2026_%D0%9E%D0%9F%D0%98%D0%A4%20%D0%90%D0%9A%20%D0%91%D0%90%D0%A0%D0%A1-%20%D0%90%D0%BA%D1%86%D0%B8%D0%B8.xlsx,raw/АК Барс/АК Барс  Акции/2026-07-31.xlsx
АК Барс,АК Барс – Акции,2026-08-31,https://www.akbars-capital.ru/upload/iblock/492/9dqfo03ey2sek2d36utr5g96eb44lr22/%D0%A1%D0%BF%D1%80%D0%B0%D0%B2%D0%BA%D0%B0%20%D0%A1%D0%A7%D0%90_01.08.2026-31.08.2026_%D0%9E%D0%9F%D0%98%D0%A4%20%D0%90%D0%9A%20%D0%91%D0%90%D0%A0%D0%A1-%20%D0%90%D0%BA%D1%86%D0%B8%D0%B8.xlsx,raw/АК Барс/АК Барс  Акции/2026-08-31.xlsx
АК Барс,АК Барс – Индекс МосБиржи,2021-09-30,https://www.akbars-capital.ru/upload/iblock/17e/%D0%A1%D0%BF%D1%80%D0%B0%D0%B2%D0%BA%D0%B0%20%D0%A1%D0%A7%D0%90_31.08.2021-30.09.2021_%D0%9E%D0%9F%D0%98%D0%A4%20%D0%98%D0%BD%D0%B4%D0%B5%D0%BA%D1%81%D0%BD%D1%8B%D0%B9.xlsx,raw/АК Барс/АК Барс  Индекс МосБиржи/2021-09-30.xlsx
АК Барс,АК Барс – Индекс МосБиржи,2021-10-29,https://www.akbars-capital.ru/upload/iblock/12c/%D0%A1%D0%BF%D1%80%D0%B0%D0%B2%D0%BA%D0%B0%20%D0%A1%D0%A7%D0%90_28.10.2021-29.10.2021_%D0%9E%D0%9F%D0%98%D0%A4%20%D0%98%D0%BD%D0%B4%D0%B5%D0%BA%D1%81%D0%BD%D1%8B%D0%B9.xls,raw/АК Барс/АК Барс  Индекс МосБиржи/2021-10-29.xls
АК Барс,АК Барс – Индекс МосБиржи,2021-11-30,https://www.akbars-capital.ru/upload/iblock/c20/%D0%A1%D0%BF%D1%80%D0%B0%D0%B2%D0%BA%D0%B0%20%D0%A1%D0%A7%D0%90_29.11.2021-30.11.2021_%D0%9E%D0%9F%D0%98%D0%A4%20%D0%98%D0%BD%D0%B4%D0%B5%D0%BA%D1%81%D0%BD%D1%8B%D0%B9.xlsx,raw/АК Барс/АК Барс  Индекс МосБиржи/2021-11-30.xlsx
АК Барс,АК Барс – Индекс МосБиржи,2021-12-30,https://www.akbars-capital.ru/upload/iblock/ef1/%D0%A1%D0%BF%D1%80%D0%B0%D0%B2%D0%BA%D0%B0%20%D0%A1%D0%A7%D0%90_29.12.2021-30.12.2021_%D0%9E%D0%9F%D0%98%D0%A4%20%D0%98%D0%BD%D0%B4%D0%B5%D0%BA%D1%81%D0%BD%D1%8B%D0%B9.xlsx,raw/АК Барс/АК Барс  Индекс МосБиржи/2021-12-30.xlsx
АК Барс,АК Барс – Индекс МосБиржи,2022-01-31,https://www.akbars-capital.ru/upload/iblock/ff9/%D0%A1%D0%BF%D1%80%D0%B0%D0%B2%D0%BA%D0%B0%20%D0%A1%D0%A7%D0%90_28.01.2022-31.01.2022_%D0%9E%D0%9F%D0%98%D0%A4%20%D0%98%D0%BD%D0%B4%D0%B5%D0%BA%D1%81%D0%BD%D1%8B%D0%B9.xlsx,raw/АК Барс/АК Барс  Индекс МосБиржи/2022-01-31.xlsx
АК Барс,АК Барс – Индекс МосБиржи,2022-02-28,https://www.akbars-capital.ru/upload/iblock/cb4/%D0%A1%D0%BF%D1%80%D0%B0%D0%B2%D0%BA%D0%B0%20%D0%A1%D0%A7%D0%90_25.02.2022-28.02.2022_%D0%9E%D0%9F%D0%98%D0%A4%20%D0%98%D0%BD%D0%B4%D0%B5%D0%BA%D1%81%D0%BD%D1%8B%D0%B9.xlsx,raw/АК Барс/АК Барс  Индекс МосБиржи/2022-02-28.xlsx
АК Барс,АК Барс – Индекс МосБиржи,2022-03-31,https://www.akbars-capital.ru/upload/iblock/b35/%D0%A1%D0%BF%D1%80%D0%B0%D0%B2%D0%BA%D0%B0%20%D0%A1%D0%A7%D0%90_30.03.2022-31.03.2022_%D0%9E%D0%9F%D0%98%D0%A4%20%D0%98%D0%BD%D0%B4%D0%B5%D0%BA%D1%81%D0%BD%D1%8B%D0%B9.xlsx,raw/АК Барс/АК Барс  Индекс МосБиржи/2022-03-31.xlsx
АК Барс,АК Барс – Индекс МосБиржи,2022-04-29,https://www.akbars-capital.ru/upload/iblock/4b2/%D0%A1%D0%BF%D1%80%D0%B0%D0%B2%D0%BA%D0%B0%20%D0%A1%D0%A7%D0%90_28.04.2022-29.04.2022_%D0%9E%D0%9F%D0%98%D0%A4%20%D0%98%D0%BD%D0%B4%D0%B5%D0%BA%D1%81%D0%BD%D1%8B%D0%B9.xlsx,raw/АК Барс/АК Барс  Индекс МосБиржи/2022-04-29.xlsx
АК Барс,АК Барс – Индекс МосБиржи,2022-05-31,https://www.akbars-capital.ru/upload/iblock/a7a/%D0%A1%D0%BF%D1%80%D0%B0%D0%B2%D0%BA%D0%B0%20%D0%A1%D0%A7%D0%90_30.05.2022-31.05.2022_%D0%9E%D0%9F%D0%98%D0%A4%20%D0%98%D0%BD%D0%B4%D0%B5%D0%BA%D1%81%D0%BD%D1%8B%D0%B9.xlsx,raw/АК Барс/АК Барс  Индекс МосБиржи/2022-05-31.xlsx
АК Барс,АК Барс – Индекс МосБиржи,2022-06-30,https://www.akbars-capital.ru/upload/iblock/a61/%D0%A1%D0%BF%D1%80%D0%B0%D0%B2%D0%BA%D0%B0%20%D0%A1%D0%A7%D0%90_29.06.2022-30.06.2022_%D0%9E%D0%9F%D0%98%D0%A4%20%D0%98%D0%BD%D0%B4%D0%B5%D0%BA%D1%81%D0%BD%D1%8B%D0%B9.xlsx,raw/АК Барс/АК Барс  Индекс МосБиржи/2022-06-30.xlsx
АК Барс,АК Барс – Индекс МосБиржи,2022-07-29,https://www.akbars-capital.ru/upload/iblock/147/%D0%A1%D0%BF%D1%80%D0%B0%D0%B2%D0%BA%D0%B0%20%D0%A1%D0%A7%D0%90_28.07.2022-29.07.2022_%D0%9E%D0%9F%D0%98%D0%A4%20%D0%90%D0%9A%20%D0%91%D0%90%D0%A0%D0%A1-%20%D0%98%D0%BD%D0%B4%D0%B5%D0%BA%D1%81%D0%BD%D1%8B%D0%B9.xlsx,raw/АК Барс/АК Барс  Индекс МосБиржи/2022-07-29.xlsx
АК Барс,АК Барс – Индекс МосБиржи,2022-08-31,https://www.akbars-capital.ru/upload/iblock/6f2/%D0%A1%D0%BF%D1%80%D0%B0%D0%B2%D0%BA%D0%B0%20%D0%A1%D0%A7%D0%90_30.08.2022-31.08.2022_%D0%9E%D0%9F%D0%98%D0%A4%20%D0%90%D0%9A%20%D0%91%D0%90%D0%A0%D0%A1-%20%D0%98%D0%BD%D0%B4%D0%B5%D0%BA%D1%81%D0%BD%D1%8B%D0%B9.xlsx,raw/АК Барс/АК Барс  Индекс МосБиржи/2022-08-31.xlsx
АК Барс,АК Барс – Индекс МосБиржи,2022-09-30,https://www.akbars-capital.ru/upload/iblock/b29/%D0%A1%D0%BF%D1%80%D0%B0%D0%B2%D0%BA%D0%B0%20%D0%A1%D0%A7%D0%90_29.09.2022-30.09.2022_%D0%9E%D0%9F%D0%98%D0%A4%20%D0%90%D0%9A%20%D0%91%D0%90%D0%A0%D0%A1-%20%D0%98%D0%BD%D0%B4%D0%B5%D0%BA%D1%81%D0%BD%D1%8B%D0%B9.xlsx,raw/АК Барс/АК Барс  Индекс МосБиржи/2022-09-30.xlsx
АК Барс,АК Барс – Индекс МосБиржи,2022-10-31,https://www.akbars-capital.ru/upload/iblock/019/%D0%A1%D0%BF%D1%80%D0%B0%D0%B2%D0%BA%D0%B0%20%D0%A1%D0%A7%D0%90_28.10.2022-31.10.2022_%D0%9E%D0%9F%D0%98%D0%A4%20%D0%90%D0%9A%20%D0%91%D0%90%D0%A0%D0%A1-%20%D0%98%D0%BD%D0%B4%D0%B5%D0%BA%D1%81%D0%BD%D1%8B%D0%B9.xlsx,raw/АК Барс/АК Барс  Индекс МосБиржи/2022-10-31.xlsx
АК Барс,АК Барс – Индекс МосБиржи,2022-11-30,https://www.akbars-capital.ru/upload/iblock/80a/i8ch7bql4rwvd0qk1zx5fdxiaqgh19uz/%D0%A1%D0%BF%D1%80%D0%B0%D0%B2%D0%BA%D0%B0%20%D0%A1%D0%A7%D0%90_29.11.2022-30.11.2022_%D0%9E%D0%9F%D0%98%D0%A4%20%D0%90%D0%9A%20%D0%91%D0%90%D0%A0%D0%A1-%20%D0%98%D0%BD%D0%B4%D0%B5%D0%BA%D1%81%D0%BD%D1%8B%D0%B9.xlsx,raw/АК Барс/АК Барс  Индекс МосБиржи/2022-11-30.xlsx
АК Барс,АК Барс – Индекс МосБиржи,2022-12-30,https://www.akbars-capital.ru/upload/iblock/d36/6mhqmo8idp6tabx6fqf4bizsb519rnb8/%D0%A1%D0%BF%D1%80%D0%B0%D0%B2%D0%BA%D0%B0%20%D0%A1%D0%A7%D0%90_29.12.2022-30.12.2022_%D0%9E%D0%9F%D0%98%D0%A4%20%D0%90%D0%9A%20%D0%91%D0%90%D0%A0%D0%A1-%20%D0%98%D0%BD%D0%B4%D0%B5%D0%BA%D1%81%D0%BD%D1%8B%D0%B9.xlsx,raw/АК Барс/АК Барс  Индекс МосБиржи/2022-12-30.xlsx
АК Барс,АК Барс – Индекс МосБиржи,2023-01-31,https://www.akbars-capital.ru/upload/iblock/b50/mqvbxpryvir8pdagzuhuoiz0bl9rfhaz/%D0%A1%D0%BF%D1%80%D0%B0%D0%B2%D0%BA%D0%B0%20%D0%A1%D0%A7%D0%90_30.01.2023-31.01.2023_%D0%9E%D0%9F%D0%98%D0%A4%20%D0%90%D0%9A%20%D0%91%D0%90%D0%A0%D0%A1-%20%D0%98%D0%BD%D0%B4%D0%B5%D0%BA%D1%81%D0%BD%D1%8B%D0%B9.xlsx,raw/АК Барс/АК Барс  Индекс МосБиржи/2023-01-31.xlsx
АК Барс,АК Барс – Индекс МосБиржи,2023-02-28,https://www.akbars-capital.ru/upload/iblock/3ef/medtzaw3hxcokctjkpcm50wpivvvld8c/%D0%A1%D0%BF%D1%80%D0%B0%D0%B2%D0%BA%D0%B0%20%D0%A1%D0%A7%D0%90_27.02.2023-28.02.2023_%D0%9E%D0%9F%D0%98%D0%A4%20%D0%90%D0%9A%20%D0%91%D0%90%D0%A0%D0%A1-%20%D0%98%D0%BD%D0%B4%D0%B5%D0%BA%D1%81%D0%BD%D1%8B%D0%B9.xlsx,raw/АК Барс/АК Барс  Индекс МосБиржи/2023-02-28.xlsx
АК Барс,АК Барс – Индекс МосБиржи,2023-03-31,https://www.akbars-capital.ru/upload/iblock/bea/omqsnuqv11i1rp5nbw60c06cnzngarvb/%D0%A1%D0%BF%D1%80%D0%B0%D0%B2%D0%BA%D0%B0%20%D0%A1%D0%A7%D0%90_30.03.2023-31.03.2023_%D0%9E%D0%9F%D0%98%D0%A4%20%D0%90%D0%9A%20%D0%91%D0%90%D0%A0%D0%A1-%20%D0%98%D0%BD%D0%B4%D0%B5%D0%BA%D1%81%D0%BD%D1%8B%D0%B9.xlsx,raw/АК Барс/АК Барс  Индекс МосБиржи/2023-03-31.xlsx
АК Барс,АК Барс – Индекс МосБиржи,2023-05-31,https://www.akbars-capital.ru/upload/iblock/327/df7lleyelnh8oaeq7bsskpf9fdpqr9yy/%D0%A1%D0%BF%D1%80%D0%B0%D0%B2%D0%BA%D0%B0%20%D0%A1%D0%A7%D0%90_01.05.2023-31.05.2023_%D0%9E%D0%9F%D0%98%D0%A4%20%D0%90%D0%9A%20%D0%91%D0%90%D0%A0%D0%A1-%20%D0%98%D0%BD%D0%B4%D0%B5%D0%BA%D1%81%D0%BD%D1%8B%D0%B9.xlsx,raw/АК Барс/АК Барс  Индекс МосБиржи/2023-05-31.xlsx
АК Барс,АК Барс – Индекс МосБиржи,2023-06-30,https://www.akbars-capital.ru/upload/iblock/2e8/ducg3ptprx5s6ef6d6x4wkxf43pu7up1/%D0%A1%D0%BF%D1%80%D0%B0%D0%B2%D0%BA%D0%B0%20%D0%A1%D0%A7%D0%90_01.06.2023-30.06.2023_%D0%9E%D0%9F%D0%98%D0%A4%20%D0%90%D0%9A%20%D0%91%D0%90%D0%A0%D0%A1-%20%D0%98%D0%BD%D0%B4%D0%B5%D0%BA%D1%81%D0%BD%D1%8B%D0%B9.xlsx,raw/АК Барс/АК Барс  Индекс МосБиржи/2023-06-30.xlsx
АК Барс,АК Барс – Индекс МосБиржи,2023-07-31,https://www.akbars-capital.ru/upload/iblock/1ee/haz9sghda8b1mwh3qa66belg5pqu579t/%D0%A1%D0%BF%D1%80%D0%B0%D0%B2%D0%BA%D0%B0%20%D0%A1%D0%A7%D0%90_01.07.2023-31.07.2023_%D0%9E%D0%9F%D0%98%D0%A4%20%D0%90%D0%9A%20%D0%91%D0%90%D0%A0%D0%A1-%20%D0%98%D0%BD%D0%B4%D0%B5%D0%BA%D1%81%D0%BD%D1%8B%D0%B9.xlsx,raw/АК Барс/АК Барс  Индекс МосБиржи/2023-07-31.xlsx
АК Барс,АК Барс – Индекс МосБиржи,2023-08-31,https://www.akbars-capital.ru/upload/iblock/e2e/l2u0088i1sz8amjhxbrhpiz7ggvjcmnf/%D0%A1%D0%BF%D1%80%D0%B0%D0%B2%D0%BA%D0%B0%20%D0%A1%D0%A7%D0%90_01.08.2023-31.08.2023_%D0%9E%D0%9F%D0%98%D0%A4%20%D0%90%D0%9A%20%D0%91%D0%90%D0%A0%D0%A1-%20%D0%98%D0%BD%D0%B4%D0%B5%D0%BA%D1%81%D0%BD%D1%8B%D0%B9.xlsx,raw/АК Барс/АК Барс  Индекс МосБиржи/2023-08-31.xlsx
АК Барс,АК Барс – Индекс МосБиржи,2023-09-29,https://www.akbars-capital.ru/upload/iblock/ecd/mu287xdbbl9kxvvyaecmrz5cncg2ki49/%D0%A1%D0%BF%D1%80%D0%B0%D0%B2%D0%BA%D0%B0%20%D0%A1%D0%A7%D0%90_01.09.2023-29.09.2023_%D0%9E%D0%9F%D0%98%D0%A4%20%D0%90%D0%9A%20%D0%91%D0%90%D0%A0%D0%A1-%20%D0%98%D0%BD%D0%B4%D0%B5%D0%BA%D1%81%D0%BD%D1%8B%D0%B9.xlsx,raw/АК Барс/АК Барс  Индекс МосБиржи/2023-09-29.xlsx
АК Барс,АК Барс – Индекс МосБиржи,2023-10-31,https://www.akbars-capital.ru/upload/iblock/435/gko832c1ic730bjzqy653d6x81laqsko/%D0%A1%D0%BF%D1%80%D0%B0%D0%B2%D0%BA%D0%B0%20%D0%A1%D0%A7%D0%90_01.10.2023-31.10.2023_%D0%9E%D0%9F%D0%98%D0%A4%20%D0%90%D0%9A%20%D0%91%D0%90%D0%A0%D0%A1-%20%D0%98%D0%BD%D0%B4%D0%B5%D0%BA%D1%81%D0%BD%D1%8B%D0%B9.xlsx,raw/АК Барс/АК Барс  Индекс МосБиржи/2023-10-31.xlsx
АК Барс,АК Барс – Индекс МосБиржи,2023-11-30,https://www.akbars-capital.ru/upload/iblock/315/e8hnsikgy154p0fuvhd7l7id41n1azlm/%D0%A1%D0%BF%D1%80%D0%B0%D0%B2%D0%BA%D0%B0%20%D0%A1%D0%A7%D0%90_01.11.2023-30.11.2023_%D0%9E%D0%9F%D0%98%D0%A4%20%D0%90%D0%9A%20%D0%91%D0%90%D0%A0%D0%A1-%20%D0%98%D0%BD%D0%B4%D0%B5%D0%BA%D1%81%D0%BD%D1%8B%D0%B9.xlsx,raw/АК Барс/АК Барс  Индекс МосБиржи/2023-11-30.xlsx
АК Барс,АК Барс – Индекс МосБиржи,2023-12-29,https://www.akbars-capital.ru/upload/iblock/7b9/4hpapir4b5h76nioaz5xfg4s8pp6u5c5/%D0%A1%D0%BF%D1%80%D0%B0%D0%B2%D0%BA%D0%B0%20%D0%A1%D0%A7%D0%90_01.12.2023-29.12.2023_%D0%9E%D0%9F%D0%98%D0%A4%20%D0%90%D0%9A%20%D0%91%D0%90%D0%A0%D0%A1-%20%D0%98%D0%BD%D0%B4%D0%B5%D0%BA%D1%81%D0%BD%D1%8B%D0%B9.xlsx,raw/АК Барс/АК Барс  Индекс МосБиржи/2023-12-29.xlsx
АК Барс,АК Барс – Индекс МосБиржи,2024-01-31,https://www.akbars-capital.ru/upload/iblock/cd7/2i1tura3z42x21ba3k66qzew3bap4py4/%D0%A1%D0%BF%D1%80%D0%B0%D0%B2%D0%BA%D0%B0%20%D0%A1%D0%A7%D0%90_01.01.2024-31.01.2024_%D0%9E%D0%9F%D0%98%D0%A4%20%D0%90%D0%9A%20%D0%91%D0%90%D0%A0%D0%A1-%20%D0%98%D0%BD%D0%B4%D0%B5%D0%BA%D1%81%D0%BD%D1%8B%D0%B9.xlsx,raw/АК Барс/АК Барс  Индекс МосБиржи/2024-01-31.xlsx
АК Барс,АК Барс – Индекс МосБиржи,2024-02-29,https://www.akbars-capital.ru/upload/iblock/ac5/thfwfp3sjgjskayf3d0p6q8e71aarkrm/%D0%A1%D0%BF%D1%80%D0%B0%D0%B2%D0%BA%D0%B0%20%D0%A1%D0%A7%D0%90_01.02.2024-29.02.2024_%D0%9E%D0%9F%D0%98%D0%A4%20%D0%90%D0%9A%20%D0%91%D0%90%D0%A0%D0%A1-%20%D0%98%D0%BD%D0%B4%D0%B5%D0%BA%D1%81%D0%BD%D1%8B%D0%B9.xlsx,raw/АК Барс/АК Барс  Индекс МосБиржи/2024-02-29.xlsx
АК Барс,АК Барс – Индекс МосБиржи,2024-03-29,https://www.akbars-capital.ru/upload/iblock/418/q1wnmfzotzjjd4bgcyfngf5s0fn1cqf1/%D0%A1%D0%BF%D1%80%D0%B0%D0%B2%D0%BA%D0%B0%20%D0%A1%D0%A7%D0%90_01.03.2024-29.03.2024_%D0%9E%D0%9F%D0%98%D0%A4%20%D0%90%D0%9A%20%D0%91%D0%90%D0%A0%D0%A1-%20%D0%98%D0%BD%D0%B4%D0%B5%D0%BA%D1%81%D0%BD%D1%8B%D0%B9.xlsx,raw/АК Барс/АК Барс  Индекс МосБиржи/2024-03-29.xlsx
АК Барс,АК Барс – Индекс МосБиржи,2024-04-27,https://www.akbars-capital.ru/upload/iblock/17e/5yzlju67afmd3u0v6ukvs725ubbx2pvu/%D0%A1%D0%BF%D1%80%D0%B0%D0%B2%D0%BA%D0%B0%20%D0%A1%D0%A7%D0%90_01.04.2024-27.04.2024_%D0%9E%D0%9F%D0%98%D0%A4%20%D0%90%D0%9A%20%D0%91%D0%90%D0%A0%D0%A1-%20%D0%98%D0%BD%D0%B4%D0%B5%D0%BA%D1%81%D0%BD%D1%8B%D0%B9.xlsx,raw/АК Барс/АК Барс  Индекс МосБиржи/2024-04-27.xlsx
АК Барс,АК Барс – Индекс МосБиржи,2024-05-31,https://www.akbars-capital.ru/upload/iblock/c10/ji2efb0c2zx0fybtnp5p1xdxgslhe27z/%D0%A1%D0%BF%D1%80%D0%B0%D0%B2%D0%BA%D0%B0%20%D0%A1%D0%A7%D0%90_01.05.2024-31.05.2024_%D0%9E%D0%9F%D0%98%D0%A4%20%D0%90%D0%9A%20%D0%91%D0%90%D0%A0%D0%A1-%20%D0%98%D0%BD%D0%B4%D0%B5%D0%BA%D1%81%D0%BD%D1%8B%D0%B9.xls,raw/АК Барс/АК Барс  Индекс МосБиржи/2024-05-31.xls
АК Барс,АК Барс – Индекс МосБиржи,2024-06-28,https://www.akbars-capital.ru/upload/iblock/2a3/un7u0u2l1nvs30xytl9op6cef6dq0n1c/%D0%A1%D0%BF%D1%80%D0%B0%D0%B2%D0%BA%D0%B0%20%D0%A1%D0%A7%D0%90_01.06.2024-28.06.2024_%D0%9E%D0%9F%D0%98%D0%A4%20%D0%90%D0%9A%20%D0%91%D0%90%D0%A0%D0%A1-%20%D0%98%D0%BD%D0%B4%D0%B5%D0%BA%D1%81%D0%BD%D1%8B%D0%B9.xlsx,raw/АК Барс/АК Барс  Индекс МосБиржи/2024-06-28.xlsx
АК Барс,АК Барс – Индекс МосБиржи,2024-07-31,https://www.akbars-capital.ru/upload/iblock/83e/c8o6b6myujf2yphb9svdr0jbyvdob55c/%D0%A1%D0%BF%D1%80%D0%B0%D0%B2%D0%BA%D0%B0%20%D0%A1%D0%A7%D0%90_01.07.2024-31.07.2024_%D0%9E%D0%9F%D0%98%D0%A4%20%D0%90%D0%9A%20%D0%91%D0%90%D0%A0%D0%A1-%20%D0%98%D0%BD%D0%B4%D0%B5%D0%BA%D1%81%D0%BD%D1%8B%D0%B9.xlsx,raw/АК Барс/АК Барс  Индекс МосБиржи/2024-07-31.xlsx
АК Барс,АК Барс – Индекс МосБиржи,2024-08-30,https://www.akbars-capital.ru/upload/iblock/b03/tujhxegb57cedh2l9cxfxwms10kkuov9/%D0%A1%D0%BF%D1%80%D0%B0%D0%B2%D0%BA%D0%B0%20%D0%A1%D0%A7%D0%90_01.08.2024-30.08.2024_%D0%9E%D0%9F%D0%98%D0%A4%20%D1%80%D1%8B%D0%BD%D0%BE%D1%87%D0%BD%D1%8B%D1%85%20%D1%84%D0%B8%D0%BD%D0%B0%D0%BD%D1%81%D0%BE%D0%B2%D1%8B%D1%85%20%D0%B8%D0%BD%D1%81%D1%82%D1%80%D1%83%D0%BC%D0%B5%D0%BD%D1%82%D0%BE%D0%B2%20_%D0%90%D0%9A%20%D0%91%D0%90%D0%A0%D0%A1%20-%20%D0%A6%D0%B8%D1%84%D1%80%D0%BE%D0%B2%D1%8B%D0%B5%20%D0%BB%D0%B8%D0%B4%D0%B5%D1%80%D1%8B_.xlsx,raw/АК Барс/АК Барс  Индекс МосБиржи/2024-08-30.xlsx
АК Барс,АК Барс – Индекс МосБиржи,2024-09-30,https://www.akbars-capital.ru/upload/iblock/fc7/rmu8y3a5taxbsxq4hqtnopxckk104zxv/%D0%A1%D0%BF%D1%80%D0%B0%D0%B2%D0%BA%D0%B0%20%D0%A1%D0%A7%D0%90_01.09.2024-30.09.2024_%D0%9E%D0%9F%D0%98%D0%A4%20%D1%80%D1%8B%D0%BD%D0%BE%D1%87%D0%BD%D1%8B%D1%85%20%D1%84%D0%B8%D0%BD%D0%B0%D0%BD%D1%81%D0%BE%D0%B2%D1%8B%D1%85%20%D0%B8%D0%BD%D1%81%D1%82%D1%80%D1%83%D0%BC%D0%B5%D0%BD%D1%82%D0%BE%D0%B2%20_%D0%90%D0%9A%20%D0%91%D0%90%D0%A0%D0%A1%20-%20%D0%A6%D0%B8%D1%84%D1%80%D0%BE%D0%B2%D1%8B%D0%B5%20%D0%BB%D0%B8%D0%B4%D0%B5%D1%80%D1%8B_.xlsx,raw/АК Барс/АК Барс  Индекс МосБиржи/2024-09-30.xlsx
АК Барс,АК Барс – Индекс МосБиржи,2024-10-31,https://www.akbars-capital.ru/upload/iblock/40b/e68uiv06thxxxw79i028pp156bwbm2hx/%D0%A1%D0%BF%D1%80%D0%B0%D0%B2%D0%BA%D0%B0%20%D0%A1%D0%A7%D0%90_01.10.2024-31.10.2024_%D0%9E%D0%9F%D0%98%D0%A4%20%D1%80%D1%8B%D0%BD%D0%BE%D1%87%D0%BD%D1%8B%D1%85%20%D1%84%D0%B8%D0%BD%D0%B0%D0%BD%D1%81%D0%BE%D0%B2%D1%8B%D1%85%20%D0%B8%D0%BD%D1%81%D1%82%D1%80%D1%83%D0%BC%D0%B5%D0%BD%D1%82%D0%BE%D0%B2%20_%D0%90%D0%9A%20%D0%91%D0%90%D0%A0%D0%A1%20-%20%D0%A6%D0%B8%D1%84%D1%80%D0%BE%D0%B2%D1%8B%D0%B5%20%D0%BB%D0%B8%D0%B4%D0%B5%D1%80%D1%8B_.xlsx,raw/АК Барс/АК Барс  Индекс МосБиржи/2024-10-31.xlsx
АК Барс,АК Барс – Индекс МосБиржи,2024-11-29,https://www.akbars-capital.ru/upload/iblock/3eb/20ryfk5tp724o9nn84nx9z7jow54n1a6/%D0%A1%D0%BF%D1%80%D0%B0%D0%B2%D0%BA%D0%B0%20%D0%A1%D0%A7%D0%90_01.11.2024-29.11.2024_%D0%9E%D0%9F%D0%98%D0%A4%20%D1%80%D1%8B%D0%BD%D0%BE%D1%87%D0%BD%D1%8B%D1%85%20%D1%84%D0%B8%D0%BD%D0%B0%D0%BD%D1%81%D0%BE%D0%B2%D1%8B%D1%85%20%D0%B8%D0%BD%D1%81%D1%82%D1%80%D1%83%D0%BC%D0%B5%D0%BD%D1%82%D0%BE%D0%B2%20_%D0%90%D0%9A%20%D0%91%D0%90%D0%A0%D0%A1%20-%20%D0%A6%D0%B8%D1%84%D1%80%D0%BE%D0%B2%D1%8B%D0%B5%20%D0%BB%D0%B8%D0%B4%D0%B5%D1%80%D1%8B_.xlsx,raw/АК Барс/АК Барс  Индекс МосБиржи/2024-11-29.xlsx
АК Барс,АК Барс – Индекс МосБиржи,2024-12-28,https://www.akbars-capital.ru/upload/iblock/942/d8k8jwvmn3kjyv4nljauquy4td1y22do/%D0%A1%D0%BF%D1%80%D0%B0%D0%B2%D0%BA%D0%B0%20%D0%A1%D0%A7%D0%90_01.12.2024-28.12.2024_%D0%9E%D0%9F%D0%98%D0%A4%20%D1%80%D1%8B%D0%BD%D0%BE%D1%87%D0%BD%D1%8B%D1%85%20%D1%84%D0%B8%D0%BD%D0%B0%D0%BD%D1%81%D0%BE%D0%B2%D1%8B%D1%85%20%D0%B8%D0%BD%D1%81%D1%82%D1%80%D1%83%D0%BC%D0%B5%D0%BD%D1%82%D0%BE%D0%B2%20_%D0%90%D0%9A%20%D0%91%D0%90%D0%A0%D0%A1%20-%20%D0%A6%D0%B8%D1%84%D1%80%D0%BE%D0%B2%D1%8B%D0%B5%20%D0%BB%D0%B8%D0%B4%D0%B5%D1%80%D1%8B_.xlsx,raw/АК Барс/АК Барс  Индекс МосБиржи/2024-12-28.xlsx
АК Барс,АК Барс – Индекс МосБиржи,2025-01-31,https://www.akbars-capital.ru/upload/iblock/52e/tsh8nggub05aseyinixztafa3rt77att/%D0%A1%D0%BF%D1%80%D0%B0%D0%B2%D0%BA%D0%B0%20%D0%A1%D0%A7%D0%90_01.01.2025-31.01.2025_%D0%9E%D0%9F%D0%98%D0%A4%20%D1%80%D1%8B%D0%BD%D0%BE%D1%87%D0%BD%D1%8B%D1%85%20%D1%84%D0%B8%D0%BD%D0%B0%D0%BD%D1%81%D0%BE%D0%B2%D1%8B%D1%85%20%D0%B8%D0%BD%D1%81%D1%82%D1%80%D1%83%D0%BC%D0%B5%D0%BD%D1%82%D0%BE%D0%B2%20_%D0%90%D0%9A%20%D0%91%D0%90%D0%A0%D0%A1%20-%20%D0%A6%D0%B8%D1%84%D1%80%D0%BE%D0%B2%D1%8B%D0%B5%20%D0%BB%D0%B8%D0%B4%D0%B5%D1%80%D1%8B_.xlsx,raw/АК Барс/АК Барс  Индекс МосБиржи/2025-01-31.xlsx
АК Барс,АК Барс – Индекс МосБиржи,2025-02-28,https://www.akbars-capital.ru/upload/iblock/09b/ixc7rnlhab6b5jsczn3o7n0zg73s4kgu/%D0%A1%D0%BF%D1%80%D0%B0%D0%B2%D0%BA%D0%B0%20%D0%A1%D0%A7%D0%90_01.02.2025-28.02.2025_%D0%9E%D0%9F%D0%98%D0%A4%20%D1%80%D1%8B%D0%BD%D0%BE%D1%87%D0%BD%D1%8B%D1%85%20%D1%84%D0%B8%D0%BD%D0%B0%D0%BD%D1%81%D0%BE%D0%B2%D1%8B%D1%85%20%D0%B8%D0%BD%D1%81%D1%82%D1%80%D1%83%D0%BC%D0%B5%D0%BD%D1%82%D0%BE%D0%B2%20_%D0%90%D0%9A%20%D0%91%D0%90%D0%A0%D0%A1%20-%20%D0%A6%D0%B8%D1%84%D1%80%D0%BE%D0%B2%D1%8B%D0%B5%20%D0%BB%D0%B8%D0%B4%D0%B5%D1%80%D1%8B_.xlsx,raw/АК Барс/АК Барс  Индекс МосБиржи/2025-02-28.xlsx
АК Барс,АК Барс – Индекс МосБиржи,2025-03-31,https://www.akbars-capital.ru/upload/iblock/b2f/t18t17p57ssi7xchudr0ltxjn2d50eml/%D0%A1%D0%BF%D1%80%D0%B0%D0%B2%D0%BA%D0%B0%20%D0%A1%D0%A7%D0%90_01.03.2025-31.03.2025_%D0%9E%D0%9F%D0%98%D0%A4%20%D1%80%D1%8B%D0%BD%D0%BE%D1%87%D0%BD%D1%8B%D1%85%20%D1%84%D0%B8%D0%BD%D0%B0%D0%BD%D1%81%D0%BE%D0%B2%D1%8B%D1%85%20%D0%B8%D0%BD%D1%81%D1%82%D1%80%D1%83%D0%BC%D0%B5%D0%BD%D1%82%D0%BE%D0%B2%20_%D0%90%D0%9A%20%D0%91%D0%90%D0%A0%D0%A1%20-%20%D0%A6%D0%B8%D1%84%D1%80%D0%BE%D0%B2%D1%8B%D0%B5%20%D0%BB%D0%B8%D0%B4%D0%B5%D1%80%D1%8B_.xlsx,raw/АК Барс/АК Барс  Индекс МосБиржи/2025-03-31.xlsx
АК Барс,АК Барс – Индекс МосБиржи,2025-04-30,https://www.akbars-capital.ru/upload/iblock/d05/ey1vc4nl9j0jo9zzwofroplg60t6d4z2/%D0%A1%D0%BF%D1%80%D0%B0%D0%B2%D0%BA%D0%B0%20%D0%A1%D0%A7%D0%90_01.04.2025-30.04.2025_%D0%9E%D0%9F%D0%98%D0%A4%20%D1%80%D1%8B%D0%BD%D0%BE%D1%87%D0%BD%D1%8B%D1%85%20%D1%84%D0%B8%D0%BD%D0%B0%D0%BD%D1%81%D0%BE%D0%B2%D1%8B%D1%85%20%D0%B8%D0%BD%D1%81%D1%82%D1%80%D1%83%D0%BC%D0%B5%D0%BD%D1%82%D0%BE%D0%B2%20_%D0%90%D0%9A%20%D0%91%D0%90%D0%A0%D0%A1%20-%20%D0%A6%D0%B8%D1%84%D1%80%D0%BE%D0%B2%D1%8B%D0%B5%20%D0%BB%D0%B8%D0%B4%D0%B5%D1%80%D1%8B_.xlsx,raw/АК Барс/АК Барс  Индекс МосБиржи/2025-04-30.xlsx
АК Барс,АК Барс – Индекс МосБиржи,2025-05-30,https://www.akbars-capital.ru/upload/iblock/249/3wmogrhxwpwe3zf9j9xox77txl4ajux9/%D0%A1%D0%BF%D1%80%D0%B0%D0%B2%D0%BA%D0%B0%20%D0%A1%D0%A7%D0%90_01.05.2025-30.05.2025_%D0%9E%D0%9F%D0%98%D0%A4%20%D1%80%D1%8B%D0%BD%D0%BE%D1%87%D0%BD%D1%8B%D1%85%20%D1%84%D0%B8%D0%BD%D0%B0%D0%BD%D1%81%D0%BE%D0%B2%D1%8B%D1%85%20%D0%B8%D0%BD%D1%81%D1%82%D1%80%D1%83%D0%BC%D0%B5%D0%BD%D1%82%D0%BE%D0%B2%20_%D0%90%D0%9A%20%D0%91%D0%90%D0%A0%D0%A1%20-%20%D0%A6%D0%B8%D1%84%D1%80%D0%BE%D0%B2%D1%8B%D0%B5%20%D0%BB%D0%B8%D0%B4%D0%B5%D1%80%D1%8B_.xlsx,raw/АК Барс/АК Барс  Индекс МосБиржи/2025-05-30.xlsx
АК Барс,АК Барс – Индекс МосБиржи,2025-06-30,https://www.akbars-capital.ru/upload/iblock/e75/7fwxb5rlshj2nwqwm10xdc5vhdgti2pd/%D0%A1%D0%BF%D1%80%D0%B0%D0%B2%D0%BA%D0%B0%20%D0%A1%D0%A7%D0%90_01.06.2025-30.06.2025_%D0%9E%D0%9F%D0%98%D0%A4%20%D1%80%D1%8B%D0%BD%D0%BE%D1%87%D0%BD%D1%8B%D1%85%20%D1%84%D0%B8%D0%BD%D0%B0%D0%BD%D1%81%D0%BE%D0%B2%D1%8B%D1%85%20%D0%B8%D0%BD%D1%81%D1%82%D1%80%D1%83%D0%BC%D0%B5%D0%BD%D1%82%D0%BE%D0%B2%20_%D0%90%D0%9A%20%D0%91%D0%90%D0%A0%D0%A1%20-%20%D0%A6%D0%B8%D1%84%D1%80%D0%BE%D0%B2%D1%8B%D0%B5%20%D0%BB%D0%B8%D0%B4%D0%B5%D1%80%D1%8B_.xlsx,raw/АК Барс/АК Барс  Индекс МосБиржи/2025-06-30.xlsx
АК Барс,АК Барс – Индекс МосБиржи,2025-07-31,https://www.akbars-capital.ru/upload/iblock/5ce/4ukemmrhdlhmltgk29hxmoopbttlrh3j/%D0%A1%D0%BF%D1%80%D0%B0%D0%B2%D0%BA%D0%B0%20%D0%A1%D0%A7%D0%90_01.07.2025-31.07.2025_%D0%9E%D0%9F%D0%98%D0%A4%20%D1%80%D1%8B%D0%BD%D0%BE%D1%87%D0%BD%D1%8B%D1%85%20%D1%84%D0%B8%D0%BD%D0%B0%D0%BD%D1%81%D0%BE%D0%B2%D1%8B%D1%85%20%D0%B8%D0%BD%D1%81%D1%82%D1%80%D1%83%D0%BC%D0%B5%D0%BD%D1%82%D0%BE%D0%B2%20_%D0%90%D0%9A%20%D0%91%D0%90%D0%A0%D0%A1%20-%20%D0%A6%D0%B8%D1%84%D1%80%D0%BE%D0%B2%D1%8B%D0%B5%20%D0%BB%D0%B8%D0%B4%D0%B5%D1%80%D1%8B_.xlsx,raw/АК Барс/АК Барс  Индекс МосБиржи/2025-07-31.xlsx
АК Барс,АК Барс – Индекс МосБиржи,2025-08-29,https://www.akbars-capital.ru/upload/iblock/643/1n8chrpm79cmn6507or951nyuqp31dhf/%D0%A1%D0%BF%D1%80%D0%B0%D0%B2%D0%BA%D0%B0%20%D0%A1%D0%A7%D0%90_01.08.2025-29.08.2025_%D0%9E%D0%9F%D0%98%D0%A4%20%D1%80%D1%8B%D0%BD%D0%BE%D1%87%D0%BD%D1%8B%D1%85%20%D1%84%D0%B8%D0%BD%D0%B0%D0%BD%D1%81%D0%BE%D0%B2%D1%8B%D1%85%20%D0%B8%D0%BD%D1%81%D1%82%D1%80%D1%83%D0%BC%D0%B5%D0%BD%D1%82%D0%BE%D0%B2%20_%D0%90%D0%9A%20%D0%91%D0%90%D0%A0%D0%A1%20-%20%D0%A6%D0%B8%D1%84%D1%80%D0%BE%D0%B2%D1%8B%D0%B5%20%D0%BB%D0%B8%D0%B4%D0%B5%D1%80%D1%8B_.xlsx,raw/АК Барс/АК Барс  Индекс МосБиржи/2025-08-29.xlsx
АК Барс,АК Барс – Индекс МосБиржи,2025-09-30,https://www.akbars-capital.ru/upload/iblock/15c/w31uca802rkqpi7uppf4nspl8ua4l5sz/%D0%A1%D0%BF%D1%80%D0%B0%D0%B2%D0%BA%D0%B0%20%D0%A1%D0%A7%D0%90_01.09.2025-30.09.2025_%D0%9E%D0%9F%D0%98%D0%A4%20%D1%80%D1%8B%D0%BD%D0%BE%D1%87%D0%BD%D1%8B%D1%85%20%D1%84%D0%B8%D0%BD%D0%B0%D0%BD%D1%81%D0%BE%D0%B2%D1%8B%D1%85%20%D0%B8%D0%BD%D1%81%D1%82%D1%80%D1%83%D0%BC%D0%B5%D0%BD%D1%82%D0%BE%D0%B2%20_%D0%90%D0%9A%20%D0%91%D0%90%D0%A0%D0%A1%20-%20%D0%A6%D0%B8%D1%84%D1%80%D0%BE%D0%B2%D1%8B%D0%B5%20%D0%BB%D0%B8%D0%B4%D0%B5%D1%80%D1%8B_.xlsx,raw/АК Барс/АК Барс  Индекс МосБиржи/2025-09-30.xlsx
АК Барс,АК Барс – Индекс МосБиржи,2025-10-31,https://www.akbars-capital.ru/upload/iblock/e70/4l22vg3e0gon1gl372sa3o1yilo5jiat/%D0%A1%D0%BF%D1%80%D0%B0%D0%B2%D0%BA%D0%B0%20%D0%A1%D0%A7%D0%90_01.10.2025-31.10.2025_%D0%9E%D0%9F%D0%98%D0%A4%20%D1%80%D1%8B%D0%BD%D0%BE%D1%87%D0%BD%D1%8B%D1%85%20%D1%84%D0%B8%D0%BD%D0%B0%D0%BD%D1%81%D0%BE%D0%B2%D1%8B%D1%85%20%D0%B8%D0%BD%D1%81%D1%82%D1%80%D1%83%D0%BC%D0%B5%D0%BD%D1%82%D0%BE%D0%B2%20_%D0%90%D0%9A%20%D0%91%D0%90%D0%A0%D0%A1%20-%20%D0%A6%D0%B8%D1%84%D1%80%D0%BE%D0%B2%D1%8B%D0%B5%20%D0%BB%D0%B8%D0%B4%D0%B5%D1%80%D1%8B_.xlsx,raw/АК Барс/АК Барс  Индекс МосБиржи/2025-10-31.xlsx
АК Барс,АК Барс – Индекс МосБиржи,2025-11-28,https://www.akbars-capital.ru/upload/iblock/1b9/gpov3yj0vpit9etp8j04ttn3cfnh2qkq/%D0%A1%D0%BF%D1%80%D0%B0%D0%B2%D0%BA%D0%B0%20%D0%A1%D0%A7%D0%90_01.11.2025-28.11.2025_%D0%9E%D0%9F%D0%98%D0%A4%20%D1%80%D1%8B%D0%BD%D0%BE%D1%87%D0%BD%D1%8B%D1%85%20%D1%84%D0%B8%D0%BD%D0%B0%D0%BD%D1%81%D0%BE%D0%B2%D1%8B%D1%85%20%D0%B8%D0%BD%D1%81%D1%82%D1%80%D1%83%D0%BC%D0%B5%D0%BD%D1%82%D0%BE%D0%B2%20_%D0%90%D0%9A%20%D0%91%D0%90%D0%A0%D0%A1%20-%20%D0%A6%D0%B8%D1%84%D1%80%D0%BE%D0%B2%D1%8B%D0%B5%20%D0%BB%D0%B8%D0%B4%D0%B5%D1%80%D1%8B_.xlsx,raw/АК Барс/АК Барс  Индекс МосБиржи/2025-11-28.xlsx
АК Барс,АК Барс – Индекс МосБиржи,2025-12-30,https://www.akbars-capital.ru/upload/iblock/549/pmzpdpc7eubmqkq43yzl8owv7milgb90/%D0%A1%D0%BF%D1%80%D0%B0%D0%B2%D0%BA%D0%B0%20%D0%A1%D0%A7%D0%90_01.12.2025-30.12.2025_%D0%9E%D0%9F%D0%98%D0%A4%20%D1%80%D1%8B%D0%BD%D0%BE%D1%87%D0%BD%D1%8B%D1%85%20%D1%84%D0%B8%D0%BD%D0%B0%D0%BD%D1%81%D0%BE%D0%B2%D1%8B%D1%85%20%D0%B8%D0%BD%D1%81%D1%82%D1%80%D1%83%D0%BC%D0%B5%D0%BD%D1%82%D0%BE%D0%B2%20%C2%AB%D0%90%D0%9A%20%D0%91%D0%90%D0%A0%D0%A1%20%E2%80%93%20%D0%A6%D0%B8%D1%84%D1%80%D0%BE%D0%B2%D1%8B%D0%B5%20%D0%BB%D0%B8%D0%B4%D0%B5%D1%80%D1%8B%C2%BB.xls,raw/АК Барс/АК Барс  Индекс МосБиржи/2025-12-30.xls
АК Барс,АК Барс – Индекс МосБиржи,2026-01-30,https://www.akbars-capital.ru/upload/iblock/302/y5r7vb5xx0269fvpq0gd4s9budcmo0qg/%D0%A1%D0%BF%D1%80%D0%B0%D0%B2%D0%BA%D0%B0%20%D0%A1%D0%A7%D0%90_01.01.2026-30.01.2026_%D0%9E%D0%9F%D0%98%D0%A4%20%D1%80%D1%8B%D0%BD%D0%BE%D1%87%D0%BD%D1%8B%D1%85%20%D1%84%D0%B8%D0%BD%D0%B0%D0%BD%D1%81%D0%BE%D0%B2%D1%8B%D1%85%20%D0%B8%D0%BD%D1%81%D1%82%D1%80%D1%83%D0%BC%D0%B5%D0%BD%D1%82%D0%BE%D0%B2%20_%D0%90%D0%9A%20%D0%91%D0%90%D0%A0%D0%A1%20-%20%D0%A6%D0%B8%D1%84%D1%80%D0%BE%D0%B2%D1%8B%D0%B5%20%D0%BB%D0%B8%D0%B4%D0%B5%D1%80%D1%8B_.xlsx,raw/АК Барс/АК Барс  Индекс МосБиржи/2026-01-30.xlsx
АК Барс,АК Барс – Индекс МосБиржи,2026-02-27,https://www.akbars-capital.ru/upload/iblock/c5b/s0kecqoxl6fhrq2vdyujxsyj9ky1nspe/%D0%A1%D0%BF%D1%80%D0%B0%D0%B2%D0%BA%D0%B0%20%D0%A1%D0%A7%D0%90_01.02.2026-27.02.2026_%D0%9E%D0%9F%D0%98%D0%A4%20%D1%80%D1%8B%D0%BD%D0%BE%D1%87%D0%BD%D1%8B%D1%85%20%D1%84%D0%B8%D0%BD%D0%B0%D0%BD%D1%81%D0%BE%D0%B2%D1%8B%D1%85%20%D0%B8%D0%BD%D1%81%D1%82%D1%80%D1%83%D0%BC%D0%B5%D0%BD%D1%82%D0%BE%D0%B2%20_%D0%90%D0%9A%20%D0%91%D0%90%D0%A0%D0%A1%20-%20%D0%A6%D0%B8%D1%84%D1%80%D0%BE%D0%B2%D1%8B%D0%B5%20%D0%BB%D0%B8%D0%B4%D0%B5%D1%80%D1%8B_.xlsx,raw/АК Барс/АК Барс  Индекс МосБиржи/2026-02-27.xlsx
АК Барс,АК Барс – Индекс МосБиржи,2026-03-31,https://www.akbars-capital.ru/upload/iblock/5b6/ykd3t4j713wtc10s1mw2uzxzylq6tldb/%D0%A1%D0%BF%D1%80%D0%B0%D0%B2%D0%BA%D0%B0%20%D0%A1%D0%A7%D0%90_01.03.2026-31.03.2026_%D0%9E%D0%9F%D0%98%D0%A4%20%D1%80%D1%8B%D0%BD%D0%BE%D1%87%D0%BD%D1%8B%D1%85%20%D1%84%D0%B8%D0%BD%D0%B0%D0%BD%D1%81%D0%BE%D0%B2%D1%8B%D1%85%20%D0%B8%D0%BD%D1%81%D1%82%D1%80%D1%83%D0%BC%D0%B5%D0%BD%D1%82%D0%BE%D0%B2%20_%D0%90%D0%9A%20%D0%91%D0%90%D0%A0%D0%A1%20-%20%D0%A6%D0%B8%D1%84%D1%80%D0%BE%D0%B2%D1%8B%D0%B5%20%D0%BB%D0%B8%D0%B4%D0%B5%D1%80%D1%8B_.xlsx,raw/АК Барс/АК Барс  Индекс МосБиржи/2026-03-31.xlsx
АК Барс,АК Барс – Индекс МосБиржи,2026-04-30,https://www.akbars-capital.ru/upload/iblock/f90/w6qwvc0uqrkg04ucy3wguiyvxp8jc009/%D0%A1%D0%BF%D1%80%D0%B0%D0%B2%D0%BA%D0%B0%20%D0%A1%D0%A7%D0%90_01.04.2026-30.04.2026_%D0%9E%D0%9F%D0%98%D0%A4%20%D1%80%D1%8B%D0%BD%D0%BE%D1%87%D0%BD%D1%8B%D1%85%20%D1%84%D0%B8%D0%BD%D0%B0%D0%BD%D1%81%D0%BE%D0%B2%D1%8B%D1%85%20%D0%B8%D0%BD%D1%81%D1%82%D1%80%D1%83%D0%BC%D0%B5%D0%BD%D1%82%D0%BE%D0%B2%20_%D0%90%D0%9A%20%D0%91%D0%90%D0%A0%D0%A1%20-%20%D0%A6%D0%B8%D1%84%D1%80%D0%BE%D0%B2%D1%8B%D0%B5%20%D0%BB%D0%B8%D0%B4%D0%B5%D1%80%D1%8B_.xlsx,raw/АК Барс/АК Барс  Индекс МосБиржи/2026-04-30.xlsx
АК Барс,АК Барс – Индекс МосБиржи,2026-05-29,https://www.akbars-capital.ru/upload/iblock/f8e/yckyz5lmvoeesi11uajpolp2brkbt6qy/%D0%A1%D0%BF%D1%80%D0%B0%D0%B2%D0%BA%D0%B0%20%D0%A1%D0%A7%D0%90_01.05.2026-29.05.2026_%D0%9E%D0%9F%D0%98%D0%A4%20%D1%80%D1%8B%D0%BD%D0%BE%D1%87%D0%BD%D1%8B%D1%85%20%D1%84%D0%B8%D0%BD%D0%B0%D0%BD%D1%81%D0%BE%D0%B2%D1%8B%D1%85%20%D0%B8%D0%BD%D1%81%D1%82%D1%80%D1%83%D0%BC%D0%B5%D0%BD%D1%82%D0%BE%D0%B2%20_%D0%90%D0%9A%20%D0%91%D0%90%D0%A0%D0%A1%20-%20%D0%A6%D0%B8%D1%84%D1%80%D0%BE%D0%B2%D1%8B%D0%B5%20%D0%BB%D0%B8%D0%B4%D0%B5%D1%80%D1%8B_.xlsx,raw/АК Барс/АК Барс  Индекс МосБиржи/2026-05-29.xlsx
АК Барс,АК Барс – Индекс МосБиржи,2026-06-30,https://www.akbars-capital.ru/upload/iblock/4a8/5tuj518fn2e4qng9u4aog75eyj21gsu1/%D0%A1%D0%BF%D1%80%D0%B0%D0%B2%D0%BA%D0%B0%20%D0%A1%D0%A7%D0%90_01.06.2026-30.06.2026_%D0%9E%D0%9F%D0%98%D0%A4%20%D1%80%D1%8B%D0%BD%D0%BE%D1%87%D0%BD%D1%8B%D1%85%20%D1%84%D0%B8%D0%BD%D0%B0%D0%BD%D1%81%D0%BE%D0%B2%D1%8B%D1%85%20%D0%B8%D0%BD%D1%81%D1%82%D1%80%D1%83%D0%BC%D0%B5%D0%BD%D1%82%D0%BE%D0%B2%20_%D0%90%D0%9A%20%D0%91%D0%90%D0%A0%D0%A1%20-%20%D0%A6%D0%B8%D1%84%D1%80%D0%BE%D0%B2%D1%8B%D0%B5%20%D0%BB%D0%B8%D0%B4%D0%B5%D1%80%D1%8B_.xlsx,raw/АК Барс/АК Барс  Индекс МосБиржи/2026-06-30.xlsx
АК Барс,АК Барс – Индекс МосБиржи,2026-07-31,https://www.akbars-capital.ru/upload/iblock/d62/k0jvrb2lilmgvsmkn9oyea4mmtrreotd/%D0%A1%D0%BF%D1%80%D0%B0%D0%B2%D0%BA%D0%B0%20%D0%A1%D0%A7%D0%90_01.07.2026-31.07.2026_%D0%9E%D0%9F%D0%98%D0%A4%20%D1%80%D1%8B%D0%BD%D0%BE%D1%87%D0%BD%D1%8B%D1%85%20%D1%84%D0%B8%D0%BD%D0%B0%D0%BD%D1%81%D0%BE%D0%B2%D1%8B%D1%85%20%D0%B8%D0%BD%D1%81%D1%82%D1%80%D1%83%D0%BC%D0%B5%D0%BD%D1%82%D0%BE%D0%B2%20_%D0%90%D0%9A%20%D0%91%D0%90%D0%A0%D0%A1%20-%20%D0%A6%D0%B8%D1%84%D1%80%D0%BE%D0%B2%D1%8B%D0%B5%20%D0%BB%D0%B8%D0%B4%D0%B5%D1%80%D1%8B_.xlsx,raw/АК Барс/АК Барс  Индекс МосБиржи/2026-07-31.xlsx
АК Барс,АК Барс – Индекс МосБиржи,2026-08-31,https://www.akbars-capital.ru/upload/iblock/9ff/ii33fjcqe38eqylpbqn30eeswvy0pndy/%D0%A1%D0%BF%D1%80%D0%B0%D0%B2%D0%BA%D0%B0%20%D0%A1%D0%A7%D0%90_01.08.2026-31.08.2026_%D0%9E%D0%9F%D0%98%D0%A4%20%D1%80%D1%8B%D0%BD%D0%BE%D1%87%D0%BD%D1%8B%D1%85%20%D1%84%D0%B8%D0%BD%D0%B0%D0%BD%D1%81%D0%BE%D0%B2%D1%8B%D1%85%20%D0%B8%D0%BD%D1%81%D1%82%D1%80%D1%83%D0%BC%D0%B5%D0%BD%D1%82%D0%BE%D0%B2%20_%D0%90%D0%9A%20%D0%91%D0%90%D0%A0%D0%A1%20-%20%D0%A6%D0%B8%D1%84%D1%80%D0%BE%D0%B2%D1%8B%D0%B5%20%D0%BB%D0%B8%D0%B4%D0%B5%D1%80%D1%8B_.xlsx,raw/АК Барс/АК Барс  Индекс МосБиржи/2026-08-31.xlsx
АК Барс,АК Барс – Лале,2021-09-30,https://www.akbars-capital.ru/upload/iblock/c84/%D0%A1%D0%BF%D1%80%D0%B0%D0%B2%D0%BA%D0%B0%20%D0%A1%D0%A7%D0%90_31.08.2021-30.09.2021_%D0%9E%D0%9F%D0%98%D0%A4%20%D0%9B%D0%B0%D0%BB%D1%8D.xlsx,raw/АК Барс/АК Барс  Лале/2021-09-30.xlsx
АК Барс,АК Барс – Лале,2021-10-29,https://www.akbars-capital.ru/upload/iblock/276/%D0%A1%D0%BF%D1%80%D0%B0%D0%B2%D0%BA%D0%B0%20%D0%A1%D0%A7%D0%90_28.10.2021-29.10.2021_%D0%9E%D0%9F%D0%98%D0%A4%20%D0%9B%D0%B0%D0%BB%D1%8D.xls,raw/АК Барс/АК Барс  Лале/2021-10-29.xls
АК Барс,АК Барс – Лале,2021-11-30,https://www.akbars-capital.ru/upload/iblock/730/%D0%A1%D0%BF%D1%80%D0%B0%D0%B2%D0%BA%D0%B0%20%D0%A1%D0%A7%D0%90_29.11.2021-30.11.2021_%D0%9E%D0%9F%D0%98%D0%A4%20%D0%9B%D0%B0%D0%BB%D1%8D.xlsx,raw/АК Барс/АК Барс  Лале/2021-11-30.xlsx
АК Барс,АК Барс – Лале,2021-12-30,https://www.akbars-capital.ru/upload/iblock/2c8/%D0%A1%D0%BF%D1%80%D0%B0%D0%B2%D0%BA%D0%B0%20%D0%A1%D0%A7%D0%90_29.12.2021-30.12.2021_%D0%9E%D0%9F%D0%98%D0%A4%20%D0%9B%D0%B0%D0%BB%D1%8D.xlsx,raw/АК Барс/АК Барс  Лале/2021-12-30.xlsx
АК Барс,АК Барс – Лале,2022-01-31,https://www.akbars-capital.ru/upload/iblock/981/%D0%A1%D0%BF%D1%80%D0%B0%D0%B2%D0%BA%D0%B0%20%D0%A1%D0%A7%D0%90_28.01.2022-31.01.2022_%D0%9E%D0%9F%D0%98%D0%A4%20%D0%9B%D0%B0%D0%BB%D1%8D.xlsx,raw/АК Барс/АК Барс  Лале/2022-01-31.xlsx
АК Барс,АК Барс – Лале,2022-02-28,https://www.akbars-capital.ru/upload/iblock/62d/%D0%A1%D0%BF%D1%80%D0%B0%D0%B2%D0%BA%D0%B0%20%D0%A1%D0%A7%D0%90_25.02.2022-28.02.2022_%D0%9E%D0%9F%D0%98%D0%A4%20%D0%9B%D0%B0%D0%BB%D1%8D.xlsx,raw/АК Барс/АК Барс  Лале/2022-02-28.xlsx
АК Барс,АК Барс – Лале,2022-03-31,https://www.akbars-capital.ru/upload/iblock/2b3/%D0%A1%D0%BF%D1%80%D0%B0%D0%B2%D0%BA%D0%B0%20%D0%A1%D0%A7%D0%90_30.03.2022-31.03.2022_%D0%9E%D0%9F%D0%98%D0%A4%20%D0%9B%D0%B0%D0%BB%D1%8D.xlsx,raw/АК Барс/АК Барс  Лале/2022-03-31.xlsx
АК Барс,АК Барс – Лале,2022-04-29,https://www.akbars-capital.ru/upload/iblock/6e4/%D0%A1%D0%BF%D1%80%D0%B0%D0%B2%D0%BA%D0%B0%20%D0%A1%D0%A7%D0%90_28.04.2022-29.04.2022_%D0%9E%D0%9F%D0%98%D0%A4%20%D0%9B%D0%B0%D0%BB%D1%8D.xlsx,raw/АК Барс/АК Барс  Лале/2022-04-29.xlsx
АК Барс,АК Барс – Лале,2022-05-31,https://www.akbars-capital.ru/upload/iblock/7c8/%D0%A1%D0%BF%D1%80%D0%B0%D0%B2%D0%BA%D0%B0%20%D0%A1%D0%A7%D0%90_30.05.2022-31.05.2022_%D0%9E%D0%9F%D0%98%D0%A4%20%D0%9B%D0%B0%D0%BB%D1%8D.xlsx,raw/АК Барс/АК Барс  Лале/2022-05-31.xlsx
АК Барс,АК Барс – Лале,2022-06-30,https://www.akbars-capital.ru/upload/iblock/545/%D0%A1%D0%BF%D1%80%D0%B0%D0%B2%D0%BA%D0%B0%20%D0%A1%D0%A7%D0%90_29.06.2022-30.06.2022_%D0%9E%D0%9F%D0%98%D0%A4%20%D0%9B%D0%B0%D0%BB%D1%8D.xlsx,raw/АК Барс/АК Барс  Лале/2022-06-30.xlsx
АК Барс,АК Барс – Лале,2022-07-29,https://www.akbars-capital.ru/upload/iblock/90b/%D0%A1%D0%BF%D1%80%D0%B0%D0%B2%D0%BA%D0%B0%20%D0%A1%D0%A7%D0%90_28.07.2022-29.07.2022_%D0%9E%D0%9F%D0%98%D0%A4%20%D0%9B%D0%B0%D0%BB%D1%8D.xlsx,raw/АК Барс/АК Барс  Лале/2022-07-29.xlsx
АК Барс,АК Барс – Лале,2022-08-31,https://www.akbars-capital.ru/upload/iblock/dd0/%D0%A1%D0%BF%D1%80%D0%B0%D0%B2%D0%BA%D0%B0%20%D0%A1%D0%A7%D0%90_30.08.2022-31.08.2022_%D0%9E%D0%9F%D0%98%D0%A4%20%D0%9B%D0%B0%D0%BB%D1%8D.xlsx,raw/АК Барс/АК Барс  Лале/2022-08-31.xlsx
АК Барс,АК Барс – Лале,2022-09-30,https://www.akbars-capital.ru/upload/iblock/743/%D0%A1%D0%BF%D1%80%D0%B0%D0%B2%D0%BA%D0%B0%20%D0%A1%D0%A7%D0%90_29.09.2022-30.09.2022_%D0%9E%D0%9F%D0%98%D0%A4%20%D0%9B%D0%B0%D0%BB%D1%8D.xlsx,raw/АК Барс/АК Барс  Лале/2022-09-30.xlsx
АК Барс,АК Барс – Лале,2022-10-31,https://www.akbars-capital.ru/upload/iblock/dac/%D0%A1%D0%BF%D1%80%D0%B0%D0%B2%D0%BA%D0%B0%20%D0%A1%D0%A7%D0%90_28.10.2022-31.10.2022_%D0%9E%D0%9F%D0%98%D0%A4%20%D0%9B%D0%B0%D0%BB%D1%8D.xlsx,raw/АК Барс/АК Барс  Лале/2022-10-31.xlsx
АК Барс,АК Барс – Лале,2022-11-30,https://www.akbars-capital.ru/upload/iblock/87e/qwx8zd0pv36hl3pt9rmb12eo8mr458il/%D0%A1%D0%BF%D1%80%D0%B0%D0%B2%D0%BA%D0%B0%20%D0%A1%D0%A7%D0%90_29.11.2022-30.11.2022_%D0%9E%D0%9F%D0%98%D0%A4%20%D0%9B%D0%B0%D0%BB%D1%8D.xlsx,raw/АК Барс/АК Барс  Лале/2022-11-30.xlsx
АК Барс,АК Барс – Лале,2022-12-30,https://www.akbars-capital.ru/upload/iblock/f19/fvkf61r6lc1d02e0ykm3wj3df8m8v2v4/%D0%A1%D0%BF%D1%80%D0%B0%D0%B2%D0%BA%D0%B0%20%D0%A1%D0%A7%D0%90_29.12.2022-30.12.2022_%D0%9E%D0%9F%D0%98%D0%A4%20%D0%9B%D0%B0%D0%BB%D1%8D.xlsx,raw/АК Барс/АК Барс  Лале/2022-12-30.xlsx
АК Барс,АК Барс – Лале,2023-01-31,https://www.akbars-capital.ru/upload/iblock/db6/ju4mpo6qwajlejlko5025m9jbej4irbf/%D0%A1%D0%BF%D1%80%D0%B0%D0%B2%D0%BA%D0%B0%20%D0%A1%D0%A7%D0%90_30.01.2023-31.01.2023_%D0%9E%D0%9F%D0%98%D0%A4%20%D0%9B%D0%B0%D0%BB%D1%8D.xlsx,raw/АК Барс/АК Барс  Лале/2023-01-31.xlsx
АК Барс,АК Барс – Лале,2023-02-28,https://www.akbars-capital.ru/upload/iblock/713/2ftes4nr0wqlikjrxhfpp9g9j64ywlb3/%D0%A1%D0%BF%D1%80%D0%B0%D0%B2%D0%BA%D0%B0%20%D0%A1%D0%A7%D0%90_27.02.2023-28.02.2023_%D0%9E%D0%9F%D0%98%D0%A4%20%D0%9B%D0%B0%D0%BB%D1%8D.xlsx,raw/АК Барс/АК Барс  Лале/2023-02-28.xlsx
АК Барс,АК Барс – Лале,2023-03-31,https://www.akbars-capital.ru/upload/iblock/aa2/9oxvzj9qhsuv06p8mwh23d39k2if0jlz/%D0%A1%D0%BF%D1%80%D0%B0%D0%B2%D0%BA%D0%B0%20%D0%A1%D0%A7%D0%90_30.03.2023-31.03.2023_%D0%9E%D0%9F%D0%98%D0%A4%20%D0%9B%D0%B0%D0%BB%D1%8D.xlsx,raw/АК Барс/АК Барс  Лале/2023-03-31.xlsx
АК Барс,АК Барс – Лале,2023-05-31,https://www.akbars-capital.ru/upload/iblock/dc3/b3xtg39g57pvepie4dup6q3evyphtkg9/%D0%A1%D0%BF%D1%80%D0%B0%D0%B2%D0%BA%D0%B0%20%D0%A1%D0%A7%D0%90_01.05.2023-31.05.2023_%D0%9E%D0%9F%D0%98%D0%A4%20%D0%9B%D0%B0%D0%BB%D1%8D.xlsx,raw/АК Барс/АК Барс  Лале/2023-05-31.xlsx
АК Барс,АК Барс – Лале,2023-06-30,https://www.akbars-capital.ru/upload/iblock/597/svvt36nv83de3zisez3m3pexvpwr1wn9/%D0%A1%D0%BF%D1%80%D0%B0%D0%B2%D0%BA%D0%B0%20%D0%A1%D0%A7%D0%90_01.06.2023-30.06.2023_%D0%9E%D0%9F%D0%98%D0%A4%20%D0%9B%D0%B0%D0%BB%D1%8D.xlsx,raw/АК Барс/АК Барс  Лале/2023-06-30.xlsx
АК Барс,АК Барс – Лале,2023-07-31,https://www.akbars-capital.ru/upload/iblock/e7d/4yw24sigcpcr1uvk3jznxf0azsgyil7n/%D0%A1%D0%BF%D1%80%D0%B0%D0%B2%D0%BA%D0%B0%20%D0%A1%D0%A7%D0%90_01.07.2023-31.07.2023_%D0%9E%D0%9F%D0%98%D0%A4%20%D0%9B%D0%B0%D0%BB%D1%8D.xlsx,raw/АК Барс/АК Барс  Лале/2023-07-31.xlsx
АК Барс,АК Барс – Лале,2023-08-31,https://www.akbars-capital.ru/upload/iblock/abd/1ljerii6a8gv1bdss5f3vzfnpni0gfo2/%D0%A1%D0%BF%D1%80%D0%B0%D0%B2%D0%BA%D0%B0%20%D0%A1%D0%A7%D0%90_01.08.2023-31.08.2023_%D0%9E%D0%9F%D0%98%D0%A4%20%D0%9B%D0%B0%D0%BB%D1%8D.xlsx,raw/АК Барс/АК Барс  Лале/2023-08-31.xlsx
АК Барс,АК Барс – Лале,2023-09-29,https://www.akbars-capital.ru/upload/iblock/7e8/r4m8u36o6rr0xbubo3ki41m3xzx9chvt/%D0%A1%D0%BF%D1%80%D0%B0%D0%B2%D0%BA%D0%B0%20%D0%A1%D0%A7%D0%90_01.09.2023-29.09.2023_%D0%9E%D0%9F%D0%98%D0%A4%20%D0%9B%D0%B0%D0%BB%D1%8D.xlsx,raw/АК Барс/АК Барс  Лале/2023-09-29.xlsx
АК Барс,АК Барс – Лале,2023-10-31,https://www.akbars-capital.ru/upload/iblock/a37/6mv0od71dsssro5g208lmrcodjnlndw5/%D0%A1%D0%BF%D1%80%D0%B0%D0%B2%D0%BA%D0%B0%20%D0%A1%D0%A7%D0%90_01.10.2023-31.10.2023_%D0%9E%D0%9F%D0%98%D0%A4%20%D0%9B%D0%B0%D0%BB%D1%8D.xlsx,raw/АК Барс/АК Барс  Лале/2023-10-31.xlsx
АК Барс,АК Барс – Лале,2023-11-30,https://www.akbars-capital.ru/upload/iblock/562/h6e4gg77erxzwermu3omfshq6ewt99ma/%D0%A1%D0%BF%D1%80%D0%B0%D0%B2%D0%BA%D0%B0%20%D0%A1%D0%A7%D0%90_01.11.2023-30.11.2023_%D0%9E%D0%9F%D0%98%D0%A4%20%D0%9B%D0%B0%D0%BB%D1%8D.xlsx,raw/АК Барс/АК Барс  Лале/2023-11-30.xlsx
АК Барс,АК Барс – Лале,2023-12-29,https://www.akbars-capital.ru/upload/iblock/946/s3m7dsytkum5bsjk3maiun8d25gpajnc/%D0%A1%D0%BF%D1%80%D0%B0%D0%B2%D0%BA%D0%B0%20%D0%A1%D0%A7%D0%90_01.12.2023-29.12.2023_%D0%9E%D0%9F%D0%98%D0%A4%20%D0%9B%D0%B0%D0%BB%D1%8D.xlsx,raw/АК Барс/АК Барс  Лале/2023-12-29.xlsx
АК Барс,АК Барс – Лале,2024-01-31,https://www.akbars-capital.ru/upload/iblock/62b/dpopf0hb3brxx590pdjx05b3nx3kgken/%D0%A1%D0%BF%D1%80%D0%B0%D0%B2%D0%BA%D0%B0%20%D0%A1%D0%A7%D0%90_01.01.2024-31.01.2024_%D0%9E%D0%9F%D0%98%D0%A4%20%D0%9B%D0%B0%D0%BB%D1%8D.xlsx,raw/АК Барс/АК Барс  Лале/2024-01-31.xlsx
АК Барс,АК Барс – Лале,2024-02-29,https://www.akbars-capital.ru/upload/iblock/f22/3719ineugq25jmjnjr7kscanuqvmwwq2/%D0%A1%D0%BF%D1%80%D0%B0%D0%B2%D0%BA%D0%B0%20%D0%A1%D0%A7%D0%90_01.02.2024-29.02.2024_%D0%9E%D0%9F%D0%98%D0%A4%20%D0%9B%D0%B0%D0%BB%D1%8D.xlsx,raw/АК Барс/АК Барс  Лале/2024-02-29.xlsx
АК Барс,АК Барс – Лале,2024-03-29,https://www.akbars-capital.ru/upload/iblock/a92/8a554pa0r24d3fat8wfo20qgwhkng373/%D0%A1%D0%BF%D1%80%D0%B0%D0%B2%D0%BA%D0%B0%20%D0%A1%D0%A7%D0%90_01.03.2024-29.03.2024_%D0%9E%D0%9F%D0%98%D0%A4%20%D0%9B%D0%B0%D0%BB%D1%8D.xlsx,raw/АК Барс/АК Барс  Лале/2024-03-29.xlsx
АК Барс,АК Барс – Лале,2024-04-27,https://www.akbars-capital.ru/upload/iblock/5f4/3xek23jrhcllanp1yqpevm78anyyy1l1/%D0%A1%D0%BF%D1%80%D0%B0%D0%B2%D0%BA%D0%B0%20%D0%A1%D0%A7%D0%90_01.04.2024-27.04.2024_%D0%9E%D0%9F%D0%98%D0%A4%20%D1%80%D1%8B%D0%BD%D0%BE%D1%87%D0%BD%D1%8B%D1%85%20%D1%84%D0%B8%D0%BD%D0%B0%D0%BD%D1%81%D0%BE%D0%B2%D1%8B%D1%85%20%20%D0%B8%D0%BD%D1%81%D1%82%D1%80%D1%83%D0%BC%D0%B5%D0%BD%D1%82%D0%BE%D0%B2%20_%D0%9B%D0%B0%D0%BB%D1%8D%20-%20%D0%98%D1%81%D0%BB%D0%B0%D0%BC%D1%81%D0%BA%D0%B8%D0%B5%20%D0%B8%D0%BD%D0%B2%D0%B5%D1%81%D1%82%D0%B8%D1%86%D0%B8%D0%B8_.xlsx,raw/АК Барс/АК Барс  Лале/2024-04-27.xlsx
АК Барс,АК Барс – Лале,2024-05-31,https://www.akbars-capital.ru/upload/iblock/ad7/8q5iqns18rwfom8po0t7zgqe7tlu1l4p/%D0%A1%D0%BF%D1%80%D0%B0%D0%B2%D0%BA%D0%B0%20%D0%A1%D0%A7%D0%90_01.05.2024-31.05.2024_%D0%9E%D0%9F%D0%98%D0%A4%20%D1%80%D1%8B%D0%BD%D0%BE%D1%87%D0%BD%D1%8B%D1%85%20%D1%84%D0%B8%D0%BD%D0%B0%D0%BD%D1%81%D0%BE%D0%B2%D1%8B%D1%85%20%20%D0%B8%D0%BD%D1%81%D1%82%D1%80%D1%83%D0%BC%D0%B5%D0%BD%D1%82%D0%BE%D0%B2%20_%D0%9B%D0%B0%D0%BB%D1%8D%20-%20%D0%98%D1%81%D0%BB%D0%B0%D0%BC%D1%81%D0%BA%D0%B8%D0%B5%20%D0%B8%D0%BD%D0%B2%D0%B5%D1%81%D1%82%D0%B8%D1%86%D0%B8%D0%B8_.xls,raw/АК Барс/АК Барс  Лале/2024-05-31.xls
АК Барс,АК Барс – Лале,2024-06-28,https://www.akbars-capital.ru/upload/iblock/f65/jhooje95559p9t6lhh9g1rlrd6vn9b9x/%D0%A1%D0%BF%D1%80%D0%B0%D0%B2%D0%BA%D0%B0%20%D0%A1%D0%A7%D0%90_01.06.2024-28.06.2024_%D0%9E%D0%9F%D0%98%D0%A4%20%D1%80%D1%8B%D0%BD%D0%BE%D1%87%D0%BD%D1%8B%D1%85%20%D1%84%D0%B8%D0%BD%D0%B0%D0%BD%D1%81%D0%BE%D0%B2%D1%8B%D1%85%20%20%D0%B8%D0%BD%D1%81%D1%82%D1%80%D1%83%D0%BC%D0%B5%D0%BD%D1%82%D0%BE%D0%B2%20_%D0%9B%D0%B0%D0%BB%D1%8D%20-%20%D0%98%D1%81%D0%BB%D0%B0%D0%BC%D1%81%D0%BA%D0%B8%D0%B5%20%D0%B8%D0%BD%D0%B2%D0%B5%D1%81%D1%82%D0%B8%D1%86%D0%B8%D0%B8_.xlsx,raw/АК Барс/АК Барс  Лале/2024-06-28.xlsx
АК Барс,АК Барс – Лале,2024-07-31,https://www.akbars-capital.ru/upload/iblock/ae9/0571gnsz9sloyxl8scp9cefztiycjv73/%D0%A1%D0%BF%D1%80%D0%B0%D0%B2%D0%BA%D0%B0%20%D0%A1%D0%A7%D0%90_01.07.2024-31.07.2024_%D0%9E%D0%9F%D0%98%D0%A4%20%D1%80%D1%8B%D0%BD%D0%BE%D1%87%D0%BD%D1%8B%D1%85%20%D1%84%D0%B8%D0%BD%D0%B0%D0%BD%D1%81%D0%BE%D0%B2%D1%8B%D1%85%20%20%D0%B8%D0%BD%D1%81%D1%82%D1%80%D1%83%D0%BC%D0%B5%D0%BD%D1%82%D0%BE%D0%B2%20_%D0%9B%D0%B0%D0%BB%D1%8D%20-%20%D0%98%D1%81%D0%BB%D0%B0%D0%BC%D1%81%D0%BA%D0%B8%D0%B5%20%D0%B8%D0%BD%D0%B2%D0%B5%D1%81%D1%82%D0%B8%D1%86%D0%B8%D0%B8_.xlsx,raw/АК Барс/АК Барс  Лале/2024-07-31.xlsx
АК Барс,АК Барс – Лале,2024-08-30,https://www.akbars-capital.ru/upload/iblock/46e/6fpp0nbxn29py5an3bjjo6ssrfy2vb49/%D0%A1%D0%BF%D1%80%D0%B0%D0%B2%D0%BA%D0%B0%20%D0%A1%D0%A7%D0%90_01.08.2024-30.08.2024_%D0%9E%D0%9F%D0%98%D0%A4%20%D1%80%D1%8B%D0%BD%D0%BE%D1%87%D0%BD%D1%8B%D1%85%20%D1%84%D0%B8%D0%BD%D0%B0%D0%BD%D1%81%D0%BE%D0%B2%D1%8B%D1%85%20%20%D0%B8%D0%BD%D1%81%D1%82%D1%80%D1%83%D0%BC%D0%B5%D0%BD%D1%82%D0%BE%D0%B2%20_%D0%9B%D0%B0%D0%BB%D1%8D%20-%20%D0%98%D1%81%D0%BB%D0%B0%D0%BC%D1%81%D0%BA%D0%B8%D0%B5%20%D0%B8%D0%BD%D0%B2%D0%B5%D1%81%D1%82%D0%B8%D1%86%D0%B8%D0%B8_.xlsx,raw/АК Барс/АК Барс  Лале/2024-08-30.xlsx
АК Барс,АК Барс – Лале,2024-09-30,https://www.akbars-capital.ru/upload/iblock/f05/0apugrwhvr93o4471326ihio78oa7opj/%D0%A1%D0%BF%D1%80%D0%B0%D0%B2%D0%BA%D0%B0%20%D0%A1%D0%A7%D0%90_01.09.2024-30.09.2024_%D0%9E%D0%9F%D0%98%D0%A4%20%D1%80%D1%8B%D0%BD%D0%BE%D1%87%D0%BD%D1%8B%D1%85%20%D1%84%D0%B8%D0%BD%D0%B0%D0%BD%D1%81%D0%BE%D0%B2%D1%8B%D1%85%20%20%D0%B8%D0%BD%D1%81%D1%82%D1%80%D1%83%D0%BC%D0%B5%D0%BD%D1%82%D0%BE%D0%B2%20_%D0%9B%D0%B0%D0%BB%D1%8D%20-%20%D0%98%D1%81%D0%BB%D0%B0%D0%BC%D1%81%D0%BA%D0%B8%D0%B5%20%D0%B8%D0%BD%D0%B2%D0%B5%D1%81%D1%82%D0%B8%D1%86%D0%B8%D0%B8_.xlsx,raw/АК Барс/АК Барс  Лале/2024-09-30.xlsx
АК Барс,АК Барс – Лале,2024-10-31,https://www.akbars-capital.ru/upload/iblock/862/iv4aq8uyg7zkn0re4e9w725r79cwcf2y/%D0%A1%D0%BF%D1%80%D0%B0%D0%B2%D0%BA%D0%B0%20%D0%A1%D0%A7%D0%90_01.10.2024-31.10.2024_%D0%9E%D0%9F%D0%98%D0%A4%20%D1%80%D1%8B%D0%BD%D0%BE%D1%87%D0%BD%D1%8B%D1%85%20%D1%84%D0%B8%D0%BD%D0%B0%D0%BD%D1%81%D0%BE%D0%B2%D1%8B%D1%85%20%20%D0%B8%D0%BD%D1%81%D1%82%D1%80%D1%83%D0%BC%D0%B5%D0%BD%D1%82%D0%BE%D0%B2%20_%D0%9B%D0%B0%D0%BB%D1%8D%20-%20%D0%98%D1%81%D0%BB%D0%B0%D0%BC%D1%81%D0%BA%D0%B8%D0%B5%20%D0%B8%D0%BD%D0%B2%D0%B5%D1%81%D1%82%D0%B8%D1%86%D0%B8%D0%B8_.xlsx,raw/АК Барс/АК Барс  Лале/2024-10-31.xlsx
АК Барс,АК Барс – Лале,2024-11-29,https://www.akbars-capital.ru/upload/iblock/596/emewvxrb6d7c7huqkx8hlx7vhwk3wbnd/%D0%A1%D0%BF%D1%80%D0%B0%D0%B2%D0%BA%D0%B0%20%D0%A1%D0%A7%D0%90_01.11.2024-29.11.2024_%D0%9E%D0%9F%D0%98%D0%A4%20%D1%80%D1%8B%D0%BD%D0%BE%D1%87%D0%BD%D1%8B%D1%85%20%D1%84%D0%B8%D0%BD%D0%B0%D0%BD%D1%81%D0%BE%D0%B2%D1%8B%D1%85%20%20%D0%B8%D0%BD%D1%81%D1%82%D1%80%D1%83%D0%BC%D0%B5%D0%BD%D1%82%D0%BE%D0%B2%20_%D0%9B%D0%B0%D0%BB%D1%8D%20-%20%D0%98%D1%81%D0%BB%D0%B0%D0%BC%D1%81%D0%BA%D0%B8%D0%B5%20%D0%B8%D0%BD%D0%B2%D0%B5%D1%81%D1%82%D0%B8%D1%86%D0%B8%D0%B8_.xlsx,raw/АК Барс/АК Барс  Лале/2024-11-29.xlsx
АК Барс,АК Барс – Лале,2024-12-28,https://www.akbars-capital.ru/upload/iblock/69d/est9bbcngxxqxyaw9ilzsdz2p7g2cnfr/%D0%A1%D0%BF%D1%80%D0%B0%D0%B2%D0%BA%D0%B0%20%D0%A1%D0%A7%D0%90_01.12.2024-28.12.2024_%D0%9E%D0%9F%D0%98%D0%A4%20%D1%80%D1%8B%D0%BD%D0%BE%D1%87%D0%BD%D1%8B%D1%85%20%D1%84%D0%B8%D0%BD%D0%B0%D0%BD%D1%81%D0%BE%D0%B2%D1%8B%D1%85%20%20%D0%B8%D0%BD%D1%81%D1%82%D1%80%D1%83%D0%BC%D0%B5%D0%BD%D1%82%D0%BE%D0%B2%20_%D0%9B%D0%B0%D0%BB%D1%8D%20-%20%D0%98%D1%81%D0%BB%D0%B0%D0%BC%D1%81%D0%BA%D0%B8%D0%B5%20%D0%B8%D0%BD%D0%B2%D0%B5%D1%81%D1%82%D0%B8%D1%86%D0%B8%D0%B8_.xlsx,raw/АК Барс/АК Барс  Лале/2024-12-28.xlsx
АК Барс,АК Барс – Лале,2025-01-31,https://www.akbars-capital.ru/upload/iblock/838/5b5ycibdfh65z6umlr7kz72ahb2qf5oh/%D0%A1%D0%BF%D1%80%D0%B0%D0%B2%D0%BA%D0%B0%20%D0%A1%D0%A7%D0%90_01.01.2025-31.01.2025_%D0%9E%D0%9F%D0%98%D0%A4%20%D1%80%D1%8B%D0%BD%D0%BE%D1%87%D0%BD%D1%8B%D1%85%20%D1%84%D0%B8%D0%BD%D0%B0%D0%BD%D1%81%D0%BE%D0%B2%D1%8B%D1%85%20%20%D0%B8%D0%BD%D1%81%D1%82%D1%80%D1%83%D0%BC%D0%B5%D0%BD%D1%82%D0%BE%D0%B2%20_%D0%9B%D0%B0%D0%BB%D1%8D%20-%20%D0%98%D1%81%D0%BB%D0%B0%D0%BC%D1%81%D0%BA%D0%B8%D0%B5%20%D0%B8%D0%BD%D0%B2%D0%B5%D1%81%D1%82%D0%B8%D1%86%D0%B8%D0%B8_.xlsx,raw/АК Барс/АК Барс  Лале/2025-01-31.xlsx
АК Барс,АК Барс – Лале,2025-02-28,https://www.akbars-capital.ru/upload/iblock/7fb/6qwltdm0thssdcrcs2ixrrgnj3j297mw/%D0%A1%D0%BF%D1%80%D0%B0%D0%B2%D0%BA%D0%B0%20%D0%A1%D0%A7%D0%90_01.02.2025-28.02.2025_%D0%9E%D0%9F%D0%98%D0%A4%20%D1%80%D1%8B%D0%BD%D0%BE%D1%87%D0%BD%D1%8B%D1%85%20%D1%84%D0%B8%D0%BD%D0%B0%D0%BD%D1%81%D0%BE%D0%B2%D1%8B%D1%85%20%20%D0%B8%D0%BD%D1%81%D1%82%D1%80%D1%83%D0%BC%D0%B5%D0%BD%D1%82%D0%BE%D0%B2%20_%D0%9B%D0%B0%D0%BB%D1%8D%20-%20%D0%98%D1%81%D0%BB%D0%B0%D0%BC%D1%81%D0%BA%D0%B8%D0%B5%20%D0%B8%D0%BD%D0%B2%D0%B5%D1%81%D1%82%D0%B8%D1%86%D0%B8%D0%B8_.xlsx,raw/АК Барс/АК Барс  Лале/2025-02-28.xlsx
АК Барс,АК Барс – Лале,2025-03-31,https://www.akbars-capital.ru/upload/iblock/0ae/n5pty68s4kfvsgqwhzumrlwx62jap1y4/%D0%A1%D0%BF%D1%80%D0%B0%D0%B2%D0%BA%D0%B0%20%D0%A1%D0%A7%D0%90_01.03.2025-31.03.2025_%D0%9E%D0%9F%D0%98%D0%A4%20%D1%80%D1%8B%D0%BD%D0%BE%D1%87%D0%BD%D1%8B%D1%85%20%D1%84%D0%B8%D0%BD%D0%B0%D0%BD%D1%81%D0%BE%D0%B2%D1%8B%D1%85%20%20%D0%B8%D0%BD%D1%81%D1%82%D1%80%D1%83%D0%BC%D0%B5%D0%BD%D1%82%D0%BE%D0%B2%20_%D0%9B%D0%B0%D0%BB%D1%8D%20-%20%D0%98%D1%81%D0%BB%D0%B0%D0%BC%D1%81%D0%BA%D0%B8%D0%B5%20%D0%B8%D0%BD%D0%B2%D0%B5%D1%81%D1%82%D0%B8%D1%86%D0%B8%D0%B8_.xlsx,raw/АК Барс/АК Барс  Лале/2025-03-31.xlsx
АК Барс,АК Барс – Лале,2025-04-30,https://www.akbars-capital.ru/upload/iblock/8b9/csq4bred64u08skhmw2u00lpz3gt9631/%D0%A1%D0%BF%D1%80%D0%B0%D0%B2%D0%BA%D0%B0%20%D0%A1%D0%A7%D0%90_01.04.2025-30.04.2025_%D0%9E%D0%9F%D0%98%D0%A4%20%D1%80%D1%8B%D0%BD%D0%BE%D1%87%D0%BD%D1%8B%D1%85%20%D1%84%D0%B8%D0%BD%D0%B0%D0%BD%D1%81%D0%BE%D0%B2%D1%8B%D1%85%20%20%D0%B8%D0%BD%D1%81%D1%82%D1%80%D1%83%D0%BC%D0%B5%D0%BD%D1%82%D0%BE%D0%B2%20_%D0%9B%D0%B0%D0%BB%D1%8D%20-%20%D0%98%D1%81%D0%BB%D0%B0%D0%BC%D1%81%D0%BA%D0%B8%D0%B5%20%D0%B8%D0%BD%D0%B2%D0%B5%D1%81%D1%82%D0%B8%D1%86%D0%B8%D0%B8_.xlsx,raw/АК Барс/АК Барс  Лале/2025-04-30.xlsx
АК Барс,АК Барс – Лале,2025-05-30,https://www.akbars-capital.ru/upload/iblock/2b8/5swi9eqip9653s08ulnqjzr2dpyvumyv/%D0%A1%D0%BF%D1%80%D0%B0%D0%B2%D0%BA%D0%B0%20%D0%A1%D0%A7%D0%90_01.05.2025-30.05.2025_%D0%9E%D0%9F%D0%98%D0%A4%20%D1%80%D1%8B%D0%BD%D0%BE%D1%87%D0%BD%D1%8B%D1%85%20%D1%84%D0%B8%D0%BD%D0%B0%D0%BD%D1%81%D0%BE%D0%B2%D1%8B%D1%85%20%20%D0%B8%D0%BD%D1%81%D1%82%D1%80%D1%83%D0%BC%D0%B5%D0%BD%D1%82%D0%BE%D0%B2%20_%D0%9B%D0%B0%D0%BB%D1%8D%20-%20%D0%98%D1%81%D0%BB%D0%B0%D0%BC%D1%81%D0%BA%D0%B8%D0%B5%20%D0%B8%D0%BD%D0%B2%D0%B5%D1%81%D1%82%D0%B8%D1%86%D0%B8%D0%B8_.xlsx,raw/АК Барс/АК Барс  Лале/2025-05-30.xlsx
АК Барс,АК Барс – Лале,2025-06-30,https://www.akbars-capital.ru/upload/iblock/1d9/az0vo1knhxiymg0scnqzn32t19w9p3pp/%D0%A1%D0%BF%D1%80%D0%B0%D0%B2%D0%BA%D0%B0%20%D0%A1%D0%A7%D0%90_01.06.2025-30.06.2025_%D0%9E%D0%9F%D0%98%D0%A4%20%D1%80%D1%8B%D0%BD%D0%BE%D1%87%D0%BD%D1%8B%D1%85%20%D1%84%D0%B8%D0%BD%D0%B0%D0%BD%D1%81%D0%BE%D0%B2%D1%8B%D1%85%20%20%D0%B8%D0%BD%D1%81%D1%82%D1%80%D1%83%D0%BC%D0%B5%D0%BD%D1%82%D0%BE%D0%B2%20_%D0%9B%D0%B0%D0%BB%D1%8D%20-%20%D0%98%D1%81%D0%BB%D0%B0%D0%BC%D1%81%D0%BA%D0%B8%D0%B5%20%D0%B8%D0%BD%D0%B2%D0%B5%D1%81%D1%82%D0%B8%D1%86%D0%B8%D0%B8_.xlsx,raw/АК Барс/АК Барс  Лале/2025-06-30.xlsx
АК Барс,АК Барс – Лале,2025-07-31,https://www.akbars-capital.ru/upload/iblock/7d5/6xa7w6csa09ys4e335icizjkdyarjtgq/%D0%A1%D0%BF%D1%80%D0%B0%D0%B2%D0%BA%D0%B0%20%D0%A1%D0%A7%D0%90_01.07.2025-31.07.2025_%D0%9E%D0%9F%D0%98%D0%A4%20%D1%80%D1%8B%D0%BD%D0%BE%D1%87%D0%BD%D1%8B%D1%85%20%D1%84%D0%B8%D0%BD%D0%B0%D0%BD%D1%81%D0%BE%D0%B2%D1%8B%D1%85%20%20%D0%B8%D0%BD%D1%81%D1%82%D1%80%D1%83%D0%BC%D0%B5%D0%BD%D1%82%D0%BE%D0%B2%20_%D0%9B%D0%B0%D0%BB%D1%8D%20-%20%D0%98%D1%81%D0%BB%D0%B0%D0%BC%D1%81%D0%BA%D0%B8%D0%B5%20%D0%B8%D0%BD%D0%B2%D0%B5%D1%81%D1%82%D0%B8%D1%86%D0%B8%D0%B8_.xlsx,raw/АК Барс/АК Барс  Лале/2025-07-31.xlsx
АК Барс,АК Барс – Лале,2025-08-29,https://www.akbars-capital.ru/upload/iblock/c34/hdfkhyw6i3hymjt88f1o9whr6rh80i25/%D0%A1%D0%BF%D1%80%D0%B0%D0%B2%D0%BA%D0%B0%20%D0%A1%D0%A7%D0%90_01.08.2025-29.08.2025_%D0%9E%D0%9F%D0%98%D0%A4%20%D1%80%D1%8B%D0%BD%D0%BE%D1%87%D0%BD%D1%8B%D1%85%20%D1%84%D0%B8%D0%BD%D0%B0%D0%BD%D1%81%D0%BE%D0%B2%D1%8B%D1%85%20%20%D0%B8%D0%BD%D1%81%D1%82%D1%80%D1%83%D0%BC%D0%B5%D0%BD%D1%82%D0%BE%D0%B2%20_%D0%9B%D0%B0%D0%BB%D1%8D%20-%20%D0%98%D1%81%D0%BB%D0%B0%D0%BC%D1%81%D0%BA%D0%B8%D0%B5%20%D0%B8%D0%BD%D0%B2%D0%B5%D1%81%D1%82%D0%B8%D1%86%D0%B8%D0%B8_.xlsx,raw/АК Барс/АК Барс  Лале/2025-08-29.xlsx
АК Барс,АК Барс – Лале,2025-09-30,https://www.akbars-capital.ru/upload/iblock/ca4/nfqwdia9x4xhocslgzsm0wx77lfh8bpw/%D0%A1%D0%BF%D1%80%D0%B0%D0%B2%D0%BA%D0%B0%20%D0%A1%D0%A7%D0%90_01.09.2025-30.09.2025_%D0%9E%D0%9F%D0%98%D0%A4%20%D1%80%D1%8B%D0%BD%D0%BE%D1%87%D0%BD%D1%8B%D1%85%20%D1%84%D0%B8%D0%BD%D0%B0%D0%BD%D1%81%D0%BE%D0%B2%D1%8B%D1%85%20%20%D0%B8%D0%BD%D1%81%D1%82%D1%80%D1%83%D0%BC%D0%B5%D0%BD%D1%82%D0%BE%D0%B2%20_%D0%9B%D0%B0%D0%BB%D1%8D%20-%20%D0%98%D1%81%D0%BB%D0%B0%D0%BC%D1%81%D0%BA%D0%B8%D0%B5%20%D0%B8%D0%BD%D0%B2%D0%B5%D1%81%D1%82%D0%B8%D1%86%D0%B8%D0%B8_.xlsx,raw/АК Барс/АК Барс  Лале/2025-09-30.xlsx
АК Барс,АК Барс – Лале,2025-10-31,https://www.akbars-capital.ru/upload/iblock/52b/g29ohaoj1r8uq7u838g4ual6lsmgi1kc/%D0%A1%D0%BF%D1%80%D0%B0%D0%B2%D0%BA%D0%B0%20%D0%A1%D0%A7%D0%90_01.10.2025-31.10.2025_%D0%9E%D0%9F%D0%98%D0%A4%20%D1%80%D1%8B%D0%BD%D0%BE%D1%87%D0%BD%D1%8B%D1%85%20%D1%84%D0%B8%D0%BD%D0%B0%D0%BD%D1%81%D0%BE%D0%B2%D1%8B%D1%85%20%20%D0%B8%D0%BD%D1%81%D1%82%D1%80%D1%83%D0%BC%D0%B5%D0%BD%D1%82%D0%BE%D0%B2%20_%D0%9B%D0%B0%D0%BB%D1%8D%20-%20%D0%98%D1%81%D0%BB%D0%B0%D0%BC%D1%81%D0%BA%D0%B8%D0%B5%20%D0%B8%D0%BD%D0%B2%D0%B5%D1%81%D1%82%D0%B8%D1%86%D0%B8%D0%B8_.xlsx,raw/АК Барс/АК Барс  Лале/2025-10-31.xlsx
АК Барс,АК Барс – Лале,2025-11-28,https://www.akbars-capital.ru/upload/iblock/9c3/9u20pgqh3m0buuz4enjkg4ttklncc7z2/%D0%A1%D0%BF%D1%80%D0%B0%D0%B2%D0%BA%D0%B0%20%D0%A1%D0%A7%D0%90_01.11.2025-28.11.2025_%D0%9E%D0%9F%D0%98%D0%A4%20%D1%80%D1%8B%D0%BD%D0%BE%D1%87%D0%BD%D1%8B%D1%85%20%D1%84%D0%B8%D0%BD%D0%B0%D0%BD%D1%81%D0%BE%D0%B2%D1%8B%D1%85%20%20%D0%B8%D0%BD%D1%81%D1%82%D1%80%D1%83%D0%BC%D0%B5%D0%BD%D1%82%D0%BE%D0%B2%20_%D0%9B%D0%B0%D0%BB%D1%8D%20-%20%D0%98%D1%81%D0%BB%D0%B0%D0%BC%D1%81%D0%BA%D0%B8%D0%B5%20%D0%B8%D0%BD%D0%B2%D0%B5%D1%81%D1%82%D0%B8%D1%86%D0%B8%D0%B8_.xlsx,raw/АК Барс/АК Барс  Лале/2025-11-28.xlsx
АК Барс,АК Барс – Лале,2025-12-30,https://www.akbars-capital.ru/upload/iblock/a4d/pj2l9pi0lsfloypx2t46d8wtm82ujlvo/%D0%A1%D0%BF%D1%80%D0%B0%D0%B2%D0%BA%D0%B0%20%D0%A1%D0%A7%D0%90_01.12.2025-30.12.2025_%D0%9E%D0%9F%D0%98%D0%A4%20%D1%80%D1%8B%D0%BD%D0%BE%D1%87%D0%BD%D1%8B%D1%85%20%D1%84%D0%B8%D0%BD%D0%B0%D0%BD%D1%81%D0%BE%D0%B2%D1%8B%D1%85%20%20%D0%B8%D0%BD%D1%81%D1%82%D1%80%D1%83%D0%BC%D0%B5%D0%BD%D1%82%D0%BE%D0%B2%20%C2%AB%D0%9B%D0%B0%D0%BB%D1%8D%20%E2%80%93%20%D0%98%D1%81%D0%BB%D0%B0%D0%BC%D1%81%D0%BA%D0%B8%D0%B5%20%D0%B8%D0%BD%D0%B2%D0%B5%D1%81%D1%82%D0%B8%D1%86%D0%B8%D0%B8%C2%BB.xls,raw/АК Барс/АК Барс  Лале/2025-12-30.xls
АК Барс,АК Барс – Лале,2026-01-30,https://www.akbars-capital.ru/upload/iblock/e2f/um4hc2m6siha7hlkjz4xhcgx4y69plcr/%D0%A1%D0%BF%D1%80%D0%B0%D0%B2%D0%BA%D0%B0%20%D0%A1%D0%A7%D0%90_01.01.2026-30.01.2026_%D0%9E%D0%9F%D0%98%D0%A4%20%D1%80%D1%8B%D0%BD%D0%BE%D1%87%D0%BD%D1%8B%D1%85%20%D1%84%D0%B8%D0%BD%D0%B0%D0%BD%D1%81%D0%BE%D0%B2%D1%8B%D1%85%20%20%D0%B8%D0%BD%D1%81%D1%82%D1%80%D1%83%D0%BC%D0%B5%D0%BD%D1%82%D0%BE%D0%B2%20_%D0%9B%D0%B0%D0%BB%D1%8D%20-%20%D0%98%D1%81%D0%BB%D0%B0%D0%BC%D1%81%D0%BA%D0%B8%D0%B5%20%D0%B8%D0%BD%D0%B2%D0%B5%D1%81%D1%82%D0%B8%D1%86%D0%B8%D0%B8_.xlsx,raw/АК Барс/АК Барс  Лале/2026-01-30.xlsx
АК Барс,АК Барс – Лале,2026-02-27,https://www.akbars-capital.ru/upload/iblock/06a/ybsn3f37mizr73z5r33bq0nfxyhayq26/%D0%A1%D0%BF%D1%80%D0%B0%D0%B2%D0%BA%D0%B0%20%D0%A1%D0%A7%D0%90_01.02.2026-27.02.2026_%D0%9E%D0%9F%D0%98%D0%A4%20%D1%80%D1%8B%D0%BD%D0%BE%D1%87%D0%BD%D1%8B%D1%85%20%D1%84%D0%B8%D0%BD%D0%B0%D0%BD%D1%81%D0%BE%D0%B2%D1%8B%D1%85%20%20%D0%B8%D0%BD%D1%81%D1%82%D1%80%D1%83%D0%BC%D0%B5%D0%BD%D1%82%D0%BE%D0%B2%20_%D0%9B%D0%B0%D0%BB%D1%8D%20-%20%D0%98%D1%81%D0%BB%D0%B0%D0%BC%D1%81%D0%BA%D0%B8%D0%B5%20%D0%B8%D0%BD%D0%B2%D0%B5%D1%81%D1%82%D0%B8%D1%86%D0%B8%D0%B8_.xlsx,raw/АК Барс/АК Барс  Лале/2026-02-27.xlsx
АК Барс,АК Барс – Лале,2026-03-31,https://www.akbars-capital.ru/upload/iblock/719/aulgz7glwi7rf2kpnxf08xbnqdlv9fap/%D0%A1%D0%BF%D1%80%D0%B0%D0%B2%D0%BA%D0%B0%20%D0%A1%D0%A7%D0%90_01.03.2026-31.03.2026_%D0%9E%D0%9F%D0%98%D0%A4%20%D1%80%D1%8B%D0%BD%D0%BE%D1%87%D0%BD%D1%8B%D1%85%20%D1%84%D0%B8%D0%BD%D0%B0%D0%BD%D1%81%D0%BE%D0%B2%D1%8B%D1%85%20%20%D0%B8%D0%BD%D1%81%D1%82%D1%80%D1%83%D0%BC%D0%B5%D0%BD%D1%82%D0%BE%D0%B2%20_%D0%9B%D0%B0%D0%BB%D1%8D%20-%20%D0%98%D1%81%D0%BB%D0%B0%D0%BC%D1%81%D0%BA%D0%B8%D0%B5%20%D0%B8%D0%BD%D0%B2%D0%B5%D1%81%D1%82%D0%B8%D1%86%D0%B8%D0%B8_.xlsx,raw/АК Барс/АК Барс  Лале/2026-03-31.xlsx
АК Барс,АК Барс – Лале,2026-04-30,https://www.akbars-capital.ru/upload/iblock/ce3/xx6lhveqg0gwob5ulii9lgx06qc986la/%D0%A1%D0%BF%D1%80%D0%B0%D0%B2%D0%BA%D0%B0%20%D0%A1%D0%A7%D0%90_01.04.2026-30.04.2026_%D0%9E%D0%9F%D0%98%D0%A4%20%D1%80%D1%8B%D0%BD%D0%BE%D1%87%D0%BD%D1%8B%D1%85%20%D1%84%D0%B8%D0%BD%D0%B0%D0%BD%D1%81%D0%BE%D0%B2%D1%8B%D1%85%20%20%D0%B8%D0%BD%D1%81%D1%82%D1%80%D1%83%D0%BC%D0%B5%D0%BD%D1%82%D0%BE%D0%B2%20_%D0%9B%D0%B0%D0%BB%D1%8D%20-%20%D0%98%D1%81%D0%BB%D0%B0%D0%BC%D1%81%D0%BA%D0%B8%D0%B5%20%D0%B8%D0%BD%D0%B2%D0%B5%D1%81%D1%82%D0%B8%D1%86%D0%B8%D0%B8_.xlsx,raw/АК Барс/АК Барс  Лале/2026-04-30.xlsx
АК Барс,АК Барс – Лале,2026-05-29,https://www.akbars-capital.ru/upload/iblock/f55/esyypw9ghe61hk6p7kgmp0b2uyy7viw1/%D0%A1%D0%BF%D1%80%D0%B0%D0%B2%D0%BA%D0%B0%20%D0%A1%D0%A7%D0%90_01.05.2026-29.05.2026_%D0%9E%D0%9F%D0%98%D0%A4%20%D1%80%D1%8B%D0%BD%D0%BE%D1%87%D0%BD%D1%8B%D1%85%20%D1%84%D0%B8%D0%BD%D0%B0%D0%BD%D1%81%D0%BE%D0%B2%D1%8B%D1%85%20%20%D0%B8%D0%BD%D1%81%D1%82%D1%80%D1%83%D0%BC%D0%B5%D0%BD%D1%82%D0%BE%D0%B2%20_%D0%9B%D0%B0%D0%BB%D1%8D%20-%20%D0%98%D1%81%D0%BB%D0%B0%D0%BC%D1%81%D0%BA%D0%B8%D0%B5%20%D0%B8%D0%BD%D0%B2%D0%B5%D1%81%D1%82%D0%B8%D1%86%D0%B8%D0%B8_.xlsx,raw/АК Барс/АК Барс  Лале/2026-05-29.xlsx
АК Барс,АК Барс – Лале,2026-06-30,https://www.akbars-capital.ru/upload/iblock/965/sbok9uxf0gnab0i1sc8h0mmfoldiqkxc/%D0%A1%D0%BF%D1%80%D0%B0%D0%B2%D0%BA%D0%B0%20%D0%A1%D0%A7%D0%90_01.06.2026-30.06.2026_%D0%9E%D0%9F%D0%98%D0%A4%20%D1%80%D1%8B%D0%BD%D0%BE%D1%87%D0%BD%D1%8B%D1%85%20%D1%84%D0%B8%D0%BD%D0%B0%D0%BD%D1%81%D0%BE%D0%B2%D1%8B%D1%85%20%20%D0%B8%D0%BD%D1%81%D1%82%D1%80%D1%83%D0%BC%D0%B5%D0%BD%D1%82%D0%BE%D0%B2%20_%D0%9B%D0%B0%D0%BB%D1%8D%20-%20%D0%98%D1%81%D0%BB%D0%B0%D0%BC%D1%81%D0%BA%D0%B8%D0%B5%20%D0%B8%D0%BD%D0%B2%D0%B5%D1%81%D1%82%D0%B8%D1%86%D0%B8%D0%B8_.xlsx,raw/АК Барс/АК Барс  Лале/2026-06-30.xlsx
АК Барс,АК Барс – Лале,2026-07-31,https://www.akbars-capital.ru/upload/iblock/e84/augc8h7nxmu9o0xt1f9qp8eeoujfka19/%D0%A1%D0%BF%D1%80%D0%B0%D0%B2%D0%BA%D0%B0%20%D0%A1%D0%A7%D0%90_01.07.2026-31.07.2026_%D0%9E%D0%9F%D0%98%D0%A4%20%D1%80%D1%8B%D0%BD%D0%BE%D1%87%D0%BD%D1%8B%D1%85%20%D1%84%D0%B8%D0%BD%D0%B0%D0%BD%D1%81%D0%BE%D0%B2%D1%8B%D1%85%20%20%D0%B8%D0%BD%D1%81%D1%82%D1%80%D1%83%D0%BC%D0%B5%D0%BD%D1%82%D0%BE%D0%B2%20_%D0%9B%D0%B0%D0%BB%D1%8D%20-%20%D0%98%D1%81%D0%BB%D0%B0%D0%BC%D1%81%D0%BA%D0%B8%D0%B5%20%D0%B8%D0%BD%D0%B2%D0%B5%D1%81%D1%82%D0%B8%D1%86%D0%B8%D0%B8_.xlsx,raw/АК Барс/АК Барс  Лале/2026-07-31.xlsx
АК Барс,АК Барс – Лале,2026-08-31,https://www.akbars-capital.ru/upload/iblock/dc3/v0x9b7de4fcx83kvvgpy74bpa702pb1c/%D0%A1%D0%BF%D1%80%D0%B0%D0%B2%D0%BA%D0%B0%20%D0%A1%D0%A7%D0%90_01.08.2026-31.08.2026_%D0%9E%D0%9F%D0%98%D0%A4%20%D1%80%D1%8B%D0%BD%D0%BE%D1%87%D0%BD%D1%8B%D1%85%20%D1%84%D0%B8%D0%BD%D0%B0%D0%BD%D1%81%D0%BE%D0%B2%D1%8B%D1%85%20%20%D0%B8%D0%BD%D1%81%D1%82%D1%80%D1%83%D0%BC%D0%B5%D0%BD%D1%82%D0%BE%D0%B2%20_%D0%9B%D0%B0%D0%BB%D1%8D%20-%20%D0%98%D1%81%D0%BB%D0%B0%D0%BC%D1%81%D0%BA%D0%B8%D0%B5%20%D0%B8%D0%BD%D0%B2%D0%B5%D1%81%D1%82%D0%B8%D1%86%D0%B8%D0%B8_.xlsx,raw/АК Барс/АК Барс  Лале/2026-08-31.xlsx
АК Барс,АК Барс – Максвелл Капитал,2021-09-30,https://www.akbars-capital.ru/upload/iblock/91c/%D0%A1%D0%BF%D1%80%D0%B0%D0%B2%D0%BA%D0%B0%20%D0%A1%D0%A7%D0%90_31.08.2021-30.09.2021_%D0%9E%D0%9F%D0%98%D0%A4%20%D0%9C%D0%B0%D0%BA%D1%81%D0%B2%D0%B5%D0%BB%D0%BB%20%D0%9A%D0%B0%D0%BF%D0%B8%D1%82%D0%B0%D0%BB.xlsx,raw/АК Барс/АК Барс  Максвелл Капитал/2021-09-30.xlsx
АК Барс,АК Барс – Максвелл Капитал,2021-10-29,https://www.akbars-capital.ru/upload/iblock/f2e/%D0%A1%D0%BF%D1%80%D0%B0%D0%B2%D0%BA%D0%B0%20%D0%A1%D0%A7%D0%90_28.10.2021-29.10.2021_%D0%9E%D0%9F%D0%98%D0%A4%20%D0%9C%D0%B0%D0%BA%D1%81%D0%B2%D0%B5%D0%BB%D0%BB%20%D0%9A%D0%B0%D0%BF%D0%B8%D1%82%D0%B0%D0%BB.xls,raw/АК Барс/АК Барс  Максвелл Капитал/2021-10-29.xls
АК Барс,АК Барс – Максвелл Капитал,2021-11-30,https://www.akbars-capital.ru/upload/iblock/f43/%D0%A1%D0%BF%D1%80%D0%B0%D0%B2%D0%BA%D0%B0%20%D0%A1%D0%A7%D0%90_29.11.2021-30.11.2021_%D0%9E%D0%9F%D0%98%D0%A4%20%D0%9C%D0%B0%D0%BA%D1%81%D0%B2%D0%B5%D0%BB%D0%BB%20%D0%9A%D0%B0%D0%BF%D0%B8%D1%82%D0%B0%D0%BB.xlsx,raw/АК Барс/АК Барс  Максвелл Капитал/2021-11-30.xlsx
АК Барс,АК Барс – Максвелл Капитал,2021-12-30,https://www.akbars-capital.ru/upload/iblock/ea0/%D0%A1%D0%BF%D1%80%D0%B0%D0%B2%D0%BA%D0%B0%20%D0%A1%D0%A7%D0%90_29.12.2021-30.12.2021_%D0%9E%D0%9F%D0%98%D0%A4%20%D0%9C%D0%B0%D0%BA%D1%81%D0%B2%D0%B5%D0%BB%D0%BB%20%D0%9A%D0%B0%D0%BF%D0%B8%D1%82%D0%B0%D0%BB.xlsx,raw/АК Барс/АК Барс  Максвелл Капитал/2021-12-30.xlsx
АК Барс,АК Барс – Максвелл Капитал,2022-01-31,https://www.akbars-capital.ru/upload/iblock/01e/%D0%A1%D0%BF%D1%80%D0%B0%D0%B2%D0%BA%D0%B0%20%D0%A1%D0%A7%D0%90_28.01.2022-31.01.2022_%D0%9E%D0%9F%D0%98%D0%A4%20%D0%9C%D0%B0%D0%BA%D1%81%D0%B2%D0%B5%D0%BB%D0%BB%20%D0%9A%D0%B0%D0%BF%D0%B8%D1%82%D0%B0%D0%BB.xlsx,raw/АК Барс/АК Барс  Максвелл Капитал/2022-01-31.xlsx
АК Барс,АК Барс – Максвелл Капитал,2022-02-28,https://www.akbars-capital.ru/upload/iblock/08e/%D0%A1%D0%BF%D1%80%D0%B0%D0%B2%D0%BA%D0%B0%20%D0%A1%D0%A7%D0%90_25.02.2022-28.02.2022_%D0%9E%D0%9F%D0%98%D0%A4%20%D0%9C%D0%B0%D0%BA%D1%81%D0%B2%D0%B5%D0%BB%D0%BB%20%D0%9A%D0%B0%D0%BF%D0%B8%D1%82%D0%B0%D0%BB.xlsx,raw/АК Барс/АК Барс  Максвелл Капитал/2022-02-28.xlsx
АК Барс,АК Барс – Максвелл Капитал,2022-03-31,https://www.akbars-capital.ru/upload/iblock/f64/%D0%A1%D0%BF%D1%80%D0%B0%D0%B2%D0%BA%D0%B0%20%D0%A1%D0%A7%D0%90_30.03.2022-31.03.2022_%D0%9E%D0%9F%D0%98%D0%A4%20%D0%9C%D0%B0%D0%BA%D1%81%D0%B2%D0%B5%D0%BB%D0%BB%20%D0%9A%D0%B0%D0%BF%D0%B8%D1%82%D0%B0%D0%BB.xlsx,raw/АК Барс/АК Барс  Максвелл Капитал/2022-03-31.xlsx
АК Барс,АК Барс – Максвелл Капитал,2022-04-29,https://www.akbars-capital.ru/upload/iblock/54c/%D0%A1%D0%BF%D1%80%D0%B0%D0%B2%D0%BA%D0%B0%20%D0%A1%D0%A7%D0%90_28.04.2022-29.04.2022_%D0%9E%D0%9F%D0%98%D0%A4%20%D0%9C%D0%B0%D0%BA%D1%81%D0%B2%D0%B5%D0%BB%D0%BB%20%D0%9A%D0%B0%D0%BF%D0%B8%D1%82%D0%B0%D0%BB.xlsx,raw/АК Барс/АК Барс  Максвелл Капитал/2022-04-29.xlsx
АК Барс,АК Барс – Максвелл Капитал,2022-05-31,https://www.akbars-capital.ru/upload/iblock/6b4/%D0%A1%D0%BF%D1%80%D0%B0%D0%B2%D0%BA%D0%B0%20%D0%A1%D0%A7%D0%90_30.05.2022-31.05.2022_%D0%9E%D0%9F%D0%98%D0%A4%20%D0%9C%D0%B0%D0%BA%D1%81%D0%B2%D0%B5%D0%BB%D0%BB%20%D0%9A%D0%B0%D0%BF%D0%B8%D1%82%D0%B0%D0%BB.xlsx,raw/АК Барс/АК Барс  Максвелл Капитал/2022-05-31.xlsx
АК Барс,АК Барс – Максвелл Капитал,2022-06-30,https://www.akbars-capital.ru/upload/iblock/c52/%D0%A1%D0%BF%D1%80%D0%B0%D0%B2%D0%BA%D0%B0%20%D0%A1%D0%A7%D0%90_29.06.2022-30.06.2022_%D0%9E%D0%9F%D0%98%D0%A4%20%D0%9C%D0%B0%D0%BA%D1%81%D0%B2%D0%B5%D0%BB%D0%BB%20%D0%9A%D0%B0%D0%BF%D0%B8%D1%82%D0%B0%D0%BB.xlsx,raw/АК Барс/АК Барс  Максвелл Капитал/2022-06-30.xlsx
АК Барс,АК Барс – Максвелл Капитал,2022-07-29,https://www.akbars-capital.ru/upload/iblock/61d/%D0%A1%D0%BF%D1%80%D0%B0%D0%B2%D0%BA%D0%B0%20%D0%A1%D0%A7%D0%90_28.07.2022-29.07.2022_%D0%9E%D0%9F%D0%98%D0%A4%20%D0%9C%D0%B0%D0%BA%D1%81%D0%B2%D0%B5%D0%BB%D0%BB%20%D0%9A%D0%B0%D0%BF%D0%B8%D1%82%D0%B0%D0%BB.xlsx,raw/АК Барс/АК Барс  Максвелл Капитал/2022-07-29.xlsx
АК Барс,АК Барс – Максвелл Капитал,2022-08-31,https://www.akbars-capital.ru/upload/iblock/75e/%D0%A1%D0%BF%D1%80%D0%B0%D0%B2%D0%BA%D0%B0%20%D0%A1%D0%A7%D0%90_30.08.2022-31.08.2022_%D0%9E%D0%9F%D0%98%D0%A4%20%D0%9C%D0%B0%D0%BA%D1%81%D0%B2%D0%B5%D0%BB%D0%BB%20%D0%9A%D0%B0%D0%BF%D0%B8%D1%82%D0%B0%D0%BB.xlsx,raw/АК Барс/АК Барс  Максвелл Капитал/2022-08-31.xlsx
АК Барс,АК Барс – Максвелл Капитал,2022-09-30,https://www.akbars-capital.ru/upload/iblock/de0/%D0%A1%D0%BF%D1%80%D0%B0%D0%B2%D0%BA%D0%B0%20%D0%A1%D0%A7%D0%90_29.09.2022-30.09.2022_%D0%9E%D0%9F%D0%98%D0%A4%20%D0%9C%D0%B0%D0%BA%D1%81%D0%B2%D0%B5%D0%BB%D0%BB%20%D0%9A%D0%B0%D0%BF%D0%B8%D1%82%D0%B0%D0%BB.xlsx,raw/АК Барс/АК Барс  Максвелл Капитал/2022-09-30.xlsx
АК Барс,АК Барс – Максвелл Капитал,2022-10-31,https://www.akbars-capital.ru/upload/iblock/7b9/%D0%A1%D0%BF%D1%80%D0%B0%D0%B2%D0%BA%D0%B0%20%D0%A1%D0%A7%D0%90_28.10.2022-31.10.2022_%D0%9E%D0%9F%D0%98%D0%A4%20%D0%9C%D0%B0%D0%BA%D1%81%D0%B2%D0%B5%D0%BB%D0%BB%20%D0%9A%D0%B0%D0%BF%D0%B8%D1%82%D0%B0%D0%BB.xlsx,raw/АК Барс/АК Барс  Максвелл Капитал/2022-10-31.xlsx
АК Барс,АК Барс – Максвелл Капитал,2022-11-30,https://www.akbars-capital.ru/upload/iblock/1fe/vh01vjjopamgpl4v3gfpxlymg41zyfj5/%D0%A1%D0%BF%D1%80%D0%B0%D0%B2%D0%BA%D0%B0%20%D0%A1%D0%A7%D0%90_29.11.2022-30.11.2022_%D0%9E%D0%9F%D0%98%D0%A4%20%D0%9C%D0%B0%D0%BA%D1%81%D0%B2%D0%B5%D0%BB%D0%BB%20%D0%9A%D0%B0%D0%BF%D0%B8%D1%82%D0%B0%D0%BB.xlsx,raw/АК Барс/АК Барс  Максвелл Капитал/2022-11-30.xlsx
АК Барс,АК Барс – Максвелл Капитал,2022-12-30,https://www.akbars-capital.ru/upload/iblock/983/vkqyil3qs468o7v47n1odawb0zm15mmr/%D0%A1%D0%BF%D1%80%D0%B0%D0%B2%D0%BA%D0%B0%20%D0%A1%D0%A7%D0%90_29.12.2022-30.12.2022_%D0%9E%D0%9F%D0%98%D0%A4%20%D0%9C%D0%B0%D0%BA%D1%81%D0%B2%D0%B5%D0%BB%D0%BB%20%D0%9A%D0%B0%D0%BF%D0%B8%D1%82%D0%B0%D0%BB.xlsx,raw/АК Барс/АК Барс  Максвелл Капитал/2022-12-30.xlsx
АК Барс,АК Барс – Максвелл Капитал,2023-01-31,https://www.akbars-capital.ru/upload/iblock/7da/xq436wpobjzo515n91383x28p75j1ys5/%D0%A1%D0%BF%D1%80%D0%B0%D0%B2%D0%BA%D0%B0%20%D0%A1%D0%A7%D0%90_30.01.2023-31.01.2023_%D0%9E%D0%9F%D0%98%D0%A4%20%D0%9C%D0%B0%D0%BA%D1%81%D0%B2%D0%B5%D0%BB%D0%BB%20%D0%9A%D0%B0%D0%BF%D0%B8%D1%82%D0%B0%D0%BB.xlsx,raw/АК Барс/АК Барс  Максвелл Капитал/2023-01-31.xlsx
АК Барс,АК Барс – Максвелл Капитал,2023-02-28,https://www.akbars-capital.ru/upload/iblock/da1/lchyky25mtz130d46uv0mm9hpvuw07oj/%D0%A1%D0%BF%D1%80%D0%B0%D0%B2%D0%BA%D0%B0%20%D0%A1%D0%A7%D0%90_27.02.2023-28.02.2023_%D0%9E%D0%9F%D0%98%D0%A4%20%D0%9C%D0%B0%D0%BA%D1%81%D0%B2%D0%B5%D0%BB%D0%BB%20%D0%9A%D0%B0%D0%BF%D0%B8%D1%82%D0%B0%D0%BB.xlsx,raw/АК Барс/АК Барс  Максвелл Капитал/2023-02-28.xlsx
АК Барс,АК Барс – Максвелл Капитал,2023-03-31,https://www.akbars-capital.ru/upload/iblock/95a/hwew5gtij37i4ulbbuu6ytjhi4mqbx6j/%D0%A1%D0%BF%D1%80%D0%B0%D0%B2%D0%BA%D0%B0%20%D0%A1%D0%A7%D0%90_30.03.2023-31.03.2023_%D0%9E%D0%9F%D0%98%D0%A4%20%D0%9C%D0%B0%D0%BA%D1%81%D0%B2%D0%B5%D0%BB%D0%BB%20%D0%9A%D0%B0%D0%BF%D0%B8%D1%82%D0%B0%D0%BB.xlsx,raw/АК Барс/АК Барс  Максвелл Капитал/2023-03-31.xlsx
АК Барс,АК Барс – Максвелл Капитал,2023-05-31,https://www.akbars-capital.ru/upload/iblock/beb/0473ugx9ittn81a3qjx0t1hb7ojyawl1/%D0%A1%D0%BF%D1%80%D0%B0%D0%B2%D0%BA%D0%B0%20%D0%A1%D0%A7%D0%90_01.05.2023-31.05.2023_%D0%9E%D0%9F%D0%98%D0%A4%20%D0%9C%D0%B0%D0%BA%D1%81%D0%B2%D0%B5%D0%BB%D0%BB%20%D0%9A%D0%B0%D0%BF%D0%B8%D1%82%D0%B0%D0%BB.xlsx,raw/АК Барс/АК Барс  Максвелл Капитал/2023-05-31.xlsx
АК Барс,АК Барс – Максвелл Капитал,2023-06-30,https://www.akbars-capital.ru/upload/iblock/a02/l90cvimooblr56y1e8231vekb0nxkw0t/%D0%A1%D0%BF%D1%80%D0%B0%D0%B2%D0%BA%D0%B0%20%D0%A1%D0%A7%D0%90_01.06.2023-30.06.2023_%D0%9E%D0%9F%D0%98%D0%A4%20%D0%9C%D0%B0%D0%BA%D1%81%D0%B2%D0%B5%D0%BB%D0%BB%20%D0%9A%D0%B0%D0%BF%D0%B8%D1%82%D0%B0%D0%BB.xlsx,raw/АК Барс/АК Барс  Максвелл Капитал/2023-06-30.xlsx
АК Барс,АК Барс – Максвелл Капитал,2023-07-31,https://www.akbars-capital.ru/upload/iblock/ba7/zbnjn21zkm1hacj44og7b3l8j19slch9/%D0%A1%D0%BF%D1%80%D0%B0%D0%B2%D0%BA%D0%B0%20%D0%A1%D0%A7%D0%90_01.07.2023-31.07.2023_%D0%9E%D0%9F%D0%98%D0%A4%20%D0%9C%D0%B0%D0%BA%D1%81%D0%B2%D0%B5%D0%BB%D0%BB%20%D0%9A%D0%B0%D0%BF%D0%B8%D1%82%D0%B0%D0%BB.xlsx,raw/АК Барс/АК Барс  Максвелл Капитал/2023-07-31.xlsx
АК Барс,АК Барс – Максвелл Капитал,2023-08-31,https://www.akbars-capital.ru/upload/iblock/f95/t6l3fukshk2dzg5w0g5viqzydpxx8wk3/%D0%A1%D0%BF%D1%80%D0%B0%D0%B2%D0%BA%D0%B0%20%D0%A1%D0%A7%D0%90_01.08.2023-31.08.2023_%D0%9E%D0%9F%D0%98%D0%A4%20%D0%9C%D0%B0%D0%BA%D1%81%D0%B2%D0%B5%D0%BB%D0%BB%20%D0%9A%D0%B0%D0%BF%D0%B8%D1%82%D0%B0%D0%BB.xlsx,raw/АК Барс/АК Барс  Максвелл Капитал/2023-08-31.xlsx
АК Барс,АК Барс – Максвелл Капитал,2023-09-29,https://www.akbars-capital.ru/upload/iblock/ad5/zz5xfr82ur7hw576kw3nr9tpwl4re6it/%D0%A1%D0%BF%D1%80%D0%B0%D0%B2%D0%BA%D0%B0%20%D0%A1%D0%A7%D0%90_01.09.2023-29.09.2023_%D0%9E%D0%9F%D0%98%D0%A4%20%D0%9C%D0%B0%D0%BA%D1%81%D0%B2%D0%B5%D0%BB%D0%BB%20%D0%9A%D0%B0%D0%BF%D0%B8%D1%82%D0%B0%D0%BB.xlsx,raw/АК Барс/АК Барс  Максвелл Капитал/2023-09-29.xlsx
АК Барс,АК Барс – Максвелл Капитал,2023-10-31,https://www.akbars-capital.ru/upload/iblock/a64/ug4pbe8j44my82v974sjflle5b793cq5/%D0%A1%D0%BF%D1%80%D0%B0%D0%B2%D0%BA%D0%B0%20%D0%A1%D0%A7%D0%90_01.10.2023-31.10.2023_%D0%9E%D0%9F%D0%98%D0%A4%20%D0%9C%D0%B0%D0%BA%D1%81%D0%B2%D0%B5%D0%BB%D0%BB%20%D0%9A%D0%B0%D0%BF%D0%B8%D1%82%D0%B0%D0%BB.xlsx,raw/АК Барс/АК Барс  Максвелл Капитал/2023-10-31.xlsx
АК Барс,АК Барс – Максвелл Капитал,2023-11-30,https://www.akbars-capital.ru/upload/iblock/2b1/fo3cvwafz1yoy37ztsfgkqjzh0mdr43p/%D0%A1%D0%BF%D1%80%D0%B0%D0%B2%D0%BA%D0%B0%20%D0%A1%D0%A7%D0%90_01.11.2023-30.11.2023_%D0%9E%D0%9F%D0%98%D0%A4%20%D0%9C%D0%B0%D0%BA%D1%81%D0%B2%D0%B5%D0%BB%D0%BB%20%D0%9A%D0%B0%D0%BF%D0%B8%D1%82%D0%B0%D0%BB.xlsx,raw/АК Барс/АК Барс  Максвелл Капитал/2023-11-30.xlsx
АК Барс,АК Барс – Максвелл Капитал,2023-12-29,https://www.akbars-capital.ru/upload/iblock/de6/dq4y25jetd02r66ggf96irqa6foq9s1l/%D0%A1%D0%BF%D1%80%D0%B0%D0%B2%D0%BA%D0%B0%20%D0%A1%D0%A7%D0%90_01.12.2023-29.12.2023_%D0%9E%D0%9F%D0%98%D0%A4%20%D0%9C%D0%B0%D0%BA%D1%81%D0%B2%D0%B5%D0%BB%D0%BB%20%D0%9A%D0%B0%D0%BF%D0%B8%D1%82%D0%B0%D0%BB.xlsx,raw/АК Барс/АК Барс  Максвелл Капитал/2023-12-29.xlsx
АК Барс,АК Барс – Максвелл Капитал,2024-01-31,https://www.akbars-capital.ru/upload/iblock/a9d/d9wke6mnhzrc762szu3vjed9mio6hf8a/%D0%A1%D0%BF%D1%80%D0%B0%D0%B2%D0%BA%D0%B0%20%D0%A1%D0%A7%D0%90_01.01.2024-31.01.2024_%D0%9E%D0%9F%D0%98%D0%A4%20%D0%9C%D0%B0%D0%BA%D1%81%D0%B2%D0%B5%D0%BB%D0%BB%20%D0%9A%D0%B0%D0%BF%D0%B8%D1%82%D0%B0%D0%BB.xlsx,raw/АК Барс/АК Барс  Максвелл Капитал/2024-01-31.xlsx
АК Барс,АК Барс – Максвелл Капитал,2024-02-29,https://www.akbars-capital.ru/upload/iblock/289/rrlmewhkbh2sffr2krrugioheixyxp8r/%D0%A1%D0%BF%D1%80%D0%B0%D0%B2%D0%BA%D0%B0%20%D0%A1%D0%A7%D0%90_01.02.2024-29.02.2024_%D0%9E%D0%9F%D0%98%D0%A4%20%D0%9C%D0%B0%D0%BA%D1%81%D0%B2%D0%B5%D0%BB%D0%BB%20%D0%9A%D0%B0%D0%BF%D0%B8%D1%82%D0%B0%D0%BB.xlsx,raw/АК Барс/АК Барс  Максвелл Капитал/2024-02-29.xlsx
АК Барс,АК Барс – Максвелл Капитал,2024-03-29,https://www.akbars-capital.ru/upload/iblock/d5b/ogi54h08ndr00ya6bant68b9wrivajn3/%D0%A1%D0%BF%D1%80%D0%B0%D0%B2%D0%BA%D0%B0%20%D0%A1%D0%A7%D0%90_01.03.2024-29.03.2024_%D0%9E%D0%9F%D0%98%D0%A4%20%D0%9C%D0%B0%D0%BA%D1%81%D0%B2%D0%B5%D0%BB%D0%BB%20%D0%9A%D0%B0%D0%BF%D0%B8%D1%82%D0%B0%D0%BB.xlsx,raw/АК Барс/АК Барс  Максвелл Капитал/2024-03-29.xlsx
АК Барс,АК Барс – Максвелл Капитал,2024-04-27,https://www.akbars-capital.ru/upload/iblock/643/b2s7sadl8yg7dvv45ljzg6aovlk3zf4f/%D0%A1%D0%BF%D1%80%D0%B0%D0%B2%D0%BA%D0%B0%20%D0%A1%D0%A7%D0%90_01.04.2024-27.04.2024_%D0%9E%D0%9F%D0%98%D0%A4%20%D0%9C%D0%B0%D0%BA%D1%81%D0%B2%D0%B5%D0%BB%D0%BB%20%D0%9A%D0%B0%D0%BF%D0%B8%D1%82%D0%B0%D0%BB.xlsx,raw/АК Барс/АК Барс  Максвелл Капитал/2024-04-27.xlsx
АК Барс,АК Барс – Максвелл Капитал,2024-05-31,https://www.akbars-capital.ru/upload/iblock/0d2/sg728ij52287okhr3locs4ujkc7lry6t/%D0%A1%D0%BF%D1%80%D0%B0%D0%B2%D0%BA%D0%B0%20%D0%A1%D0%A7%D0%90_01.05.2024-31.05.2024_%D0%9E%D0%9F%D0%98%D0%A4%20%D0%9C%D0%B0%D0%BA%D1%81%D0%B2%D0%B5%D0%BB%D0%BB%20%D0%9A%D0%B0%D0%BF%D0%B8%D1%82%D0%B0%D0%BB.xls,raw/АК Барс/АК Барс  Максвелл Капитал/2024-05-31.xls
АК Барс,АК Барс – Максвелл Капитал,2024-06-28,https://www.akbars-capital.ru/upload/iblock/f0a/vftvuk9murpbev1ty6j06o8izpu3dhta/%D0%A1%D0%BF%D1%80%D0%B0%D0%B2%D0%BA%D0%B0%20%D0%A1%D0%A7%D0%90_01.06.2024-28.06.2024_%D0%9E%D0%9F%D0%98%D0%A4%20%D0%9C%D0%B0%D0%BA%D1%81%D0%B2%D0%B5%D0%BB%D0%BB%20%D0%9A%D0%B0%D0%BF%D0%B8%D1%82%D0%B0%D0%BB.xlsx,raw/АК Барс/АК Барс  Максвелл Капитал/2024-06-28.xlsx
АК Барс,АК Барс – Максвелл Капитал,2024-07-31,https://www.akbars-capital.ru/upload/iblock/45f/gq2pympon52di7hwwkhfosn3ufzlks4m/%D0%A1%D0%BF%D1%80%D0%B0%D0%B2%D0%BA%D0%B0%20%D0%A1%D0%A7%D0%90_01.07.2024-31.07.2024_%D0%9E%D0%9F%D0%98%D0%A4%20%D0%9C%D0%B0%D0%BA%D1%81%D0%B2%D0%B5%D0%BB%D0%BB%20%D0%9A%D0%B0%D0%BF%D0%B8%D1%82%D0%B0%D0%BB.xlsx,raw/АК Барс/АК Барс  Максвелл Капитал/2024-07-31.xlsx
АК Барс,АК Барс – Максвелл Капитал,2024-08-30,https://www.akbars-capital.ru/upload/iblock/73e/o4vbz7uxcm8rh6vvpimewopo3f0ou9oe/%D0%A1%D0%BF%D1%80%D0%B0%D0%B2%D0%BA%D0%B0%20%D0%A1%D0%A7%D0%90_01.08.2024-30.08.2024_%D0%9E%D0%9F%D0%98%D0%A4%20%D0%9C%D0%B0%D0%BA%D1%81%D0%B2%D0%B5%D0%BB%D0%BB%20%D0%9A%D0%B0%D0%BF%D0%B8%D1%82%D0%B0%D0%BB.xlsx,raw/АК Барс/АК Барс  Максвелл Капитал/2024-08-30.xlsx
АК Барс,АК Барс – Максвелл Капитал,2024-09-30,https://www.akbars-capital.ru/upload/iblock/dac/gc9jp8t4le25q541j6jls7pt9myrvt0y/%D0%A1%D0%BF%D1%80%D0%B0%D0%B2%D0%BA%D0%B0%20%D0%A1%D0%A7%D0%90_01.09.2024-30.09.2024_%D0%9E%D0%9F%D0%98%D0%A4%20%D0%9C%D0%B0%D0%BA%D1%81%D0%B2%D0%B5%D0%BB%D0%BB%20%D0%9A%D0%B0%D0%BF%D0%B8%D1%82%D0%B0%D0%BB.xlsx,raw/АК Барс/АК Барс  Максвелл Капитал/2024-09-30.xlsx
АК Барс,АК Барс – Максвелл Капитал,2024-10-31,https://www.akbars-capital.ru/upload/iblock/791/3qgd8y42k7if6wqtfotrrl25ilogozr7/%D0%A1%D0%BF%D1%80%D0%B0%D0%B2%D0%BA%D0%B0%20%D0%A1%D0%A7%D0%90_01.10.2024-31.10.2024_%D0%9E%D0%9F%D0%98%D0%A4%20%D0%9C%D0%B0%D0%BA%D1%81%D0%B2%D0%B5%D0%BB%D0%BB%20%D0%9A%D0%B0%D0%BF%D0%B8%D1%82%D0%B0%D0%BB.xlsx,raw/АК Барс/АК Барс  Максвелл Капитал/2024-10-31.xlsx
АК Барс,АК Барс – Максвелл Капитал,2024-11-29,https://www.akbars-capital.ru/upload/iblock/654/uwve6600zjn0k30dded0qf0pwqy9a4n2/%D0%A1%D0%BF%D1%80%D0%B0%D0%B2%D0%BA%D0%B0%20%D0%A1%D0%A7%D0%90_01.11.2024-29.11.2024_%D0%9E%D0%9F%D0%98%D0%A4%20%D0%9C%D0%B0%D0%BA%D1%81%D0%B2%D0%B5%D0%BB%D0%BB%20%D0%9A%D0%B0%D0%BF%D0%B8%D1%82%D0%B0%D0%BB.xlsx,raw/АК Барс/АК Барс  Максвелл Капитал/2024-11-29.xlsx
АК Барс,АК Барс – Максвелл Капитал,2024-12-28,https://www.akbars-capital.ru/upload/iblock/ef4/93180qowri4kr01iqnkj6o7my1rhsr7c/%D0%A1%D0%BF%D1%80%D0%B0%D0%B2%D0%BA%D0%B0%20%D0%A1%D0%A7%D0%90_01.12.2024-28.12.2024_%D0%9E%D0%9F%D0%98%D0%A4%20%D0%9C%D0%B0%D0%BA%D1%81%D0%B2%D0%B5%D0%BB%D0%BB%20%D0%9A%D0%B0%D0%BF%D0%B8%D1%82%D0%B0%D0%BB.xlsx,raw/АК Барс/АК Барс  Максвелл Капитал/2024-12-28.xlsx
АК Барс,АК Барс – Максвелл Капитал,2025-01-31,https://www.akbars-capital.ru/upload/iblock/c15/x2fdh06ld2r1m4h6wj9rn9z1notsmc0z/%D0%A1%D0%BF%D1%80%D0%B0%D0%B2%D0%BA%D0%B0%20%D0%A1%D0%A7%D0%90_01.01.2025-31.01.2025_%D0%9E%D0%9F%D0%98%D0%A4%20%D0%9C%D0%B0%D0%BA%D1%81%D0%B2%D0%B5%D0%BB%D0%BB%20%D0%9A%D0%B0%D0%BF%D0%B8%D1%82%D0%B0%D0%BB.xlsx,raw/АК Барс/АК Барс  Максвелл Капитал/2025-01-31.xlsx
АК Барс,АК Барс – Максвелл Капитал,2025-02-28,https://www.akbars-capital.ru/upload/iblock/a21/3h3oq3nlo6e2ctgp15d6i126vgrf15tg/%D0%A1%D0%BF%D1%80%D0%B0%D0%B2%D0%BA%D0%B0%20%D0%A1%D0%A7%D0%90_01.02.2025-28.02.2025_%D0%9E%D0%9F%D0%98%D0%A4%20%D0%9C%D0%B0%D0%BA%D1%81%D0%B2%D0%B5%D0%BB%D0%BB%20%D0%9A%D0%B0%D0%BF%D0%B8%D1%82%D0%B0%D0%BB.xlsx,raw/АК Барс/АК Барс  Максвелл Капитал/2025-02-28.xlsx
АК Барс,АК Барс – Максвелл Капитал,2025-03-31,https://www.akbars-capital.ru/upload/iblock/6f0/3qiguri4jmu78adsfrx8iitwxga234c5/%D0%A1%D0%BF%D1%80%D0%B0%D0%B2%D0%BA%D0%B0%20%D0%A1%D0%A7%D0%90_01.03.2025-31.03.2025_%D0%9E%D0%9F%D0%98%D0%A4%20%D0%9C%D0%B0%D0%BA%D1%81%D0%B2%D0%B5%D0%BB%D0%BB%20%D0%9A%D0%B0%D0%BF%D0%B8%D1%82%D0%B0%D0%BB.xlsx,raw/АК Барс/АК Барс  Максвелл Капитал/2025-03-31.xlsx
АК Барс,АК Барс – Максвелл Капитал,2025-04-30,https://www.akbars-capital.ru/upload/iblock/b54/jl4ylftrxgq3eqhq99dpo5ihpli67m6r/%D0%A1%D0%BF%D1%80%D0%B0%D0%B2%D0%BA%D0%B0%20%D0%A1%D0%A7%D0%90_01.04.2025-30.04.2025_%D0%9E%D0%9F%D0%98%D0%A4%20%D0%9C%D0%B0%D0%BA%D1%81%D0%B2%D0%B5%D0%BB%D0%BB%20%D0%9A%D0%B0%D0%BF%D0%B8%D1%82%D0%B0%D0%BB.xlsx,raw/АК Барс/АК Барс  Максвелл Капитал/2025-04-30.xlsx
АК Барс,АК Барс – Максвелл Капитал,2025-05-30,https://www.akbars-capital.ru/upload/iblock/c9a/ezq0efi3l43irlhvtyy24qdsyxnnecdr/%D0%A1%D0%BF%D1%80%D0%B0%D0%B2%D0%BA%D0%B0%20%D0%A1%D0%A7%D0%90_01.05.2025-30.05.2025_%D0%9E%D0%9F%D0%98%D0%A4%20%D0%9C%D0%B0%D0%BA%D1%81%D0%B2%D0%B5%D0%BB%D0%BB%20%D0%9A%D0%B0%D0%BF%D0%B8%D1%82%D0%B0%D0%BB.xlsx,raw/АК Барс/АК Барс  Максвелл Капитал/2025-05-30.xlsx
АК Барс,АК Барс – Максвелл Капитал,2025-06-30,https://www.akbars-capital.ru/upload/iblock/be6/bm7j82cpuuh658r80u8mtkwyawd7fekr/%D0%A1%D0%BF%D1%80%D0%B0%D0%B2%D0%BA%D0%B0%20%D0%A1%D0%A7%D0%90_01.06.2025-30.06.2025_%D0%9E%D0%9F%D0%98%D0%A4%20%D0%9C%D0%B0%D0%BA%D1%81%D0%B2%D0%B5%D0%BB%D0%BB%20%D0%9A%D0%B0%D0%BF%D0%B8%D1%82%D0%B0%D0%BB.xlsx,raw/АК Барс/АК Барс  Максвелл Капитал/2025-06-30.xlsx
АК Барс,АК Барс – Максвелл Капитал,2025-07-31,https://www.akbars-capital.ru/upload/iblock/897/bm21baq4ii9kisl7knjczi6r1dr9dy0o/%D0%A1%D0%BF%D1%80%D0%B0%D0%B2%D0%BA%D0%B0%20%D0%A1%D0%A7%D0%90_01.07.2025-31.07.2025_%D0%9E%D0%9F%D0%98%D0%A4%20%D0%9C%D0%B0%D0%BA%D1%81%D0%B2%D0%B5%D0%BB%D0%BB%20%D0%9A%D0%B0%D0%BF%D0%B8%D1%82%D0%B0%D0%BB.xlsx,raw/АК Барс/АК Барс  Максвелл Капитал/2025-07-31.xlsx
АК Барс,АК Барс – Максвелл Капитал,2025-08-29,https://www.akbars-capital.ru/upload/iblock/edc/q2fkbpbhl2dewq38btgq1pkgr5atffqd/%D0%A1%D0%BF%D1%80%D0%B0%D0%B2%D0%BA%D0%B0%20%D0%A1%D0%A7%D0%90_01.08.2025-29.08.2025_%D0%9E%D0%9F%D0%98%D0%A4%20%D0%9C%D0%B0%D0%BA%D1%81%D0%B2%D0%B5%D0%BB%D0%BB%20%D0%9A%D0%B0%D0%BF%D0%B8%D1%82%D0%B0%D0%BB.xlsx,raw/АК Барс/АК Барс  Максвелл Капитал/2025-08-29.xlsx
АК Барс,АК Барс – Максвелл Капитал,2025-09-30,https://www.akbars-capital.ru/upload/iblock/16f/g1g4o98yx2vlargr0dao86ybrjq9gxog/%D0%A1%D0%BF%D1%80%D0%B0%D0%B2%D0%BA%D0%B0%20%D0%A1%D0%A7%D0%90_01.09.2025-30.09.2025_%D0%9E%D0%9F%D0%98%D0%A4%20%D0%9C%D0%B0%D0%BA%D1%81%D0%B2%D0%B5%D0%BB%D0%BB%20%D0%9A%D0%B0%D0%BF%D0%B8%D1%82%D0%B0%D0%BB.xlsx,raw/АК Барс/АК Барс  Максвелл Капитал/2025-09-30.xlsx
АК Барс,АК Барс – Максвелл Капитал,2025-10-31,https://www.akbars-capital.ru/upload/iblock/bf6/i4mb3e763019rqy4itei8iqgn13izt0v/%D0%A1%D0%BF%D1%80%D0%B0%D0%B2%D0%BA%D0%B0%20%D0%A1%D0%A7%D0%90_01.10.2025-31.10.2025_%D0%9E%D0%9F%D0%98%D0%A4%20%D0%9C%D0%B0%D0%BA%D1%81%D0%B2%D0%B5%D0%BB%D0%BB%20%D0%9A%D0%B0%D0%BF%D0%B8%D1%82%D0%B0%D0%BB.xlsx,raw/АК Барс/АК Барс  Максвелл Капитал/2025-10-31.xlsx
АК Барс,АК Барс – Максвелл Капитал,2025-11-28,https://www.akbars-capital.ru/upload/iblock/6ec/6wmho8bd17oiiwpwhn71u5iuv993kyyy/%D0%A1%D0%BF%D1%80%D0%B0%D0%B2%D0%BA%D0%B0%20%D0%A1%D0%A7%D0%90_01.11.2025-28.11.2025_%D0%9E%D0%9F%D0%98%D0%A4%20%D0%9C%D0%B0%D0%BA%D1%81%D0%B2%D0%B5%D0%BB%D0%BB%20%D0%9A%D0%B0%D0%BF%D0%B8%D1%82%D0%B0%D0%BB.xlsx,raw/АК Барс/АК Барс  Максвелл Капитал/2025-11-28.xlsx
АК Барс,АК Барс – Максвелл Капитал,2025-12-30,https://www.akbars-capital.ru/upload/iblock/7f1/1pirslwhrp7q0ak0imr723uqd4hwx2am/%D0%A1%D0%BF%D1%80%D0%B0%D0%B2%D0%BA%D0%B0%20%D0%A1%D0%A7%D0%90_01.12.2025-30.12.2025_%D0%9E%D0%9F%D0%98%D0%A4%20%D0%9C%D0%B0%D0%BA%D1%81%D0%B2%D0%B5%D0%BB%D0%BB%20%D0%9A%D0%B0%D0%BF%D0%B8%D1%82%D0%B0%D0%BB.xls,raw/АК Барс/АК Барс  Максвелл Капитал/2025-12-30.xls
АК Барс,АК Барс – Максвелл Капитал,2026-01-30,https://www.akbars-capital.ru/upload/iblock/8be/4oj46z2qgobt55qawk66xwv7a0gib49t/%D0%A1%D0%BF%D1%80%D0%B0%D0%B2%D0%BA%D0%B0%20%D0%A1%D0%A7%D0%90_01.01.2026-30.01.2026_%D0%9E%D0%9F%D0%98%D0%A4%20%D0%9C%D0%B0%D0%BA%D1%81%D0%B2%D0%B5%D0%BB%D0%BB%20%D0%9A%D0%B0%D0%BF%D0%B8%D1%82%D0%B0%D0%BB.xlsx,raw/АК Барс/АК Барс  Максвелл Капитал/2026-01-30.xlsx
АК Барс,АК Барс – Максвелл Капитал,2026-02-27,https://www.akbars-capital.ru/upload/iblock/851/3wwqx0w47fcicut8x9qvxi43y1nmcvob/%D0%A1%D0%BF%D1%80%D0%B0%D0%B2%D0%BA%D0%B0%20%D0%A1%D0%A7%D0%90_01.02.2026-27.02.2026_%D0%9E%D0%9F%D0%98%D0%A4%20%D0%9C%D0%B0%D0%BA%D1%81%D0%B2%D0%B5%D0%BB%D0%BB%20%D0%9A%D0%B0%D0%BF%D0%B8%D1%82%D0%B0%D0%BB.xlsx,raw/АК Барс/АК Барс  Максвелл Капитал/2026-02-27.xlsx
АК Барс,АК Барс – Максвелл Капитал,2026-03-31,https://www.akbars-capital.ru/upload/iblock/be4/ubz3j0l8udg3etzyvlc53ai3xg1zdvw1/%D0%A1%D0%BF%D1%80%D0%B0%D0%B2%D0%BA%D0%B0%20%D0%A1%D0%A7%D0%90_01.03.2026-31.03.2026_%D0%9E%D0%9F%D0%98%D0%A4%20%D0%9C%D0%B0%D0%BA%D1%81%D0%B2%D0%B5%D0%BB%D0%BB%20%D0%9A%D0%B0%D0%BF%D0%B8%D1%82%D0%B0%D0%BB.xlsx,raw/АК Барс/АК Барс  Максвелл Капитал/2026-03-31.xlsx
АК Барс,АК Барс – Максвелл Капитал,2026-04-30,https://www.akbars-capital.ru/upload/iblock/68f/rpueiiok050472223b04sjx72vajm1h6/%D0%A1%D0%BF%D1%80%D0%B0%D0%B2%D0%BA%D0%B0%20%D0%A1%D0%A7%D0%90_01.04.2026-30.04.2026_%D0%9E%D0%9F%D0%98%D0%A4%20%D0%9C%D0%B0%D0%BA%D1%81%D0%B2%D0%B5%D0%BB%D0%BB%20%D0%9A%D0%B0%D0%BF%D0%B8%D1%82%D0%B0%D0%BB.xlsx,raw/АК Барс/АК Барс  Максвелл Капитал/2026-04-30.xlsx
АК Барс,АК Барс – Максвелл Капитал,2026-05-29,https://www.akbars-capital.ru/upload/iblock/30b/lfesdg4vnvx1zulwo1anh0kdnnzbq2s1/%D0%A1%D0%BF%D1%80%D0%B0%D0%B2%D0%BA%D0%B0%20%D0%A1%D0%A7%D0%90_01.05.2026-29.05.2026_%D0%9E%D0%9F%D0%98%D0%A4%20%D0%9C%D0%B0%D0%BA%D1%81%D0%B2%D0%B5%D0%BB%D0%BB%20%D0%9A%D0%B0%D0%BF%D0%B8%D1%82%D0%B0%D0%BB.xlsx,raw/АК Барс/АК Барс  Максвелл Капитал/2026-05-29.xlsx
АК Барс,АК Барс – Максвелл Капитал,2026-06-30,https://www.akbars-capital.ru/upload/iblock/967/c8evudbn6qbigyqcgajrptskt71whh9a/%D0%A1%D0%BF%D1%80%D0%B0%D0%B2%D0%BA%D0%B0%20%D0%A1%D0%A7%D0%90_01.06.2026-30.06.2026_%D0%9E%D0%9F%D0%98%D0%A4%20%D0%9C%D0%B0%D0%BA%D1%81%D0%B2%D0%B5%D0%BB%D0%BB%20%D0%9A%D0%B0%D0%BF%D0%B8%D1%82%D0%B0%D0%BB.xlsx,raw/АК Барс/АК Барс  Максвелл Капитал/2026-06-30.xlsx
АК Барс,АК Барс – Максвелл Капитал,2026-07-31,https://www.akbars-capital.ru/upload/iblock/377/l5jcz1j3n8slb292es77sjc1ulicwc74/%D0%A1%D0%BF%D1%80%D0%B0%D0%B2%D0%BA%D0%B0%20%D0%A1%D0%A7%D0%90_01.07.2026-31.07.2026_%D0%9E%D0%9F%D0%98%D0%A4%20%D0%9C%D0%B0%D0%BA%D1%81%D0%B2%D0%B5%D0%BB%D0%BB%20%D0%9A%D0%B0%D0%BF%D0%B8%D1%82%D0%B0%D0%BB.xlsx,raw/АК Барс/АК Барс  Максвелл Капитал/2026-07-31.xlsx
АК Барс,АК Барс – Максвелл Капитал,2026-08-31,https://www.akbars-capital.ru/upload/iblock/3e0/5n4jy4hip3gzhbi62bj45ij7us4n9002/%D0%A1%D0%BF%D1%80%D0%B0%D0%B2%D0%BA%D0%B0%20%D0%A1%D0%A7%D0%90_01.08.2026-31.08.2026_%D0%9E%D0%9F%D0%98%D0%A4%20%D0%9C%D0%B0%D0%BA%D1%81%D0%B2%D0%B5%D0%BB%D0%BB%20%D0%9A%D0%B0%D0%BF%D0%B8%D1%82%D0%B0%D0%BB.xlsx,raw/АК Барс/АК Барс  Максвелл Капитал/2026-08-31.xlsx
Ингосстрах-Инвестиции,Ингосстрах – Мои акции,2026-04-30,https://www.ingosinvest-am.ru/api/uploads/Spravka_S_Ch_A_za_aprel_2026g_Moi_akczii_a28614b5e8.xlsx,raw/Ингосстрах-Инвестиции/Ингосстрах  Мои акции/2026-04-30.xlsx
Ингосстрах-Инвестиции,Ингосстрах – Мои акции,2026-05-29,https://www.ingosinvest-am.ru/api/uploads/Spravka_S_Ch_A_za_maj_2026g_Moi_akczii_2212a08b14.xlsx,raw/Ингосстрах-Инвестиции/Ингосстрах  Мои акции/2026-05-29.xlsx
Ингосстрах-Инвестиции,Ингосстрах – Мои акции,2026-06-30,https://www.ingosinvest-am.ru/api/uploads/Spravka_S_Ch_A_za_iyun_2026g_Moi_akczii_5550cebeb3.xlsx,raw/Ингосстрах-Инвестиции/Ингосстрах  Мои акции/2026-06-30.xlsx
Ингосстрах-Инвестиции,Ингосстрах – Мои акции,2026-07-31,https://www.ingosinvest-am.ru/api/uploads/Spravka_S_Ch_A_za_iyul_2026g_Moi_akczii_8bac0b7ecf.xlsx,raw/Ингосстрах-Инвестиции/Ингосстрах  Мои акции/2026-07-31.xlsx
Ингосстрах-Инвестиции,Ингосстрах – Мои акции,2026-08-31,https://www.ingosinvest-am.ru/api/uploads/Spravka_S_Ch_A_za_avgust_2026g_Moi_akczii_139e4b146b.xlsx,raw/Ингосстрах-Инвестиции/Ингосстрах  Мои акции/2026-08-31.xlsx
РСХБ,РСХБ – Компании малой и средней капитализации,2025-03-31,https://www.rshb-am.ru/upload/iblock/077/wdgkwc9wxab3t5hjyug217mutr6evln3/Spravka-o-stoimosti-chistykh-aktivov-OPIF-RSKHB_Fond-kompaniy-maloy-i-sredney-kapitalizatsii_na-31.03.2025-g.pdf,raw/РСХБ/РСХБ  Компании малой и средней капитализации/2025-03-31.pdf
РСХБ,РСХБ – Компании малой и средней капитализации,2025-04-30,https://www.rshb-am.ru/upload/iblock/4e8/ywbvfqpl1z4wbxtb7yqhyjp279olh2m5/Spravka-o-stoimosti-chistykh-aktivov-OPIF-RSKHB_Fond-kompaniy-maloy-i-sredney-kapitalizatsii_na-30.04.2025-g.pdf,raw/РСХБ/РСХБ  Компании малой и средней капитализации/2025-04-30.pdf
РСХБ,РСХБ – Компании малой и средней капитализации,2025-05-30,https://www.rshb-am.ru/upload/iblock/0bc/vc9wnjxrskrrll65qkbhyie1u9bagrwy/Spravka-o-stoimosti-chistykh-aktivov-OPIF-RSKHB_Fond-kompaniy-maloy-i-sredney-kapitalizatsii_na-30.05.2025-g.pdf,raw/РСХБ/РСХБ  Компании малой и средней капитализации/2025-05-30.pdf
РСХБ,РСХБ – Компании малой и средней капитализации,2025-06-30,https://www.rshb-am.ru/upload/iblock/0be/czd0u09kwjzp7262l8y8f9mxohqjjq3t/Spravka-o-stoimosti-chistykh-aktivov-OPIF-RSKHB_Fond-kompaniy-maloy-i-sredney-kapitalizatsii_na-30.06.2025-g.pdf,raw/РСХБ/РСХБ  Компании малой и средней капитализации/2025-06-30.pdf
РСХБ,РСХБ – Компании малой и средней капитализации,2025-07-31,https://www.rshb-am.ru/upload/iblock/59f/jmty8drffw2pyxquw4mdw2qpx2duicdz/Spravka-o-stoimosti-chistykh-aktivov-OPIF-RSKHB_Fond-kompaniy-maloy-i-sredney-kapitalizatsii_na-31.07.2025-g.pdf,raw/РСХБ/РСХБ  Компании малой и средней капитализации/2025-07-31.pdf
РСХБ,РСХБ – Компании малой и средней капитализации,2025-08-29,https://www.rshb-am.ru/upload/iblock/02b/y20kr0tfqnt6cv1y32xztz83m6wt5lye/Spravka-o-stoimosti-chistykh-aktivov-OPIF-RSKHB_Fond-kompaniy-maloy-i-sredney-kapitalizatsii_na-29.08.2025-g.pdf,raw/РСХБ/РСХБ  Компании малой и средней капитализации/2025-08-29.pdf
РСХБ,РСХБ – Компании малой и средней капитализации,2025-09-30,https://www.rshb-am.ru/upload/iblock/fe9/2n7qq92skm21pr7y3o2wyeh2k1vqfrdc/Spravka-o-stoimosti-chistykh-aktivov-OPIF-RSKHB_Fond-kompaniy-maloy-i-sredney-kapitalizatsii_na-30.09.2025-g.pdf,raw/РСХБ/РСХБ  Компании малой и средней капитализации/2025-09-30.pdf
РСХБ,РСХБ – Компании малой и средней капитализации,2025-10-31,https://www.rshb-am.ru/upload/iblock/070/sy32jfrn60w2ym283yqg1rra19blpqy2/Spravka-o-stoimosti-chistykh-aktivov-OPIF-RSKHB_Fond-kompaniy-maloy-i-sredney-kapitalizatsii_na-31.10.2025-g.pdf,raw/РСХБ/РСХБ  Компании малой и средней капитализации/2025-10-31.pdf
РСХБ,РСХБ – Компании малой и средней капитализации,2025-11-28,https://www.rshb-am.ru/upload/iblock/6af/29bx9zgg0d3vfgv03wbrp17d45i791j3/Spravka-o-stoimosti-chistykh-aktivov-OPIF-RSKHB_Fond-kompaniy-maloy-i-sredney-kapitalizatsii_na-28.11.2025-g.pdf,raw/РСХБ/РСХБ  Компании малой и средней капитализации/2025-11-28.pdf
РСХБ,РСХБ – Компании малой и средней капитализации,2025-12-30,https://www.rshb-am.ru/upload/iblock/fab/gwzi1gmslzxfttkvpzg18fvv4i0rs3qp/Spravka-o-stoimosti-chistykh-aktivov-OPIF-RSKHB_Fond-kompaniy-maloy-i-sredney-kapitalizatsii_na-30.12.2025-g.pdf,raw/РСХБ/РСХБ  Компании малой и средней капитализации/2025-12-30.pdf
РСХБ,РСХБ – Компании малой и средней капитализации,2026-01-30,https://www.rshb-am.ru/upload/iblock/3a1/xo1304p787twyxpwc5rhn34h52kefgt7/Spravka-o-stoimosti-chistykh-aktivov-OPIF-RSKHB_Fond-kompaniy-maloy-i-sredney-kapitalizatsii_na-30.01.2026-g.pdf,raw/РСХБ/РСХБ  Компании малой и средней капитализации/2026-01-30.pdf
РСХБ,РСХБ – Компании малой и средней капитализации,2026-02-27,https://www.rshb-am.ru/upload/iblock/3bb/u4m1p5bogbpggdkgyrvip7g8btftg9pe/Spravka-o-stoimosti-chistykh-aktivov-OPIF-RSKHB_-Fond-Kompaniy-maloy-i-sredney-kapitalizatsii_na-27.02.2026-g.pdf,raw/РСХБ/РСХБ  Компании малой и средней капитализации/2026-02-27.pdf
РСХБ,РСХБ – Компании малой и средней капитализации,2026-03-31,https://www.rshb-am.ru/upload/iblock/63d/pm2zmuhjs67iuke2ovhjqzt2n11f8xwe/Spravka-o-stoimosti-chistykh-aktivov-OPIF-RSKHB_Fond-Kompaniy-maloy-i-sredney-kapitalizatsii_na-31.03.2026-g.pdf,raw/РСХБ/РСХБ  Компании малой и средней капитализации/2026-03-31.pdf
РСХБ,РСХБ – Компании малой и средней капитализации,2026-04-30,https://www.rshb-am.ru/upload/iblock/2bd/vfnerucn7ig8kluporp0uxv2mbussxo8/Spravka-o-stoimosti-chistykh-aktivov-OPIF-RSKHB_Fond-Kompaniy-maloy-i-sredney-kapitalizatsii_na-30.04.2026-g.pdf,raw/РСХБ/РСХБ  Компании малой и средней капитализации/2026-04-30.pdf
РСХБ,РСХБ – Компании малой и средней капитализации,2026-05-29,https://www.rshb-am.ru/upload/iblock/fdf/wjmteu8cr7723s23c34htjc0ftozuo8x/Spravka-o-stoimosti-chistykh-aktivov-OPIF-RSKHB_Fond-Kompaniy-maloy-i-sredney-kapitalizatsii_na-29.05.2026-g.pdf,raw/РСХБ/РСХБ  Компании малой и средней капитализации/2026-05-29.pdf
РСХБ,РСХБ – Компании малой и средней капитализации,2026-06-30,https://www.rshb-am.ru/upload/iblock/5f6/tlnpayrbxjgo3mani3stzo117l6de85e/Spravka-o-stoimosti-chistykh-aktivov-OPIF-RSKHB_Fond-Kompaniy-maloy-i-sredney-kapitalizatsii_na-30.06.2026-g.pdf,raw/РСХБ/РСХБ  Компании малой и средней капитализации/2026-06-30.pdf
РСХБ,РСХБ – Компании малой и средней капитализации,2026-07-31,https://www.rshb-am.ru/upload/iblock/9a1/ktri4v0jl6svwohyhadm0vu3n5h5y7m3/Spravka-o-stoimosti-chistykh-aktivov-OPIF-RSKHB_Fond-Kompaniy-maloy-i-sredney-kapitalizatsii_na-31.07.2026-g.pdf,raw/РСХБ/РСХБ  Компании малой и средней капитализации/2026-07-31.pdf
РСХБ,РСХБ – Компании малой и средней капитализации,2026-08-31,https://www.rshb-am.ru/upload/iblock/833/111g01hnr8nagc3qvfx1g7gc2kohtr0n/Spravka-o-stoimosti-chistykh-aktivov-OPIF-RSKHB_Fond-Kompaniy-maloy-i-sredney-kapitalizatsii_na-31.08.2026-g.pdf,raw/РСХБ/РСХБ  Компании малой и средней капитализации/2026-08-31.pdf
РСХБ,РСХБ – Лучшие отрасли,2025-03-31,https://www.rshb-am.ru/upload/iblock/b31/imid4gc7m3dx24cd06bn38tvmro86rww/Spravka-o-stoimosti-chistykh-aktivov-OPIF-RSKHB_Luchshie-otrasli_na-31.03.2025-g.pdf,raw/РСХБ/РСХБ  Лучшие отрасли/2025-03-31.pdf
РСХБ,РСХБ – Лучшие отрасли,2025-04-30,https://www.rshb-am.ru/upload/iblock/e5d/xmxi03fp8qiveomrfjqc3he828mc0cl0/Spravka-o-stoimosti-chistykh-aktivov-OPIF-RSKHB_Luchshie-otrasli_na-30.04.2025-g.pdf,raw/РСХБ/РСХБ  Лучшие отрасли/2025-04-30.pdf
РСХБ,РСХБ – Лучшие отрасли,2025-05-30,https://www.rshb-am.ru/upload/iblock/5f2/1tc6q4h0v8z6a3yasy9p2ct9yxrbsu1z/Spravka-o-stoimosti-chistykh-aktivov-OPIF-RSKHB_Luchshie-otrasli_na-30.05.2025-g.pdf,raw/РСХБ/РСХБ  Лучшие отрасли/2025-05-30.pdf
РСХБ,РСХБ – Лучшие отрасли,2025-06-30,https://www.rshb-am.ru/upload/iblock/06c/jbr7k6x0sm6bl9pup8o30my9jmz2zowc/Spravka-o-stoimosti-chistykh-aktivov-OPIF-RSKHB_Luchshie-otrasli_na-30.06.2025-g.pdf,raw/РСХБ/РСХБ  Лучшие отрасли/2025-06-30.pdf
РСХБ,РСХБ – Лучшие отрасли,2025-07-31,https://www.rshb-am.ru/upload/iblock/129/pijkx7z0nvl9jqzb7qxxlxybh1d9cv70/Spravka-o-stoimosti-chistykh-aktivov-OPIF-RSKHB_Luchshie-otrasli_na-31.07.2025-g.pdf,raw/РСХБ/РСХБ  Лучшие отрасли/2025-07-31.pdf
РСХБ,РСХБ – Лучшие отрасли,2025-08-29,https://www.rshb-am.ru/upload/iblock/5a0/xw9jcfw7qt2x3khsrvgsc8rhy64hwr35/Spravka-o-stoimosti-chistykh-aktivov-OPIF-RSKHB_Luchshie-otrasli_na-29.08.2025-g.pdf,raw/РСХБ/РСХБ  Лучшие отрасли/2025-08-29.pdf
РСХБ,РСХБ – Лучшие отрасли,2025-09-30,https://www.rshb-am.ru/upload/iblock/eb5/j0zmxplvqvuw1ugor8taswywnojprdn2/Spravka-o-stoimosti-chistykh-aktivov-OPIF-RSKHB_Luchshie-otrasli_na-30.09.2025-g.pdf,raw/РСХБ/РСХБ  Лучшие отрасли/2025-09-30.pdf
РСХБ,РСХБ – Лучшие отрасли,2025-10-31,https://www.rshb-am.ru/upload/iblock/448/awjbg4y3480xvopge1g4l7v58m5ta5it/Spravka-o-stoimosti-chistykh-aktivov-OPIF-RSKHB_Luchshie-otrasli_na-31.10.2025-g.pdf,raw/РСХБ/РСХБ  Лучшие отрасли/2025-10-31.pdf
РСХБ,РСХБ – Лучшие отрасли,2025-11-28,https://www.rshb-am.ru/upload/iblock/0d5/qgubdodq6nqsx4fjddeg9uj8skct7uny/Spravka-o-stoimosti-chistykh-aktivov-OPIF-RSKHB_Luchshie-otrasli_na-28.11.2025-g.pdf,raw/РСХБ/РСХБ  Лучшие отрасли/2025-11-28.pdf
РСХБ,РСХБ – Лучшие отрасли,2025-12-30,https://www.rshb-am.ru/upload/iblock/db9/378ebc9bdt072mxm25f7pmed6r7o4plp/Spravka-o-stoimosti-chistykh-aktivov-OPIF-RSKHB_Luchshie-otrasli_na-30.12.2025-g.pdf,raw/РСХБ/РСХБ  Лучшие отрасли/2025-12-30.pdf
РСХБ,РСХБ – Лучшие отрасли,2026-01-30,https://www.rshb-am.ru/upload/iblock/1c8/z5ayhfyfeebx1tvdvwz89e6ake6uw4ux/Spravka-o-stoimosti-chistykh-aktivov-OPIF-RSKHB_Luchshie-otrasli_na-30.01.2026-g.pdf,raw/РСХБ/РСХБ  Лучшие отрасли/2026-01-30.pdf
РСХБ,РСХБ – Лучшие отрасли,2026-02-27,https://www.rshb-am.ru/upload/iblock/66b/noh8mwk9a4q2ie0zgqtozs4fnt29ci9g/Spravka-o-stoimosti-chistykh-aktivov-OPIF-RSKHB_Luchshie-otrasli_na-27.02.2026-g.pdf,raw/РСХБ/РСХБ  Лучшие отрасли/2026-02-27.pdf
РСХБ,РСХБ – Лучшие отрасли,2026-03-31,https://www.rshb-am.ru/upload/iblock/968/oodf9i6hw8q9osbo15ic1pfnj11k1q3z/Spravka-o-stoimosti-chistykh-aktivov-OPIF-RSKHB_Luchshie-otrasli_na-31.03.2026-g.pdf,raw/РСХБ/РСХБ  Лучшие отрасли/2026-03-31.pdf
РСХБ,РСХБ – Лучшие отрасли,2026-04-30,https://www.rshb-am.ru/upload/iblock/81c/ctb5et9x3ei0lbrxd6oy9c8310j7mg1h/Spravka-o-stoimosti-chistykh-aktivov-OPIF-RSKHB_Luchshie-otrasli_na-30.04.2026-g.pdf,raw/РСХБ/РСХБ  Лучшие отрасли/2026-04-30.pdf
РСХБ,РСХБ – Лучшие отрасли,2026-05-29,https://www.rshb-am.ru/upload/iblock/51b/falyelf1m79tdpyeqer5s46kc3j03lf1/Spravka-o-stoimosti-chistykh-aktivov-OPIF-RSKHB_Luchshie-otrasli_na-29.05.2026-g.pdf,raw/РСХБ/РСХБ  Лучшие отрасли/2026-05-29.pdf
РСХБ,РСХБ – Лучшие отрасли,2026-06-30,https://www.rshb-am.ru/upload/iblock/593/l8u6mguj2j5k6hbduemf8bk1hznveyrg/Spravka-o-stoimosti-chistykh-aktivov-OPIF-RSKHB_Luchshie-otrasli_na-30.06.2026-g.pdf,raw/РСХБ/РСХБ  Лучшие отрасли/2026-06-30.pdf
РСХБ,РСХБ – Лучшие отрасли,2026-07-31,https://www.rshb-am.ru/upload/iblock/3ab/vmw6t1e1x1zn2mk6tdwavn342rnn3j09/Spravka-o-stoimosti-chistykh-aktivov-OPIF-RSKHB_Luchshie-otrasli_na-31.07.2026-g.pdf,raw/РСХБ/РСХБ  Лучшие отрасли/2026-07-31.pdf
РСХБ,РСХБ – Лучшие отрасли,2026-08-31,https://www.rshb-am.ru/upload/iblock/20a/5d12lb40h3ppl6mskgtblb8tymg7a09r/Spravka-o-stoimosti-chistykh-aktivov-OPIF-RSKHB_Luchshie-otrasli_na-31.08.2026-g.pdf,raw/РСХБ/РСХБ  Лучшие отрасли/2026-08-31.pdf
РСХБ,РСХБ – Новый импульс,2025-04-30,https://www.rshb-am.ru/upload/iblock/c81/4jmn8rw4qg4qajuadna81ztre0v7m9oi/Spravka-o-stoimosti-chistykh-aktivov_OPIF-RSKHB_Novyy-impuls_na-30.04.2025-g.pdf,raw/РСХБ/РСХБ  Новый импульс/2025-04-30.pdf
РСХБ,РСХБ – Новый импульс,2025-05-30,https://www.rshb-am.ru/upload/iblock/6e1/949ygtyb8yc8tokt1xnoxvvah422lfru/Spravka-o-stoimosti-chistykh-aktivov_OPIF-RSKHB_Novyy-impuls_na-30.05.2025-g.pdf,raw/РСХБ/РСХБ  Новый импульс/2025-05-30.pdf
РСХБ,РСХБ – Новый импульс,2025-06-30,https://www.rshb-am.ru/upload/iblock/6e2/pt62bnwu023cllh6z3w1a3eu86us0nrc/Spravka-o-stoimosti-chistykh-aktivov_OPIF-RSKHB_Novyy-impuls_na-30.06.2025-g.pdf,raw/РСХБ/РСХБ  Новый импульс/2025-06-30.pdf
РСХБ,РСХБ – Новый импульс,2025-07-31,https://www.rshb-am.ru/upload/iblock/5e7/5ass7ec22jjkblju9wb034xzqxi58ffm/Spravka-o-stoimosti-chistykh-aktivov_OPIF-RSKHB_Novyy-impuls_na-31.07.2025-g.pdf,raw/РСХБ/РСХБ  Новый импульс/2025-07-31.pdf
РСХБ,РСХБ – Новый импульс,2025-08-29,https://www.rshb-am.ru/upload/iblock/658/4tdmj6424sxlrrqbrktfu9vqrlltbab5/Spravka-o-stoimosti-chistykh-aktivov_OPIF-RSKHB_Novyy-impuls_na-29.08.2025-g.pdf,raw/РСХБ/РСХБ  Новый импульс/2025-08-29.pdf
РСХБ,РСХБ – Новый импульс,2025-09-30,https://www.rshb-am.ru/upload/iblock/415/vdpum5r354w45knu4g8a1jn9xrqh9vsr/Spravka-o-stoimosti-chistykh-aktivov_OPIF-RSKHB_Novyy-impuls_na-30.09.2025-g.pdf,raw/РСХБ/РСХБ  Новый импульс/2025-09-30.pdf
РСХБ,РСХБ – Новый импульс,2025-10-31,https://www.rshb-am.ru/upload/iblock/409/i3xiibgkwjjzgqc7sfusb31u4339flbu/Spravka-o-stoimosti-chistykh-aktivov_OPIF-RSKHB_Novyy-impuls_na-31.10.2025-g.pdf,raw/РСХБ/РСХБ  Новый импульс/2025-10-31.pdf
РСХБ,РСХБ – Новый импульс,2025-11-28,https://www.rshb-am.ru/upload/iblock/4a2/b9b6qbvoq1dicf09lbjgbav9pizlvb5a/Spravka-o-stoimosti-chistykh-aktivov_OPIF-RSKHB_Novyy-impuls_na-28.11.2025-g.pdf,raw/РСХБ/РСХБ  Новый импульс/2025-11-28.pdf
РСХБ,РСХБ – Новый импульс,2025-12-30,https://www.rshb-am.ru/upload/iblock/b9e/7omm9dg1g0e60x3tkcbje32werbwh10r/Spravka-o-stoimosti-chistykh-aktivov_OPIF-RSKHB_Novyy-impuls_na-30.12.2025-g.pdf,raw/РСХБ/РСХБ  Новый импульс/2025-12-30.pdf
РСХБ,РСХБ – Новый импульс,2026-01-30,https://www.rshb-am.ru/upload/iblock/6a6/poftz16tenh1hyo8crdec59fn0xzq4oi/Spravka-o-stoimosti-chistykh-aktivov_OPIF-RSKHB_Novyy-impuls_na-30.01.2026-g.pdf,raw/РСХБ/РСХБ  Новый импульс/2026-01-30.pdf
РСХБ,РСХБ – Новый импульс,2026-02-27,https://www.rshb-am.ru/upload/iblock/940/m82i44hewd63dqndltaq4use33aj5ul6/Spravka-o-stoimosti-chistykh-aktivov_OPIF-RSKHB_Novyy-impuls_na-27.02.2026-g.pdf,raw/РСХБ/РСХБ  Новый импульс/2026-02-27.pdf
РСХБ,РСХБ – Новый импульс,2026-03-31,https://www.rshb-am.ru/upload/iblock/b8a/1qk9qhlc6zpmuzqe1qg5uhk4f746l9is/Spravka-o-stoimosti-chistykh-aktivov_OPIF-RSKHB_Novyy-impuls_na-31.03.2026-g.pdf,raw/РСХБ/РСХБ  Новый импульс/2026-03-31.pdf
РСХБ,РСХБ – Новый импульс,2026-04-30,https://www.rshb-am.ru/upload/iblock/051/qd84ak9qh1ropxm6g5q6kaecg8vyudmw/Spravka-o-stoimosti-chistykh-aktivov-OPIF-RSKHB_Novyy-impuls_na-30.04.2026-g.pdf,raw/РСХБ/РСХБ  Новый импульс/2026-04-30.pdf
РСХБ,РСХБ – Новый импульс,2026-05-29,https://www.rshb-am.ru/upload/iblock/ee6/uud3p22zenftzcu22lawrrc3wl9umhd2/Spravka-o-stoimosti-chistykh-aktivov-OPIF-RSKHB_Novyy-impuls_na-29.05.2026-g.pdf,raw/РСХБ/РСХБ  Новый импульс/2026-05-29.pdf
РСХБ,РСХБ – Новый импульс,2026-06-30,https://www.rshb-am.ru/upload/iblock/7f4/0fztjg54e1hhjdje746knxd9h9aflg3m/Spravka-o-stoimosti-chistykh-aktivov-OPIF-RSKHB_Novyy-impuls_na-30.06.2026-g.pdf,raw/РСХБ/РСХБ  Новый импульс/2026-06-30.pdf
РСХБ,РСХБ – Новый импульс,2026-07-31,https://www.rshb-am.ru/upload/iblock/e52/wa5hzamfa14cekreabzcig3rap36vewq/Spravka-o-stoimosti-chistykh-aktivov-OPIF-RSKHB_Novyy-impuls_na-31.07.2026-g.pdf,raw/РСХБ/РСХБ  Новый импульс/2026-07-31.pdf
РСХБ,РСХБ – Новый импульс,2026-08-31,https://www.rshb-am.ru/upload/iblock/d07/3f9mjhgncvr6z4p8bab7jiwm6v3tho2n/Spravka-o-stoimosti-chistykh-aktivov-OPIF-RSKHB_Novyy-impuls_na-31.08.2026-g.pdf,raw/РСХБ/РСХБ  Новый импульс/2026-08-31.pdf
РСХБ,РСХБ – Фонд акций,2024-03-31,https://www.rshb-am.ru/upload/iblock/5c0/3uuzab61j4k9c597qlja3fas1ww0j13w/Spravka-o-stoimosti-chistykh-aktivov_OPIF-RSKHB_Fond-Aktsiy_na-31.03.2024-g.pdf,raw/РСХБ/РСХБ  Фонд акций/2024-03-31.pdf
РСХБ,РСХБ – Фонд акций,2024-04-30,https://www.rshb-am.ru/upload/iblock/1db/4cuh2wnbbkolgpa9eyd9jsb7vde4g9gx/Spravka-o-stoimosti-chistykh-aktivov_OPIF-RSKHB_Fond-Aktsiy_na-30.04.2024-g.pdf,raw/РСХБ/РСХБ  Фонд акций/2024-04-30.pdf
РСХБ,РСХБ – Фонд акций,2025-05-30,https://www.rshb-am.ru/upload/iblock/5cb/swo1q4rcd0olqnyak4jdi07wp9qr0lcv/Spravka-o-stoimosti-chistykh-aktivov_OPIF-RSKHB_Fond-Aktsiy_na-30.05.2025-g.pdf,raw/РСХБ/РСХБ  Фонд акций/2025-05-30.pdf
РСХБ,РСХБ – Фонд акций,2025-06-30,https://www.rshb-am.ru/upload/iblock/fc0/9bw3gjjtd6hauv44hec1u8382oax0akt/Spravka-o-stoimosti-chistykh-aktivov_OPIF-RSKHB_Fond-Aktsiy_na-30.06.2025-g.pdf,raw/РСХБ/РСХБ  Фонд акций/2025-06-30.pdf
РСХБ,РСХБ – Фонд акций,2025-07-31,https://www.rshb-am.ru/upload/iblock/2a2/5i5b3357ffn1frevlg4zjy492lbxuk8u/Spravka-o-stoimosti-chistykh-aktivov_OPIF-RSKHB_Fond-Aktsiy_na-31.07.2025-g.pdf,raw/РСХБ/РСХБ  Фонд акций/2025-07-31.pdf
РСХБ,РСХБ – Фонд акций,2025-08-29,https://www.rshb-am.ru/upload/iblock/67f/splxomj9poaoeey9inp3r906hxve63xn/Spravka-o-stoimosti-chistykh-aktivov_OPIF-RSKHB_Fond-Aktsiy_na-29.08.2025-g.pdf,raw/РСХБ/РСХБ  Фонд акций/2025-08-29.pdf
РСХБ,РСХБ – Фонд акций,2025-09-30,https://www.rshb-am.ru/upload/iblock/19d/6yxe05wg1ewmbnoefk2xucc267463cfp/Spravka-o-stoimosti-chistykh-aktivov_OPIF-RSKHB_Fond-Aktsiy_na-30.09.2025-g.pdf,raw/РСХБ/РСХБ  Фонд акций/2025-09-30.pdf
РСХБ,РСХБ – Фонд акций,2025-10-31,https://www.rshb-am.ru/upload/iblock/073/oc6pq6qtjsjtc4ast9p6iijttkrrbzaw/Spravka-o-stoimosti-chistykh-aktivov_OPIF-RSKHB_Fond-Aktsiy_na-31.10.2025-g.pdf,raw/РСХБ/РСХБ  Фонд акций/2025-10-31.pdf
РСХБ,РСХБ – Фонд акций,2025-11-28,https://www.rshb-am.ru/upload/iblock/d27/oasbruiy3olodvdvra9xcqkpbyhkfngt/Spravka-o-stoimosti-chistykh-aktivov_OPIF-RSKHB_Fond-Aktsiy_na-28.11.2025-g.pdf,raw/РСХБ/РСХБ  Фонд акций/2025-11-28.pdf
РСХБ,РСХБ – Фонд акций,2025-12-30,https://www.rshb-am.ru/upload/iblock/004/bhuwejbcnxncqgegc4sqoqdwdcm9hsz9/Spravka-o-stoimosti-chistykh-aktivov_OPIF-RSKHB_Fond-Aktsiy_na-30.12.2025-g.pdf,raw/РСХБ/РСХБ  Фонд акций/2025-12-30.pdf
РСХБ,РСХБ – Фонд акций,2026-01-30,https://www.rshb-am.ru/upload/iblock/565/b8nucce7jay4b9hfbdbujcd9emxrni3d/Spravka-o-stoimosti-chistykh-aktivov_OPIF-RSKHB_Fond-Aktsiy_na-30.01.2026-g.pdf,raw/РСХБ/РСХБ  Фонд акций/2026-01-30.pdf
РСХБ,РСХБ – Фонд акций,2026-02-27,https://www.rshb-am.ru/upload/iblock/3fa/jh5qfh2wsm6e1ewpdv9y4ctx8uayba6l/Spravka-o-stoimosti-chistykh-aktivov-OPIF-RSKHB_-Fond-Aktsiy_na-27.02.2026-g.pdf,raw/РСХБ/РСХБ  Фонд акций/2026-02-27.pdf
РСХБ,РСХБ – Фонд акций,2026-03-31,https://www.rshb-am.ru/upload/iblock/0dc/hh7gfdawi9noi37ic37mf4nzmdg3rknq/Spravka-o-stoimosti-chistykh-aktivov_OPIF-RSKHB_Aktsiy_na-31.03.2026-g.pdf,raw/РСХБ/РСХБ  Фонд акций/2026-03-31.pdf
РСХБ,РСХБ – Фонд акций,2026-04-30,https://www.rshb-am.ru/upload/iblock/3a6/vh9tmvcrmwrebdwx4lng9vrbbksvczxu/Spravka-o-stoimosti-chistykh-aktivov-OPIF-RSKHB_Fond-Aktsiy_na-30.04.2026-g.pdf,raw/РСХБ/РСХБ  Фонд акций/2026-04-30.pdf
РСХБ,РСХБ – Фонд акций,2026-05-29,https://www.rshb-am.ru/upload/iblock/098/hx1r1tolcxf5m1ajf22mr62yg63cqgbh/Spravka-o-stoimosti-chistykh-aktivov-OPIF-RSKHB_Fond-Aktsiy_na-29.05.2026-g.pdf,raw/РСХБ/РСХБ  Фонд акций/2026-05-29.pdf
РСХБ,РСХБ – Фонд акций,2026-06-30,https://www.rshb-am.ru/upload/iblock/e8a/bks5biy9n3j842hj18qlo8b31wnbv1hr/Spravka-o-stoimosti-chistykh-aktivov-OPIF-RSKHB_Fond-Aktsiy_na-30.06.2026-g.pdf,raw/РСХБ/РСХБ  Фонд акций/2026-06-30.pdf
РСХБ,РСХБ – Фонд акций,2026-07-31,https://www.rshb-am.ru/upload/iblock/650/7npxtt37n58gqxpzjejot4610a28ymqi/Spravka-o-stoimosti-chistykh-aktivov-OPIF-RSKHB_Fond-Aktsiy_na-31.07.2026-g.pdf,raw/РСХБ/РСХБ  Фонд акций/2026-07-31.pdf
РСХБ,РСХБ – Фонд акций,2026-08-31,https://www.rshb-am.ru/upload/iblock/a78/xyqasx67kusd1v0c6hzi6cthct0b3jv4/Spravka-o-stoimosti-chistykh-aktivov-OPIF-RSKHB_Fond-Aktsiy_na-31.08.2026-g.pdf,raw/РСХБ/РСХБ  Фонд акций/2026-08-31.pdf
