ук,фонд,дата,позиций,сумма,итог_ру,итог_акции,итог_ин,ок,источник
Т-Капитал,БПИФ РФИ «Т-Капитал Акции роста»,2024-06-28,12,195550335,195550335,195550335,49703518,True,правила
Т-Капитал,БПИФ РФИ «Т-Капитал Акции роста»,2024-07-31,13,209346448,209346448,209346448,50483746,True,правила
Т-Капитал,БПИФ РФИ «Т-Капитал Акции роста»,2024-08-30,13,240271578,240271578,240271578,32919686,True,правила
Т-Капитал,БПИФ РФИ «Т-Капитал Акции роста»,2024-09-30,14,309184322,309184322,309184322,44705703,True,правила
Т-Капитал,БПИФ РФИ «Т-Капитал Акции роста»,2024-10-31,15,330399616,330399616,330399616,39416020,True,правила
Т-Капитал,БПИФ РФИ «Т-Капитал Акции роста»,2024-11-29,15,311647999,311647999,311647999,41984483,True,правила
Т-Капитал,БПИФ РФИ «Т-Капитал Акции роста»,2024-12-28,15,397399522,397399522,397399522,0,True,правила
Т-Капитал,БПИФ РФИ «Т-Капитал Акции роста»,2025-01-31,15,473522496,473522496,473522496,0,True,правила
Т-Капитал,БПИФ РФИ «Т-Капитал Акции роста»,2025-02-28,15,483276135,483276135,483276135,0,True,правила
Т-Капитал,БПИФ РФИ «Т-Капитал Акции роста»,2025-03-31,15,472995976,472995976,472995976,0,True,правила
Т-Капитал,БПИФ РФИ «Т-Капитал Акции роста»,2025-04-30,15,429847101,429847101,429847101,0,True,правила
Т-Капитал,БПИФ РФИ «Т-Капитал Акции роста»,2025-05-30,15,432217594,432217594,432217594,0,True,правила
Т-Капитал,БПИФ РФИ «Т-Капитал Акции роста»,2025-06-30,15,444017570,444017570,444017570,0,True,правила
Т-Капитал,БПИФ РФИ «Т-Капитал Акции роста»,2025-07-31,15,446434974,446434974,446434974,0,True,правила
Т-Капитал,БПИФ РФИ «Т-Капитал Акции роста»,2025-08-29,15,435318043,435318043,435318043,0,True,правила
Т-Капитал,БПИФ РФИ «Т-Капитал Акции роста»,2025-09-30,15,367488088,367488088,367488088,0,True,правила
Т-Капитал,БПИФ РФИ «Т-Капитал Акции роста»,2025-10-31,15,362676818,362676818,362676818,0,True,правила
Т-Капитал,БПИФ РФИ «Т-Капитал Акции роста»,2025-11-28,15,366385973,366385973,366385973,0,True,правила
Т-Капитал,БПИФ РФИ «Т-Капитал Акции роста»,2025-12-30,17,366202134,366202134,366202134,0,True,правила
Т-Капитал,БПИФ РФИ «Т-Капитал Акции роста»,2026-01-30,17,375927026,375927026,375927026,0,True,правила
Т-Капитал,БПИФ РФИ «Т-Капитал Акции роста»,2026-02-27,17,394569667,394569667,394569667,0,True,правила
Т-Капитал,БПИФ РФИ «Т-Капитал Акции роста»,2026-03-31,17,359727025,359727025,359727025,0,True,правила
Т-Капитал,БПИФ РФИ «Т-Капитал Акции роста»,2026-04-30,17,341647073,341647073,341647073,0,True,правила
Т-Капитал,БПИФ РФИ «Т-Капитал Акции роста»,2026-05-29,14,271526164,271526164,271526164,0,True,правила
Т-Капитал,БПИФ РФИ «Т-Капитал Акции роста»,2026-06-30,16,306384659,306384659,306384659,0,True,правила
Т-Капитал,БПИФ РФИ «Т-Капитал Акции роста»,2026-07-31,16,285895269,285895269,285895269,0,True,правила
Т-Капитал,БПИФ РФИ «Т-Капитал Акции роста»,2026-08-31,16,287648652,287648652,287648652,0,True,правила
Т-Капитал,БПИФ РФИ «Т-Капитал Дивидендные акции»,2023-11-30,21,46503562,46503562,46503562,2817218,True,правила
Т-Капитал,БПИФ РФИ «Т-Капитал Дивидендные акции»,2023-12-29,26,97097698,97097698,97097698,2965505,True,правила
Т-Капитал,БПИФ РФИ «Т-Капитал Дивидендные акции»,2024-01-31,26,319246999,319246999,319246999,9910342,True,правила
Т-Капитал,БПИФ РФИ «Т-Капитал Дивидендные акции»,2024-02-29,29,555764974,555764974,555764974,23405422,True,правила
Т-Капитал,БПИФ РФИ «Т-Капитал Дивидендные акции»,2024-03-29,30,802110629,802110629,802110629,68174940,True,правила
Т-Капитал,БПИФ РФИ «Т-Капитал Дивидендные акции»,2024-04-27,30,868549923,868549923,868549923,71431702,True,правила
Т-Капитал,БПИФ РФИ «Т-Капитал Дивидендные акции»,2024-05-31,30,815157964,815157964,815157964,61673373,True,правила
Т-Капитал,БПИФ РФИ «Т-Капитал Дивидендные акции»,2024-06-28,29,780624601,780624601,780624601,83819375,True,правила
Т-Капитал,БПИФ РФИ «Т-Капитал Дивидендные акции»,2024-07-31,28,706173588,706173588,706173588,71982378,True,правила
Т-Капитал,БПИФ РФИ «Т-Капитал Дивидендные акции»,2024-08-30,29,665841830,678043846,678043846,33887533,False,правила
Т-Капитал,БПИФ РФИ «Т-Капитал Дивидендные акции»,2024-09-30,30,795946902,795946902,795946902,36186917,True,правила
Т-Капитал,БПИФ РФИ «Т-Капитал Дивидендные акции»,2024-10-31,30,662664726,662664726,662664726,31911676,True,правила
Т-Капитал,БПИФ РФИ «Т-Капитал Дивидендные акции»,2024-11-29,29,661272200,661272200,661272200,30698246,True,правила
Т-Капитал,БПИФ РФИ «Т-Капитал Дивидендные акции»,2024-12-28,29,775481758,775481758,775481758,0,True,правила
Т-Капитал,БПИФ РФИ «Т-Капитал Дивидендные акции»,2025-01-31,29,845900151,845900151,845900151,0,True,правила
Т-Капитал,БПИФ РФИ «Т-Капитал Дивидендные акции»,2025-02-28,30,943851730,943851730,943851730,0,True,правила
Т-Капитал,БПИФ РФИ «Т-Капитал Дивидендные акции»,2025-03-31,30,947416770,947416770,947416770,0,True,правила
Т-Капитал,БПИФ РФИ «Т-Капитал Дивидендные акции»,2025-04-30,30,1013015544,1013015544,1013015544,0,True,правила
Т-Капитал,БПИФ РФИ «Т-Капитал Дивидендные акции»,2025-05-30,30,980265324,980265324,980265324,0,True,правила
Т-Капитал,БПИФ РФИ «Т-Капитал Дивидендные акции»,2025-06-30,30,999157840,999157840,999157840,0,True,правила
Т-Капитал,БПИФ РФИ «Т-Капитал Дивидендные акции»,2025-07-31,32,953490207,953490207,953490207,0,True,правила
Т-Капитал,БПИФ РФИ «Т-Капитал Дивидендные акции»,2025-08-29,29,971142180,971142180,971142180,0,True,правила
Т-Капитал,БПИФ РФИ «Т-Капитал Дивидендные акции»,2025-09-30,29,919014160,919014160,919014160,0,True,правила
Т-Капитал,БПИФ РФИ «Т-Капитал Дивидендные акции»,2025-10-31,32,900627024,900627024,900627024,0,True,правила
Т-Капитал,БПИФ РФИ «Т-Капитал Дивидендные акции»,2025-11-28,34,978817701,978817701,978817701,0,True,правила
Т-Капитал,БПИФ РФИ «Т-Капитал Дивидендные акции»,2025-12-30,34,1014746639,1014746639,1014746639,0,True,правила
Т-Капитал,БПИФ РФИ «Т-Капитал Дивидендные акции»,2026-01-30,30,1031674376,1031674376,1031674376,0,True,правила
Т-Капитал,БПИФ РФИ «Т-Капитал Дивидендные акции»,2026-02-27,25,1079681495,1079681495,1079681495,0,True,правила
Т-Капитал,БПИФ РФИ «Т-Капитал Дивидендные акции»,2026-03-31,19,1068760831,1068760831,1068760831,0,True,правила
Т-Капитал,БПИФ РФИ «Т-Капитал Дивидендные акции»,2026-04-30,20,1059303121,1059303121,1059303121,0,True,правила
Т-Капитал,БПИФ РФИ «Т-Капитал Дивидендные акции»,2026-05-29,19,1060711385,1060711385,1060711385,0,True,правила
Т-Капитал,БПИФ РФИ «Т-Капитал Дивидендные акции»,2026-06-30,19,1004927406,1004927406,1004927406,0,True,правила
Т-Капитал,БПИФ РФИ «Т-Капитал Дивидендные акции»,2026-07-31,18,946814070,946814070,946814070,0,True,правила
Т-Капитал,БПИФ РФИ «Т-Капитал Дивидендные акции»,2026-08-31,18,972700536,972700536,972700536,0,True,правила
Т-Капитал,БПИФ РФИ «Т-Капитал Пассивный Доход»,2024-08-30,0,0,3210862239,0,35772420,False,правила
Т-Капитал,БПИФ РФИ «Т-Капитал Пассивный Доход»,2024-09-30,0,0,15416352771,0,125690699,False,правила
Т-Капитал,БПИФ РФИ «Т-Капитал Пассивный Доход»,2024-10-31,0,0,26877451041,0,138045348,False,правила
Т-Капитал,БПИФ РФИ «Т-Капитал Пассивный Доход»,2024-11-29,0,0,24562519336,0,135505965,False,правила
Т-Капитал,БПИФ РФИ «Т-Капитал Пассивный Доход»,2024-12-28,0,0,22676438740,0,133225899,False,правила
Т-Капитал,БПИФ РФИ «Т-Капитал Пассивный Доход»,2025-01-31,0,0,22494193702,0,136290815,False,правила
Т-Капитал,БПИФ РФИ «Т-Капитал Пассивный Доход»,2025-02-28,0,0,22439246955,0,137645336,False,правила
Т-Капитал,БПИФ РФИ «Т-Капитал Пассивный Доход»,2025-03-31,0,0,22091061709,0,133387283,False,правила
Т-Капитал,БПИФ РФИ «Т-Капитал Пассивный Доход»,2025-04-30,0,0,21317420576,0,136267366,False,правила
Т-Капитал,БПИФ РФИ «Т-Капитал Пассивный Доход»,2025-05-30,0,0,21059824469,0,140114373,False,правила
Т-Капитал,БПИФ РФИ «Т-Капитал Пассивный Доход»,2025-06-30,0,0,21955237177,0,137503263,False,правила
Т-Капитал,БПИФ РФИ «Т-Капитал Пассивный Доход»,2025-07-31,0,0,22297778145,0,137882050,False,правила
Т-Капитал,БПИФ РФИ «Т-Капитал Пассивный Доход»,2025-08-29,0,0,22172301248,0,505926139,False,правила
Т-Капитал,БПИФ РФИ «Т-Капитал Пассивный Доход»,2025-09-30,0,0,21650077056,0,491395435,False,правила
Т-Капитал,БПИФ РФИ «Т-Капитал Пассивный Доход»,2025-10-31,0,0,20663233019,0,493975382,False,правила
Т-Капитал,БПИФ РФИ «Т-Капитал Пассивный Доход»,2025-11-28,0,0,21471676695,0,479417192,False,правила
Т-Капитал,БПИФ РФИ «Т-Капитал Пассивный Доход»,2025-12-30,0,0,20397853902,0,451303088,False,правила
Т-Капитал,БПИФ РФИ «Т-Капитал Пассивный Доход»,2026-01-30,0,0,19456901976,0,453322690,False,правила
Т-Капитал,БПИФ РФИ «Т-Капитал Пассивный Доход»,2026-02-27,0,0,20001781370,0,456681742,False,правила
Т-Капитал,БПИФ РФИ «Т-Капитал Пассивный Доход»,2026-03-31,0,0,20659427906,0,454893587,False,правила
Т-Капитал,БПИФ РФИ «Т-Капитал Пассивный Доход»,2026-04-30,0,0,21166453167,0,413328761,False,правила
Т-Капитал,БПИФ РФИ «Т-Капитал Пассивный Доход»,2026-05-29,0,0,21100599929,0,415466043,False,правила
Т-Капитал,БПИФ РФИ «Т-Капитал Пассивный Доход»,2026-06-30,0,0,21843473636,0,322697433,False,правила
Т-Капитал,БПИФ РФИ «Т-Капитал Пассивный Доход»,2026-07-31,0,0,21421253666,0,126652950,False,правила
Т-Капитал,БПИФ РФИ «Т-Капитал Пассивный Доход»,2026-08-31,0,0,21656381700,0,121295307,False,правила
Т-Капитал,БПИФ РФИ «Т-Капитал Трендовые акции»,2025-03-31,19,42663874,42663874,42663874,3061240,True,правила
Т-Капитал,БПИФ РФИ «Т-Капитал Трендовые акции»,2025-04-30,20,57697234,57697234,57697234,2249975,True,правила
Т-Капитал,БПИФ РФИ «Т-Капитал Трендовые акции»,2025-05-30,20,77661647,77661647,77661647,3127108,True,правила
Т-Капитал,БПИФ РФИ «Т-Капитал Трендовые акции»,2025-06-30,19,87579979,87579979,87579979,3737109,True,правила
Т-Капитал,БПИФ РФИ «Т-Капитал Трендовые акции»,2025-07-31,26,123005455,123005455,123005455,6135525,True,правила
Т-Капитал,БПИФ РФИ «Т-Капитал Трендовые акции»,2025-08-29,24,224599300,224599300,224599300,9620690,True,правила
Т-Капитал,БПИФ РФИ «Т-Капитал Трендовые акции»,2025-09-30,25,229390156,229390156,229390156,0,True,правила
Т-Капитал,БПИФ РФИ «Т-Капитал Трендовые акции»,2025-10-31,31,352522461,352522461,352522461,0,True,правила
Т-Капитал,БПИФ РФИ «Т-Капитал Трендовые акции»,2025-11-28,29,384483601,384483601,384483601,0,True,правила
Т-Капитал,БПИФ РФИ «Т-Капитал Трендовые акции»,2025-12-30,27,430890633,430890633,430890633,0,True,правила
Т-Капитал,БПИФ РФИ «Т-Капитал Трендовые акции»,2026-01-30,26,452386307,452386307,452386307,0,True,правила
Т-Капитал,БПИФ РФИ «Т-Капитал Трендовые акции»,2026-02-27,26,515946820,515946820,515946820,0,True,правила
Т-Капитал,БПИФ РФИ «Т-Капитал Трендовые акции»,2026-03-31,22,546175755,546175755,546175755,0,True,правила
Т-Капитал,БПИФ РФИ «Т-Капитал Трендовые акции»,2026-04-30,25,594688141,594688141,594688141,0,True,правила
Т-Капитал,БПИФ РФИ «Т-Капитал Трендовые акции»,2026-05-29,25,573450755,573450755,573450755,0,True,правила
Т-Капитал,БПИФ РФИ «Т-Капитал Трендовые акции»,2026-06-30,27,537442239,537442239,537442239,0,True,правила
Т-Капитал,БПИФ РФИ «Т-Капитал Трендовые акции»,2026-07-31,26,497539790,497539790,497539790,0,True,правила
Т-Капитал,БПИФ РФИ «Т-Капитал Трендовые акции»,2026-08-31,21,517331711,517331711,517331711,0,True,правила
Т-Капитал,ОПИФ РФИ «Т-Капитал Баланс»,2022-01-31,0,0,0,0,98210632,False,правила
Т-Капитал,ОПИФ РФИ «Т-Капитал Баланс»,2022-02-28,0,0,0,0,140515751,False,правила
Т-Капитал,ОПИФ РФИ «Т-Капитал Баланс»,2022-03-31,0,0,0,0,0,False,правила
Т-Капитал,ОПИФ РФИ «Т-Капитал Баланс»,2022-04-29,0,0,0,0,0,False,правила
Т-Капитал,ОПИФ РФИ «Т-Капитал Баланс»,2022-05-31,0,0,0,0,0,False,правила
Т-Капитал,ОПИФ РФИ «Т-Капитал Баланс»,2022-06-30,2,5875110,20912731,5875110,1922300,True,правила
Т-Капитал,ОПИФ РФИ «Т-Капитал Баланс»,2022-07-29,12,25460236,62740429,25460236,8471499,True,правила
Т-Капитал,ОПИФ РФИ «Т-Капитал Баланс»,2022-08-31,22,38462379,68528329,38462379,10204710,True,правила
Т-Капитал,ОПИФ РФИ «Т-Капитал Баланс»,2022-09-30,22,31726960,72544210,31726960,11087584,True,правила
Т-Капитал,ОПИФ РФИ «Т-Капитал Баланс»,2022-10-31,24,48676412,99564873,48676412,13381602,True,правила
Т-Капитал,ОПИФ РФИ «Т-Капитал Баланс»,2022-11-30,25,59122484,122858045,59122484,12618013,True,правила
Т-Капитал,ОПИФ РФИ «Т-Капитал Баланс»,2022-12-30,25,65095586,123136340,65095586,9451344,True,правила
Т-Капитал,ОПИФ РФИ «Т-Капитал Баланс»,2023-01-31,25,71877541,132733415,71877541,13839841,True,правила
Т-Капитал,ОПИФ РФИ «Т-Капитал Баланс»,2023-02-28,25,77600216,146365884,77600216,20767942,True,правила
Т-Капитал,ОПИФ РФИ «Т-Капитал Баланс»,2023-03-31,27,136049181,210556138,136049181,23145536,True,правила
Т-Капитал,ОПИФ РФИ «Т-Капитал Баланс»,2023-04-28,27,341323567,528444735,341323567,56754146,True,правила
Т-Капитал,ОПИФ РФИ «Т-Капитал Баланс»,2023-05-31,29,570581417,858330416,570581417,118006046,True,правила
Т-Капитал,ОПИФ РФИ «Т-Капитал Баланс»,2023-06-30,29,830815259,1277725669,830815259,162484568,True,правила
Т-Капитал,ОПИФ РФИ «Т-Капитал Баланс»,2023-07-31,29,1255070938,1751746665,1255070938,157297824,True,правила
Т-Капитал,ОПИФ РФИ «Т-Капитал Баланс»,2023-08-31,29,1384609626,2310439148,1384609626,151572842,True,правила
Т-Капитал,ОПИФ РФИ «Т-Капитал Баланс»,2023-09-29,29,1488884111,2473546521,1488884111,125213377,True,правила
Т-Капитал,ОПИФ РФИ «Т-Капитал Баланс»,2023-10-31,26,1497296083,2470066770,1497296083,241284568,True,правила
Т-Капитал,ОПИФ РФИ «Т-Капитал Баланс»,2023-11-30,25,1821341149,3004833919,1821341149,287011900,True,правила
Т-Капитал,ОПИФ РФИ «Т-Капитал Баланс»,2023-12-29,25,1823680709,3001423101,1823680709,249512502,True,правила
Т-Капитал,ОПИФ РФИ «Т-Капитал Баланс»,2024-01-31,26,2076144155,3206021041,2076144155,352862011,True,правила
Т-Капитал,ОПИФ РФИ «Т-Капитал Баланс»,2024-02-29,28,2071220577,3491931317,2071220577,461951095,True,правила
Т-Капитал,ОПИФ РФИ «Т-Капитал Баланс»,2024-03-29,31,2670402734,4145400856,2670402734,690380287,True,правила
Т-Капитал,ОПИФ РФИ «Т-Капитал Баланс»,2024-04-27,34,3191169594,4980851058,3191169594,858433540,True,правила
Т-Капитал,ОПИФ РФИ «Т-Капитал Баланс»,2024-05-31,35,3315541446,5090038820,3315541446,869296761,True,правила
Т-Капитал,ОПИФ РФИ «Т-Капитал Баланс»,2024-06-28,36,3322007988,5132211019,3322007988,910883039,True,правила
Т-Капитал,ОПИФ РФИ «Т-Капитал Баланс»,2024-07-31,26,2578250260,4518762891,2578250260,307766517,True,правила
Т-Капитал,ОПИФ РФИ «Т-Капитал Баланс»,2024-08-30,26,1953743079,3798467085,1953743079,87158752,True,правила
Т-Капитал,ОПИФ РФИ «Т-Капитал Баланс»,2024-09-30,28,1841536659,3312410578,1841536659,20858094,True,правила
Т-Капитал,ОПИФ РФИ «Т-Капитал Баланс»,2024-10-31,28,1405668023,2748310355,1405668023,11763416,True,правила
Т-Капитал,ОПИФ РФИ «Т-Капитал Баланс»,2024-11-29,20,1192434047,2259900275,1192434047,15892320,True,правила
Т-Капитал,ОПИФ РФИ «Т-Капитал Баланс»,2024-12-28,20,1206907896,2107682312,1206907896,0,True,правила
Т-Капитал,ОПИФ РФИ «Т-Капитал Баланс»,2025-01-31,20,1235109716,2131361271,1235109716,0,True,правила
Т-Капитал,ОПИФ РФИ «Т-Капитал Баланс»,2025-02-28,21,1178172690,2045109988,1178172690,0,True,правила
Т-Капитал,ОПИФ РФИ «Т-Капитал Баланс»,2025-03-31,11,658099224,1893133492,658099224,0,True,правила
Т-Капитал,ОПИФ РФИ «Т-Капитал Баланс»,2025-04-30,9,603454032,1838959677,603454032,0,True,правила
Т-Капитал,ОПИФ РФИ «Т-Капитал Баланс»,2025-05-30,7,465301136,1777073052,465301136,0,True,правила
Т-Капитал,ОПИФ РФИ «Т-Капитал Баланс»,2025-06-30,7,414096565,1805150890,414096565,0,True,правила
Т-Капитал,ОПИФ РФИ «Т-Капитал Баланс»,2025-07-31,6,360066611,1838528246,360066611,0,True,правила
Т-Капитал,ОПИФ РФИ «Т-Капитал Баланс»,2025-08-29,7,378023960,1918681776,378023960,0,True,правила
Т-Капитал,ОПИФ РФИ «Т-Капитал Баланс»,2025-09-30,7,440707126,1739091196,440707126,0,True,правила
Т-Капитал,ОПИФ РФИ «Т-Капитал Баланс»,2025-10-31,9,448695460,1800123515,448695460,0,True,правила
Т-Капитал,ОПИФ РФИ «Т-Капитал Баланс»,2025-11-28,10,528719772,1909140551,528719772,0,True,правила
Т-Капитал,ОПИФ РФИ «Т-Капитал Баланс»,2025-12-30,11,618519550,2035373479,618519550,0,True,правила
Т-Капитал,ОПИФ РФИ «Т-Капитал Баланс»,2026-01-30,11,643524839,1993636952,643524839,0,True,правила
Т-Капитал,ОПИФ РФИ «Т-Капитал Баланс»,2026-02-27,12,724467282,2176014712,724467282,0,True,правила
Т-Капитал,ОПИФ РФИ «Т-Капитал Баланс»,2026-03-31,15,737499292,2098758500,737499292,0,True,правила
Т-Капитал,ОПИФ РФИ «Т-Капитал Баланс»,2026-04-30,15,719853986,2272331506,719853986,0,True,правила
Т-Капитал,ОПИФ РФИ «Т-Капитал Баланс»,2026-05-29,13,688855549,2349560049,688855549,0,True,правила
Т-Капитал,ОПИФ РФИ «Т-Капитал Баланс»,2026-06-30,16,777011903,2223195057,777011903,0,True,правила
Т-Капитал,ОПИФ РФИ «Т-Капитал Баланс»,2026-07-31,18,811133537,2049359082,811133537,0,True,правила
Т-Капитал,ОПИФ РФИ «Т-Капитал Баланс»,2026-08-31,18,745249735,2059118363,745249735,0,True,правила
Т-Капитал,ОПИФ РФИ «Т-Капитал Компании второго эшелона»,2024-02-29,25,116065324,116065324,116065324,55200571,True,правила
Т-Капитал,ОПИФ РФИ «Т-Капитал Компании второго эшелона»,2024-03-29,26,238845130,238845130,238845130,124822544,True,правила
Т-Капитал,ОПИФ РФИ «Т-Капитал Компании второго эшелона»,2024-04-27,23,740132533,774815016,740132533,344856132,True,правила
Т-Капитал,ОПИФ РФИ «Т-Капитал Компании второго эшелона»,2024-05-31,23,945646129,996044242,945646129,325927756,True,правила
Т-Капитал,ОПИФ РФИ «Т-Капитал Компании второго эшелона»,2024-06-28,18,989970910,1040930723,989970910,150758603,True,правила
Т-Капитал,ОПИФ РФИ «Т-Капитал Компании второго эшелона»,2024-07-31,16,771932024,771932024,771932024,132833366,True,правила
Т-Капитал,ОПИФ РФИ «Т-Капитал Компании второго эшелона»,2024-08-30,19,569491412,569491412,569491412,50239913,True,правила
Т-Капитал,ОПИФ РФИ «Т-Капитал Компании второго эшелона»,2024-09-30,21,593208284,593208284,593208284,0,True,правила
Т-Капитал,ОПИФ РФИ «Т-Капитал Компании второго эшелона»,2024-10-31,24,428031732,428031732,428031732,646137,True,правила
Т-Капитал,ОПИФ РФИ «Т-Капитал Компании второго эшелона»,2024-11-29,25,391889288,391889288,391889288,814540,True,правила
Т-Капитал,ОПИФ РФИ «Т-Капитал Компании второго эшелона»,2024-12-28,27,408996571,408996571,408996571,0,True,правила
Т-Капитал,ОПИФ РФИ «Т-Капитал Компании второго эшелона»,2025-03-31,24,1844262699,1844262699,1844262699,0,True,правила
Т-Капитал,ОПИФ РФИ «Т-Капитал Компании второго эшелона»,2025-04-30,23,1831886914,1831886914,1831886914,0,True,правила
Т-Капитал,ОПИФ РФИ «Т-Капитал Компании второго эшелона»,2025-05-30,22,1616355487,1616355487,1616355487,0,True,правила
Т-Капитал,ОПИФ РФИ «Т-Капитал Компании второго эшелона»,2025-06-30,22,1625364858,1695554058,1625364858,0,True,правила
Т-Капитал,ОПИФ РФИ «Т-Капитал Компании второго эшелона»,2025-07-31,22,1558066113,1616681433,1558066113,0,True,правила
Т-Капитал,ОПИФ РФИ «Т-Капитал Компании второго эшелона»,2025-08-29,22,1627692276,1627692276,1627692276,0,True,правила
Т-Капитал,ОПИФ РФИ «Т-Капитал Компании второго эшелона»,2025-09-30,20,1535942964,1535942964,1535942964,0,True,правила
Т-Капитал,ОПИФ РФИ «Т-Капитал Компании второго эшелона»,2025-10-31,21,1431503657,1431503657,1431503657,0,True,правила
Т-Капитал,ОПИФ РФИ «Т-Капитал Компании второго эшелона»,2025-11-28,23,1510862900,1510862900,1510862900,0,True,правила
Т-Капитал,ОПИФ РФИ «Т-Капитал Компании второго эшелона»,2025-12-30,26,1537451480,1537451480,1537451480,0,True,правила
Т-Капитал,ОПИФ РФИ «Т-Капитал Компании второго эшелона»,2026-01-30,22,1540816445,1540816445,1540816445,0,True,правила
Т-Капитал,ОПИФ РФИ «Т-Капитал Компании второго эшелона»,2026-02-27,21,1527346522,1527346522,1527346522,0,True,правила
Т-Капитал,ОПИФ РФИ «Т-Капитал Компании второго эшелона»,2026-03-31,22,1546569854,1546569854,1546569854,0,True,правила
Т-Капитал,ОПИФ РФИ «Т-Капитал Компании второго эшелона»,2026-04-30,20,1514195192,1514195192,1514195192,0,True,правила
Т-Капитал,ОПИФ РФИ «Т-Капитал Компании второго эшелона»,2026-05-29,20,1503003267,1503003267,1503003267,0,True,правила
Т-Капитал,ОПИФ РФИ «Т-Капитал Компании второго эшелона»,2026-06-30,17,1363171615,1363171615,1363171615,0,True,правила
Т-Капитал,ОПИФ РФИ «Т-Капитал Компании второго эшелона»,2026-07-31,17,1334441076,1334441076,1334441076,0,True,правила
Т-Капитал,ОПИФ РФИ «Т-Капитал Компании второго эшелона»,2026-08-31,21,1353865888,1353865888,1353865888,0,True,правила
Первая,ИИС с Фондом Левитан,2025-05-31,0,0,9310152,0,0,False,правила
Арсагера,Арсагера - акции 6.4,2021-09-30,37,92,694981997,694981997,47734824,False,правила
Арсагера,Арсагера - акции 6.4,2021-10-31,37,777466062,761056893,761056893,59316438,False,правила
Арсагера,Арсагера - акции 6.4,2021-11-30,37,744695812,728923010,728923010,62147410,False,правила
Арсагера,Арсагера - акции 6.4,2021-12-31,39,773641986,773641986,773641986,38831370,True,правила
Арсагера,Арсагера - акции 6.4,2022-01-31,39,754280278,754280278,754280278,39768977,True,правила
Арсагера,Арсагера - акции 6.4,2022-02-28,39,553954950,553954950,553954950,16267922,True,правила
Арсагера,Арсагера - акции 6.4,2022-03-31,39,615761958,615761958,615761958,20634515,True,правила
Арсагера,Арсагера - акции 6.4,2022-04-30,39,620070286,620070286,620070286,16249019,True,правила
Арсагера,Арсагера - акции 6.4,2022-05-31,39,619175319,619175319,619175319,17538203,True,правила
Арсагера,Арсагера - акции 6.4,2022-06-30,39,620113595,620113595,620113595,16551467,True,правила
Арсагера,Арсагера - акции 6.4,2022-07-31,41,624032226,624032226,624032226,15942790,True,правила
Арсагера,Арсагера - акции 6.4,2022-08-31,41,669532158,669532158,669532158,17247097,True,правила
Арсагера,Арсагера - акции 6.4,2022-09-30,41,528368282,528368282,528368282,13326615,True,правила
Арсагера,Арсагера - акции 6.4,2022-10-31,39,635701440,635701440,635701440,15901204,True,правила
Арсагера,Арсагера - акции 6.4,2022-11-30,41,641181791,641181791,641181791,14230178,True,правила
Арсагера,Арсагера - акции 6.4,2022-12-31,41,651666216,651666216,651666216,12521347,True,правила
Арсагера,Арсагера - акции 6.4,2023-01-31,42,693453866,693453866,693453866,12808673,True,правила
Арсагера,Арсагера - акции 6.4,2023-02-28,41,723403307,723403307,723403307,13152707,True,правила
Арсагера,Арсагера - акции 6.4,2023-03-31,41,817372331,817372331,817372331,13432472,True,правила
Арсагера,Арсагера - акции 6.4,2023-04-30,41,916807956,916807956,916807956,14929589,True,правила
Арсагера,Арсагера - акции 6.4,2023-05-31,39,975496641,975496641,975496641,15901204,True,правила
Арсагера,Арсагера - акции 6.4,2023-06-30,39,1056924479,1056924479,1056924479,16795567,True,правила
Арсагера,Арсагера - акции 6.4,2023-07-31,39,1208038323,1208038323,1208038323,6900853,True,правила
Арсагера,Арсагера - акции 6.4,2023-08-31,38,1349133174,1349133174,1349133174,0,True,правила
Арсагера,Арсагера - акции 6.4,2023-09-30,38,1342200477,1342200477,1342200477,0,True,правила
Арсагера,Арсагера - акции 6.4,2023-10-31,38,1345050530,1345050530,1345050530,0,True,правила
Арсагера,Арсагера - акции 6.4,2023-11-30,38,1321501952,1321501952,1321501952,0,True,правила
Арсагера,Арсагера - акции 6.4,2023-12-31,37,1351655796,1351655796,1351655796,0,True,правила
Арсагера,Арсагера - акции 6.4,2024-01-31,38,1451671427,1451671427,1451671427,0,True,правила
Арсагера,Арсагера - акции 6.4,2024-02-29,38,1466482872,1466482872,1466482872,0,True,правила
Арсагера,Арсагера - акции 6.4,2024-03-31,38,1489996988,1489996988,1489996988,0,True,правила
Арсагера,Арсагера - акции 6.4,2024-04-30,38,1575551485,1575551485,1575551485,0,True,правила
Арсагера,Арсагера - акции 6.4,2024-05-31,38,1482105751,1482105751,1482105751,0,True,правила
Арсагера,Арсагера - акции 6.4,2024-06-30,38,1485039734,1485039734,1485039734,0,True,правила
Арсагера,Арсагера - акции 6.4,2024-07-31,39,1413014837,1413014837,1413014837,0,True,правила
Арсагера,Арсагера - акции 6.4,2024-08-31,39,1304162890,1304162890,1304162890,0,True,правила
Арсагера,Арсагера - акции 6.4,2024-09-30,39,1411902736,1411902736,1411902736,0,True,правила
Арсагера,Арсагера - акции 6.4,2024-10-31,39,1278729513,1278729513,1278729513,0,True,правила
Арсагера,Арсагера - акции 6.4,2024-11-30,39,1262459165,1262459165,1262459165,0,True,правила
Арсагера,Арсагера - акции 6.4,2024-12-31,39,1390088666,1390088666,1390088666,0,True,правила
Арсагера,Арсагера - акции 6.4,2025-01-31,39,1531865895,1531865895,1531865895,0,True,правила
Арсагера,Арсагера - акции 6.4,2025-02-28,39,1587166438,1587166438,1587166438,0,True,правила
Арсагера,Арсагера - акции 6.4,2025-03-31,39,1524857951,1524857951,1524857951,0,True,правила
Арсагера,Арсагера - акции 6.4,2025-04-30,39,1464962969,1464962969,1464962969,0,True,правила
Арсагера,Арсагера - акции 6.4,2025-05-31,41,1427400047,1427400047,1427400047,0,True,правила
Арсагера,Арсагера - акции 6.4,2025-06-30,41,1474618495,1474618495,1474618495,0,True,правила
Арсагера,Арсагера - акции 6.4,2025-07-31,43,1491268974,1491268974,1491268974,0,True,правила
Арсагера,Арсагера - акции 6.4,2025-08-31,44,1620543732,1620543732,1620543732,0,True,правила
Арсагера,Арсагера - акции 6.4,2025-09-30,44,1485860640,1485860640,1485860640,0,True,правила
Арсагера,Арсагера - акции 6.4,2025-10-31,45,1420676976,1420676976,1420676976,0,True,правила
Арсагера,Арсагера - акции 6.4,2025-11-30,46,1478194136,1478194136,1478194136,0,True,правила
Арсагера,Арсагера - акции 6.4,2025-12-31,47,1530378190,1530378190,1530378190,0,True,правила
Арсагера,Арсагера - акции 6.4,2026-01-31,47,1635566746,1635566746,1635566746,0,True,правила
Арсагера,Арсагера - акции 6.4,2026-02-28,47,1617892891,1617892891,1617892891,0,True,правила
Арсагера,Арсагера - акции 6.4,2026-03-31,46,1596809945,1596809945,1596809945,0,True,правила
Арсагера,Арсагера - акции 6.4,2026-04-30,46,1535678330,1535678330,1535678330,0,True,правила
Арсагера,Арсагера - акции 6.4,2026-05-31,46,1466914113,1466914113,1466914113,0,True,правила
Арсагера,Арсагера - акции 6.4,2026-06-30,47,1309138706,1309138706,1309138706,0,True,правила
Арсагера,Арсагера - акции 6.4,2026-07-31,46,1325669701,1325669701,1325669701,0,True,правила
Арсагера,Арсагера - акции 6.4,2026-08-31,47,1295621556,1295621556,1295621556,0,True,правила
Арсагера,Арсагера - фонд акций,2021-09-30,24,96,1383838838,1383838838,41535045,False,правила
Арсагера,Арсагера - фонд акций,2021-10-31,25,1450940450,1450940450,1450940450,44465680,True,правила
Арсагера,Арсагера - фонд акций,2021-11-30,25,1372702751,1372702751,1372702751,43727179,True,правила
Арсагера,Арсагера - фонд акций,2021-12-31,25,1417366150,1417366150,1417366150,43353409,True,правила
Арсагера,Арсагера - фонд акций,2022-01-31,27,1416921626,1416921626,1416921626,43211045,True,правила
Арсагера,Арсагера - фонд акций,2022-02-28,27,994612546,994612546,994612546,28581387,True,правила
Арсагера,Арсагера - фонд акций,2022-03-31,27,1097136106,1097136106,1097136106,36253128,True,правила
Арсагера,Арсагера - фонд акций,2022-04-30,27,1102189782,1102189782,1102189782,28548176,True,правила
Арсагера,Арсагера - фонд акций,2022-05-31,27,1098284668,1098284668,1098284668,30813166,True,правила
Арсагера,Арсагера - фонд акций,2022-06-30,27,1083730605,1083730605,1083730605,29079552,True,правила
Арсагера,Арсагера - фонд акций,2022-07-31,27,1086410410,1086410410,1086410410,28010157,True,правила
Арсагера,Арсагера - фонд акций,2022-08-31,28,1179849844,1179849844,1179849844,30301716,True,правила
Арсагера,Арсагера - фонд акций,2022-09-30,28,928903026,928903026,928903026,23413755,True,правила
Арсагера,Арсагера - фонд акций,2022-10-31,28,1116355132,1116355132,1116355132,27937093,True,правила
Арсагера,Арсагера - фонд акций,2022-11-30,26,1130217971,1130217971,1130217971,25001241,True,правила
Арсагера,Арсагера - фонд акций,2022-12-31,26,1151441807,1151441807,1151441807,21998966,True,правила
Арсагера,Арсагера - фонд акций,2023-01-31,26,1206614412,1206614412,1206614412,22503774,True,правила
Арсагера,Арсагера - фонд акций,2023-02-28,27,1255782546,1255782546,1255782546,23108214,True,правила
Арсагера,Арсагера - фонд акций,2023-03-31,27,1413397004,1413397004,1413397004,23599737,True,правила
Арсагера,Арсагера - фонд акций,2023-04-30,27,1549943791,1549943791,1549943791,26230048,True,правила
Арсагера,Арсагера - фонд акций,2023-05-31,27,1623510183,1623510183,1623510183,27937093,True,правила
Арсагера,Арсагера - фонд акций,2023-06-30,27,1730228805,1730228805,1730228805,32433863,True,правила
Арсагера,Арсагера - фонд акций,2023-07-31,27,1983658376,1983658376,1983658376,11431278,True,правила
Арсагера,Арсагера - фонд акций,2023-08-31,27,2204148934,2204148934,2204148934,0,True,правила
Арсагера,Арсагера - фонд акций,2023-09-30,27,2211988088,2211988088,2211988088,0,True,правила
Арсагера,Арсагера - фонд акций,2023-10-31,27,2247413193,2247413193,2247413193,0,True,правила
Арсагера,Арсагера - фонд акций,2023-11-30,27,2229326407,2229326407,2229326407,0,True,правила
Арсагера,Арсагера - фонд акций,2023-12-31,27,2295980868,2295980868,2295980868,0,True,правила
Арсагера,Арсагера - фонд акций,2024-01-31,27,2449799847,2449799847,2449799847,0,True,правила
Арсагера,Арсагера - фонд акций,2024-02-29,27,2477059773,2477059773,2477059773,0,True,правила
Арсагера,Арсагера - фонд акций,2024-03-31,27,2496913243,2496913243,2496913243,0,True,правила
Арсагера,Арсагера - фонд акций,2024-04-30,27,2645408081,2645408081,2645408081,0,True,правила
Арсагера,Арсагера - фонд акций,2024-05-31,27,2489284243,2489284243,2489284243,0,True,правила
Арсагера,Арсагера - фонд акций,2024-06-30,27,2476769962,2476769962,2476769962,0,True,правила
Арсагера,Арсагера - фонд акций,2024-07-31,29,2379835717,2379835717,2379835717,0,True,правила
Арсагера,Арсагера - фонд акций,2024-08-31,29,2229139859,2229139859,2229139859,0,True,правила
Арсагера,Арсагера - фонд акций,2024-09-30,29,2431057603,2431057603,2431057603,0,True,правила
Арсагера,Арсагера - фонд акций,2024-10-31,29,2173980769,2173980769,2173980769,0,True,правила
Арсагера,Арсагера - фонд акций,2024-11-30,29,2154327072,2154327072,2154327072,0,True,правила
Арсагера,Арсагера - фонд акций,2024-12-31,29,2383289777,2383289777,2383289777,0,True,правила
Арсагера,Арсагера - фонд акций,2025-01-31,29,2604620350,2604620350,2604620350,0,True,правила
Арсагера,Арсагера - фонд акций,2025-02-28,29,2739357628,2739357628,2739357628,0,True,правила
Арсагера,Арсагера - фонд акций,2025-03-31,29,2633891931,2633891931,2633891931,0,True,правила
Арсагера,Арсагера - фонд акций,2025-04-30,29,2572603677,2572603677,2572603677,0,True,правила
Арсагера,Арсагера - фонд акций,2025-05-31,29,2515285025,2515285025,2515285025,0,True,правила
Арсагера,Арсагера - фонд акций,2025-06-30,30,2591755038,2591755038,2591755038,0,True,правила
Арсагера,Арсагера - фонд акций,2025-07-31,31,2545782632,2545782632,2545782632,0,True,правила
Арсагера,Арсагера - фонд акций,2025-08-31,31,2742317631,2742317631,2742317631,0,True,правила
Арсагера,Арсагера - фонд акций,2025-09-30,31,2519312237,2519312237,2519312237,0,True,правила
Арсагера,Арсагера - фонд акций,2025-10-31,31,2447969045,2447969045,2447969045,0,True,правила
Арсагера,Арсагера - фонд акций,2025-11-30,31,2571482162,2571482162,2571482162,0,True,правила
Арсагера,Арсагера - фонд акций,2025-12-31,33,2638889125,2638889125,2638889125,0,True,правила
Арсагера,Арсагера - фонд акций,2026-01-31,32,2792443265,2792443265,2792443265,0,True,правила
Арсагера,Арсагера - фонд акций,2026-02-28,31,2814972153,2814972153,2814972153,0,True,правила
Арсагера,Арсагера - фонд акций,2026-03-31,33,2768101455,2768101455,2768101455,0,True,правила
Арсагера,Арсагера - фонд акций,2026-04-30,32,2676375847,2676375847,2676375847,0,True,правила
Арсагера,Арсагера - фонд акций,2026-05-31,32,2533292168,2533292168,2533292168,0,True,правила
Арсагера,Арсагера - фонд акций,2026-06-30,32,2331770168,2331770168,2331770168,0,True,правила
Арсагера,Арсагера - фонд акций,2026-07-31,32,2362234599,2362234599,2362234599,0,True,правила
Арсагера,Арсагера - фонд акций,2026-08-31,32,2295719206,2295719206,2295719206,0,True,правила
Арсагера,Арсагера - фонд смешанных инвестиций,2021-09-30,24,59,321932247,195756050,5677588,False,правила
Арсагера,Арсагера - фонд смешанных инвестиций,2021-10-31,25,200460205,332784374,200460205,6135420,True,правила
Арсагера,Арсагера - фонд смешанных инвестиций,2021-11-30,25,191377602,318790995,191377602,6022500,True,правила
Арсагера,Арсагера - фонд смешанных инвестиций,2021-12-31,25,195358565,324453971,195358565,5939014,True,правила
Арсагера,Арсагера - фонд смешанных инвестиций,2022-01-31,28,193952692,316074330,193952692,5783501,True,правила
Арсагера,Арсагера - фонд смешанных инвестиций,2022-02-28,28,148804878,245793201,148804878,4198867,True,правила
Арсагера,Арсагера - фонд смешанных инвестиций,2022-03-31,28,156145950,253272708,156145950,5325916,True,правила
Арсагера,Арсагера - фонд смешанных инвестиций,2022-04-30,28,153233733,253379229,153233733,4193988,True,правила
Арсагера,Арсагера - фонд смешанных инвестиций,2022-05-31,28,153547915,254100196,153547915,4526736,True,правила
Арсагера,Арсагера - фонд смешанных инвестиций,2022-06-30,27,155525564,257400456,155525564,4272052,True,правила
Арсагера,Арсагера - фонд смешанных инвестиций,2022-07-31,28,156137464,260756561,156137464,4114949,True,правила
Арсагера,Арсагера - фонд смешанных инвестиций,2022-08-31,29,170202421,277128534,170202421,4451600,True,правила
Арсагера,Арсагера - фонд смешанных инвестиций,2022-09-30,28,141778795,230427393,141778795,3439695,True,правила
Арсагера,Арсагера - фонд смешанных инвестиций,2022-10-31,27,162145044,264428724,162145044,4104215,True,правила
Арсагера,Арсагера - фонд смешанных инвестиций,2022-11-30,27,164261873,267095733,164261873,3672911,True,правила
Арсагера,Арсагера - фонд смешанных инвестиций,2022-12-31,27,167427664,0,167427664,3231850,True,правила
Арсагера,Арсагера - фонд смешанных инвестиций,2023-01-31,27,173379283,282781930,173379283,3306010,True,правила
Арсагера,Арсагера - фонд смешанных инвестиций,2023-02-28,27,178504203,290953853,178504203,3394808,True,правила
Арсагера,Арсагера - фонд смешанных инвестиций,2023-03-31,27,193477623,314714346,193477623,3467017,True,правила
Арсагера,Арсагера - фонд смешанных инвестиций,2023-04-30,27,205958215,335106511,205958215,3853434,True,правила
Арсагера,Арсагера - фонд смешанных инвестиций,2023-05-31,27,216972711,352476614,216972711,4104215,True,правила
Арсагера,Арсагера - фонд смешанных инвестиций,2023-06-30,28,230279306,371503080,230279306,0,True,правила
Арсагера,Арсагера - фонд смешанных инвестиций,2023-07-31,28,255429079,410322395,255429079,0,True,правила
Арсагера,Арсагера - фонд смешанных инвестиций,2023-08-31,28,248694108,444109838,248694108,0,True,правила
Арсагера,Арсагера - фонд смешанных инвестиций,2023-09-30,28,227933841,442230850,227933841,0,True,правила
Арсагера,Арсагера - фонд смешанных инвестиций,2023-10-31,28,225399983,447000215,225399983,0,True,правила
Арсагера,Арсагера - фонд смешанных инвестиций,2023-11-30,28,233425729,454940281,233425729,0,True,правила
Арсагера,Арсагера - фонд смешанных инвестиций,2023-12-31,28,233516814,457699760,233516814,0,True,правила
Арсагера,Арсагера - фонд смешанных инвестиций,2024-01-31,28,251270035,482380254,251270035,0,True,правила
Арсагера,Арсагера - фонд смешанных инвестиций,2024-02-29,28,255045963,490415792,255045963,0,True,правила
Арсагера,Арсагера - фонд смешанных инвестиций,2024-03-31,28,252953395,486997225,252953395,0,True,правила
Арсагера,Арсагера - фонд смешанных инвестиций,2024-04-30,28,259871423,498626353,259871423,0,True,правила
Арсагера,Арсагера - фонд смешанных инвестиций,2024-05-31,28,245458492,475001138,245458492,0,True,правила
Арсагера,Арсагера - фонд смешанных инвестиций,2024-06-30,28,239052565,460894298,239052565,0,True,правила
Арсагера,Арсагера - фонд смешанных инвестиций,2024-07-31,30,230331060,450214796,230331060,0,True,правила
Арсагера,Арсагера - фонд смешанных инвестиций,2024-08-31,30,223178943,434500890,223178943,0,True,правила
Арсагера,Арсагера - фонд смешанных инвестиций,2024-09-30,30,235731326,452714977,235731326,0,True,правила
Арсагера,Арсагера - фонд смешанных инвестиций,2024-10-31,30,216756732,417103040,216756732,0,True,правила
Арсагера,Арсагера - фонд смешанных инвестиций,2024-11-30,30,199145437,424670874,199145437,0,True,правила
Арсагера,Арсагера - фонд смешанных инвестиций,2024-12-31,30,217589439,461734172,217589439,0,True,правила
Арсагера,Арсагера - фонд смешанных инвестиций,2025-01-31,30,229756504,488188837,229756504,0,True,правила
Арсагера,Арсагера - фонд смешанных инвестиций,2025-02-28,30,244992474,522615280,244992474,0,True,правила
Арсагера,Арсагера - фонд смешанных инвестиций,2025-03-31,30,244941000,518454351,244941000,0,True,правила
Арсагера,Арсагера - фонд смешанных инвестиций,2025-04-30,30,241939015,514443097,241939015,0,True,правила
Арсагера,Арсагера - фонд смешанных инвестиций,2025-05-31,30,241704311,514124818,241704311,0,True,правила
Арсагера,Арсагера - фонд смешанных инвестиций,2025-06-30,31,253765967,539293291,253765967,0,True,правила
Арсагера,Арсагера - фонд смешанных инвестиций,2025-07-31,32,277887795,557606458,277887795,0,True,правила
Арсагера,Арсагера - фонд смешанных инвестиций,2025-08-31,32,301878256,586825046,301878256,0,True,правила
Арсагера,Арсагера - фонд смешанных инвестиций,2025-09-30,32,288518252,556872620,288518252,0,True,правила
Арсагера,Арсагера - фонд смешанных инвестиций,2025-10-31,32,272252620,528831121,272252620,0,True,правила
Арсагера,Арсагера - фонд смешанных инвестиций,2025-11-30,33,284295719,548908490,284295719,0,True,правила
Арсагера,Арсагера - фонд смешанных инвестиций,2025-12-31,34,292367261,566437298,292367261,0,True,правила
Арсагера,Арсагера - фонд смешанных инвестиций,2026-01-31,33,305261484,587777197,305261484,0,True,правила
Арсагера,Арсагера - фонд смешанных инвестиций,2026-02-28,33,315706287,607682860,315706287,0,True,правила
Арсагера,Арсагера - фонд смешанных инвестиций,2026-03-31,34,317691045,607953483,317691045,0,True,правила
Арсагера,Арсагера - фонд смешанных инвестиций,2026-04-30,34,309830538,591319332,309830538,0,True,правила
Арсагера,Арсагера - фонд смешанных инвестиций,2026-05-31,34,298234536,572684311,298234536,0,True,правила
Арсагера,Арсагера - фонд смешанных инвестиций,2026-06-30,34,281204793,534664177,281204793,0,True,правила
Арсагера,Арсагера - фонд смешанных инвестиций,2026-07-31,34,281087473,530575467,281087473,0,True,правила
Арсагера,Арсагера - фонд смешанных инвестиций,2026-08-31,34,271074390,518001075,271074390,0,True,правила
Система Капитал,Доверительная – фонд Российские акции,2021-09-30,11,84722856240,71929099,71929099,54702423,False,правила
Система Капитал,Доверительная – фонд Российские акции,2021-10-29,12,80093518,80093518,80093518,55574010,True,правила
Система Капитал,Доверительная – фонд Российские акции,2021-11-30,12,74359049,74359049,74359049,51636342,True,правила
Система Капитал,Доверительная – фонд Российские акции,2021-12-30,11,73733928,73733928,73733928,51294085,True,правила
Система Капитал,Доверительная – фонд Российские акции,2021-12-31,11,73733928,73733928,73733928,51294085,True,правила
Система Капитал,Доверительная – фонд Российские акции,2022-01-31,12,68500183,68500183,68500183,38273755,True,правила
Система Капитал,Доверительная – фонд Российские акции,2022-02-28,0,0,0,0,0,False,правила
Система Капитал,Доверительная – фонд Российские акции,2022-03-31,12,61960107,61960107,61960107,36058872,True,правила
Система Капитал,Доверительная – фонд Российские акции,2022-04-29,12,55771059,55771059,55771059,28069986,True,правила
Система Капитал,Доверительная – фонд Российские акции,2022-05-31,12,53043672,53043672,53043672,25060940,True,правила
Система Капитал,Доверительная – фонд Российские акции,2022-06-30,13,48810467,48810467,48810467,23696556,True,правила
Система Капитал,Доверительная – фонд Российские акции,2022-07-29,13,48348439,48348439,48348439,29659304,True,правила
Система Капитал,Доверительная – фонд Российские акции,2022-08-31,13,55363752,55363752,55363752,34484113,True,правила
Система Капитал,Доверительная – фонд Российские акции,2022-09-30,13,42913254,42913254,42913254,27443375,True,правила
Система Капитал,Доверительная – фонд Российские акции,2022-10-31,13,44653820,44653820,44653820,32536782,True,правила
Система Капитал,Доверительная – фонд Российские акции,2022-11-30,13,45508297,45508297,45508297,32332023,True,правила
Система Капитал,Доверительная – фонд Российские акции,2022-12-30,13,50021223,50021223,50021223,29460046,True,правила
Система Капитал,Доверительная – фонд Российские акции,2023-01-31,12,45784661,45784661,45784661,30807536,True,правила
Система Капитал,Доверительная – фонд Российские акции,2023-02-28,11,43449863,43449863,43449863,29948654,True,правила
Система Капитал,Доверительная – фонд Российские акции,2023-03-31,11,45620860,45620860,45620860,31512972,True,правила
Система Капитал,Доверительная – фонд Российские акции,2023-04-28,12,50731204,50731204,50731204,34149862,True,правила
Система Капитал,Доверительная – фонд Российские акции,2023-05-31,12,52171753,52171753,52171753,38507915,True,правила
Система Капитал,Доверительная – фонд Российские акции,2023-06-30,13,58079449,58079449,58079449,38719448,True,правила
Система Капитал,Доверительная – фонд Российские акции,2023-07-31,14,75479060,75479060,75479060,32296592,True,правила
Система Капитал,Доверительная – фонд Российские акции,2023-08-31,15,85504249,85504249,85504249,34378921,True,правила
Система Капитал,Доверительная – фонд Российские акции,2023-09-29,15,82115287,82115287,82115287,30182266,True,правила
Система Капитал,Доверительная – фонд Российские акции,2023-10-31,15,80281994,80281994,80281994,31293801,True,правила
Система Капитал,Доверительная – фонд Российские акции,2023-11-30,15,79677097,79677097,79677097,31451032,True,правила
Система Капитал,Доверительная – фонд Российские акции,2023-12-31,14,79400799,79400799,79400799,32012453,True,правила
Система Капитал,Доверительная – фонд Российские акции,2024-01-31,14,81841223,81841223,81841223,34954390,True,правила
Система Капитал,Доверительная – фонд Российские акции,2024-02-29,14,82028101,82028101,82028101,36189450,True,правила
Система Капитал,Доверительная – фонд Российские акции,2024-03-29,16,94032571,94032571,94032571,28379200,True,правила
Система Капитал,Доверительная – фонд Российские акции,2024-04-27,15,101174855,101174855,101174855,30581398,True,правила
Система Капитал,Доверительная – фонд Российские акции,2024-05-31,15,94563635,94563635,94563635,27571852,True,правила
Система Капитал,Доверительная – фонд Российские акции,2024-06-30,16,100052810,100052810,100052810,28615804,True,правила
Система Капитал,Доверительная – фонд Российские акции,2024-07-31,18,108032717,108032717,108032717,14660307,True,правила
Система Капитал,Доверительная – фонд Российские акции,2024-08-30,18,96168267,96168267,96168267,13990319,True,правила
Система Капитал,Доверительная – фонд Российские акции,2024-09-30,19,102572915,102572915,102572915,14550737,True,правила
Система Капитал,Доверительная – фонд Российские акции,2024-10-31,18,91016360,91016360,91016360,12530408,True,правила
Система Капитал,Доверительная – фонд Российские акции,2024-11-29,17,90907766,90907766,90907766,12761833,True,правила
Система Капитал,Доверительная – фонд Российские акции,2024-12-28,19,103966059,103966059,103966059,11349417,True,правила
Система Капитал,Доверительная – фонд Российские акции,2025-01-31,21,111949996,111949996,111949996,12676827,True,правила
Система Капитал,Доверительная – фонд Российские акции,2025-02-28,21,115570473,115570473,115570473,13390272,True,правила
Система Капитал,Доверительная – фонд Российские акции,2025-03-31,23,112362874,112362874,112362874,11336362,True,правила
Система Капитал,Доверительная – фонд Российские акции,2025-04-30,21,106531165,106531165,106531165,11265745,True,правила
Система Капитал,Доверительная – фонд Российские акции,2025-05-30,22,106153124,106153124,106153124,10432725,True,правила
Система Капитал,Доверительная – фонд Российские акции,2025-06-30,22,108511808,108511808,108511808,11199712,True,правила
Система Капитал,Доверительная – фонд Российские акции,2025-07-31,20,103694832,103694832,103694832,10783418,True,правила
Система Капитал,Доверительная – фонд Российские акции,2025-08-29,20,110163801,110163801,110163801,11339624,True,правила
Система Капитал,Доверительная – фонд Российские акции,2025-09-30,22,105111285,105111285,105111285,10586280,True,правила
Система Капитал,Доверительная – фонд Российские акции,2025-10-31,23,118828427,118828427,118828427,0,True,правила
Система Капитал,Доверительная – фонд Российские акции,2025-11-28,25,123550023,123550023,123550023,0,True,правила
Система Капитал,Доверительная – фонд Российские акции,2025-12-30,26,136864261,136864261,136864261,0,True,правила
Система Капитал,Доверительная – фонд Российские акции,2026-01-30,27,135901798,135901798,135901798,0,True,правила
Система Капитал,Доверительная – фонд Российские акции,2026-02-27,27,139360341,139360341,139360341,0,True,правила
Система Капитал,Доверительная – фонд Российские акции,2026-03-31,25,126320716,126320716,126320716,0,True,правила
Система Капитал,Доверительная – фонд Российские акции,2026-04-30,23,119414109,119414109,119414109,0,True,правила
Система Капитал,Доверительная – фонд Российские акции,2026-05-29,24,118061921,118061921,118061921,0,True,правила
Система Капитал,Доверительная – фонд Российские акции,2026-06-30,24,108259133,108259133,108259133,0,True,правила
Система Капитал,Доверительная – фонд Российские акции,2026-07-31,25,99573867,99573867,99573867,0,True,правила
Система Капитал,Доверительная – фонд Российские акции,2026-08-31,26,97284846,97284846,97284846,0,True,правила
Первая,Фонд российских акций,2023-09-30,16,20380935855,20380935855,20380935855,5349753443,True,правила
Первая,Фонд российских акций,2023-10-31,18,19699711267,19699711267,19699711267,5369133816,True,правила
Первая,Фонд российских акций,2023-11-30,17,17995619077,17995619077,17995619077,5623558084,True,правила
Первая,Фонд российских акций,2023-12-31,17,17334686125,17334686125,17334686125,5168164840,True,правила
Первая,Фонд российских акций,2024-01-31,16,16672238460,16672238460,16672238460,4523951293,True,правила
Первая,Фонд российских акций,2024-02-29,14,15509072943,15509072943,15509072943,4946651320,True,правила
Первая,Фонд российских акций,2024-03-31,17,15697627013,15697627013,15697627013,4374201197,True,правила
Первая,Фонд российских акций,2024-04-30,18,15732827673,15732827673,15732827673,4328102626,True,правила
Первая,Фонд российских акций,2024-05-31,17,13980219778,13980219778,13980219778,4082090562,True,правила
Первая,Фонд российских акций,2024-06-30,17,13317733397,13317733397,13317733397,4071579784,True,правила
Первая,Фонд российских акций,2024-07-31,18,13934053202,13934053202,13934053202,2107840276,True,правила
Первая,Фонд российских акций,2024-08-31,18,11777949914,11777949914,11777949914,1933524844,True,правила
Первая,Фонд российских акций,2024-09-30,17,12940139727,12940139727,12940139727,1467345917,True,правила
Первая,Фонд российских акций,2024-10-31,17,11905385400,11905385400,11905385400,930179196,True,правила
Первая,Фонд российских акций,2024-11-30,16,11758172097,11758172097,11758172097,801221842,True,правила
Первая,Фонд российских акций,2024-12-31,15,12872635727,12872635727,12872635727,811783578,True,правила
Первая,Фонд российских акций,2025-01-31,17,14166087935,14166087935,14166087935,899266293,True,правила
Первая,Фонд российских акций,2025-02-28,17,14801754528,14801754528,14801754528,993451975,True,правила
Первая,Фонд российских акций,2025-03-31,18,14273694092,14273694092,14273694092,584350000,True,правила
Первая,Фонд российских акций,2025-04-30,18,13523898772,13523898772,13523898772,506894700,True,правила
Первая,Фонд российских акций,2025-05-31,18,12787900336,12787900336,12787900336,643167948,True,правила
Первая,Фонд российских акций,2025-06-30,18,13108208508,13108208508,13108208508,687120792,True,правила
Первая,Фонд российских акций,2025-07-31,17,12201709616,12201709616,12201709616,1132187512,True,правила
Первая,Фонд российских акций,2025-08-31,18,12727490596,12727490596,12727490596,1192706845,True,правила
Первая,Фонд российских акций,2025-09-30,20,12390819492,12390819492,12390819492,1139667430,True,правила
Первая,Фонд российских акций,2025-10-31,21,12542309164,12542309164,12542309164,0,True,правила
Первая,Фонд российских акций,2025-11-30,24,13033408878,13033408878,13033408878,0,True,правила
Первая,Фонд российских акций,2025-12-31,23,13852330440,13852330440,13852330440,0,True,правила
Первая,Фонд российских акций,2026-01-31,23,13713967978,13713967978,13713967978,0,True,правила
Первая,Фонд российских акций,2026-02-28,23,14075898820,14075898820,14075898820,0,True,правила
Первая,Фонд российских акций,2026-03-31,21,13181315820,13181315820,13181315820,0,True,правила
Первая,Фонд российских акций,2026-04-30,22,14468398129,14468398129,14468398129,0,True,правила
Первая,Фонд акций с выплатой дохода,2023-09-30,23,32611584709,32611584709,32611584709,3657703094,True,правила
Первая,Фонд акций с выплатой дохода,2023-10-31,23,33767112224,33767112224,33767112224,3893568330,True,правила
Первая,Фонд акций с выплатой дохода,2023-11-30,24,36014339708,36014339708,36014339708,4638424700,True,правила
Первая,Фонд акций с выплатой дохода,2023-12-31,25,39244759122,39244759122,39244759122,5172045964,True,правила
Первая,Фонд акций с выплатой дохода,2024-01-31,20,37482398611,37482398611,37482398611,5536173218,True,правила
Первая,Фонд акций с выплатой дохода,2024-02-29,20,38104257640,38104257640,38104257640,5867730386,True,правила
Первая,Фонд акций с выплатой дохода,2024-03-31,22,49704251716,49704251716,49704251716,5452272300,True,правила
Первая,Фонд российских акций,2026-05-31,22,13944732026,13944732026,13944732026,0,True,правила
Первая,Фонд российских акций,2026-06-30,22,12403362891,12403362891,12403362891,0,True,правила
Первая,Фонд российских акций,2026-07-31,17,11776551847,11776551847,11776551847,0,True,правила
Первая,Фонд российских акций,2026-08-31,18,11425515245,11425515245,11425515245,0,True,правила
Первая,Фонд акций с выплатой дохода,2024-04-30,22,53707398184,53707398184,53707398184,5828808970,True,правила
Первая,Фонд акций с выплатой дохода,2024-05-31,24,57225945595,57225945595,57225945595,7015481915,True,правила
Первая,Фонд акций с выплатой дохода,2024-06-30,24,60971535625,60971535625,60971535625,7764738105,True,правила
Первая,Фонд акций с выплатой дохода,2024-07-31,25,59624961978,59624961978,59624961978,4366561655,True,правила
Первая,Фонд акций с выплатой дохода,2024-08-31,25,55258521250,55258521250,55258521250,2477356438,True,правила
Первая,Фонд акций с выплатой дохода,2024-09-30,25,57963290973,57963290973,57963290973,2549553318,True,правила
Первая,Фонд акций с выплатой дохода,2024-10-31,25,49648296076,49648296076,49648296076,2081421959,True,правила
Первая,Фонд акций с выплатой дохода,2024-11-30,25,50175526830,50175526830,50175526830,2299493029,True,правила
Первая,Фонд акций с выплатой дохода,2024-12-31,24,55091911519,55091911519,55091911519,1967098793,True,правила
Первая,Фонд акций с выплатой дохода,2025-01-31,24,55203212491,55203212491,55203212491,2057839762,True,правила
Первая,Фонд акций с выплатой дохода,2025-02-28,24,58107886804,58107886804,58107886804,2254704378,True,правила
Первая,Фонд акций с выплатой дохода,2025-03-31,24,52879350119,52879350119,52879350119,2139480318,True,правила
Первая,Фонд акций с выплатой дохода,2025-04-30,23,49704594667,49704594667,49704594667,2016456086,True,правила
Первая,Фонд акций с выплатой дохода,2025-05-31,23,46868141008,46868141008,46868141008,1956940345,True,правила
Первая,Фонд акций с выплатой дохода,2025-06-30,23,46652169615,46652169615,46652169615,1950449895,True,правила
Первая,Фонд акций с выплатой дохода,2025-07-31,23,41563939949,41563939949,41563939949,1979826525,True,правила
Первая,Фонд акций с выплатой дохода,2025-08-31,23,43402483262,43402483262,43402483262,2085655090,True,правила
Первая,Фонд акций с выплатой дохода,2025-09-30,24,38982902898,38982902898,38982902898,1898028100,True,правила
Первая,Фонд акций с выплатой дохода,2025-10-31,25,35732313590,35732313590,35732313590,0,True,правила
Первая,Фонд акций с выплатой дохода,2025-11-30,25,37138570194,37138570194,37138570194,0,True,правила
Первая,Фонд акций с выплатой дохода,2025-12-31,25,38194905205,38194905205,38194905205,0,True,правила
Первая,Фонд акций с выплатой дохода,2026-01-31,25,37048212443,37048212443,37048212443,0,True,правила
Первая,Фонд акций с выплатой дохода,2026-02-28,25,35974437990,35974437990,35974437990,0,True,правила
Первая,Фонд акций с выплатой дохода,2026-03-31,27,34437211027,34437211027,34437211027,0,True,правила
Первая,Фонд Природные ресурсы,2023-09-30,17,17249477492,17249477492,17249477492,0,True,правила
Первая,Фонд Природные ресурсы,2023-10-31,16,16801437672,16801437672,16801437672,0,True,правила
Первая,Фонд Природные ресурсы,2023-11-30,16,15715135514,15715135514,15715135514,0,True,правила
Первая,Фонд Природные ресурсы,2023-12-31,12,14446109485,14446109485,14446109485,0,True,правила
Первая,Фонд Природные ресурсы,2024-01-31,12,13971325011,13971325011,13971325011,0,True,правила
Первая,Фонд Природные ресурсы,2024-02-29,11,13102345441,13102345441,13102345441,0,True,правила
Первая,Фонд Природные ресурсы,2024-03-31,19,12103330809,12103330809,12103330809,0,True,правила
Первая,Фонд акций с выплатой дохода,2026-04-30,27,30575926983,30575926983,30575926983,0,True,правила
Первая,Фонд акций с выплатой дохода,2026-05-31,28,29249100537,29249100537,29249100537,0,True,правила
Первая,Фонд акций с выплатой дохода,2026-06-30,29,26072201678,26072201678,26072201678,0,True,правила
Первая,Фонд акций с выплатой дохода,2026-07-31,29,22864961824,22864961824,22864961824,0,True,правила
Первая,Фонд акций с выплатой дохода,2026-08-31,29,22238014155,22238014155,22238014155,0,True,правила
Первая,Фонд Природные ресурсы,2024-04-30,19,11988047291,11988047291,11988047291,0,True,правила
Первая,Фонд Природные ресурсы,2024-05-31,16,11185607432,11185607432,11185607432,0,True,правила
Первая,Фонд Природные ресурсы,2024-06-30,17,10433321066,10433321066,10433321066,0,True,правила
Первая,Фонд Природные ресурсы,2024-07-31,17,9417285328,9417285328,9417285328,0,True,правила
Первая,Фонд Природные ресурсы,2024-08-31,17,8480770399,8480770399,8480770399,0,True,правила
Первая,Фонд Природные ресурсы,2024-09-30,16,8651997213,8651997213,8651997213,0,True,правила
Первая,Фонд Природные ресурсы,2024-10-31,16,7613525178,7613525178,7613525178,0,True,правила
Первая,Фонд Природные ресурсы,2024-11-30,16,7287558256,7287558256,7287558256,0,True,правила
Первая,Фонд Природные ресурсы,2024-12-31,17,7921119908,7921119908,7921119908,0,True,правила
Первая,Фонд Природные ресурсы,2025-01-31,17,8228821654,8228821654,8228821654,0,True,правила
Первая,Фонд Природные ресурсы,2025-02-28,14,8036933932,8036933932,8036933932,0,True,правила
Первая,Фонд Природные ресурсы,2025-03-31,14,7280842887,7280842887,7280842887,0,True,правила
Первая,Фонд Природные ресурсы,2025-04-30,15,6845109870,6845109870,6845109870,0,True,правила
Первая,Фонд Природные ресурсы,2025-05-31,15,6439243773,6439243773,6439243773,0,True,правила
Первая,Фонд Природные ресурсы,2025-06-30,14,6404788018,6404788018,6404788018,0,True,правила
Первая,Фонд Природные ресурсы,2025-07-31,13,5839076810,5839076810,5839076810,0,True,правила
Первая,Фонд Природные ресурсы,2025-08-31,15,6122868956,6122868956,6122868956,0,True,правила
Первая,Фонд Природные ресурсы,2025-09-30,15,5630800943,5630800943,5630800943,0,True,правила
Первая,Фонд Природные ресурсы,2025-10-31,17,5465492437,5465492437,5465492437,0,True,правила
Первая,Фонд Природные ресурсы,2025-11-30,17,5653341711,5653341711,5653341711,0,True,правила
Первая,Фонд Природные ресурсы,2025-12-31,17,5693920123,5693920123,5693920123,0,True,правила
Первая,Фонд Природные ресурсы,2026-01-31,18,5639063538,5639063538,5639063538,0,True,правила
Первая,Фонд Природные ресурсы,2026-02-28,18,5567921340,5567921340,5567921340,0,True,правила
Первая,Фонд Природные ресурсы,2026-03-31,16,5253202637,5253202637,5253202637,0,True,правила
Первая,Фонд Природные ресурсы,2026-04-30,14,4731763633,4731763633,4731763633,0,True,правила
Первая,Фонд Природные ресурсы,2026-05-31,14,4478637443,4478637443,4478637443,0,True,правила
Первая,Фонд Природные ресурсы,2026-06-30,13,3984673235,3984673235,3984673235,0,True,правила
Первая,Фонд Природные ресурсы,2026-07-31,14,4121435484,4121435484,4121435484,0,True,правила
Первая,Фонд Природные ресурсы,2026-08-31,15,4006834704,4006834704,4006834704,0,True,правила
Первая,Фонд Топ Российских акций - SBMX,2023-09-30,36,22371544107,22371544107,22371544107,1305726853,True,правила
Первая,Фонд Топ Российских акций - SBMX,2023-10-31,37,22462218848,22462218848,22462218848,1248138522,True,правила
Первая,Фонд Топ Российских акций - SBMX,2024-01-31,42,21056900365,21056900365,21056900365,1305503410,True,правила
Первая,Фонд Топ Российских акций - SBMX,2024-02-29,42,21085289159,21085289159,21085289159,1286883730,True,правила
Первая,Фонд Топ Российских акций - SBMX,2024-03-31,44,21918910585,21918910585,21918910585,745072125,True,правила
Первая,Фонд Топ Российских акций - SBMX,2024-04-30,44,21696140523,21696140523,21696140523,766088119,True,правила
Первая,Фонд Топ Российских акций - SBMX,2024-05-31,44,20117645401,20117645401,20117645401,732641290,True,правила
Первая,Фонд Топ Российских акций - SBMX,2024-06-30,45,19226869902,19226869902,19226869902,789939350,True,правила
Первая,Фонд Топ Российских акций - SBMX,2024-07-31,45,18045401302,18045401302,18045401302,739100771,True,правила
Первая,Фонд Топ Российских акций - SBMX,2024-08-31,46,16490711546,16490711546,16490711546,420464440,True,правила
Первая,Фонд Топ Российских акций - SBMX,2024-09-30,47,17589219575,17589219575,17589219575,404320734,True,правила
Первая,Фонд Топ Российских акций - SBMX,2024-10-31,47,15616628169,15616628169,15616628169,295332858,True,правила
Первая,Фонд Топ Российских акций - SBMX,2024-11-30,47,15571615016,15571615016,15571615016,309676083,True,правила
Первая,Фонд Топ Российских акций - SBMX,2024-12-31,49,17191115536,17191115536,17191115536,0,True,правила
Первая,Фонд Топ Российских акций - SBMX,2025-01-31,49,18166260731,18166260731,18166260731,0,True,правила
Первая,Фонд Топ Российских акций - SBMX,2025-02-28,49,19791400646,19791400646,19791400646,0,True,правила
Первая,Фонд Топ Российских акций - SBMX,2025-03-31,47,18362721020,18362721020,18362721020,0,True,правила
Первая,Фонд Топ Российских акций - SBMX,2025-04-30,47,18227356780,18227356780,18227356780,0,True,правила
Первая,Фонд Топ Российских акций - SBMX,2025-07-31,45,16936782696,16936782696,16936782696,0,True,правила
Первая,Фонд Топ Российских акций - SBMX,2025-08-31,45,18911736082,18911736082,18911736082,0,True,правила
Первая,Фонд Топ Российских акций - SBMX,2025-09-30,43,17864149504,17864149504,17864149504,0,True,правила
Первая,Фонд IPO - SIPO,2024-07-31,19,24695305,24695305,24695305,0,True,правила
Первая,Фонд Топ Российских акций - SBMX,2025-10-31,43,17155023081,17155023081,17155023081,0,True,правила
Первая,Фонд Топ Российских акций - SBMX,2025-11-30,43,18350881562,18350881562,18350881562,0,True,правила
Первая,Фонд Топ Российских акций - SBMX,2025-12-31,45,19678156707,19678156707,19678156707,0,True,правила
Первая,Фонд Топ Российских акций - SBMX,2026-01-31,45,20729484018,20729484018,20729484018,0,True,правила
Первая,Фонд Топ Российских акций - SBMX,2026-02-28,45,20941123595,20941123595,20941123595,0,True,правила
Первая,Фонд Топ Российских акций - SBMX,2026-03-31,46,20752677411,20752677411,20752677411,0,True,правила
Первая,Фонд Топ Российских акций - SBMX,2026-04-30,46,19250221935,19250221935,19250221935,0,True,правила
Первая,Фонд Топ Российских акций - SBMX,2026-05-31,46,18789085198,18789085198,18789085198,0,True,правила
Первая,Фонд Топ Российских акций - SBMX,2026-06-30,46,17887173008,17887173008,17887173008,0,True,правила
Первая,Фонд Топ Российских акций - SBMX,2026-07-31,46,18167655806,18167655806,18167655806,0,True,правила
Первая,Фонд Топ Российских акций - SBMX,2026-08-31,46,18556444165,18556444165,18556444165,0,True,правила
Первая,Фонд IPO - SIPO,2024-08-31,20,21568057,21568057,21568057,0,True,правила
Первая,Фонд IPO - SIPO,2024-09-30,20,22864581,22864581,22864581,0,True,правила
Первая,Фонд IPO - SIPO,2024-10-31,22,25855954,25855954,25855954,0,True,правила
Первая,Фонд IPO - SIPO,2024-11-30,23,39087266,39087266,39087266,0,True,правила
Первая,Фонд IPO - SIPO,2024-12-31,22,77546185,77546185,77546185,0,True,правила
Первая,Фонд IPO - SIPO,2025-01-31,22,60364812,60364812,60364812,0,True,правила
Первая,Фонд IPO - SIPO,2025-02-28,22,61596465,61596465,61596465,0,True,правила
Первая,Фонд IPO - SIPO,2025-03-31,22,59473578,59473578,59473578,0,True,правила
Первая,Фонд IPO - SIPO,2025-04-30,22,74388193,74388193,74388193,0,True,правила
Первая,Фонд IPO - SIPO,2025-05-31,22,72533486,72533486,72533486,0,True,правила
Первая,Фонд IPO - SIPO,2025-06-30,21,73910856,73910856,73910856,0,True,правила
Первая,Фонд IPO - SIPO,2025-07-31,21,74223692,74223692,74223692,0,True,правила
Первая,Фонд IPO - SIPO,2025-08-31,21,75398730,75398730,75398730,0,True,правила
Первая,Фонд IPO - SIPO,2025-09-30,20,67044457,67044457,67044457,0,True,правила
Первая,Фонд IPO - SIPO,2025-10-31,20,64466304,64466304,64466304,0,True,правила
Первая,Фонд IPO - SIPO,2025-11-30,22,66190590,66190590,66190590,0,True,правила
Первая,Фонд IPO - SIPO,2025-12-31,17,66366678,66366678,66366678,0,True,правила
Первая,Фонд IPO - SIPO,2026-01-31,17,70312429,70312429,70312429,0,True,правила
Первая,Фонд IPO - SIPO,2026-02-28,17,105447428,105447428,105447428,0,True,правила
Первая,Фонд IPO - SIPO,2026-03-31,13,98077025,98077025,98077025,0,True,правила
Первая,Фонд IPO - SIPO,2026-04-30,14,95817220,95817220,95817220,0,True,правила
Первая,Фонд IPO - SIPO,2026-05-31,14,96028120,96028120,96028120,0,True,правила
Первая,Фонд IPO - SIPO,2026-06-30,12,86085420,86085420,86085420,0,True,правила
Первая,Фонд IPO - SIPO,2026-07-31,12,86398384,86398384,86398384,0,True,правила
Первая,Фонд IPO - SIPO,2026-08-31,12,88345118,88345118,88345118,0,True,правила
Первая,Фонд Голубые фишки - SBBC,2025-08-31,15,85453192,85453192,85453192,0,True,правила
Первая,Фонд Голубые фишки - SBBC,2025-09-30,15,99964676,99964676,99964676,0,True,правила
Первая,Фонд Голубые фишки - SBBC,2025-10-31,15,95042698,95042698,95042698,0,True,правила
Первая,Фонд Голубые фишки - SBBC,2025-12-31,15,156984565,156984565,156984565,0,True,правила
Первая,Фонд Голубые фишки - SBBC,2026-01-31,15,159911219,159911219,159911219,0,True,правила
Первая,Фонд Голубые фишки - SBBC,2026-02-28,15,343898177,343898177,343898177,0,True,правила
Первая,Фонд Акции средней и малой капитализации - SBSC,2023-10-31,30,52822552,52822552,52822552,28442121,True,правила
Первая,Фонд Акции средней и малой капитализации - SBSC,2023-11-30,32,51419281,51419281,51419281,26858937,True,правила
Первая,Фонд Голубые фишки - SBBC,2026-03-31,15,343584376,343584376,343584376,0,True,правила
Первая,Фонд Голубые фишки - SBBC,2026-04-30,15,327554292,327554292,327554292,0,True,правила
Первая,Фонд Голубые фишки - SBBC,2026-05-31,15,319574784,319574784,319574784,0,True,правила
Первая,Фонд Голубые фишки - SBBC,2026-06-30,15,292244687,292244687,292244687,0,True,правила
Первая,Фонд Голубые фишки - SBBC,2026-07-31,15,276556787,276556787,276556787,0,True,правила
Первая,Фонд Голубые фишки - SBBC,2026-08-31,15,276703158,276703158,276703158,0,True,правила
Первая,Фонд Акции средней и малой капитализации - SBSC,2023-12-31,33,69372371,69372371,69372371,35893307,True,правила
Первая,Фонд Акции средней и малой капитализации - SBSC,2024-01-31,34,77607803,77607803,77607803,34980973,True,правила
Первая,Фонд Акции средней и малой капитализации - SBSC,2024-02-29,34,79391997,79391997,79391997,32181943,True,правила
Первая,Фонд Акции средней и малой капитализации - SBSC,2024-03-31,38,86045735,86045735,86045735,30065395,True,правила
Первая,Фонд Акции средней и малой капитализации - SBSC,2024-04-30,38,100201606,100201606,100201606,37075587,True,правила
Первая,Фонд Акции средней и малой капитализации - SBSC,2024-05-31,38,92116393,92116393,92116393,33076694,True,правила
Первая,Фонд Акции средней и малой капитализации - SBSC,2024-06-30,42,72826631,72826631,72826631,17815203,True,правила
Первая,Фонд Акции средней и малой капитализации - SBSC,2024-07-31,42,79868698,79868698,79868698,19596972,True,правила
Первая,Фонд Акции средней и малой капитализации - SBSC,2024-08-31,42,76653641,78061565,78061565,18406792,False,правила
Первая,Фонд Акции средней и малой капитализации - SBSC,2024-09-30,44,104389903,105967990,105967990,11327111,False,правила
Первая,Фонд Акции средней и малой капитализации - SBSC,2024-10-31,44,111342189,112750113,112750113,6876309,False,правила
Первая,Фонд Акции средней и малой капитализации - SBSC,2024-11-30,44,109920155,111309431,111309431,6554845,False,правила
Первая,Фонд Акции средней и малой капитализации - SBSC,2024-12-31,47,152068458,152068458,152068458,0,True,правила
Первая,Фонд Акции средней и малой капитализации - SBSC,2025-01-31,47,171753208,171753208,171753208,0,True,правила
Первая,Фонд Акции средней и малой капитализации - SBSC,2025-02-28,47,195986262,195986262,195986262,0,True,правила
Первая,Фонд Акции средней и малой капитализации - SBSC,2025-03-31,49,210092355,210092355,210092355,0,True,правила
Первая,Фонд Акции средней и малой капитализации - SBSC,2025-04-30,49,195680522,195680522,195680522,0,True,правила
Первая,Фонд Акции средней и малой капитализации - SBSC,2025-05-31,49,187474518,187474518,187474518,0,True,правила
Первая,Фонд Акции средней и малой капитализации - SBSC,2025-06-30,53,192185411,192185411,192185411,0,True,правила
Первая,Фонд Акции средней и малой капитализации - SBSC,2025-07-31,53,194946457,194946457,194946457,0,True,правила
Первая,Фонд Акции средней и малой капитализации - SBSC,2025-08-31,53,208778268,208778268,208778268,0,True,правила
Первая,Фонд Акции средней и малой капитализации - SBSC,2025-09-30,54,198589769,198589769,198589769,0,True,правила
Первая,Фонд Акции средней и малой капитализации - SBSC,2025-10-31,54,201183965,201183965,201183965,0,True,правила
Первая,Фонд Акции средней и малой капитализации - SBSC,2025-12-31,55,236660437,236660437,236660437,0,True,правила
Первая,Фонд Акции средней и малой капитализации - SBSC,2026-01-31,55,251038331,251038331,251038331,0,True,правила
Первая,Фонд Акции средней и малой капитализации - SBSC,2026-02-28,55,252240201,252240201,252240201,0,True,правила
Первая,Фонд Акции средней и малой капитализации - SBSC,2026-03-31,54,282086440,282086440,282086440,0,True,правила
Первая,Фонд Акции средней и малой капитализации - SBSC,2026-04-30,54,271941458,271941458,271941458,0,True,правила
Первая,Фонд Акции средней и малой капитализации - SBSC,2026-05-31,54,261573374,261573374,261573374,0,True,правила
Первая,Фонд Акции средней и малой капитализации - SBSC,2026-06-30,54,235813883,235813883,235813883,0,True,правила
Первая,Фонд Акции средней и малой капитализации - SBSC,2026-07-31,54,242451789,242451789,242451789,0,True,правила
Первая,Фонд Сбалансированный,2023-09-30,14,14131730251,22242195044,14131730251,3184663456,True,правила
Первая,Фонд Сбалансированный,2023-10-31,14,13511977576,21282348713,13511977576,2517269669,True,правила
Первая,Фонд Сбалансированный,2023-11-30,13,12119905732,19269192325,12119905732,2641318527,True,правила
Первая,Фонд Сбалансированный,2023-12-31,12,11410632457,18017606869,11410632457,2351882678,True,правила
Первая,Фонд Сбалансированный,2024-01-31,12,11194601963,16805766734,11194601963,2598847789,True,правила
Первая,Фонд Сбалансированный,2024-02-29,12,10179473293,15541212100,10179473293,2388691675,True,правила
Первая,Фонд Сбалансированный,2024-03-31,16,9355408556,14716879569,9355408556,2356853918,True,правила
Первая,Фонд Сбалансированный,2024-04-30,17,9064888689,14127769590,9064888689,2516873369,True,правила
Первая,Фонд Сбалансированный,2024-05-31,17,8228301442,13212146037,8228301442,2211980081,True,правила
Первая,Фонд Сбалансированный,2024-06-30,17,7634751438,12279014792,7634751438,2266066468,True,правила
Первая,Фонд Сбалансированный,2024-07-31,18,7644708472,11606441833,7644708472,825259303,True,правила
Первая,Фонд Сбалансированный,2024-08-31,18,6932469611,10761519046,6932469611,662862965,True,правила
Первая,Фонд Сбалансированный,2024-09-30,19,6841706393,10561837397,6841706393,666929031,True,правила
Первая,Фонд Сбалансированный,2024-10-31,17,6349981854,9778660771,6349981854,435755835,True,правила
Первая,Фонд Сбалансированный,2024-11-30,17,6096555924,9188565696,6096555924,479350242,True,правила
Первая,Фонд Сбалансированный,2024-12-31,15,6614129051,9815165841,6614129051,284104019,True,правила
Первая,Фонд Сбалансированный,2025-01-31,15,6810152521,10045152975,6810152521,321687343,True,правила
Первая,Фонд Сбалансированный,2025-02-28,15,6938955463,10191923349,6938955463,361618325,True,правила
Первая,Фонд Сбалансированный,2025-03-31,16,6676950393,9952675744,6676950393,306780160,True,правила
Первая,Фонд Сбалансированный,2025-04-30,16,6262843117,9565496130,6262843117,304186800,True,правила
Первая,Фонд Сбалансированный,2025-05-31,16,6038739400,9391988769,6038739400,301891777,True,правила
Первая,Фонд Сбалансированный,2025-06-30,16,6136719752,9501500791,6136719752,322486944,True,правила
Первая,Фонд Сбалансированный,2025-07-31,16,5905320795,9406645010,5905320795,338717299,True,правила
Первая,Фонд Сбалансированный,2025-08-31,16,6188909177,9724826535,6188909177,511631429,True,правила
Первая,Фонд Сбалансированный,2025-09-30,16,6199753419,9598292171,6199753419,677934597,True,правила
Первая,Фонд Сбалансированный,2025-10-31,18,6819301127,10014484389,6819301127,616907,True,правила
Первая,Фонд Сбалансированный,2025-11-30,18,7072158182,10291542399,7072158182,616907,True,правила
Первая,Фонд Сбалансированный,2025-12-31,18,7462291287,10622962783,7462291287,616907,True,правила
Первая,Фонд Сбалансированный,2026-01-31,18,7492120210,10653255263,7492120210,616907,True,правила
Первая,Фонд Сбалансированный,2026-02-28,18,7848291097,12050330773,7848291097,616907,True,правила
Первая,Фонд Сбалансированный,2026-03-31,17,9045644743,13289291072,9045644743,0,True,правила
Первая,Фонд Сбалансированный,2026-04-30,17,9179682127,13401266084,9179682127,0,True,правила
Первая,Фонд Сбалансированный,2026-05-31,18,9011174528,13223447206,9011174528,0,True,правила
Первая,Фонд Сбалансированный,2026-06-30,18,8033306613,11318107005,8033306613,0,True,правила
Первая,Фонд Сбалансированный,2026-07-31,18,7265473179,10032142260,7265473179,0,True,правила
Первая,Фонд Сбалансированный,2026-08-31,18,6954177917,9708241359,6954177917,0,True,правила
ВИМ,ВИМ – Акции,2022-08-31,28,10714086175,10714086175,10714086175,1344552877,True,правила
ВИМ,ВИМ – Акции,2022-09-30,26,8243605339,8243605339,8243605339,1211434657,True,правила
ВИМ,ВИМ – Акции,2022-10-31,29,9231215079,9231215079,9231215079,1495293296,True,правила
ВИМ,ВИМ – Акции,2022-11-30,28,9134821002,9134821002,9134821002,1583238463,True,правила
ВИМ,ВИМ – Акции,2022-12-30,29,8627526559,8627526559,8627526559,1427641172,True,правила
ВИМ,ВИМ – Акции,2023-01-31,28,8738595202,8738595202,8738595202,1787959336,True,правила
ВИМ,ВИМ – Акции,2023-02-28,28,8832989131,8832989131,8832989131,1984524943,True,правила
ВИМ,ВИМ – Акции,2023-03-31,29,9492454557,9492454557,9492454557,2132400985,True,правила
ВИМ,ВИМ – Акции,2023-04-28,30,10104828107,10104828107,10104828107,2232396763,True,правила
ВИМ,ВИМ – Акции,2023-05-31,30,9836561260,9836561260,9836561260,2051641936,True,правила
ВИМ,ВИМ – Акции,2023-06-30,30,10227156257,10227156257,10227156257,2663637138,True,правила
ВИМ,ВИМ – Акции,2023-07-31,29,11357691881,11357691881,11357691881,2996932678,True,правила
ВИМ,ВИМ – Акции,2023-08-31,30,11717598882,11717598882,11717598882,3028980647,True,правила
ВИМ,ВИМ – Акции,2023-09-29,28,10756327255,10756327255,10756327255,2477414228,True,правила
ВИМ,ВИМ – Акции,2023-10-31,30,10940298277,10940298277,10940298277,2444884100,True,правила
ВИМ,ВИМ – Акции,2023-11-30,29,10877918392,10877918392,10877918392,2355958692,True,правила
ВИМ,ВИМ – Акции,2023-12-29,29,10624581477,10624581477,10624581477,2045511324,True,правила
ВИМ,ВИМ – Акции,2024-01-31,29,10974865114,10974865114,10974865114,2045419349,True,правила
ВИМ,ВИМ – Акции,2024-02-29,27,10288354412,10288354412,10288354412,2232531400,True,правила
ВИМ,ВИМ – Акции,2024-03-29,31,9598086770,9598086770,9598086770,2704413546,True,правила
ВИМ,ВИМ – Акции,2024-04-27,33,9297027815,9297027815,9297027815,2709694752,True,правила
ВИМ,ВИМ – Акции,2024-05-31,31,7998920591,7998920591,7998920591,3090366300,True,правила
ВИМ,ВИМ – Акции,2024-06-28,30,8526905265,8526905265,8526905265,2939161300,True,правила
ВИМ,ВИМ – Акции,2024-07-31,32,8525579124,8525579124,8525579124,1686006150,True,правила
ВИМ,ВИМ – Акции,2024-08-30,30,7477406858,7933439357,7933439357,1042383700,False,правила
ВИМ,ВИМ – Акции,2024-09-30,29,8580375858,8580375858,8580375858,547886810,True,правила
ВИМ,ВИМ – Акции,2024-10-31,26,7410294891,7410294891,7410294891,303588610,True,правила
ВИМ,ВИМ – Акции,2024-11-29,26,7522589121,7522589121,7522589121,291818610,True,правила
ВИМ,ВИМ – Акции,2024-12-28,27,7948883859,7948883859,7948883859,240103610,True,правила
ВИМ,ВИМ – Акции,2025-01-31,28,8554058611,8554058611,8554058611,195764160,True,правила
ВИМ,ВИМ – Акции,2025-02-28,27,9266540429,9266540429,9266540429,213786160,True,правила
ВИМ,ВИМ – Акции,2025-03-31,26,8395117278,8395117278,8395117278,120720550,True,правила
ВИМ,ВИМ – Акции,2025-04-30,25,8006002735,8006002735,8006002735,119968550,True,правила
ВИМ,ВИМ – Акции,2025-05-30,25,7808030938,7808030938,7808030938,118176550,True,правила
ВИМ,ВИМ – Акции,2025-06-30,31,11249803729,11249803729,11249803729,257428278,True,правила
ВИМ,ВИМ – Акции,2025-07-31,31,10242265437,10242265437,10242265437,133696000,True,правила
ВИМ,ВИМ – Акции,2025-08-29,30,10862260283,10862260283,10862260283,342693000,True,правила
ВИМ,ВИМ – Акции,2025-09-30,25,9892443277,9892443277,9892443277,389623500,True,правила
ВИМ,ВИМ – Акции,2025-10-31,24,9366140008,9366140008,9366140008,0,True,правила
ВИМ,ВИМ – Акции,2025-11-28,24,10276513779,10276513779,10276513779,0,True,правила
ВИМ,ВИМ – Акции,2025-12-30,27,10776262788,10776262788,10776262788,0,True,правила
ВИМ,ВИМ – Акции,2026-01-30,29,11035725371,11035725371,11035725371,0,True,правила
ВИМ,ВИМ – Акции,2026-02-27,30,11263343997,11263343997,11263343997,0,True,правила
ВИМ,ВИМ – Акции,2026-03-31,32,11140706003,11140706003,11140706003,0,True,правила
ВИМ,ВИМ – Акции,2026-04-30,33,11487322945,11487322945,11487322945,0,True,правила
ВИМ,ВИМ – Акции,2026-05-29,33,11601058313,11601058313,11601058313,0,True,правила
ВИМ,ВИМ – Акции,2026-06-30,33,10571256063,10571256063,10571256063,0,True,правила
ВИМ,ВИМ – Акции,2026-07-31,33,9633285579,9633285579,9633285579,0,True,правила
ВИМ,ВИМ – Акции,2026-08-31,34,9647881300,9647881300,9647881300,0,True,правила
ВИМ,ВИМ – Акции. Российские эмитенты,2022-08-31,25,75293076,75293076,75293076,0,True,правила
ВИМ,ВИМ – Акции. Российские эмитенты,2022-09-30,25,67584840,67584840,67584840,0,True,правила
ВИМ,ВИМ – Акции. Российские эмитенты,2022-10-31,27,80583444,80583444,80583444,0,True,правила
ВИМ,ВИМ – Акции. Российские эмитенты,2022-11-30,27,83157524,83157524,83157524,0,True,правила
ВИМ,ВИМ – Акции. Российские эмитенты,2022-12-30,26,80520890,80520890,80520890,0,True,правила
ВИМ,ВИМ – Акции. Российские эмитенты,2023-01-31,26,91538481,91538481,91538481,0,True,правила
ВИМ,ВИМ – Акции. Российские эмитенты,2023-02-28,27,96399227,96399227,96399227,0,True,правила
ВИМ,ВИМ – Акции. Российские эмитенты,2023-03-31,26,132095855,132095855,132095855,0,True,правила
ВИМ,ВИМ – Акции. Российские эмитенты,2023-04-28,26,190259562,190259562,190259562,0,True,правила
ВИМ,ВИМ – Акции. Российские эмитенты,2023-05-31,24,246960800,246960800,246960800,0,True,правила
ВИМ,ВИМ – Акции. Российские эмитенты,2023-06-30,25,318102295,318102295,318102295,0,True,правила
ВИМ,ВИМ – Акции. Российские эмитенты,2023-07-31,27,442572775,442572775,442572775,0,True,правила
ВИМ,ВИМ – Акции. Российские эмитенты,2023-08-31,28,696098540,696098540,696098540,0,True,правила
ВИМ,ВИМ – Акции. Российские эмитенты,2023-09-29,23,738911060,738911060,738911060,0,True,правила
ВИМ,ВИМ – Акции. Российские эмитенты,2023-10-31,21,844654703,844654703,844654703,0,True,правила
ВИМ,ВИМ – Акции. Российские эмитенты,2023-11-30,21,1047821650,1047821650,1047821650,0,True,правила
ВИМ,ВИМ – Акции. Российские эмитенты,2023-12-29,22,1149972630,1149972630,1149972630,0,True,правила
ВИМ,ВИМ – Акции. Российские эмитенты,2024-01-31,27,1312046940,1312046940,1312046940,0,True,правила
ВИМ,ВИМ – Акции. Российские эмитенты,2024-02-29,27,1563053370,1563053370,1563053370,0,True,правила
ВИМ,ВИМ – Акции. Российские эмитенты,2024-03-29,29,1733260255,1733260255,1733260255,0,True,правила
ВИМ,ВИМ – Акции. Российские эмитенты,2024-04-27,31,2028261445,2028261445,2028261445,0,True,правила
ВИМ,ВИМ – Акции. Российские эмитенты,2024-05-31,28,2000545700,2000545700,2000545700,0,True,правила
ВИМ,ВИМ – Акции. Российские эмитенты,2024-06-28,28,2231096270,2231096270,2231096270,0,True,правила
ВИМ,ВИМ – Акции. Российские эмитенты,2024-07-31,30,2015679120,2015679120,2015679120,0,True,правила
ВИМ,ВИМ – Акции. Российские эмитенты,2024-08-30,27,1619209387,1619209387,1619209387,0,True,правила
ВИМ,ВИМ – Акции. Российские эмитенты,2024-09-30,28,1906373400,1906373400,1906373400,0,True,правила
ВИМ,ВИМ – Акции. Российские эмитенты,2024-10-31,25,1542785465,1542785465,1542785465,0,True,правила
ВИМ,ВИМ – Акции. Российские эмитенты,2024-11-29,25,1458071500,1458071500,1458071500,0,True,правила
ВИМ,ВИМ – Акции. Российские эмитенты,2024-12-28,24,1629466972,1629466972,1629466972,0,True,правила
ВИМ,ВИМ – Акции. Российские эмитенты,2025-01-31,24,1678285700,1678285700,1678285700,0,True,правила
ВИМ,ВИМ – Акции. Российские эмитенты,2025-02-28,25,1888290720,1888290720,1888290720,0,True,правила
ВИМ,ВИМ – Акции. Российские эмитенты,2025-03-31,24,1728694860,1728694860,1728694860,0,True,правила
ВИМ,ВИМ – Акции. Российские эмитенты,2025-04-30,25,1669550116,1669550116,1669550116,0,True,правила
ВИМ,ВИМ – Акции. Российские эмитенты,2025-05-30,25,1634576900,1634576900,1634576900,0,True,правила
ВИМ,ВИМ – Акции. Российские эмитенты,2025-06-30,23,1695642806,1695642806,1695642806,0,True,правила
ВИМ,ВИМ – Акции. Российские эмитенты,2025-07-31,22,1602571370,1602571370,1602571370,0,True,правила
ВИМ,ВИМ – Акции. Российские эмитенты,2025-08-29,24,1666602610,1666602610,1666602610,0,True,правила
ВИМ,ВИМ – Акции. Российские эмитенты,2025-09-30,23,1535326954,1535326954,1535326954,0,True,правила
ВИМ,ВИМ – Акции. Российские эмитенты,2025-10-31,24,1466126336,1466126336,1466126336,0,True,правила
ВИМ,ВИМ – Акции. Российские эмитенты,2025-11-28,23,1500775860,1500775860,1500775860,0,True,правила
ВИМ,ВИМ – Акции. Российские эмитенты,2025-12-30,26,1520727650,1520727650,1520727650,0,True,правила
ВИМ,ВИМ – Акции. Российские эмитенты,2026-01-30,29,1612285671,1612285671,1612285671,0,True,правила
ВИМ,ВИМ – Акции. Российские эмитенты,2026-02-27,30,1705641100,1705641100,1705641100,0,True,правила
ВИМ,ВИМ – Акции. Российские эмитенты,2026-03-31,31,1582975735,1582975735,1582975735,0,True,правила
ВИМ,ВИМ – Акции. Российские эмитенты,2026-04-30,29,1473602735,1473602735,1473602735,0,True,правила
ВИМ,ВИМ – Акции. Российские эмитенты,2026-05-29,30,1451117414,1451117414,1451117414,0,True,правила
ВИМ,ВИМ – Акции. Российские эмитенты,2026-06-30,29,1287960555,1287960555,1287960555,0,True,правила
ВИМ,ВИМ – Акции. Российские эмитенты,2026-07-31,29,1160341392,1160341392,1160341392,0,True,правила
ВИМ,ВИМ – Акции. Российские эмитенты,2026-08-31,30,1184175030,1184175030,1184175030,0,True,правила
ВИМ,ВИМ – Индекс МосБиржи,2022-08-31,32,2911799698,2911799698,2911799698,431801721,True,правила
ВИМ,ВИМ – Индекс МосБиржи,2022-09-30,32,2396523196,2396523196,2396523196,357709492,True,правила
ВИМ,ВИМ – Индекс МосБиржи,2022-10-31,32,2588218733,2588218733,2588218733,408738162,True,правила
ВИМ,ВИМ – Индекс МосБиржи,2022-11-30,32,2688024527,2688024527,2688024527,429916187,True,правила
ВИМ,ВИМ – Индекс МосБиржи,2022-12-30,32,2623499196,2623499196,2623499196,402775845,True,правила
ВИМ,ВИМ – Индекс МосБиржи,2023-01-31,32,2777192004,2777192004,2777192004,453762004,True,правила
ВИМ,ВИМ – Индекс МосБиржи,2023-02-28,32,2821044928,2821044928,2821044928,443795339,True,правила
ВИМ,ВИМ – Индекс МосБиржи,2023-03-31,31,3115706635,3115706635,3115706635,416995608,True,правила
ВИМ,ВИМ – Индекс МосБиржи,2023-04-28,31,3267092142,3267092142,3267092142,451627336,True,правила
ВИМ,ВИМ – Индекс МосБиржи,2023-05-31,31,3371690756,3371690756,3371690756,490588860,True,правила
ВИМ,ВИМ – Индекс МосБиржи,2023-06-30,32,3703012553,3703012553,3703012553,307900355,True,правила
ВИМ,ВИМ – Индекс МосБиржи,2023-07-31,32,4148015589,4148015589,4148015589,301464696,True,правила
ВИМ,ВИМ – Индекс МосБиржи,2023-08-31,32,4258608248,4258608248,4258608248,321701907,True,правила
ВИМ,ВИМ – Индекс МосБиржи,2023-09-29,34,4107282311,4107282311,4107282311,249806972,True,правила
ВИМ,ВИМ – Индекс МосБиржи,2023-10-31,35,4114567371,4114567371,4114567371,243420441,True,правила
ВИМ,ВИМ – Индекс МосБиржи,2023-11-30,35,3961855411,3961855411,3961855411,237323294,True,правила
ВИМ,ВИМ – Индекс МосБиржи,2023-12-29,38,3774870083,3774870083,3774870083,212135117,True,правила
ВИМ,ВИМ – Индекс МосБиржи,2024-01-31,38,3940190264,3940190264,3940190264,143437040,True,правила
ВИМ,ВИМ – Индекс МосБиржи,2024-02-29,35,3585963100,3585963100,3585963100,212194638,True,правила
ВИМ,ВИМ – Индекс МосБиржи,2024-03-29,44,3653941743,3653941743,3653941743,130982244,True,правила
ВИМ,ВИМ – Индекс МосБиржи,2024-04-27,44,3774422532,3774422532,3774422532,133486130,True,правила
ВИМ,ВИМ – Индекс МосБиржи,2024-05-31,44,3432936720,3432936720,3432936720,126201960,True,правила
ВИМ,ВИМ – Индекс МосБиржи,2024-06-28,45,3261291417,3261291417,3261291417,134055897,True,правила
ВИМ,ВИМ – Индекс МосБиржи,2024-07-31,45,3161463974,3161463974,3161463974,126524306,True,правила
ВИМ,ВИМ – Индекс МосБиржи,2024-08-30,46,2687988734,2729878575,2729878575,110194889,False,правила
ВИМ,ВИМ – Индекс МосБиржи,2024-09-30,47,2864549761,2864549761,2864549761,64957177,True,правила
ВИМ,ВИМ – Индекс МосБиржи,2024-10-31,47,2561847460,2561847460,2561847460,48831530,True,правила
ВИМ,ВИМ – Индекс МосБиржи,2024-11-29,47,2484074506,2484074506,2484074506,50016806,True,правила
ВИМ,ВИМ – Индекс МосБиржи,2024-12-28,50,2730689227,2730689227,2730689227,148,True,правила
ВИМ,ВИМ – Индекс МосБиржи,2025-01-31,49,2870847682,2870847682,2870847682,148,True,правила
ВИМ,ВИМ – Индекс МосБиржи,2025-02-28,49,3087151233,3087151233,3087151233,148,True,правила
ВИМ,ВИМ – Индекс МосБиржи,2025-03-31,47,2840385095,2840385095,2840385095,0,True,правила
ВИМ,ВИМ – Индекс МосБиржи,2025-04-30,47,2723278132,2723278132,2723278132,0,True,правила
ВИМ,ВИМ – Индекс МосБиржи,2025-05-30,47,2602695976,2602695976,2602695976,0,True,правила
ВИМ,ВИМ – Индекс МосБиржи,2025-06-30,45,2602693368,2602693368,2602693368,0,True,правила
ВИМ,ВИМ – Индекс МосБиржи,2025-07-31,45,2463008718,2463008718,2463008718,0,True,правила
ВИМ,ВИМ – Индекс МосБиржи,2025-08-29,45,2591897103,2591897103,2591897103,0,True,правила
ВИМ,ВИМ – Индекс МосБиржи,2025-09-30,43,2362091400,2362091400,2362091400,0,True,правила
ВИМ,ВИМ – Индекс МосБиржи,2025-10-31,43,2217200224,2217200224,2217200224,0,True,правила
ВИМ,ВИМ – Индекс МосБиржи,2025-11-28,43,2328230330,2328230330,2328230330,0,True,правила
ВИМ,ВИМ – Индекс МосБиржи,2025-12-30,45,2384303494,2384303494,2384303494,0,True,правила
ВИМ,ВИМ – Индекс МосБиржи,2026-01-30,45,2390900816,2390900816,2390900816,0,True,правила
ВИМ,ВИМ – Индекс МосБиржи,2026-02-27,45,2396925707,2396925707,2396925707,0,True,правила
ВИМ,ВИМ – Индекс МосБиржи,2026-03-31,46,2315207086,2315207086,2315207086,0,True,правила
ВИМ,ВИМ – Индекс МосБиржи,2026-04-30,46,2184008168,2184008168,2184008168,0,True,правила
ВИМ,ВИМ – Индекс МосБиржи,2026-05-29,46,2110185158,2110185158,2110185158,0,True,правила
ВИМ,ВИМ – Индекс МосБиржи,2026-06-30,46,1903376134,1903376134,1903376134,0,True,правила
ВИМ,ВИМ – Индекс МосБиржи,2026-07-31,46,1824337188,1824337188,1824337188,0,True,правила
ВИМ,ВИМ – Индекс МосБиржи,2026-08-31,46,1811481997,1811481997,1811481997,0,True,правила
ВИМ,ВИМ – Инновационный,2022-08-31,14,530088235,530088235,530088235,0,True,правила
ВИМ,ВИМ – Инновационный,2022-09-30,13,416036669,416036669,416036669,0,True,правила
ВИМ,ВИМ – Инновационный,2022-10-31,13,496879287,496879287,496879287,0,True,правила
ВИМ,ВИМ – Инновационный,2022-11-30,13,506296864,506296864,506296864,0,True,правила
ВИМ,ВИМ – Инновационный,2022-12-30,13,463700442,510262182,510262182,0,False,правила
ВИМ,ВИМ – Инновационный,2023-01-31,13,467155044,513803070,513803070,0,False,правила
ВИМ,ВИМ – Инновационный,2023-02-28,13,468898089,517045323,517045323,0,False,правила
ВИМ,ВИМ – Инновационный,2023-03-31,13,572099901,572099901,572099901,0,True,правила
ВИМ,ВИМ – Инновационный,2023-04-28,13,620885062,620885062,620885062,0,True,правила
ВИМ,ВИМ – Инновационный,2023-05-31,12,618163861,618163861,618163861,0,True,правила
ВИМ,ВИМ – Инновационный,2023-06-30,12,633575043,633575043,633575043,0,True,правила
ВИМ,ВИМ – Инновационный,2023-07-31,12,764658472,764658472,764658472,0,True,правила
ВИМ,ВИМ – Инновационный,2023-08-31,12,831964880,831964880,831964880,0,True,правила
ВИМ,ВИМ – Инновационный,2023-09-29,12,757367604,757367604,757367604,0,True,правила
ВИМ,ВИМ – Инновационный,2023-10-31,12,758882622,758882622,758882622,0,True,правила
ВИМ,ВИМ – Инновационный,2023-11-30,12,704175441,704175441,704175441,0,True,правила
ВИМ,ВИМ – Инновационный,2023-12-29,12,672837486,672837486,672837486,0,True,правила
ВИМ,ВИМ – Инновационный,2024-01-31,12,744140484,744140484,744140484,0,True,правила
ВИМ,ВИМ – Инновационный,2024-02-29,12,718733068,718733068,718733068,0,True,правила
ВИМ,ВИМ – Инновационный,2024-03-29,11,244960308,244960308,244960308,0,True,правила
ВИМ,ВИМ – Инновационный,2024-04-27,12,431873586,431873586,431873586,0,True,правила
ВИМ,ВИМ – Инновационный,2024-05-31,12,396008264,396008264,396008264,0,True,правила
ВИМ,ВИМ – Инновационный,2024-06-28,12,369901180,369901180,369901180,0,True,правила
ВИМ,ВИМ – Инновационный,2024-07-31,13,352047934,352047934,352047934,72486000,True,правила
ВИМ,ВИМ – Инновационный,2024-08-30,13,319417425,319417425,319417425,25316750,True,правила
ВИМ,ВИМ – Инновационный,2024-09-30,13,338818614,338818614,338818614,23008860,True,правила
ВИМ,ВИМ – Инновационный,2024-10-31,15,309113953,309113953,309113953,31703800,True,правила
ВИМ,ВИМ – Инновационный,2024-11-29,15,293070499,293070499,293070499,38050000,True,правила
ВИМ,ВИМ – Инновационный,2024-12-28,15,307926193,307926193,307926193,38576450,True,правила
ВИМ,ВИМ – Инновационный,2025-01-31,16,357820098,357820098,357820098,42555950,True,правила
ВИМ,ВИМ – Инновационный,2025-02-28,18,392218171,392218171,392218171,47012100,True,правила
ВИМ,ВИМ – Инновационный,2025-03-31,19,406133980,406133980,406133980,31311750,True,правила
ВИМ,ВИМ – Инновационный,2025-04-30,17,384822928,384822928,384822928,31116700,True,правила
ВИМ,ВИМ – Инновационный,2025-05-30,17,377749157,377749157,377749157,30651900,True,правила
ВИМ,ВИМ – Инновационный,2025-06-30,17,397712590,397712590,397712590,32905350,True,правила
ВИМ,ВИМ – Инновационный,2025-07-31,17,387136181,387136181,387136181,34259600,True,правила
ВИМ,ВИМ – Инновационный,2025-08-29,19,394352042,394352042,394352042,36026700,True,правила
ВИМ,ВИМ – Инновационный,2025-09-30,18,356063896,356063896,356063896,34353900,True,правила
ВИМ,ВИМ – Инновационный,2025-10-31,19,373591338,373591338,373591338,0,True,правила
ВИМ,ВИМ – Инновационный,2025-11-28,20,377005033,377005033,377005033,0,True,правила
ВИМ,ВИМ – Инновационный,2025-12-30,20,386114238,386114238,386114238,0,True,правила
ВИМ,ВИМ – Инновационный,2026-01-30,19,402011413,402011413,402011413,0,True,правила
ВИМ,ВИМ – Инновационный,2026-02-27,18,428682543,428682543,428682543,0,True,правила
ВИМ,ВИМ – Инновационный,2026-03-31,18,382983358,382983358,382983358,0,True,правила
ВИМ,ВИМ – Инновационный,2026-04-30,18,374909571,374909571,374909571,0,True,правила
ВИМ,ВИМ – Инновационный,2026-05-29,18,362696795,362696795,362696795,0,True,правила
ВИМ,ВИМ – Инновационный,2026-06-30,18,329656685,329656685,329656685,0,True,правила
ВИМ,ВИМ – Инновационный,2026-07-31,18,325806683,325806683,325806683,0,True,правила
ВИМ,ВИМ – Инновационный,2026-08-31,18,313227875,313227875,313227875,0,True,правила
ВИМ,ВИМ – Металлургия,2022-08-31,13,1600184574,1600184574,1600184574,168359106,True,правила
ВИМ,ВИМ – Металлургия,2022-09-30,13,1208236271,1208236271,1208236271,52717016,True,правила
ВИМ,ВИМ – Металлургия,2022-10-31,13,1400255250,1400255250,1400255250,62271592,True,правила
ВИМ,ВИМ – Металлургия,2022-11-30,13,1451437499,1451437499,1451437499,74618089,True,правила
ВИМ,ВИМ – Металлургия,2022-12-30,13,1470408704,1470408704,1470408704,76767501,True,правила
ВИМ,ВИМ – Металлургия,2023-01-31,13,1558302571,1558302571,1558302571,112704066,True,правила
ВИМ,ВИМ – Металлургия,2023-02-28,13,1579865909,1579865909,1579865909,118222042,True,правила
ВИМ,ВИМ – Металлургия,2023-03-31,13,1647654419,1647654419,1647654419,133307667,True,правила
ВИМ,ВИМ – Металлургия,2023-04-28,13,1718559032,1718559032,1718559032,154716466,True,правила
ВИМ,ВИМ – Металлургия,2023-05-31,13,1718178233,1718178233,1718178233,148227516,True,правила
ВИМ,ВИМ – Металлургия,2023-06-30,13,1771420550,1771420550,1771420550,123668971,True,правила
ВИМ,ВИМ – Металлургия,2023-07-31,13,2177169823,2177169823,2177169823,0,True,правила
ВИМ,ВИМ – Металлургия,2023-08-31,13,2198658991,2198658991,2198658991,0,True,правила
ВИМ,ВИМ – Металлургия,2023-09-29,14,2168545307,2168545307,2168545307,0,True,правила
ВИМ,ВИМ – Металлургия,2023-10-31,14,2087667325,2087667325,2087667325,0,True,правила
ВИМ,ВИМ – Металлургия,2023-11-30,14,1994664965,1994664965,1994664965,52163332,True,правила
ВИМ,ВИМ – Металлургия,2023-12-29,14,2011305805,2011305805,2011305805,106139510,True,правила
ВИМ,ВИМ – Металлургия,2024-01-31,14,2125724372,2125724372,2125724372,99471718,True,правила
ВИМ,ВИМ – Металлургия,2024-02-29,14,1973844679,1973844679,1973844679,74205398,True,правила
ВИМ,ВИМ – Металлургия,2024-03-29,14,1997413263,1997413263,1997413263,0,True,правила
ВИМ,ВИМ – Металлургия,2024-04-27,15,2052992253,2052992253,2052992253,0,True,правила
ВИМ,ВИМ – Металлургия,2024-05-31,15,1809116182,1809116182,1809116182,0,True,правила
ВИМ,ВИМ – Металлургия,2024-06-28,15,1706489317,1706489317,1706489317,0,True,правила
ВИМ,ВИМ – Металлургия,2024-07-31,15,1491093710,1491093710,1491093710,0,True,правила
ВИМ,ВИМ – Металлургия,2024-08-30,15,1178582239,1178582239,1178582239,0,True,правила
ВИМ,ВИМ – Металлургия,2024-09-30,15,1254862200,1254862200,1254862200,0,True,правила
ВИМ,ВИМ – Металлургия,2024-10-31,15,1071877743,1071877743,1071877743,0,True,правила
ВИМ,ВИМ – Металлургия,2024-11-29,15,1032272643,1032272643,1032272643,0,True,правила
ВИМ,ВИМ – Металлургия,2024-12-28,15,1101208591,1101208591,1101208591,0,True,правила
ВИМ,ВИМ – Металлургия,2025-01-31,15,1169325700,1169325700,1169325700,0,True,правила
ВИМ,ВИМ – Металлургия,2025-02-28,15,1234646925,1234646925,1234646925,0,True,правила
ВИМ,ВИМ – Металлургия,2025-03-31,15,1131120019,1131120019,1131120019,0,True,правила
ВИМ,ВИМ – Металлургия,2025-04-30,15,1018182306,1018182306,1018182306,0,True,правила
ВИМ,ВИМ – Металлургия,2025-05-30,15,952269066,952269066,952269066,0,True,правила
ВИМ,ВИМ – Металлургия,2025-06-30,15,966587629,966587629,966587629,0,True,правила
ВИМ,ВИМ – Металлургия,2025-07-31,15,920292575,920292575,920292575,0,True,правила
ВИМ,ВИМ – Металлургия,2025-08-29,14,927725655,927725655,927725655,0,True,правила
ВИМ,ВИМ – Металлургия,2025-09-30,14,849492230,849492230,849492230,0,True,правила
ВИМ,ВИМ – Металлургия,2025-10-31,14,734244837,734244837,734244837,0,True,правила
ВИМ,ВИМ – Металлургия,2025-11-28,14,772029924,772029924,772029924,0,True,правила
ВИМ,ВИМ – Металлургия,2025-12-30,15,862638138,862638138,862638138,0,True,правила
ВИМ,ВИМ – Металлургия,2026-01-30,16,946398551,946398551,946398551,0,True,правила
ВИМ,ВИМ – Металлургия,2026-02-27,16,936823217,936823217,936823217,0,True,правила
ВИМ,ВИМ – Металлургия,2026-03-31,16,806658061,806658061,806658061,0,True,правила
ВИМ,ВИМ – Металлургия,2026-04-30,16,728306013,728306013,728306013,0,True,правила
ВИМ,ВИМ – Металлургия,2026-05-29,16,720411642,720411642,720411642,0,True,правила
ВИМ,ВИМ – Металлургия,2026-06-30,16,635307316,635307316,635307316,0,True,правила
ВИМ,ВИМ – Металлургия,2026-07-31,16,623888890,623888890,623888890,0,True,правила
ВИМ,ВИМ – Металлургия,2026-08-31,16,619790381,619790381,619790381,0,True,правила
ВИМ,ВИМ – Нефтегазовый сектор,2022-08-31,16,3922818079,3922818079,3922818079,0,True,правила
ВИМ,ВИМ – Нефтегазовый сектор,2022-09-30,16,3110857615,3110857615,3110857615,0,True,правила
ВИМ,ВИМ – Нефтегазовый сектор,2022-10-31,16,3631128064,3631128064,3631128064,0,True,правила
ВИМ,ВИМ – Нефтегазовый сектор,2022-11-30,16,3737484613,3737484613,3737484613,0,True,правила
ВИМ,ВИМ – Нефтегазовый сектор,2022-12-30,16,3563135687,3563135687,3563135687,0,True,правила
ВИМ,ВИМ – Нефтегазовый сектор,2023-01-31,16,3599360089,3599360089,3599360089,0,True,правила
ВИМ,ВИМ – Нефтегазовый сектор,2023-02-28,16,3683057097,3683057097,3683057097,0,True,правила
ВИМ,ВИМ – Нефтегазовый сектор,2023-03-31,16,4078947582,4078947582,4078947582,0,True,правила
ВИМ,ВИМ – Нефтегазовый сектор,2023-04-28,16,4475937886,4475937886,4475937886,0,True,правила
ВИМ,ВИМ – Нефтегазовый сектор,2023-05-31,16,4648986921,4648986921,4648986921,0,True,правила
ВИМ,ВИМ – Нефтегазовый сектор,2023-06-30,16,4808913630,4808913630,4808913630,0,True,правила
ВИМ,ВИМ – Нефтегазовый сектор,2023-07-31,16,4710057834,4710057834,4710057834,0,True,правила
ВИМ,ВИМ – Нефтегазовый сектор,2023-08-31,16,5128627068,5128627068,5128627068,0,True,правила
ВИМ,ВИМ – Нефтегазовый сектор,2023-09-29,16,5308478781,5308478781,5308478781,0,True,правила
ВИМ,ВИМ – Нефтегазовый сектор,2023-10-31,16,5453287595,5453287595,5453287595,0,True,правила
ВИМ,ВИМ – Нефтегазовый сектор,2023-11-30,16,5616371777,5616371777,5616371777,0,True,правила
ВИМ,ВИМ – Нефтегазовый сектор,2023-12-29,16,5648314346,5648314346,5648314346,0,True,правила
ВИМ,ВИМ – Нефтегазовый сектор,2024-01-31,16,5853101412,5853101412,5853101412,0,True,правила
ВИМ,ВИМ – Нефтегазовый сектор,2024-02-29,16,5839250158,5839250158,5839250158,0,True,правила
ВИМ,ВИМ – Нефтегазовый сектор,2024-03-29,15,5407802218,5407802218,5407802218,0,True,правила
ВИМ,ВИМ – Нефтегазовый сектор,2024-04-27,15,5423861253,5423861253,5423861253,0,True,правила
ВИМ,ВИМ – Нефтегазовый сектор,2024-05-31,15,4743458893,4743458893,4743458893,0,True,правила
ВИМ,ВИМ – Нефтегазовый сектор,2024-06-28,15,4640348602,4640348602,4640348602,0,True,правила
ВИМ,ВИМ – Нефтегазовый сектор,2024-07-31,15,4218777981,4218777981,4218777981,0,True,правила
ВИМ,ВИМ – Нефтегазовый сектор,2024-08-30,16,3987270190,3987270190,3987270190,0,True,правила
ВИМ,ВИМ – Нефтегазовый сектор,2024-09-30,16,4200884366,4200884366,4200884366,0,True,правила
ВИМ,ВИМ – Нефтегазовый сектор,2024-10-31,16,3610822751,3610822751,3610822751,0,True,правила
ВИМ,ВИМ – Нефтегазовый сектор,2024-11-29,16,3460080882,3460080882,3460080882,0,True,правила
ВИМ,ВИМ – Нефтегазовый сектор,2024-12-28,16,3776571142,3776571142,3776571142,0,True,правила
ВИМ,ВИМ – Нефтегазовый сектор,2025-01-31,16,3781799961,3781799961,3781799961,0,True,правила
ВИМ,ВИМ – Нефтегазовый сектор,2025-02-28,16,3846901558,3846901558,3846901558,0,True,правила
ВИМ,ВИМ – Нефтегазовый сектор,2025-03-31,16,3495932856,3495932856,3495932856,0,True,правила
ВИМ,ВИМ – Нефтегазовый сектор,2025-04-30,16,3330774997,3330774997,3330774997,0,True,правила
ВИМ,ВИМ – Нефтегазовый сектор,2025-05-30,16,3171374496,3171374496,3171374496,0,True,правила
ВИМ,ВИМ – Нефтегазовый сектор,2025-06-30,16,3124845752,3124845752,3124845752,0,True,правила
ВИМ,ВИМ – Нефтегазовый сектор,2025-07-31,16,2844617320,2844617320,2844617320,0,True,правила
ВИМ,ВИМ – Нефтегазовый сектор,2025-08-29,16,3018987650,3018987650,3018987650,0,True,правила
ВИМ,ВИМ – Нефтегазовый сектор,2025-09-30,16,2690313336,2690313336,2690313336,0,True,правила
ВИМ,ВИМ – Нефтегазовый сектор,2025-10-31,16,2432534654,2432534654,2432534654,0,True,правила
ВИМ,ВИМ – Нефтегазовый сектор,2025-11-28,16,2548514540,2548514540,2548514540,0,True,правила
ВИМ,ВИМ – Нефтегазовый сектор,2025-12-30,16,2521399428,2521399428,2521399428,0,True,правила
ВИМ,ВИМ – Нефтегазовый сектор,2026-01-30,16,2513181712,2513181712,2513181712,0,True,правила
ВИМ,ВИМ – Нефтегазовый сектор,2026-02-27,16,2447788399,2447788399,2447788399,0,True,правила
ВИМ,ВИМ – Нефтегазовый сектор,2026-03-31,16,2558210353,2558210353,2558210353,0,True,правила
ВИМ,ВИМ – Нефтегазовый сектор,2026-04-30,16,2387271655,2387271655,2387271655,0,True,правила
ВИМ,ВИМ – Нефтегазовый сектор,2026-05-29,16,2286294778,2286294778,2286294778,0,True,правила
ВИМ,ВИМ – Нефтегазовый сектор,2026-06-30,16,1999875634,1999875634,1999875634,0,True,правила
ВИМ,ВИМ – Нефтегазовый сектор,2026-07-31,16,1989116640,1989116640,1989116640,0,True,правила
ВИМ,ВИМ – Нефтегазовый сектор,2026-08-31,16,1873302770,1873302770,1873302770,0,True,правила
ВИМ,ВИМ – Перспективные размещения,2022-08-31,26,486701710,486701710,486701710,61158271,True,правила
ВИМ,ВИМ – Перспективные размещения,2022-09-30,26,382998178,382998178,382998178,49306266,True,правила
ВИМ,ВИМ – Перспективные размещения,2022-10-31,26,426416596,426416596,426416596,58648852,True,правила
ВИМ,ВИМ – Перспективные размещения,2022-11-30,26,430045957,430045957,430045957,59190056,True,правила
ВИМ,ВИМ – Перспективные размещения,2022-12-30,24,425190147,425190147,425190147,55482452,True,правила
ВИМ,ВИМ – Перспективные размещения,2023-01-31,24,438426854,438426854,438426854,62212058,True,правила
ВИМ,ВИМ – Перспективные размещения,2023-02-28,24,439919008,439919008,439919008,61934703,True,правила
ВИМ,ВИМ – Перспективные размещения,2023-03-31,24,473256789,473256789,473256789,60785602,True,правила
ВИМ,ВИМ – Перспективные размещения,2023-04-28,22,479951912,479951912,479951912,77328144,True,правила
ВИМ,ВИМ – Перспективные размещения,2023-05-31,22,480717248,480717248,480717248,83379374,True,правила
ВИМ,ВИМ – Перспективные размещения,2023-06-30,22,498825018,498825018,498825018,85159070,True,правила
ВИМ,ВИМ – Перспективные размещения,2023-07-31,22,553185822,553185822,553185822,88014242,True,правила
ВИМ,ВИМ – Перспективные размещения,2023-08-31,22,582091135,582091135,582091135,93785346,True,правила
ВИМ,ВИМ – Перспективные размещения,2023-09-29,23,551879342,551879342,551879342,75313108,True,правила
ВИМ,ВИМ – Перспективные размещения,2023-10-31,24,529139605,529139605,529139605,72472998,True,правила
ВИМ,ВИМ – Перспективные размещения,2023-11-30,23,473430764,473430764,473430764,70679705,True,правила
ВИМ,ВИМ – Перспективные размещения,2023-12-29,22,446621263,446621263,446621263,69963733,True,правила
ВИМ,ВИМ – Перспективные размещения,2024-01-31,22,441850397,441850397,441850397,60274593,True,правила
ВИМ,ВИМ – Перспективные размещения,2024-02-29,22,425155101,425155101,425155101,65415129,True,правила
ВИМ,ВИМ – Перспективные размещения,2024-03-29,22,423107239,423107239,423107239,69619586,True,правила
ВИМ,ВИМ – Перспективные размещения,2024-04-27,22,431154084,431154084,431154084,72086681,True,правила
ВИМ,ВИМ – Перспективные размещения,2024-05-31,21,310832441,310832441,310832441,68745868,True,правила
ВИМ,ВИМ – Перспективные размещения,2024-06-28,25,325478188,325478188,325478188,53591200,True,правила
ВИМ,ВИМ – Перспективные размещения,2024-07-31,25,312421066,312421066,312421066,16452840,True,правила
ВИМ,ВИМ – Перспективные размещения,2024-08-30,26,275591292,291249351,291249351,16271743,False,правила
ВИМ,ВИМ – Перспективные размещения,2024-09-30,16,295874942,295874942,295874942,55,True,правила
ВИМ,ВИМ – Перспективные размещения,2024-10-31,17,267385174,267385174,267385174,55,True,правила
ВИМ,ВИМ – Перспективные размещения,2024-11-29,17,252743823,252743823,252743823,55,True,правила
ВИМ,ВИМ – Перспективные размещения,2024-12-28,17,269770366,269770366,269770366,55,True,правила
ВИМ,ВИМ – Перспективные размещения,2025-01-31,15,333350119,333350119,333350119,55,True,правила
ВИМ,ВИМ – Перспективные размещения,2025-02-28,15,331666692,331666692,331666692,55,True,правила
ВИМ,ВИМ – Перспективные размещения,2025-03-31,15,324003019,324003019,324003019,0,True,правила
ВИМ,ВИМ – Перспективные размещения,2025-04-30,16,286309971,286309971,286309971,0,True,правила
ВИМ,ВИМ – Перспективные размещения,2025-05-30,16,287905551,287905551,287905551,0,True,правила
ВИМ,ВИМ – Перспективные размещения,2025-06-30,16,292125000,292125000,292125000,0,True,правила
ВИМ,ВИМ – Перспективные размещения,2025-07-31,15,269216354,269216354,269216354,0,True,правила
ВИМ,ВИМ – Перспективные размещения,2025-08-29,15,268918575,268918575,268918575,0,True,правила
ВИМ,ВИМ – Перспективные размещения,2025-09-30,15,220896889,220896889,220896889,0,True,правила
ВИМ,ВИМ – Перспективные размещения,2025-10-31,15,220915190,220915190,220915190,0,True,правила
ВИМ,ВИМ – Перспективные размещения,2025-11-28,16,229354223,229354223,229354223,0,True,правила
ВИМ,ВИМ – Перспективные размещения,2025-12-30,16,213529717,213529717,213529717,0,True,правила
ВИМ,ВИМ – Перспективные размещения,2026-01-30,16,221346229,221346229,221346229,0,True,правила
ВИМ,ВИМ – Перспективные размещения,2026-02-27,16,235328807,235328807,235328807,0,True,правила
ВИМ,ВИМ – Перспективные размещения,2026-03-31,16,218462290,218462290,218462290,0,True,правила
ВИМ,ВИМ – Перспективные размещения,2026-04-30,16,210005703,210005703,210005703,0,True,правила
ВИМ,ВИМ – Перспективные размещения,2026-05-29,15,200269859,200269859,200269859,0,True,правила
ВИМ,ВИМ – Перспективные размещения,2026-06-30,14,172548552,172548552,172548552,0,True,правила
ВИМ,ВИМ – Перспективные размещения,2026-07-31,14,180822709,180822709,180822709,0,True,правила
ВИМ,ВИМ – Перспективные размещения,2026-08-31,14,178904564,178904564,178904564,0,True,правила
ВИМ,ВИМ – Сбалансированный. Российские эмитенты,2025-04-30,9,574773847,943757020,574773847,0,True,правила
ВИМ,ВИМ – Сбалансированный. Российские эмитенты,2025-05-30,11,525071433,908392209,525071433,0,True,правила
ВИМ,ВИМ – Сбалансированный. Российские эмитенты,2025-06-30,11,503607230,877182972,503607230,0,True,правила
ВИМ,ВИМ – Сбалансированный. Российские эмитенты,2025-07-31,16,463863505,849888814,463863505,0,True,правила
ВИМ,ВИМ – Сбалансированный. Российские эмитенты,2025-08-29,17,510919175,905342381,510919175,0,True,правила
ВИМ,ВИМ – Сбалансированный. Российские эмитенты,2025-09-30,16,511197230,846656749,511197230,0,True,правила
ВИМ,ВИМ – Сбалансированный. Российские эмитенты,2025-10-31,18,484294380,808856920,484294380,0,True,правила
ВИМ,ВИМ – Сбалансированный. Российские эмитенты,2025-11-28,19,496029720,803750664,496029720,0,True,правила
ВИМ,ВИМ – Сбалансированный. Российские эмитенты,2025-12-30,22,520008500,835627711,520008500,0,True,правила
ВИМ,ВИМ – Сбалансированный. Российские эмитенты,2026-01-30,22,559523980,873631268,559523980,0,True,правила
ВИМ,ВИМ – Сбалансированный. Российские эмитенты,2026-02-27,23,561124620,880994777,561124620,0,True,правила
ВИМ,ВИМ – Сбалансированный. Российские эмитенты,2026-03-31,23,519065060,835510653,519065060,0,True,правила
ВИМ,ВИМ – Сбалансированный. Российские эмитенты,2026-04-30,25,497383310,803321770,497383310,0,True,правила
ВИМ,ВИМ – Сбалансированный. Российские эмитенты,2026-05-29,26,490322675,791870799,490322675,0,True,правила
ВИМ,ВИМ – Сбалансированный. Российские эмитенты,2026-06-30,23,407200852,689718558,407200852,0,True,правила
ВИМ,ВИМ – Сбалансированный. Российские эмитенты,2026-07-31,23,379056334,659815517,379056334,0,True,правила
ВИМ,ВИМ – Сбалансированный. Российские эмитенты,2026-08-31,24,382498395,660533811,382498395,0,True,правила
Альфа-Капитал,Альфа – Акции компаний роста,2023-11-30,17,93865200,93865200,93865200,57609080,True,правила
Альфа-Капитал,Альфа – Акции компаний роста,2024-01-31,14,376108750,376108750,376108750,317134548,True,правила
Альфа-Капитал,Альфа – Акции компаний роста,2024-02-29,11,699234606,699234606,699234606,653136462,True,правила
Альфа-Капитал,Альфа – Акции компаний роста,2024-04-30,18,3278636293,3278636293,3278636293,2472112776,True,правила
Альфа-Капитал,Альфа – Акции компаний роста,2024-05-31,21,4737757518,4737757518,4737757518,2878528282,True,правила
Альфа-Капитал,Альфа – Акции компаний роста,2024-07-31,18,5671959164,5671959164,5671959164,2536054797,True,правила
Альфа-Капитал,Альфа – Акции компаний роста,2024-08-31,19,5555726241,5555726241,5555726241,1984015105,True,правила
Альфа-Капитал,Альфа – Акции компаний роста,2024-10-31,17,6399922653,6399922653,6399922653,1547679445,True,правила
Альфа-Капитал,Альфа – Акции компаний роста,2024-11-30,17,6481367525,6481367525,6481367525,1208205204,True,правила
Альфа-Капитал,Альфа – Акции компаний роста,2025-01-31,19,8070260922,8070260922,8070260922,1095275849,True,правила
Альфа-Капитал,Альфа – Акции компаний роста,2025-02-28,21,9689516418,9689516418,9689516418,1296934937,True,правила
Альфа-Капитал,Альфа – Акции компаний роста,2025-04-30,21,9222921529,9222921529,9222921529,1019900014,True,правила
Альфа-Капитал,Альфа – Акции компаний роста,2025-05-31,20,9148896828,9148896828,9148896828,987096590,True,правила
Альфа-Капитал,Альфа – Акции компаний роста,2025-07-31,22,9766323166,9766323166,9766323166,1022197612,True,правила
Альфа-Капитал,Альфа – Акции компаний роста,2025-08-31,19,9289704881,9289704881,9289704881,976188700,True,правила
Альфа-Капитал,Альфа – Акции компаний роста,2025-10-31,17,7383638728,8594489084,7383638728,0,True,правила
Альфа-Капитал,Альфа – Акции компаний роста,2025-11-30,18,7351943032,8577861396,7351943032,0,True,правила
Альфа-Капитал,Альфа – Акции компаний роста,2026-01-31,17,7362100211,8573768331,7362100211,0,True,правила
Альфа-Капитал,Альфа – Акции компаний роста,2026-02-28,19,7417907135,7914464669,7417907135,0,True,правила
Альфа-Капитал,Альфа – Акции компаний роста,2026-04-30,23,5850667687,6342137862,5850667687,0,True,правила
Альфа-Капитал,Альфа – Акции компаний роста,2026-05-31,22,5213151610,5709725163,5213151610,0,True,правила
Альфа-Капитал,Альфа – Акции компаний роста,2026-07-31,18,4452552670,4856469032,4452552670,0,True,правила
Альфа-Капитал,Альфа – Акции компаний роста,2026-08-31,19,4311605577,4720128859,4311605577,0,True,правила
Альфа-Капитал,Альфа – Акции с выплатой дохода,2023-10-31,20,512753388,512753388,512753388,124785679,True,правила
Альфа-Капитал,Альфа – Акции с выплатой дохода,2023-11-30,20,792058790,792058790,792058790,184528789,True,правила
Альфа-Капитал,Альфа – Акции с выплатой дохода,2024-01-31,20,844573157,844573157,844573157,261742516,True,правила
Альфа-Капитал,Альфа – Акции с выплатой дохода,2024-02-29,21,843831017,843831017,843831017,388511774,True,правила
Альфа-Капитал,Альфа – Акции с выплатой дохода,2024-04-30,27,1445369163,1445369163,1445369163,502468068,True,правила
Альфа-Капитал,Альфа – Акции с выплатой дохода,2024-05-31,29,1821009180,1821009180,1821009180,568253044,True,правила
Альфа-Капитал,Альфа – Акции с выплатой дохода,2024-07-31,31,1744813798,1744813798,1744813798,394094016,True,правила
Альфа-Капитал,Альфа – Акции с выплатой дохода,2024-08-31,33,1818871794,1818871794,1818871794,353215612,True,правила
Альфа-Капитал,Альфа – Акции с выплатой дохода,2024-10-31,35,1785768979,1785768979,1785768979,327836603,True,правила
Альфа-Капитал,Альфа – Акции с выплатой дохода,2024-11-30,35,1725836549,1725836549,1725836549,277897995,True,правила
Альфа-Капитал,Альфа – Акции с выплатой дохода,2025-01-31,36,1955997829,1955997829,1955997829,216432182,True,правила
Альфа-Капитал,Альфа – Акции с выплатой дохода,2025-02-28,35,2325225356,2325225356,2325225356,249840710,True,правила
Альфа-Капитал,Альфа – Акции с выплатой дохода,2025-04-30,36,2630418150,2630418150,2630418150,289798338,True,правила
Альфа-Капитал,Альфа – Акции с выплатой дохода,2025-05-31,36,2578472205,2578472205,2578472205,279189222,True,правила
Альфа-Капитал,Альфа – Акции с выплатой дохода,2025-07-31,38,2390941872,2390941872,2390941872,264339562,True,правила
Альфа-Капитал,Альфа – Акции с выплатой дохода,2025-08-31,39,2492628718,2492628718,2492628718,264875925,True,правила
Альфа-Капитал,Альфа – Акции с выплатой дохода,2025-10-31,40,1990801122,2293324668,1990801122,0,True,правила
Альфа-Капитал,Альфа – Акции с выплатой дохода,2025-11-30,41,2090777820,2397071078,2090777820,0,True,правила
Альфа-Капитал,Альфа – Акции с выплатой дохода,2026-01-31,41,2162035935,2464809283,2162035935,0,True,правила
Альфа-Капитал,Альфа – Акции с выплатой дохода,2026-02-28,40,2083629867,2287412639,2083629867,0,True,правила
Альфа-Капитал,Альфа – Акции с выплатой дохода,2026-04-30,40,1869251504,2070903279,1869251504,0,True,правила
Альфа-Капитал,Альфа – Акции с выплатой дохода,2026-05-31,39,1823188276,2026953291,1823188276,0,True,правила
Альфа-Капитал,Альфа – Акции с выплатой дохода,2026-07-31,37,1498540072,1498540072,1498540072,0,True,правила
Альфа-Капитал,Альфа – Акции с выплатой дохода,2026-08-31,37,1816790307,1816790307,1816790307,0,True,правила
Альфа-Капитал,Альфа – Баланс,2021-10-31,32,26497101820,38689898671,26497101820,6054241797,True,правила
Альфа-Капитал,Альфа – Баланс,2021-11-30,32,26864171884,38668479100,26864171884,6764571976,True,правила
Альфа-Капитал,Альфа – Баланс,2022-01-31,32,26275362795,37869218050,26275362795,6721120182,True,правила
Альфа-Капитал,Альфа – Баланс,2022-02-28,32,17159836221,27403565776,17159836221,2884018718,True,правила
Альфа-Капитал,Альфа – Баланс,2022-04-30,31,17302282040,27802373769,17302282040,2051013585,True,правила
Альфа-Капитал,Альфа – Баланс,2022-05-31,31,16300119170,26687589006,16300119170,2404815885,True,правила
Альфа-Капитал,Альфа – Баланс,2022-07-31,30,14399108099,24924154070,14399108099,1860413456,True,правила
Альфа-Капитал,Альфа – Баланс,2022-08-31,30,18460705120,28031149100,18460705120,1607985042,True,правила
Альфа-Капитал,Альфа – Баланс,2022-10-31,30,17206977660,25667284199,17206977660,2675360856,True,правила
Альфа-Капитал,Альфа – Баланс,2022-11-30,29,17097045156,25349932707,17097045156,2773634481,True,правила
Альфа-Капитал,Альфа – Баланс,2023-01-31,30,17704516148,25377587721,17704516148,2828168808,True,правила
Альфа-Капитал,Альфа – Баланс,2023-02-28,30,18009692912,25472783968,18009692912,2843205055,True,правила
Альфа-Капитал,Альфа – Баланс,2023-04-30,29,17375818909,24804592114,17375818909,2419377609,True,правила
Альфа-Капитал,Альфа – Баланс,2023-05-31,29,17640626134,24818377727,17640626134,2435554286,True,правила
Альфа-Капитал,Альфа – Баланс,2023-07-31,29,22193678079,29873229774,22193678079,3461160516,True,правила
Альфа-Капитал,Альфа – Баланс,2023-08-31,29,23368702316,30854657642,23368702316,3771616036,True,правила
Альфа-Капитал,Альфа – Баланс,2023-10-31,31,25922978590,33133776714,25922978590,3179853380,True,правила
Альфа-Капитал,Альфа – Баланс,2023-11-30,30,25176966726,32363788914,25176966726,3908056596,True,правила
Альфа-Капитал,Альфа – Баланс,2024-01-31,33,23816301084,30817921586,23816301084,5731513476,True,правила
Альфа-Капитал,Альфа – Баланс,2024-02-29,34,21020031786,27336178923,21020031786,7778394714,True,правила
Альфа-Капитал,Альфа – Баланс,2024-04-30,37,18358008619,25522230808,18358008619,9714828665,True,правила
Альфа-Капитал,Альфа – Баланс,2024-05-31,38,18163755318,24866232218,18163755318,9358457368,True,правила
Альфа-Капитал,Альфа – Баланс,2024-07-31,39,13311717050,21374297407,13311717050,3565058970,True,правила
Альфа-Капитал,Альфа – Баланс,2024-08-31,40,16303069990,24392261456,16303069990,2143405177,True,правила
Альфа-Капитал,Альфа – Баланс,2024-10-31,41,16701068283,23844245112,16701068283,1994236464,True,правила
Альфа-Капитал,Альфа – Баланс,2024-11-30,41,16562682105,23595294799,16562682105,2500403102,True,правила
Альфа-Капитал,Альфа – Баланс,2025-01-31,42,18604704273,24229716345,18604704273,2634603950,True,правила
Альфа-Капитал,Альфа – Баланс,2025-02-28,43,20455523708,25728192851,20455523708,2683865862,True,правила
Альфа-Капитал,Альфа – Баланс,2025-04-30,41,17625585009,21788501682,17625585009,2561796452,True,правила
Альфа-Капитал,Альфа – Баланс,2025-05-31,41,17238512706,21232141954,17238512706,2503890473,True,правила
Альфа-Капитал,Альфа – Баланс,2025-07-31,43,16882502884,21838489616,16882502884,2340581491,True,правила
Альфа-Капитал,Альфа – Баланс,2025-08-31,44,16633923161,21106279220,16633923161,2420184005,True,правила
Альфа-Капитал,Альфа – Баланс,2025-10-31,45,15519424576,22238962537,15519424576,25292330,True,правила
Альфа-Капитал,Альфа – Баланс,2025-11-30,46,16004717110,22678406523,16004717110,24577834,True,правила
Альфа-Капитал,Альфа – Баланс,2026-01-31,47,16203476872,22752799612,16203476872,19630221,True,правила
Альфа-Капитал,Альфа – Баланс,2026-02-28,47,15017126234,21697531539,15017126234,26520520,True,правила
Альфа-Капитал,Альфа – Баланс,2026-04-30,46,13541597946,19656229888,13541597946,25746358,True,правила
Альфа-Капитал,Альфа – Баланс,2026-05-31,45,12952058632,18055186287,12952058632,24532577,True,правила
Альфа-Капитал,Альфа – Баланс,2026-07-31,47,9774341775,15177779754,9774341775,27208795,True,правила
Альфа-Капитал,Альфа – Баланс,2026-08-31,47,8965914194,14159269617,8965914194,17679400,True,правила
Альфа-Капитал,Альфа – Ликвидные акции,2021-10-31,36,24313273017,24313273017,24313273017,5950763230,True,правила
Альфа-Капитал,Альфа – Ликвидные акции,2021-11-30,36,24158060759,24158060759,24158060759,6267325644,True,правила
Альфа-Капитал,Альфа – Ликвидные акции,2022-01-31,36,26522517201,26522517201,26522517201,7602907688,True,правила
Альфа-Капитал,Альфа – Ликвидные акции,2022-02-28,36,20465404741,20465404741,20465404741,2548431710,True,правила
Альфа-Капитал,Альфа – Ликвидные акции,2022-04-30,36,21642181846,21642181846,21642181846,2215152151,True,правила
Альфа-Капитал,Альфа – Ликвидные акции,2022-05-31,36,19448624283,19448624283,19448624283,2027488301,True,правила
Альфа-Капитал,Альфа – Ликвидные акции,2022-07-31,35,16008220645,16008220645,16008220645,1818207330,True,правила
Альфа-Капитал,Альфа – Ликвидные акции,2022-08-31,35,18518853831,18518853831,18518853831,2016964650,True,правила
Альфа-Капитал,Альфа – Ликвидные акции,2022-10-31,35,16134225382,16134225382,16134225382,3332626196,True,правила
Альфа-Капитал,Альфа – Ликвидные акции,2022-11-30,35,16085405909,16085405909,16085405909,3236619393,True,правила
Альфа-Капитал,Альфа – Ликвидные акции,2023-01-31,35,16850337631,16850337631,16850337631,3014105403,True,правила
Альфа-Капитал,Альфа – Ликвидные акции,2023-02-28,35,17352607622,17352607622,17352607622,3022476658,True,правила
Альфа-Капитал,Альфа – Ликвидные акции,2023-04-30,35,17673902334,17673902334,17673902334,3127790516,True,правила
Альфа-Капитал,Альфа – Ликвидные акции,2023-05-31,35,17851029626,17851029626,17851029626,3151020177,True,правила
Альфа-Капитал,Альфа – Ликвидные акции,2023-07-31,35,23363631721,23363631721,23363631721,4872021196,True,правила
Альфа-Капитал,Альфа – Ликвидные акции,2023-08-31,35,25138336863,25138336863,25138336863,7052564570,True,правила
Альфа-Капитал,Альфа – Ликвидные акции,2023-10-31,38,28711874709,28711874709,28711874709,7430830122,True,правила
Альфа-Капитал,Альфа – Ликвидные акции,2023-11-30,38,26277339416,26277339416,26277339416,9751475927,True,правила
Альфа-Капитал,Альфа – Ликвидные акции,2024-01-31,38,25693943559,25693943559,25693943559,11626676782,True,правила
Альфа-Капитал,Альфа – Ликвидные акции,2024-02-29,39,23888126575,23888126575,23888126575,12707480384,True,правила
Альфа-Капитал,Альфа – Ликвидные акции,2024-04-30,43,30099773362,30099773362,30099773362,12290814335,True,правила
Альфа-Капитал,Альфа – Ликвидные акции,2024-05-31,44,28747448740,28747448740,28747448740,12026843146,True,правила
Альфа-Капитал,Альфа – Ликвидные акции,2024-07-31,45,27398298600,27398298600,27398298600,7376702799,True,правила
Альфа-Капитал,Альфа – Ликвидные акции,2024-08-31,46,28195716368,28195716368,28195716368,4720342282,True,правила
Альфа-Капитал,Альфа – Ликвидные акции,2024-10-31,47,26517122761,26517122761,26517122761,4480498863,True,правила
Альфа-Капитал,Альфа – Ликвидные акции,2024-11-30,48,26206286028,26206286028,26206286028,3938085930,True,правила
Альфа-Капитал,Альфа – Ликвидные акции,2025-01-31,49,28556291310,28556291310,28556291310,3384828825,True,правила
Альфа-Капитал,Альфа – Ликвидные акции,2025-02-28,49,31475568538,31475568538,31475568538,3552606512,True,правила
Альфа-Капитал,Альфа – Ликвидные акции,2025-04-30,50,27148229344,27148229344,27148229344,3019229720,True,правила
Альфа-Капитал,Альфа – Ликвидные акции,2025-05-31,51,27077507126,27077507126,27077507126,2889120222,True,правила
Альфа-Капитал,Альфа – Ликвидные акции,2025-07-31,55,25975400613,26712384872,25975400613,2817144658,True,правила
Альфа-Капитал,Альфа – Ликвидные акции,2025-08-31,55,25558151544,27664281582,25558151544,2962856079,True,правила
Альфа-Капитал,Альфа – Ликвидные акции,2025-10-31,56,21702002622,25623630678,21702002622,31371110,True,правила
Альфа-Капитал,Альфа – Ликвидные акции,2025-11-30,57,22533823987,26505058761,22533823987,30486233,True,правила
Альфа-Капитал,Альфа – Ликвидные акции,2026-01-31,58,24173358137,27357501346,24173358137,25221726,True,правила
Альфа-Капитал,Альфа – Ликвидные акции,2026-02-28,57,23861766412,26082124640,23861766412,27884847,True,правила
Альфа-Капитал,Альфа – Ликвидные акции,2026-04-30,57,20474004795,21136586179,20474004795,27070916,True,правила
Альфа-Капитал,Альфа – Ликвидные акции,2026-05-31,56,19137738972,19803217381,19137738972,25794809,True,правила
Альфа-Капитал,Альфа – Ликвидные акции,2026-07-31,56,16765520164,17898604178,16765520164,28612670,True,правила
Альфа-Капитал,Альфа – Ликвидные акции,2026-08-31,56,15586528810,16728147450,15586528810,49420524,True,правила
Альфа-Капитал,Альфа – Новые имена,2024-04-30,0,0,0,0,0,False,правила
Альфа-Капитал,Альфа – Новые имена,2024-05-31,10,406319492,406319492,406319492,314933415,True,правила
Альфа-Капитал,Альфа – Новые имена,2024-07-31,10,537680844,537680844,537680844,281466316,True,правила
Альфа-Капитал,Альфа – Новые имена,2024-08-31,9,469099143,469099143,469099143,216101146,True,правила
Альфа-Капитал,Альфа – Новые имена,2024-10-31,10,442863462,442863462,442863462,119833260,True,правила
Альфа-Капитал,Альфа – Новые имена,2024-11-30,11,474519375,474519375,474519375,75037458,True,правила
Альфа-Капитал,Альфа – Новые имена,2025-01-31,13,572071574,572071574,572071574,54677316,True,правила
Альфа-Капитал,Альфа – Новые имена,2025-02-28,15,568937293,568937293,568937293,59906960,True,правила
Альфа-Капитал,Альфа – Новые имена,2025-04-30,15,476905829,476905829,476905829,50362812,True,правила
Альфа-Капитал,Альфа – Новые имена,2025-05-31,14,479366194,479366194,479366194,49733266,True,правила
Альфа-Капитал,Альфа – Новые имена,2025-07-31,13,454818649,464855340,454818649,47344275,True,правила
Альфа-Капитал,Альфа – Новые имена,2025-08-31,14,460461514,460461514,460461514,48844515,True,правила
Альфа-Капитал,Альфа – Новые имена,2025-10-31,14,381867816,407039568,381867816,0,True,правила
Альфа-Капитал,Альфа – Новые имена,2025-11-30,15,384327914,409811650,384327914,0,True,правила
Альфа-Капитал,Альфа – Новые имена,2026-01-31,13,366878725,392056181,366878725,0,True,правила
Альфа-Капитал,Альфа – Новые имена,2026-02-28,14,396176454,411384638,396176454,0,True,правила
Альфа-Капитал,Альфа – Новые имена,2026-04-30,16,346435598,361458634,346435598,0,True,правила
Альфа-Капитал,Альфа – Новые имена,2026-05-31,14,309174284,324361008,309174284,0,True,правила
Альфа-Капитал,Альфа – Новые имена,2026-07-31,17,272887791,279994261,272887791,0,True,правила
Альфа-Капитал,Альфа – Новые имена,2026-08-31,16,258146704,262254744,258146704,0,True,правила
Альфа-Капитал,Альфа – Ресурсы,2021-10-31,23,12382212891,12382212891,12382212891,1886069497,True,правила
Альфа-Капитал,Альфа – Ресурсы,2021-11-30,23,13082567124,13082567124,13082567124,2410396088,True,правила
Альфа-Капитал,Альфа – Ресурсы,2022-01-31,24,15186851051,15186851051,15186851051,1516090265,True,правила
Альфа-Капитал,Альфа – Ресурсы,2022-02-28,24,13803887592,13803887592,13803887592,2683851407,True,правила
Альфа-Капитал,Альфа – Ресурсы,2022-04-30,24,15433108800,15433108800,15433108800,2309969044,True,правила
Альфа-Капитал,Альфа – Ресурсы,2022-05-31,25,13460122732,13460122732,13460122732,2039168963,True,правила
Альфа-Капитал,Альфа – Ресурсы,2022-07-31,26,11316764375,11316764375,11316764375,1534140378,True,правила
Альфа-Капитал,Альфа – Ресурсы,2022-08-31,26,12741947147,12741947147,12741947147,1491597595,True,правила
Альфа-Капитал,Альфа – Ресурсы,2022-10-31,27,12343093003,12343093003,12343093003,1856373899,True,правила
Альфа-Капитал,Альфа – Ресурсы,2022-11-30,27,12127731009,12127731009,12127731009,2026981535,True,правила
Альфа-Капитал,Альфа – Ресурсы,2023-01-31,27,11688640795,11688640795,11688640795,2709684535,True,правила
Альфа-Капитал,Альфа – Ресурсы,2023-02-28,27,12141592815,12141592815,12141592815,2790227975,True,правила
Альфа-Капитал,Альфа – Ресурсы,2023-04-30,28,12689142841,12689142841,12689142841,2657838083,True,правила
Альфа-Капитал,Альфа – Ресурсы,2023-05-31,27,12410689793,12410689793,12410689793,2448349242,True,правила
Альфа-Капитал,Альфа – Ресурсы,2023-07-31,25,13562849135,13562849135,13562849135,4100030437,True,правила
Альфа-Капитал,Альфа – Ресурсы,2023-08-31,23,12456052867,12456052867,12456052867,3594556864,True,правила
Альфа-Капитал,Альфа – Ресурсы,2023-10-31,21,10744281842,10744281842,10744281842,1600450109,True,правила
Альфа-Капитал,Альфа – Ресурсы,2023-11-30,21,10581933913,10581933913,10581933913,307052,True,правила
Альфа-Капитал,Альфа – Ресурсы,2024-01-31,24,10667646892,10667646892,10667646892,19566217,True,правила
Альфа-Капитал,Альфа – Ресурсы,2024-02-29,25,10130641602,10130641602,10130641602,117899495,True,правила
Альфа-Капитал,Альфа – Ресурсы,2024-04-30,26,7987663934,7987663934,7987663934,1375242163,True,правила
Альфа-Капитал,Альфа – Ресурсы,2024-05-31,27,7045322449,7045322449,7045322449,1550285082,True,правила
Альфа-Капитал,Альфа – Ресурсы,2024-07-31,29,5780519445,5780519445,5780519445,1174275773,True,правила
Альфа-Капитал,Альфа – Ресурсы,2024-08-31,31,5206266576,5206266576,5206266576,1057425842,True,правила
Альфа-Капитал,Альфа – Ресурсы,2024-10-31,34,4731691359,4731691359,4731691359,1452380299,True,правила
Альфа-Капитал,Альфа – Ресурсы,2024-11-30,33,5176410025,5176410025,5176410025,912969945,True,правила
Альфа-Капитал,Альфа – Ресурсы,2025-01-31,35,5566979073,5566979073,5566979073,81960382,True,правила
Альфа-Капитал,Альфа – Ресурсы,2025-02-28,35,6656341310,6656341310,6656341310,80071527,True,правила
Альфа-Капитал,Альфа – Ресурсы,2025-04-30,36,5032184836,5032184836,5032184836,270618532,True,правила
Альфа-Капитал,Альфа – Ресурсы,2025-05-31,35,4898573499,4898573499,4898573499,294429192,True,правила
Альфа-Капитал,Альфа – Ресурсы,2025-07-31,35,4384258783,4384258783,4384258783,240056607,True,правила
Альфа-Капитал,Альфа – Ресурсы,2025-08-31,37,4488080815,4488080815,4488080815,207560928,True,правила
Альфа-Капитал,Альфа – Ресурсы,2025-10-31,39,3739224979,3739224979,3739224979,18177196,True,правила
Альфа-Капитал,Альфа – Ресурсы,2025-11-30,39,3825475041,3825475041,3825475041,17648378,True,правила
Альфа-Капитал,Альфа – Ресурсы,2026-01-31,40,4162767463,4162767463,4162767463,4125623,True,правила
Альфа-Капитал,Альфа – Ресурсы,2026-02-28,40,4180719781,4180719781,4180719781,4107443,True,правила
Альфа-Капитал,Альфа – Ресурсы,2026-04-30,41,4038217063,4038217063,4038217063,3977470,True,правила
Альфа-Капитал,Альфа – Ресурсы,2026-05-31,40,3804417270,3978859370,3804417270,3768888,True,правила
Альфа-Капитал,Альфа – Ресурсы,2026-07-31,40,3107662042,3381768742,3107662042,3479595,True,правила
Альфа-Капитал,Альфа – Ресурсы,2026-08-31,40,3019746640,3019746640,3019746640,3812662,True,правила
ДОХОДЪ,ДОХОДЪ – Анализ акций,2025-05-30,21,25071717,25071717,25071717,0,True,правила
ДОХОДЪ,ДОХОДЪ – Анализ акций,2025-06-30,21,25823383,25823383,25823383,0,True,правила
ДОХОДЪ,ДОХОДЪ – Анализ акций,2025-07-31,21,25696146,25696146,25696146,0,True,правила
ДОХОДЪ,ДОХОДЪ – Анализ акций,2025-08-29,21,27106907,27106907,27106907,0,True,правила
ДОХОДЪ,ДОХОДЪ – Анализ акций,2025-09-30,21,24521786,24521786,24521786,0,True,правила
ДОХОДЪ,ДОХОДЪ – Анализ акций,2025-10-31,21,23411474,23411474,23411474,0,True,правила
ДОХОДЪ,ДОХОДЪ – Анализ акций,2025-11-28,21,25011193,25011193,25011193,0,True,правила
ДОХОДЪ,ДОХОДЪ – Анализ акций,2025-12-30,21,25920101,25920101,25920101,0,True,правила
ДОХОДЪ,ДОХОДЪ – Анализ акций,2026-01-30,21,26815721,26815721,26815721,0,True,правила
ДОХОДЪ,ДОХОДЪ – Анализ акций,2026-02-27,21,27158288,27158288,27158288,0,True,правила
ДОХОДЪ,ДОХОДЪ – Анализ акций,2026-03-31,21,26514194,26514194,26514194,0,True,правила
ДОХОДЪ,ДОХОДЪ – Анализ акций,2026-04-30,21,25786990,25786990,25786990,0,True,правила
ДОХОДЪ,ДОХОДЪ – Анализ акций,2026-05-29,21,24969501,24969501,24969501,0,True,правила
ДОХОДЪ,ДОХОДЪ – Анализ акций,2026-06-30,21,31615224,31615224,31615224,0,True,правила
ДОХОДЪ,ДОХОДЪ – Анализ акций,2026-07-31,22,32445580,32445580,32445580,0,True,правила
ДОХОДЪ,ДОХОДЪ – Анализ акций,2026-08-31,22,31940371,31940371,31940371,0,True,правила
ДОХОДЪ,ДОХОДЪ – Дивидендные акции. Россия,2023-05-31,0,0,10876822,10876822,0,False,правила
ДОХОДЪ,ДОХОДЪ – Дивидендные акции. Россия,2023-06-30,0,0,12776385,12776385,0,False,правила
ДОХОДЪ,ДОХОДЪ – Дивидендные акции. Россия,2023-07-31,0,0,15304136,15304136,0,False,правила
ДОХОДЪ,ДОХОДЪ – Дивидендные акции. Россия,2023-08-31,0,0,19011727,19011727,0,False,правила
ДОХОДЪ,ДОХОДЪ – Дивидендные акции. Россия,2023-11-30,25,24539829,24539829,24539829,0,True,правила
ДОХОДЪ,ДОХОДЪ – Дивидендные акции. Россия,2023-12-29,25,25579586,25579586,25579586,0,True,правила
ДОХОДЪ,ДОХОДЪ – Дивидендные акции. Россия,2024-01-31,25,28318522,28318522,28318522,0,True,правила
ДОХОДЪ,ДОХОДЪ – Дивидендные акции. Россия,2024-02-29,25,29535380,29535380,29535380,0,True,правила
ДОХОДЪ,ДОХОДЪ – Дивидендные акции. Россия,2024-03-29,26,30923167,30923167,30923167,0,True,правила
ДОХОДЪ,ДОХОДЪ – Дивидендные акции. Россия,2024-04-27,26,32037162,32037162,32037162,0,True,правила
ДОХОДЪ,ДОХОДЪ – Дивидендные акции. Россия,2024-05-31,26,30550646,30550646,30550646,0,True,правила
ДОХОДЪ,ДОХОДЪ – Дивидендные акции. Россия,2024-06-28,26,30886623,30886623,30886623,0,True,правила
ДОХОДЪ,ДОХОДЪ – Дивидендные акции. Россия,2024-07-31,26,28680256,28680256,28680256,0,True,правила
ДОХОДЪ,ДОХОДЪ – Дивидендные акции. Россия,2024-08-30,25,26207031,26207031,26207031,0,True,правила
ДОХОДЪ,ДОХОДЪ – Дивидендные акции. Россия,2024-09-30,26,28445073,28445073,28445073,0,True,правила
ДОХОДЪ,ДОХОДЪ – Дивидендные акции. Россия,2024-10-31,26,25915364,25915364,25915364,0,True,правила
ДОХОДЪ,ДОХОДЪ – Дивидендные акции. Россия,2024-11-29,26,27029814,27029814,27029814,0,True,правила
ДОХОДЪ,ДОХОДЪ – Дивидендные акции. Россия,2024-12-28,26,30753990,30753990,30753990,0,True,правила
ДОХОДЪ,ДОХОДЪ – Дивидендные акции. Россия,2025-01-31,26,32715844,32715844,32715844,0,True,правила
ДОХОДЪ,ДОХОДЪ – Дивидендные акции. Россия,2025-02-28,26,34806762,34806762,34806762,0,True,правила
ДОХОДЪ,ДОХОДЪ – Дивидендные акции. Россия,2025-03-31,29,32458694,32458694,32458694,0,True,правила
ДОХОДЪ,ДОХОДЪ – Дивидендные акции. Россия,2025-04-30,29,31649981,31649981,31649981,0,True,правила
ДОХОДЪ,ДОХОДЪ – Дивидендные акции. Россия,2025-05-30,29,31160719,31160719,31160719,0,True,правила
ДОХОДЪ,ДОХОДЪ – Дивидендные акции. Россия,2025-06-30,29,32462926,32462926,32462926,0,True,правила
ДОХОДЪ,ДОХОДЪ – Дивидендные акции. Россия,2025-07-31,29,31369276,31369276,31369276,0,True,правила
ДОХОДЪ,ДОХОДЪ – Дивидендные акции. Россия,2025-08-29,29,33561705,33561705,33561705,0,True,правила
ДОХОДЪ,ДОХОДЪ – Дивидендные акции. Россия,2025-09-30,27,30969697,30969697,30969697,0,True,правила
ДОХОДЪ,ДОХОДЪ – Дивидендные акции. Россия,2025-10-31,27,29481130,29481130,29481130,0,True,правила
ДОХОДЪ,ДОХОДЪ – Дивидендные акции. Россия,2025-11-28,27,31535311,31535311,31535311,0,True,правила
ДОХОДЪ,ДОХОДЪ – Дивидендные акции. Россия,2025-12-30,27,32364684,32364684,32364684,0,True,правила
ДОХОДЪ,ДОХОДЪ – Дивидендные акции. Россия,2026-01-30,27,33318423,33318423,33318423,0,True,правила
ДОХОДЪ,ДОХОДЪ – Дивидендные акции. Россия,2026-02-27,27,33553884,33553884,33553884,0,True,правила
ДОХОДЪ,ДОХОДЪ – Дивидендные акции. Россия,2026-03-31,27,34942090,34942090,34942090,0,True,правила
ДОХОДЪ,ДОХОДЪ – Дивидендные акции. Россия,2026-04-30,27,33237751,33237751,33237751,0,True,правила
ДОХОДЪ,ДОХОДЪ – Дивидендные акции. Россия,2026-05-29,27,32191868,32191868,32191868,0,True,правила
ДОХОДЪ,ДОХОДЪ – Дивидендные акции. Россия,2026-06-30,27,29422743,29422743,29422743,0,True,правила
ДОХОДЪ,ДОХОДЪ – Дивидендные акции. Россия,2026-07-31,27,30053590,30053590,30053590,0,True,правила
ДОХОДЪ,ДОХОДЪ – Дивидендные акции. Россия,2026-08-31,27,30506061,30506061,30506061,0,True,правила
ДОХОДЪ,ДОХОДЪ – Индекс акций роста,2023-05-31,0,0,91224354,91224354,9872057,False,правила
ДОХОДЪ,ДОХОДЪ – Индекс акций роста,2023-06-30,0,0,104391594,104391594,11461136,False,правила
ДОХОДЪ,ДОХОДЪ – Индекс акций роста,2023-07-31,0,0,141374902,141374902,17627942,False,правила
ДОХОДЪ,ДОХОДЪ – Индекс акций роста,2023-08-31,0,0,146879151,146879151,16759032,False,правила
ДОХОДЪ,ДОХОДЪ – Индекс акций роста,2023-10-31,29,118758897,118758897,118758897,39232883,True,правила
ДОХОДЪ,ДОХОДЪ – Индекс акций роста,2023-11-30,29,115250174,115250174,115250174,36650274,True,правила
ДОХОДЪ,ДОХОДЪ – Индекс акций роста,2023-12-29,29,116761135,116761135,116761135,35940722,True,правила
ДОХОДЪ,ДОХОДЪ – Индекс акций роста,2024-01-31,29,125633242,125633242,125633242,40164588,True,правила
ДОХОДЪ,ДОХОДЪ – Индекс акций роста,2024-02-29,29,125441704,125441704,125441704,40821872,True,правила
ДОХОДЪ,ДОХОДЪ – Индекс акций роста,2024-03-29,29,131734851,131734851,131734851,43459144,True,правила
ДОХОДЪ,ДОХОДЪ – Индекс акций роста,2024-04-27,28,158714486,158714486,158714486,28032126,True,правила
ДОХОДЪ,ДОХОДЪ – Индекс акций роста,2024-05-31,28,149036746,149036746,149036746,25507478,True,правила
ДОХОДЪ,ДОХОДЪ – Индекс акций роста,2024-06-28,29,150802113,150802113,150802113,24160499,True,правила
ДОХОДЪ,ДОХОДЪ – Индекс акций роста,2024-07-31,29,137484826,137484826,137484826,22239095,True,правила
ДОХОДЪ,ДОХОДЪ – Индекс акций роста,2024-08-30,28,130392230,130392230,130392230,10472555,True,правила
ДОХОДЪ,ДОХОДЪ – Индекс акций роста,2024-09-30,28,138858164,138858164,138858164,10897771,True,правила
ДОХОДЪ,ДОХОДЪ – Индекс акций роста,2024-10-31,31,138148945,138148945,138148945,0,True,правила
ДОХОДЪ,ДОХОДЪ – Индекс акций роста,2024-11-29,31,134941881,134941881,134941881,0,True,правила
ДОХОДЪ,ДОХОДЪ – Индекс акций роста,2024-12-28,31,162962574,162962574,162962574,0,True,правила
ДОХОДЪ,ДОХОДЪ – Индекс акций роста,2025-01-31,31,175199978,175199978,175199978,0,True,правила
ДОХОДЪ,ДОХОДЪ – Индекс акций роста,2025-02-28,31,202447653,202447653,202447653,0,True,правила
ДОХОДЪ,ДОХОДЪ – Индекс акций роста,2025-03-31,31,192608221,192608221,192608221,0,True,правила
ДОХОДЪ,ДОХОДЪ – Индекс акций роста,2025-04-30,34,189413533,189413533,189413533,0,True,правила
ДОХОДЪ,ДОХОДЪ – Индекс акций роста,2025-05-30,34,182789436,182789436,182789436,0,True,правила
ДОХОДЪ,ДОХОДЪ – Индекс акций роста,2025-06-30,34,189522213,189522213,189522213,0,True,правила
ДОХОДЪ,ДОХОДЪ – Индекс акций роста,2025-07-31,34,194788754,194788754,194788754,0,True,правила
ДОХОДЪ,ДОХОДЪ – Индекс акций роста,2025-08-29,34,205322782,205322782,205322782,0,True,правила
ДОХОДЪ,ДОХОДЪ – Индекс акций роста,2025-09-30,34,191423330,191423330,191423330,0,True,правила
ДОХОДЪ,ДОХОДЪ – Индекс акций роста,2025-10-31,35,179624148,179624148,179624148,0,True,правила
ДОХОДЪ,ДОХОДЪ – Индекс акций роста,2025-11-28,35,192460073,192460073,192460073,0,True,правила
ДОХОДЪ,ДОХОДЪ – Индекс акций роста,2025-12-30,35,197710064,197710064,197710064,0,True,правила
ДОХОДЪ,ДОХОДЪ – Индекс акций роста,2026-01-30,35,202766242,202766242,202766242,0,True,правила
ДОХОДЪ,ДОХОДЪ – Индекс акций роста,2026-02-27,35,204219717,204219717,204219717,0,True,правила
ДОХОДЪ,ДОХОДЪ – Индекс акций роста,2026-03-31,35,197186577,197186577,197186577,0,True,правила
ДОХОДЪ,ДОХОДЪ – Индекс акций роста,2026-04-30,37,192644344,192644344,192644344,0,True,правила
ДОХОДЪ,ДОХОДЪ – Индекс акций роста,2026-05-29,37,192442159,192442159,192442159,0,True,правила
ДОХОДЪ,ДОХОДЪ – Индекс акций роста,2026-06-30,37,182424389,182424389,182424389,0,True,правила
ДОХОДЪ,ДОХОДЪ – Индекс акций роста,2026-07-31,37,178729978,178729978,178729978,0,True,правила
ДОХОДЪ,ДОХОДЪ – Индекс акций роста,2026-08-31,37,173786119,173786119,173786119,0,True,правила
ДОХОДЪ,ДОХОДЪ – Индекс дивидендных акций,2023-05-31,0,0,747577873,747577873,0,False,правила
ДОХОДЪ,ДОХОДЪ – Индекс дивидендных акций,2023-06-30,0,0,754181793,754181793,0,False,правила
ДОХОДЪ,ДОХОДЪ – Индекс дивидендных акций,2023-07-31,0,0,834007127,834007127,0,False,правила
ДОХОДЪ,ДОХОДЪ – Индекс дивидендных акций,2023-08-31,0,0,916190896,916190896,0,False,правила
ДОХОДЪ,ДОХОДЪ – Индекс дивидендных акций,2023-11-30,25,895729464,895729464,895729464,0,True,правила
ДОХОДЪ,ДОХОДЪ – Индекс дивидендных акций,2023-12-29,25,910029768,910029768,910029768,0,True,правила
ДОХОДЪ,ДОХОДЪ – Индекс дивидендных акций,2024-01-31,25,964021448,964021448,964021448,0,True,правила
ДОХОДЪ,ДОХОДЪ – Индекс дивидендных акций,2024-02-29,25,975400028,975400028,975400028,0,True,правила
ДОХОДЪ,ДОХОДЪ – Индекс дивидендных акций,2024-03-29,26,1000471971,1000471971,1000471971,0,True,правила
ДОХОДЪ,ДОХОДЪ – Индекс дивидендных акций,2024-04-27,26,1023282124,1023282124,1023282124,0,True,правила
ДОХОДЪ,ДОХОДЪ – Индекс дивидендных акций,2024-05-31,26,959415262,959415262,959415262,0,True,правила
ДОХОДЪ,ДОХОДЪ – Индекс дивидендных акций,2024-06-28,26,967520524,967520524,967520524,0,True,правила
ДОХОДЪ,ДОХОДЪ – Индекс дивидендных акций,2024-07-31,26,914474905,914474905,914474905,0,True,правила
ДОХОДЪ,ДОХОДЪ – Индекс дивидендных акций,2024-08-30,25,827524157,827524157,827524157,0,True,правила
ДОХОДЪ,ДОХОДЪ – Индекс дивидендных акций,2024-09-30,26,901644479,901644479,901644479,0,True,правила
ДОХОДЪ,ДОХОДЪ – Индекс дивидендных акций,2024-10-31,26,802006561,802006561,802006561,0,True,правила
ДОХОДЪ,ДОХОДЪ – Индекс дивидендных акций,2024-11-29,26,846397783,846397783,846397783,0,True,правила
ДОХОДЪ,ДОХОДЪ – Индекс дивидендных акций,2024-12-28,26,961486327,961486327,961486327,0,True,правила
ДОХОДЪ,ДОХОДЪ – Индекс дивидендных акций,2025-01-31,26,1006770491,1006770491,1006770491,0,True,правила
ДОХОДЪ,ДОХОДЪ – Индекс дивидендных акций,2025-02-28,26,1074517746,1074517746,1074517746,0,True,правила
ДОХОДЪ,ДОХОДЪ – Индекс дивидендных акций,2025-03-31,29,1005399510,1005399510,1005399510,0,True,правила
ДОХОДЪ,ДОХОДЪ – Индекс дивидендных акций,2025-04-30,29,984513921,984513921,984513921,0,True,правила
ДОХОДЪ,ДОХОДЪ – Индекс дивидендных акций,2025-05-30,29,983938104,983938104,983938104,0,True,правила
ДОХОДЪ,ДОХОДЪ – Индекс дивидендных акций,2025-06-30,29,1027597909,1027597909,1027597909,0,True,правила
ДОХОДЪ,ДОХОДЪ – Индекс дивидендных акций,2025-07-31,29,1000308244,1000308244,1000308244,0,True,правила
ДОХОДЪ,ДОХОДЪ – Индекс дивидендных акций,2025-08-29,29,1083306308,1083306308,1083306308,0,True,правила
ДОХОДЪ,ДОХОДЪ – Индекс дивидендных акций,2025-09-30,27,989589756,989589756,989589756,0,True,правила
ДОХОДЪ,ДОХОДЪ – Индекс дивидендных акций,2025-10-31,27,938196035,938196035,938196035,0,True,правила
ДОХОДЪ,ДОХОДЪ – Индекс дивидендных акций,2025-11-28,27,995848980,995848980,995848980,0,True,правила
ДОХОДЪ,ДОХОДЪ – Индекс дивидендных акций,2025-12-30,27,1015900914,1015900914,1015900914,0,True,правила
ДОХОДЪ,ДОХОДЪ – Индекс дивидендных акций,2026-01-30,27,1045061865,1045061865,1045061865,0,True,правила
ДОХОДЪ,ДОХОДЪ – Индекс дивидендных акций,2026-02-27,27,1045443368,1045443368,1045443368,0,True,правила
ДОХОДЪ,ДОХОДЪ – Индекс дивидендных акций,2026-03-31,27,1053511619,1053511619,1053511619,0,True,правила
ДОХОДЪ,ДОХОДЪ – Индекс дивидендных акций,2026-04-30,27,1016378852,1016378852,1016378852,0,True,правила
ДОХОДЪ,ДОХОДЪ – Индекс дивидендных акций,2026-05-29,27,1000698898,1000698898,1000698898,0,True,правила
ДОХОДЪ,ДОХОДЪ – Индекс дивидендных акций,2026-06-30,27,919460987,919460987,919460987,0,True,правила
ДОХОДЪ,ДОХОДЪ – Индекс дивидендных акций,2026-07-31,27,926467362,926467362,926467362,0,True,правила
ДОХОДЪ,ДОХОДЪ – Индекс дивидендных акций,2026-08-31,27,930552063,930552063,930552063,0,True,правила
ДОХОДЪ,ДОХОДЪ – Российские акции. Первый эшелон,2023-05-31,0,0,10025550,10025550,3055505,False,правила
ДОХОДЪ,ДОХОДЪ – Российские акции. Первый эшелон,2023-06-30,0,0,12511578,12511578,3634167,False,правила
ДОХОДЪ,ДОХОДЪ – Российские акции. Первый эшелон,2023-07-31,0,0,17489259,17489259,3407212,False,правила
ДОХОДЪ,ДОХОДЪ – Российские акции. Первый эшелон,2023-08-31,0,0,22138118,22138118,4115003,False,правила
ДОХОДЪ,ДОХОДЪ – Российские акции. Первый эшелон,2023-11-30,19,21583264,21583264,21583264,4309224,True,правила
ДОХОДЪ,ДОХОДЪ – Российские акции. Первый эшелон,2023-12-29,19,23421128,23421128,23421128,3012971,True,правила
ДОХОДЪ,ДОХОДЪ – Российские акции. Первый эшелон,2024-01-31,19,25553796,25553796,25553796,3283659,True,правила
ДОХОДЪ,ДОХОДЪ – Российские акции. Первый эшелон,2024-02-29,19,26910188,26910188,26910188,3612330,True,правила
ДОХОДЪ,ДОХОДЪ – Российские акции. Первый эшелон,2024-03-29,19,28385436,28385436,28385436,3433496,True,правила
ДОХОДЪ,ДОХОДЪ – Российские акции. Первый эшелон,2024-04-27,19,30358787,30358787,30358787,4258129,True,правила
ДОХОДЪ,ДОХОДЪ – Российские акции. Первый эшелон,2024-05-31,19,29192454,29192454,29192454,3617943,True,правила
ДОХОДЪ,ДОХОДЪ – Российские акции. Первый эшелон,2024-06-28,19,29525985,29525985,29525985,3403223,True,правила
ДОХОДЪ,ДОХОДЪ – Российские акции. Первый эшелон,2024-07-31,22,30227549,30227549,30227549,1120539,True,правила
ДОХОДЪ,ДОХОДЪ – Российские акции. Первый эшелон,2024-08-30,21,28076714,28076714,28076714,1087563,True,правила
ДОХОДЪ,ДОХОДЪ – Российские акции. Первый эшелон,2024-09-30,21,29842931,29842931,29842931,1095141,True,правила
ДОХОДЪ,ДОХОДЪ – Российские акции. Первый эшелон,2024-10-31,21,26612270,26612270,26612270,915192,True,правила
ДОХОДЪ,ДОХОДЪ – Российские акции. Первый эшелон,2024-11-29,21,26208312,26208312,26208312,803182,True,правила
ДОХОДЪ,ДОХОДЪ – Российские акции. Первый эшелон,2024-12-28,21,29298901,29298901,29298901,0,True,правила
ДОХОДЪ,ДОХОДЪ – Российские акции. Первый эшелон,2025-01-31,21,30590480,30590480,30590480,0,True,правила
ДОХОДЪ,ДОХОДЪ – Российские акции. Первый эшелон,2025-02-28,21,32030722,32030722,32030722,0,True,правила
ДОХОДЪ,ДОХОДЪ – Российские акции. Первый эшелон,2025-03-31,21,31722057,31722057,31722057,0,True,правила
ДОХОДЪ,ДОХОДЪ – Российские акции. Первый эшелон,2025-04-30,21,30327391,30327391,30327391,0,True,правила
ДОХОДЪ,ДОХОДЪ – Российские акции. Первый эшелон,2025-05-30,21,29535296,29535296,29535296,0,True,правила
ДОХОДЪ,ДОХОДЪ – Российские акции. Первый эшелон,2025-06-30,21,30388214,30388214,30388214,0,True,правила
ДОХОДЪ,ДОХОДЪ – Российские акции. Первый эшелон,2025-07-31,21,30181549,30181549,30181549,0,True,правила
ДОХОДЪ,ДОХОДЪ – Российские акции. Первый эшелон,2025-08-29,21,31925078,31925078,31925078,0,True,правила
ДОХОДЪ,ДОХОДЪ – Российские акции. Первый эшелон,2025-09-30,21,28207379,28207379,28207379,0,True,правила
ДОХОДЪ,ДОХОДЪ – Российские акции. Первый эшелон,2025-10-31,21,27363100,27363100,27363100,0,True,правила
ДОХОДЪ,ДОХОДЪ – Российские акции. Первый эшелон,2025-11-28,21,29658109,29658109,29658109,0,True,правила
ДОХОДЪ,ДОХОДЪ – Российские акции. Первый эшелон,2025-12-30,21,31541815,31541815,31541815,0,True,правила
ДОХОДЪ,ДОХОДЪ – Российские акции. Первый эшелон,2026-01-30,21,33012576,33012576,33012576,0,True,правила
ДОХОДЪ,ДОХОДЪ – Российские акции. Первый эшелон,2026-02-27,21,33123573,33123573,33123573,0,True,правила
ДОХОДЪ,ДОХОДЪ – Российские акции. Первый эшелон,2026-03-31,21,37383408,37383408,37383408,0,True,правила
ДОХОДЪ,ДОХОДЪ – Российские акции. Первый эшелон,2026-04-30,21,31268709,31268709,31268709,0,True,правила
ДОХОДЪ,ДОХОДЪ – Российские акции. Первый эшелон,2026-05-29,21,29883453,29883453,29883453,0,True,правила
ДОХОДЪ,ДОХОДЪ – Российские акции. Первый эшелон,2026-06-30,21,27375566,27375566,27375566,0,True,правила
ДОХОДЪ,ДОХОДЪ – Российские акции. Первый эшелон,2026-07-31,22,28399854,28399854,28399854,0,True,правила
ДОХОДЪ,ДОХОДЪ – Российские акции. Первый эшелон,2026-08-31,22,27981453,27981453,27981453,0,True,правила
ПСБ,ПСБ – Акции,2023-07-31,17,4302151542,4302151542,4302151542,0,True,правила
ПСБ,ПСБ – Акции,2023-08-31,15,4587707956,4587707956,4587707956,0,True,правила
ПСБ,ПСБ – Акции,2023-09-29,16,4576740238,4576740238,4576740238,0,True,правила
ПСБ,ПСБ – Акции,2023-10-31,16,4737347333,4737347333,4737347333,0,True,правила
ПСБ,ПСБ – Акции,2023-11-30,16,4755698963,4755698963,4755698963,0,True,правила
ПСБ,ПСБ – Акции,2023-12-29,17,4627666320,4627666320,4627666320,0,True,правила
ПСБ,ПСБ – Акции,2024-01-31,20,4828759213,4828759213,4828759213,0,True,правила
ПСБ,ПСБ – Акции,2024-02-29,20,4677697471,4677697471,4677697471,0,True,правила
ПСБ,ПСБ – Акции,2024-03-29,22,4909928566,4909928566,4909928566,0,True,правила
ПСБ,ПСБ – Акции,2024-04-27,23,5106575569,5106575569,5106575569,0,True,правила
ПСБ,ПСБ – Акции,2024-05-31,21,4860096236,4860096236,4860096236,0,True,правила
ПСБ,ПСБ – Акции,2024-06-28,23,4786340471,4786340471,4786340471,0,True,правила
ПСБ,ПСБ – Акции,2024-07-31,23,4443995040,4443995040,4443995040,0,True,правила
ПСБ,ПСБ – Акции,2024-08-30,22,3790751148,3790751148,3790751148,0,True,правила
ПСБ,ПСБ – Акции,2024-09-30,22,3947835657,3947835657,3947835657,0,True,правила
ПСБ,ПСБ – Акции,2024-10-31,21,3424190040,3424190040,3424190040,0,True,правила
ПСБ,ПСБ – Акции,2024-11-29,21,3342550482,3342550482,3342550482,0,True,правила
ПСБ,ПСБ – Акции,2024-12-28,22,3615723200,3615723200,3615723200,0,True,правила
ПСБ,ПСБ – Акции,2025-01-31,23,3723279469,3723279469,3723279469,0,True,правила
ПСБ,ПСБ – Акции,2025-02-28,27,3892913100,3892913100,3892913100,0,True,правила
ПСБ,ПСБ – Акции,2025-03-31,26,3588806280,3588806280,3588806280,0,True,правила
ПСБ,ПСБ – Акции,2025-04-30,27,3438486616,3438486616,3438486616,0,True,правила
ПСБ,ПСБ – Акции,2025-05-30,27,3274344393,3274344393,3274344393,0,True,правила
ПСБ,ПСБ – Акции,2025-06-30,28,3276124237,3276124237,3276124237,0,True,правила
ПСБ,ПСБ – Акции,2025-07-31,30,2960471516,2960471516,2960471516,0,True,правила
ПСБ,ПСБ – Акции,2025-08-29,34,3096109710,3096109710,3096109710,0,True,правила
ПСБ,ПСБ – Акции,2025-09-30,35,2852558588,2852558588,2852558588,0,True,правила
ПСБ,ПСБ – Акции,2025-10-31,36,2670419530,2670419530,2670419530,0,True,правила
ПСБ,ПСБ – Акции,2025-11-28,35,2724900583,2724900583,2724900583,0,True,правила
ПСБ,ПСБ – Акции,2025-12-30,33,2728996539,2728996539,2728996539,0,True,правила
ПСБ,ПСБ – Акции,2026-01-30,35,2748328061,2748328061,2748328061,0,True,правила
ПСБ,ПСБ – Акции,2026-02-27,35,2736681541,2736681541,2736681541,0,True,правила
ПСБ,ПСБ – Акции,2026-03-31,35,2585598336,2585598336,2585598336,0,True,правила
ПСБ,ПСБ – Акции,2026-04-30,34,2382999188,2382999188,2382999188,0,True,правила
ПСБ,ПСБ – Акции,2026-05-29,33,2280250047,2280250047,2280250047,0,True,правила
ПСБ,ПСБ – Акции,2026-06-30,35,1972791650,1972791650,1972791650,0,True,правила
ПСБ,ПСБ – Акции,2026-07-31,37,1923692062,1923692062,1923692062,0,True,правила
ПСБ,ПСБ – Акции,2026-08-31,33,1831570632,1831570632,1831570632,0,True,правила
ПСБ,ПСБ – Дивидендные акции,2023-07-31,15,420519173,420519173,420519173,0,True,правила
ПСБ,ПСБ – Дивидендные акции,2023-08-31,17,601078302,601078302,601078302,0,True,правила
ПСБ,ПСБ – Дивидендные акции,2023-09-29,18,715599736,715599736,715599736,0,True,правила
ПСБ,ПСБ – Дивидендные акции,2023-10-31,20,887960647,887960647,887960647,0,True,правила
ПСБ,ПСБ – Дивидендные акции,2023-11-30,21,1131262225,1131262225,1131262225,0,True,правила
ПСБ,ПСБ – Дивидендные акции,2023-12-29,21,1338749461,1338749461,1338749461,0,True,правила
ПСБ,ПСБ – Дивидендные акции,2024-01-31,19,1670381390,1670381390,1670381390,0,True,правила
ПСБ,ПСБ – Дивидендные акции,2024-02-29,19,1824551882,1824551882,1824551882,0,True,правила
ПСБ,ПСБ – Дивидендные акции,2024-03-29,20,2502914562,2502914562,2502914562,0,True,правила
ПСБ,ПСБ – Дивидендные акции,2024-04-27,21,3030480842,3030480842,3030480842,0,True,правила
ПСБ,ПСБ – Дивидендные акции,2024-05-31,19,3288076659,3288076659,3288076659,0,True,правила
ПСБ,ПСБ – Дивидендные акции,2024-06-28,19,3586230058,3586230058,3586230058,0,True,правила
ПСБ,ПСБ – Дивидендные акции,2024-07-31,20,3326259600,3326259600,3326259600,0,True,правила
ПСБ,ПСБ – Дивидендные акции,2024-08-30,20,2884176565,2884176565,2884176565,0,True,правила
ПСБ,ПСБ – Дивидендные акции,2024-09-30,21,3052823674,3052823674,3052823674,0,True,правила
ПСБ,ПСБ – Дивидендные акции,2024-10-31,18,2422455430,2422455430,2422455430,0,True,правила
ПСБ,ПСБ – Дивидендные акции,2024-11-29,18,2346861350,2346861350,2346861350,0,True,правила
ПСБ,ПСБ – Дивидендные акции,2024-12-28,19,2504509100,2504509100,2504509100,0,True,правила
ПСБ,ПСБ – Дивидендные акции,2025-01-31,21,2439063349,2439063349,2439063349,0,True,правила
ПСБ,ПСБ – Дивидендные акции,2025-02-28,23,2524419970,2524419970,2524419970,0,True,правила
ПСБ,ПСБ – Дивидендные акции,2025-03-31,24,2330411050,2330411050,2330411050,0,True,правила
ПСБ,ПСБ – Дивидендные акции,2025-04-30,23,2141855605,2141855605,2141855605,0,True,правила
ПСБ,ПСБ – Дивидендные акции,2025-05-30,22,2003620281,2003620281,2003620281,0,True,правила
ПСБ,ПСБ – Дивидендные акции,2025-06-30,24,1995342049,1995342049,1995342049,0,True,правила
ПСБ,ПСБ – Дивидендные акции,2025-07-31,25,1703507155,1703507155,1703507155,0,True,правила
ПСБ,ПСБ – Дивидендные акции,2025-08-29,26,1727899121,1727899121,1727899121,0,True,правила
ПСБ,ПСБ – Дивидендные акции,2025-09-30,27,1559850202,1559850202,1559850202,0,True,правила
ПСБ,ПСБ – Дивидендные акции,2025-10-31,28,1325885507,1325885507,1325885507,0,True,правила
ПСБ,ПСБ – Дивидендные акции,2025-11-28,29,1373251963,1373251963,1373251963,0,True,правила
ПСБ,ПСБ – Дивидендные акции,2025-12-30,29,1387930999,1387930999,1387930999,0,True,правила
ПСБ,ПСБ – Дивидендные акции,2026-01-30,29,1345238232,1345238232,1345238232,0,True,правила
ПСБ,ПСБ – Дивидендные акции,2026-02-27,29,1324113480,1324113480,1324113480,0,True,правила
ПСБ,ПСБ – Дивидендные акции,2026-03-31,28,1275244286,1275244286,1275244286,0,True,правила
ПСБ,ПСБ – Дивидендные акции,2026-04-30,28,1223197924,1223197924,1223197924,0,True,правила
ПСБ,ПСБ – Дивидендные акции,2026-05-29,28,1182050475,1182050475,1182050475,0,True,правила
ПСБ,ПСБ – Дивидендные акции,2026-06-30,27,1041313063,1041313063,1041313063,0,True,правила
ПСБ,ПСБ – Дивидендные акции,2026-07-31,30,955752056,955752056,955752056,0,True,правила
ПСБ,ПСБ – Дивидендные акции,2026-08-31,29,951723425,951723425,951723425,0,True,правила
ПСБ,ПСБ – Капитал перспектива,2023-07-31,16,7198772738,7198772738,7198772738,0,True,правила
ПСБ,ПСБ – Капитал перспектива,2023-08-31,16,7437583790,7437583790,7437583790,0,True,правила
ПСБ,ПСБ – Капитал перспектива,2023-09-29,16,7008792226,7008792226,7008792226,0,True,правила
ПСБ,ПСБ – Капитал перспектива,2023-10-31,18,7067082464,7067082464,7067082464,0,True,правила
ПСБ,ПСБ – Капитал перспектива,2023-11-30,19,6767690508,6767690508,6767690508,0,True,правила
ПСБ,ПСБ – Капитал перспектива,2023-12-29,21,6462113249,6462113249,6462113249,0,True,правила
ПСБ,ПСБ – Капитал перспектива,2024-01-31,23,6570174151,6570174151,6570174151,0,True,правила
ПСБ,ПСБ – Капитал перспектива,2024-02-29,24,6103382635,6103382635,6103382635,0,True,правила
ПСБ,ПСБ – Капитал перспектива,2024-03-29,25,6262359073,6262359073,6262359073,0,True,правила
ПСБ,ПСБ – Капитал перспектива,2024-04-27,25,6901879538,6901879538,6901879538,0,True,правила
ПСБ,ПСБ – Капитал перспектива,2024-05-31,20,6481706126,6481706126,6481706126,0,True,правила
ПСБ,ПСБ – Капитал перспектива,2024-06-28,23,6439356305,6439356305,6439356305,0,True,правила
ПСБ,ПСБ – Капитал перспектива,2024-07-31,25,5921352617,5921352617,5921352617,0,True,правила
ПСБ,ПСБ – Капитал перспектива,2024-08-30,25,4937167032,4987991820,4987991820,0,False,правила
ПСБ,ПСБ – Капитал перспектива,2024-09-30,25,4978033792,4978033792,4978033792,0,True,правила
ПСБ,ПСБ – Капитал перспектива,2024-10-31,23,4332256704,4332256704,4332256704,0,True,правила
ПСБ,ПСБ – Капитал перспектива,2024-11-29,24,4210183470,4210183470,4210183470,0,True,правила
ПСБ,ПСБ – Капитал перспектива,2024-12-28,24,4586129503,4586129503,4586129503,0,True,правила
ПСБ,ПСБ – Капитал перспектива,2025-01-31,27,4666702833,4666702833,4666702833,0,True,правила
ПСБ,ПСБ – Капитал перспектива,2025-02-28,28,4824885627,4824885627,4824885627,0,True,правила
ПСБ,ПСБ – Капитал перспектива,2025-03-31,26,4255950405,4255950405,4255950405,0,True,правила
ПСБ,ПСБ – Капитал перспектива,2025-04-30,27,4275009118,4275009118,4275009118,0,True,правила
ПСБ,ПСБ – Капитал перспектива,2025-05-30,28,4055582431,4055582431,4055582431,0,True,правила
ПСБ,ПСБ – Капитал перспектива,2025-06-30,28,4041037688,4041037688,4041037688,0,True,правила
ПСБ,ПСБ – Капитал перспектива,2025-07-31,29,3719956146,3719956146,3719956146,0,True,правила
ПСБ,ПСБ – Капитал перспектива,2025-08-29,34,3809415399,3809415399,3809415399,0,True,правила
ПСБ,ПСБ – Капитал перспектива,2025-09-30,35,3452491492,3452491492,3452491492,0,True,правила
ПСБ,ПСБ – Капитал перспектива,2025-10-31,35,3225699834,3225699834,3225699834,0,True,правила
ПСБ,ПСБ – Капитал перспектива,2025-11-28,36,3338522653,3338522653,3338522653,0,True,правила
ПСБ,ПСБ – Капитал перспектива,2025-12-30,33,3365104773,3365104773,3365104773,0,True,правила
ПСБ,ПСБ – Капитал перспектива,2026-01-30,34,3393925891,3393925891,3393925891,0,True,правила
ПСБ,ПСБ – Капитал перспектива,2026-02-27,36,3354613673,3354613673,3354613673,0,True,правила
ПСБ,ПСБ – Капитал перспектива,2026-03-31,33,3151160411,3151160411,3151160411,0,True,правила
ПСБ,ПСБ – Капитал перспектива,2026-04-30,34,2898121665,2898121665,2898121665,0,True,правила
ПСБ,ПСБ – Капитал перспектива,2026-05-29,34,2805928120,2805928120,2805928120,0,True,правила
ПСБ,ПСБ – Капитал перспектива,2026-06-30,35,2450320238,2450320238,2450320238,0,True,правила
ПСБ,ПСБ – Капитал перспектива,2026-07-31,36,2390453828,2390453828,2390453828,0,True,правила
ПСБ,ПСБ – Капитал перспектива,2026-08-31,34,2337103073,2337103073,2337103073,0,True,правила
ПСБ,ПСБ – Недра России,2023-07-31,20,1597116343,1597116343,1597116343,0,True,правила
ПСБ,ПСБ – Недра России,2023-08-31,19,2523006287,2523006287,2523006287,0,True,правила
ПСБ,ПСБ – Недра России,2023-09-29,18,3100364381,3100364381,3100364381,0,True,правила
ПСБ,ПСБ – Недра России,2023-10-31,19,3643704874,3643704874,3643704874,0,True,правила
ПСБ,ПСБ – Недра России,2023-11-30,19,3984934706,3984934706,3984934706,0,True,правила
ПСБ,ПСБ – Недра России,2023-12-29,18,4137456341,4137456341,4137456341,0,True,правила
ПСБ,ПСБ – Недра России,2024-01-31,19,4611569008,4611569008,4611569008,0,True,правила
ПСБ,ПСБ – Недра России,2024-02-29,17,4649300928,4649300928,4649300928,0,True,правила
ПСБ,ПСБ – Недра России,2024-03-29,16,4946596685,4946596685,4946596685,0,True,правила
ПСБ,ПСБ – Недра России,2024-04-27,16,5143179046,5143179046,5143179046,0,True,правила
ПСБ,ПСБ – Недра России,2024-05-31,16,4860399360,4860399360,4860399360,0,True,правила
ПСБ,ПСБ – Недра России,2024-06-28,17,4745168909,4745168909,4745168909,0,True,правила
ПСБ,ПСБ – Недра России,2024-07-31,17,4344648928,4344648928,4344648928,0,True,правила
ПСБ,ПСБ – Недра России,2024-08-30,18,3735007446,3735007446,3735007446,0,True,правила
ПСБ,ПСБ – Недра России,2024-09-30,16,3829649140,3829649140,3829649140,0,True,правила
ПСБ,ПСБ – Недра России,2024-10-31,14,3256648688,3256648688,3256648688,0,True,правила
ПСБ,ПСБ – Недра России,2024-11-29,15,3132365975,3132365975,3132365975,0,True,правила
ПСБ,ПСБ – Недра России,2024-12-28,15,3307853486,3307853486,3307853486,0,True,правила
ПСБ,ПСБ – Недра России,2025-01-31,15,3387027230,3387027230,3387027230,0,True,правила
ПСБ,ПСБ – Недра России,2025-02-28,17,3503574508,3503574508,3503574508,0,True,правила
ПСБ,ПСБ – Недра России,2025-03-31,19,3073879120,3073879120,3073879120,0,True,правила
ПСБ,ПСБ – Недра России,2025-04-30,18,2844779784,2844779784,2844779784,0,True,правила
ПСБ,ПСБ – Недра России,2025-05-30,18,2635091328,2635091328,2635091328,0,True,правила
ПСБ,ПСБ – Недра России,2025-06-30,16,2605677702,2605677702,2605677702,0,True,правила
ПСБ,ПСБ – Недра России,2025-07-31,18,2262882516,2262882516,2262882516,0,True,правила
ПСБ,ПСБ – Недра России,2025-08-29,18,2276623782,2276623782,2276623782,0,True,правила
ПСБ,ПСБ – Недра России,2025-09-30,18,2054190725,2054190725,2054190725,0,True,правила
ПСБ,ПСБ – Недра России,2025-10-31,18,1866872498,1866872498,1866872498,0,True,правила
ПСБ,ПСБ – Недра России,2025-11-28,19,1898347974,1898347974,1898347974,0,True,правила
ПСБ,ПСБ – Недра России,2025-12-30,19,1926332745,1926332745,1926332745,0,True,правила
ПСБ,ПСБ – Недра России,2026-01-30,19,1888542057,1888542057,1888542057,0,True,правила
ПСБ,ПСБ – Недра России,2026-02-27,19,1813074761,1813074761,1813074761,0,True,правила
ПСБ,ПСБ – Недра России,2026-03-31,20,1769739162,1769739162,1769739162,0,True,правила
ПСБ,ПСБ – Недра России,2026-04-30,18,1600522469,1600522469,1600522469,0,True,правила
ПСБ,ПСБ – Недра России,2026-05-29,19,1508685784,1508685784,1508685784,0,True,правила
ПСБ,ПСБ – Недра России,2026-06-30,19,1289898274,1289898274,1289898274,0,True,правила
ПСБ,ПСБ – Недра России,2026-07-31,20,1235353668,1235353668,1235353668,0,True,правила
ПСБ,ПСБ – Недра России,2026-08-31,20,1248527116,1248527116,1248527116,0,True,правила
ПСБ,ПСБ – Оборонный,2023-07-31,0,0,2177064686,0,0,False,правила
ПСБ,ПСБ – Оборонный,2023-08-31,0,0,2082138696,0,0,False,правила
ПСБ,ПСБ – Оборонный,2023-09-29,0,0,1980302275,0,0,False,правила
ПСБ,ПСБ – Оборонный,2023-10-31,0,0,1778587302,0,0,False,правила
ПСБ,ПСБ – Оборонный,2023-11-30,0,0,1700751249,0,0,False,правила
ПСБ,ПСБ – Оборонный,2023-12-29,0,0,1599499163,0,0,False,правила
ПСБ,ПСБ – Оборонный,2024-01-31,0,0,1559712267,0,0,False,правила
ПСБ,ПСБ – Оборонный,2024-02-29,0,0,1504044808,0,0,False,правила
ПСБ,ПСБ – Оборонный,2024-03-29,0,0,1475432541,0,0,False,правила
ПСБ,ПСБ – Оборонный,2024-04-27,0,0,1686702301,0,0,False,правила
ПСБ,ПСБ – Оборонный,2024-05-31,0,0,1770565072,0,0,False,правила
ПСБ,ПСБ – Оборонный,2024-06-28,0,0,1797366643,0,0,False,правила
ПСБ,ПСБ – Оборонный,2024-07-31,0,0,1699684363,0,0,False,правила
ПСБ,ПСБ – Оборонный,2024-08-30,1,99314374,1736519715,0,0,False,правила
ПСБ,ПСБ – Оборонный,2024-09-30,0,0,1760086122,0,0,False,правила
ПСБ,ПСБ – Оборонный,2024-10-31,0,0,1764700573,0,0,False,правила
ПСБ,ПСБ – Оборонный,2024-11-29,0,0,2103138255,0,0,False,правила
ПСБ,ПСБ – Оборонный,2024-12-28,0,0,2237209056,0,0,False,правила
ПСБ,ПСБ – Оборонный,2025-01-31,0,0,2260275077,0,0,False,правила
ПСБ,ПСБ – Оборонный,2025-02-28,0,0,2610510100,0,0,False,правила
ПСБ,ПСБ – Оборонный,2025-03-31,0,0,3037147588,0,0,False,правила
ПСБ,ПСБ – Оборонный,2025-04-30,0,0,2956012303,0,0,False,правила
ПСБ,ПСБ – Оборонный,2025-05-30,0,0,3337772190,0,0,False,правила
ПСБ,ПСБ – Оборонный,2025-06-30,0,0,3991210252,0,0,False,правила
ПСБ,ПСБ – Оборонный,2025-07-31,0,0,4785421566,0,0,False,правила
ПСБ,ПСБ – Оборонный,2025-08-29,0,0,6388588774,0,0,False,правила
ПСБ,ПСБ – Оборонный,2025-09-30,0,0,6467023581,0,0,False,правила
ПСБ,ПСБ – Оборонный,2025-10-31,0,0,7134571812,0,0,False,правила
ПСБ,ПСБ – Оборонный,2025-11-28,0,0,8125259029,0,0,False,правила
ПСБ,ПСБ – Оборонный,2025-12-30,1,94843184,8927387386,0,0,False,правила
ПСБ,ПСБ – Оборонный,2026-01-30,1,29,9271694007,0,0,False,правила
ПСБ,ПСБ – Оборонный,2026-02-27,1,4,9769934678,0,0,False,правила
ПСБ,ПСБ – Оборонный,2026-03-31,1,8,11216482478,0,0,False,правила
ПСБ,ПСБ – Оборонный,2026-04-30,1,8,11795141812,0,0,False,правила
ПСБ,ПСБ – Оборонный,2026-05-29,1,8,12829562860,0,0,False,правила
ПСБ,ПСБ – Оборонный,2026-06-30,0,0,13492243807,0,0,False,правила
ПСБ,ПСБ – Оборонный,2026-07-31,0,0,13636270417,0,0,False,правила
ПСБ,ПСБ – Оборонный,2026-08-31,0,0,13793068518,0,0,False,правила
ПСБ,ПСБ – Окно возможностей,2023-07-31,31,501422940,501422940,501422940,0,True,правила
ПСБ,ПСБ – Окно возможностей,2023-08-31,31,785510683,785510683,785510683,0,True,правила
ПСБ,ПСБ – Окно возможностей,2023-09-29,25,878894356,878894356,878894356,0,True,правила
ПСБ,ПСБ – Окно возможностей,2023-10-31,25,959694683,959694683,959694683,0,True,правила
ПСБ,ПСБ – Окно возможностей,2023-11-30,24,986266629,986266629,986266629,0,True,правила
ПСБ,ПСБ – Окно возможностей,2023-12-29,25,950387801,950387801,950387801,0,True,правила
ПСБ,ПСБ – Окно возможностей,2024-01-31,24,993285462,993285462,993285462,0,True,правила
ПСБ,ПСБ – Окно возможностей,2024-02-29,24,1010121403,1010121403,1010121403,0,True,правила
ПСБ,ПСБ – Окно возможностей,2024-03-29,20,1108003958,1108003958,1108003958,0,True,правила
ПСБ,ПСБ – Окно возможностей,2024-04-27,21,1316611517,1316611517,1316611517,0,True,правила
ПСБ,ПСБ – Окно возможностей,2024-05-31,22,1345024365,1345024365,1345024365,0,True,правила
ПСБ,ПСБ – Окно возможностей,2024-06-28,24,1387428864,1387428864,1387428864,0,True,правила
ПСБ,ПСБ – Окно возможностей,2024-07-31,25,1279937347,1279937347,1279937347,0,True,правила
ПСБ,ПСБ – Окно возможностей,2024-08-30,24,1007821626,1062785626,1062785626,0,False,правила
ПСБ,ПСБ – Окно возможностей,2024-09-30,24,1056631256,1056631256,1056631256,0,True,правила
ПСБ,ПСБ – Окно возможностей,2024-10-31,21,960786738,960786738,960786738,0,True,правила
ПСБ,ПСБ – Окно возможностей,2024-11-29,22,936157893,936157893,936157893,0,True,правила
ПСБ,ПСБ – Окно возможностей,2024-12-28,21,980095700,980095700,980095700,0,True,правила
ПСБ,ПСБ – Окно возможностей,2025-01-31,23,1009546600,1009546600,1009546600,0,True,правила
ПСБ,ПСБ – Окно возможностей,2025-02-28,25,1070194550,1070194550,1070194550,0,True,правила
ПСБ,ПСБ – Окно возможностей,2025-03-31,23,969855050,969855050,969855050,0,True,правила
ПСБ,ПСБ – Окно возможностей,2025-04-30,21,928782590,928782590,928782590,0,True,правила
ПСБ,ПСБ – Окно возможностей,2025-05-30,22,883669662,883669662,883669662,0,True,правила
ПСБ,ПСБ – Окно возможностей,2025-06-30,22,887786032,887786032,887786032,0,True,правила
ПСБ,ПСБ – Окно возможностей,2025-07-31,25,800284971,800284971,800284971,0,True,правила
ПСБ,ПСБ – Окно возможностей,2025-08-29,26,798405282,798405282,798405282,0,True,правила
ПСБ,ПСБ – Окно возможностей,2025-09-30,27,718197432,718197432,718197432,0,True,правила
ПСБ,ПСБ – Окно возможностей,2025-10-31,27,669404286,669404286,669404286,0,True,правила
ПСБ,ПСБ – Окно возможностей,2025-11-28,28,695785389,695785389,695785389,0,True,правила
ПСБ,ПСБ – Окно возможностей,2025-12-30,28,714465653,714465653,714465653,0,True,правила
ПСБ,ПСБ – Окно возможностей,2026-01-30,28,709868340,709868340,709868340,0,True,правила
ПСБ,ПСБ – Окно возможностей,2026-02-27,33,714994103,714994103,714994103,0,True,правила
ПСБ,ПСБ – Окно возможностей,2026-03-31,32,672308192,672308192,672308192,0,True,правила
ПСБ,ПСБ – Окно возможностей,2026-04-30,31,640178241,640178241,640178241,0,True,правила
ПСБ,ПСБ – Окно возможностей,2026-05-29,30,614174133,614174133,614174133,0,True,правила
ПСБ,ПСБ – Окно возможностей,2026-06-30,30,551979467,551979467,551979467,0,True,правила
ПСБ,ПСБ – Окно возможностей,2026-07-31,35,518633160,518633160,518633160,0,True,правила
ПСБ,ПСБ – Окно возможностей,2026-08-31,35,507616929,507616929,507616929,0,True,правила
ПСБ,ПСБ – Российские акции,2025-07-31,28,24425365,24425365,24425365,0,True,правила
ПСБ,ПСБ – Российские акции,2025-08-29,28,26057816,26057816,26057816,0,True,правила
ПСБ,ПСБ – Российские акции,2025-09-30,32,24622751,24622751,24622751,0,True,правила
ПСБ,ПСБ – Российские акции,2025-10-31,32,28865283,28865283,28865283,0,True,правила
ПСБ,ПСБ – Российские акции,2025-11-28,33,30570768,30570768,30570768,0,True,правила
ПСБ,ПСБ – Российские акции,2025-12-30,31,31853203,31853203,31853203,0,True,правила
ПСБ,ПСБ – Российские акции,2026-01-30,31,32331701,32331701,32331701,0,True,правила
ПСБ,ПСБ – Российские акции,2026-02-27,33,33031738,33031738,33031738,0,True,правила
ПСБ,ПСБ – Российские акции,2026-03-31,31,34992139,34992139,34992139,0,True,правила
ПСБ,ПСБ – Российские акции,2026-04-30,34,33216973,33216973,33216973,0,True,правила
ПСБ,ПСБ – Российские акции,2026-05-29,35,37775096,37775096,37775096,0,True,правила
ПСБ,ПСБ – Российские акции,2026-06-30,35,43944576,43944576,43944576,0,True,правила
ПСБ,ПСБ – Российские акции,2026-07-31,36,47620666,47620666,47620666,0,True,правила
ПСБ,ПСБ – Российские акции,2026-08-31,36,55127998,55127998,55127998,0,True,правила
ПСБ,ПСБ – Сбалансированный,2023-07-31,15,3844829013,5257838929,3844829013,0,True,правила
ПСБ,ПСБ – Сбалансированный,2023-08-31,13,3882333890,5679817774,3882333890,0,True,правила
ПСБ,ПСБ – Сбалансированный,2023-09-29,15,3979164438,5611146251,3979164438,0,True,правила
ПСБ,ПСБ – Сбалансированный,2023-10-31,15,4103911338,5692557355,4103911338,0,True,правила
ПСБ,ПСБ – Сбалансированный,2023-11-30,15,4113833515,5728519578,4113833515,0,True,правила
ПСБ,ПСБ – Сбалансированный,2023-12-29,15,3966263051,5497735775,3966263051,0,True,правила
ПСБ,ПСБ – Сбалансированный,2024-01-31,15,4042216562,5633187464,4042216562,0,True,правила
ПСБ,ПСБ – Сбалансированный,2024-02-29,15,4007623784,5614425794,4007623784,0,True,правила
ПСБ,ПСБ – Сбалансированный,2024-03-29,19,3983354443,5649140275,3983354443,0,True,правила
ПСБ,ПСБ – Сбалансированный,2024-04-27,20,4205764948,5974912838,4205764948,0,True,правила
ПСБ,ПСБ – Сбалансированный,2024-05-31,21,3984617595,5765178435,3984617595,0,True,правила
ПСБ,ПСБ – Сбалансированный,2024-06-28,21,3979569416,5655909539,3979569416,0,True,правила
ПСБ,ПСБ – Сбалансированный,2024-07-31,22,3622164726,5377664963,3622164726,0,True,правила
ПСБ,ПСБ – Сбалансированный,2024-08-30,17,2664226276,4495062772,2705508468,0,False,правила
ПСБ,ПСБ – Сбалансированный,2024-09-30,21,3411946167,4998308474,3411946167,0,True,правила
ПСБ,ПСБ – Сбалансированный,2024-10-31,21,3000945872,4105701857,3000945872,0,True,правила
ПСБ,ПСБ – Сбалансированный,2024-11-29,24,2810483102,4111129679,2810483102,0,True,правила
ПСБ,ПСБ – Сбалансированный,2024-12-28,23,2992509728,4438731501,2992509728,0,True,правила
ПСБ,ПСБ – Сбалансированный,2025-01-31,24,3024513504,4556610810,3024513504,0,True,правила
ПСБ,ПСБ – Сбалансированный,2025-02-28,27,3245021955,4819820737,3245021955,0,True,правила
ПСБ,ПСБ – Сбалансированный,2025-03-31,25,3028330791,4659159401,3028330791,0,True,правила
ПСБ,ПСБ – Сбалансированный,2025-04-30,24,3096058017,4692619745,3096058017,0,True,правила
ПСБ,ПСБ – Сбалансированный,2025-05-30,24,2933008030,4515704132,2933008030,0,True,правила
ПСБ,ПСБ – Сбалансированный,2025-06-30,25,2914006327,4504425322,2914006327,0,True,правила
ПСБ,ПСБ – Сбалансированный,2025-07-31,26,2613675973,4249344139,2613675973,0,True,правила
ПСБ,ПСБ – Сбалансированный,2025-08-29,33,2843400374,4392108864,2843400374,0,True,правила
ПСБ,ПСБ – Сбалансированный,2025-09-30,33,2640148979,4122046571,2640148979,0,True,правила
ПСБ,ПСБ – Сбалансированный,2025-10-31,33,2488093966,3992420056,2488093966,0,True,правила
ПСБ,ПСБ – Сбалансированный,2025-11-28,34,2634946207,4063524886,2634946207,0,True,правила
ПСБ,ПСБ – Сбалансированный,2025-12-30,33,2787613520,4113506795,2787613520,0,True,правила
ПСБ,ПСБ – Сбалансированный,2026-01-30,33,2790789434,4172142685,2790789434,0,True,правила
ПСБ,ПСБ – Сбалансированный,2026-02-27,34,2840651998,4253885904,2840651998,0,True,правила
ПСБ,ПСБ – Сбалансированный,2026-03-31,33,2712571800,4115923517,2712571800,0,True,правила
ПСБ,ПСБ – Сбалансированный,2026-04-30,33,2537959171,3944713081,2537959171,0,True,правила
ПСБ,ПСБ – Сбалансированный,2026-05-29,34,2420402956,3810677220,2420402956,0,True,правила
ПСБ,ПСБ – Сбалансированный,2026-06-30,32,2103087878,3268023437,2103087878,0,True,правила
ПСБ,ПСБ – Сбалансированный,2026-07-31,33,2086344490,3305510503,2086344490,0,True,правила
ПСБ,ПСБ – Сбалансированный,2026-08-31,32,2053645706,3250723266,2053645706,0,True,правила
АК Барс,АК Барс – Акции,2021-09-30,20,97,4960638,4960638,0,False,правила
АК Барс,АК Барс – Акции,2021-10-29,19,4930680,4930680,4930680,0,True,правила
АК Барс,АК Барс – Акции,2021-11-30,19,4612462,4612462,4612462,0,True,правила
АК Барс,АК Барс – Акции,2021-12-30,19,4632167,4632167,4632167,0,True,правила
АК Барс,АК Барс – Акции,2022-01-31,20,4839614,4839614,4839614,0,True,правила
АК Барс,АК Барс – Акции,2022-02-28,20,0,0,0,0,False,правила
АК Барс,АК Барс – Акции,2022-03-31,20,3773900,3773900,3773900,0,True,правила
АК Барс,АК Барс – Акции,2022-04-29,20,3547801,3547801,3547801,0,True,правила
АК Барс,АК Барс – Акции,2022-05-31,20,3182561,3182561,3182561,0,True,правила
АК Барс,АК Барс – Акции,2022-06-30,20,3094143,3094143,3094143,0,True,правила
АК Барс,АК Барс – Акции,2022-07-29,20,2976575,2976575,2976575,0,True,правила
АК Барс,АК Барс – Акции,2022-08-31,20,3107781,3107781,3107781,0,True,правила
АК Барс,АК Барс – Акции,2022-09-30,20,2519271,2519271,2519271,0,True,правила
АК Барс,АК Барс – Акции,2022-10-31,20,2895829,2895829,2895829,0,True,правила
АК Барс,АК Барс – Акции,2022-11-30,20,2976839,2976839,2976839,0,True,правила
АК Барс,АК Барс – Акции,2022-12-30,20,3028161,3028161,3028161,0,True,правила
АК Барс,АК Барс – Акции,2023-01-31,20,3065478,3065478,3065478,107078,True,правила
АК Барс,АК Барс – Акции,2023-02-28,20,3114776,3114776,3114776,112320,True,правила
АК Барс,АК Барс – Акции,2023-03-31,20,3524912,3524912,3524912,0,True,правила
АК Барс,АК Барс – Акции,2023-05-31,20,3887928,3887928,3887928,0,True,правила
АК Барс,АК Барс – Акции,2023-06-30,18,3675960,3675960,3675960,0,True,правила
АК Барс,АК Барс – Акции,2023-07-31,19,4068376,4068376,4068376,0,True,правила
АК Барс,АК Барс – Акции,2023-08-31,19,4304716,4304716,4304716,0,True,правила
АК Барс,АК Барс – Акции,2023-09-29,19,4236212,4236212,4236212,0,True,правила
АК Барс,АК Барс – Акции,2023-10-31,20,4402417,4402417,4402417,0,True,правила
АК Барс,АК Барс – Акции,2023-11-30,21,4274925,4274925,4274925,0,True,правила
АК Барс,АК Барс – Акции,2023-12-29,22,4283787,4283787,4283787,0,True,правила
АК Барс,АК Барс – Акции,2024-01-31,22,4506036,4506036,4506036,0,True,правила
АК Барс,АК Барс – Акции,2024-02-29,23,4571524,4571524,4571524,0,True,правила
АК Барс,АК Барс – Акции,2024-03-29,23,4721991,4721991,4721991,0,True,правила
АК Барс,АК Барс – Акции,2024-04-27,23,4851273,4851273,4851273,0,True,правила
АК Барс,АК Барс – Акции,2024-05-31,23,4498578,4498578,4498578,0,True,правила
АК Барс,АК Барс – Акции,2024-06-28,24,4609945,4609945,4609945,0,True,правила
АК Барс,АК Барс – Акции,2024-07-31,24,4304001,4304001,4304001,0,True,правила
АК Барс,АК Барс – Акции,2024-08-30,25,3874804,3874804,3874804,0,True,правила
АК Барс,АК Барс – Акции,2024-09-30,25,4173037,4173037,4173037,0,True,правила
АК Барс,АК Барс – Акции,2024-10-31,22,3736449,3736449,3736449,0,True,правила
АК Барс,АК Барс – Акции,2024-11-29,21,3551533,3551533,3551533,0,True,правила
АК Барс,АК Барс – Акции,2024-12-28,21,3850748,3850748,3850748,0,True,правила
АК Барс,АК Барс – Акции,2025-01-31,22,4262306,4262306,4262306,0,True,правила
АК Барс,АК Барс – Акции,2025-02-28,21,4347469,4347469,4347469,0,True,правила
АК Барс,АК Барс – Акции,2025-03-31,21,4185156,4185156,4185156,0,True,правила
АК Барс,АК Барс – Акции,2025-04-30,20,3998190,3998190,3998190,0,True,правила
АК Барс,АК Барс – Акции,2025-05-30,20,3951536,3951536,3951536,0,True,правила
АК Барс,АК Барс – Акции,2025-06-30,20,4056318,4056318,4056318,0,True,правила
АК Барс,АК Барс – Акции,2025-07-31,21,4104104,4104104,4104104,0,True,правила
АК Барс,АК Барс – Акции,2025-08-29,19,4268490,4268490,4268490,0,True,правила
АК Барс,АК Барс – Акции,2025-09-30,19,4002441,4002441,4002441,0,True,правила
АК Барс,АК Барс – Акции,2025-10-31,19,3743048,3743048,3743048,0,True,правила
АК Барс,АК Барс – Акции,2025-11-28,18,3899726,3899726,3899726,0,True,правила
АК Барс,АК Барс – Акции,2025-12-30,18,4103988,4103988,4103988,0,True,правила
АК Барс,АК Барс – Акции,2026-01-30,19,4268978,4268978,4268978,0,True,правила
АК Барс,АК Барс – Акции,2026-02-27,17,3988713,3988713,3988713,0,True,правила
АК Барс,АК Барс – Акции,2026-03-31,17,4164131,4164131,4164131,0,True,правила
АК Барс,АК Барс – Акции,2026-04-30,17,4109895,4109895,4109895,0,True,правила
АК Барс,АК Барс – Акции,2026-05-29,18,4081722,4081722,4081722,0,True,правила
АК Барс,АК Барс – Акции,2026-06-30,17,3737853,3737853,3737853,0,True,правила
АК Барс,АК Барс – Акции,2026-07-31,17,3547592,3547592,3547592,0,True,правила
АК Барс,АК Барс – Акции,2026-08-31,17,3464202,3464202,3464202,0,True,правила
АК Барс,АК Барс – Индекс МосБиржи,2021-09-30,34,84,23387420,23387420,28663142887064,False,правила
АК Барс,АК Барс – Индекс МосБиржи,2021-10-29,34,23282047,23282047,23282047,2935218,True,правила
АК Барс,АК Барс – Индекс МосБиржи,2021-11-30,34,21458202,21458202,21458202,2735770,True,правила
АК Барс,АК Барс – Индекс МосБиржи,2021-12-30,33,21328242,21328242,21328242,2400764,True,правила
АК Барс,АК Барс – Индекс МосБиржи,2022-01-31,33,20156503,20156503,20156503,2173875,True,правила
АК Барс,АК Барс – Индекс МосБиржи,2022-02-28,33,0,0,0,834146,False,правила
АК Барс,АК Барс – Индекс МосБиржи,2022-03-31,33,16457069,16457069,16457069,1445005,True,правила
АК Барс,АК Барс – Индекс МосБиржи,2022-04-29,33,15278447,15278447,15278447,1243529,True,правила
АК Барс,АК Барс – Индекс МосБиржи,2022-05-31,33,14041607,14041607,14041607,1066544,True,правила
АК Барс,АК Барс – Индекс МосБиржи,2022-06-30,33,13498178,13498178,13498178,1004953,True,правила
АК Барс,АК Барс – Индекс МосБиржи,2022-07-29,33,13216202,13216202,13216202,1133630,True,правила
АК Барс,АК Барс – Индекс МосБиржи,2022-08-31,33,13944532,13944532,13944532,1288936,True,правила
АК Барс,АК Барс – Индекс МосБиржи,2022-09-30,33,11181648,11181648,11181648,1088020,True,правила
АК Барс,АК Барс – Индекс МосБиржи,2022-10-31,33,11789234,11789234,11789234,1170682,True,правила
АК Барс,АК Барс – Индекс МосБиржи,2022-11-30,32,11609316,11609316,11609316,1137644,True,правила
АК Барс,АК Барс – Индекс МосБиржи,2022-12-30,32,11652732,11652732,11652732,1053982,True,правила
АК Барс,АК Барс – Индекс МосБиржи,2023-01-31,32,12281350,12281350,12281350,1210229,True,правила
АК Барс,АК Барс – Индекс МосБиржи,2023-02-28,32,12413174,12413174,12413174,1203686,True,правила
АК Барс,АК Барс – Индекс МосБиржи,2023-03-31,33,14356640,14356640,14356640,380360,True,правила
АК Барс,АК Барс – Индекс МосБиржи,2023-05-31,35,15941365,15941365,15941365,0,True,правила
АК Барс,АК Барс – Индекс МосБиржи,2023-06-30,35,16537738,16537738,16537738,0,True,правила
АК Барс,АК Барс – Индекс МосБиржи,2023-07-31,35,18072798,18072798,18072798,0,True,правила
АК Барс,АК Барс – Индекс МосБиржи,2023-08-31,35,18982476,18982476,18982476,0,True,правила
АК Барс,АК Барс – Индекс МосБиржи,2023-09-29,35,18548089,18548089,18548089,0,True,правила
АК Барс,АК Барс – Индекс МосБиржи,2023-10-31,35,18670122,18670122,18670122,0,True,правила
АК Барс,АК Барс – Индекс МосБиржи,2023-11-30,35,18397552,18397552,18397552,0,True,правила
АК Барс,АК Барс – Индекс МосБиржи,2023-12-29,35,18214768,18214768,18214768,0,True,правила
АК Барс,АК Барс – Индекс МосБиржи,2024-01-31,35,19048349,19048349,19048349,211820,True,правила
АК Барс,АК Барс – Индекс МосБиржи,2024-02-29,35,19847714,19847714,19847714,0,True,правила
АК Барс,АК Барс – Индекс МосБиржи,2024-03-29,35,20469340,20469340,20469340,0,True,правила
АК Барс,АК Барс – Индекс МосБиржи,2024-04-27,35,21240852,21240852,21240852,0,True,правила
АК Барс,АК Барс – Индекс МосБиржи,2024-05-31,33,19025280,19025280,19025280,0,True,правила
АК Барс,АК Барс – Индекс МосБиржи,2024-06-28,33,18744907,18744907,18744907,0,True,правила
АК Барс,АК Барс – Индекс МосБиржи,2024-07-31,34,17812320,17812320,17812320,0,True,правила
АК Барс,АК Барс – Индекс МосБиржи,2024-08-30,20,15601236,15601236,15601236,0,True,правила
АК Барс,АК Барс – Индекс МосБиржи,2024-09-30,16,15364257,15364257,15364257,0,True,правила
АК Барс,АК Барс – Индекс МосБиржи,2024-10-31,17,15222786,15222786,15222786,0,True,правила
АК Барс,АК Барс – Индекс МосБиржи,2024-11-29,17,14055103,14055103,14055103,0,True,правила
АК Барс,АК Барс – Индекс МосБиржи,2024-12-28,17,15011928,15011928,15011928,0,True,правила
АК Барс,АК Барс – Индекс МосБиржи,2025-01-31,17,16104310,16104310,16104310,0,True,правила
АК Барс,АК Барс – Индекс МосБиржи,2025-02-28,17,16423763,16423763,16423763,0,True,правила
АК Барс,АК Барс – Индекс МосБиржи,2025-03-31,17,15850080,15850080,15850080,0,True,правила
АК Барс,АК Барс – Индекс МосБиржи,2025-04-30,18,14922238,14922238,14922238,0,True,правила
АК Барс,АК Барс – Индекс МосБиржи,2025-05-30,18,14418869,14418869,14418869,0,True,правила
АК Барс,АК Барс – Индекс МосБиржи,2025-06-30,18,14837363,14837363,14837363,0,True,правила
АК Барс,АК Барс – Индекс МосБиржи,2025-07-31,18,14766855,14766855,14766855,0,True,правила
АК Барс,АК Барс – Индекс МосБиржи,2025-08-29,18,15015476,15015476,15015476,0,True,правила
АК Барс,АК Барс – Индекс МосБиржи,2025-09-30,16,12888652,12888652,12888652,0,True,правила
АК Барс,АК Барс – Индекс МосБиржи,2025-10-31,16,11769962,11769962,11769962,0,True,правила
АК Барс,АК Барс – Индекс МосБиржи,2025-11-28,17,13186375,13186375,13186375,0,True,правила
АК Барс,АК Барс – Индекс МосБиржи,2025-12-30,18,13230167,13230167,13230167,0,True,правила
АК Барс,АК Барс – Индекс МосБиржи,2026-01-30,18,13644153,13644153,13644153,0,True,правила
АК Барс,АК Барс – Индекс МосБиржи,2026-02-27,18,14278412,14278412,14278412,0,True,правила
АК Барс,АК Барс – Индекс МосБиржи,2026-03-31,18,13397746,13397746,13397746,0,True,правила
АК Барс,АК Барс – Индекс МосБиржи,2026-04-30,18,13390970,13390970,13390970,0,True,правила
АК Барс,АК Барс – Индекс МосБиржи,2026-05-29,18,13093979,13093979,13093979,0,True,правила
АК Барс,АК Барс – Индекс МосБиржи,2026-06-30,18,11619872,11619872,11619872,0,True,правила
АК Барс,АК Барс – Индекс МосБиржи,2026-07-31,18,11875668,11875668,11875668,0,True,правила
АК Барс,АК Барс – Индекс МосБиржи,2026-08-31,19,12725490,12725490,12725490,0,True,правила
АК Барс,АК Барс – Лале,2021-09-30,22,80,54895806,54895806,0,False,правила
АК Барс,АК Барс – Лале,2021-10-29,22,39852231,39852231,39852231,0,True,правила
АК Барс,АК Барс – Лале,2021-11-30,21,51712461,51712461,51712461,0,True,правила
АК Барс,АК Барс – Лале,2021-12-30,21,58084174,58084174,58084174,0,True,правила
АК Барс,АК Барс – Лале,2022-01-31,21,58922919,58922919,58922919,0,True,правила
АК Барс,АК Барс – Лале,2022-02-28,21,0,43775649,43775649,0,False,правила
АК Барс,АК Барс – Лале,2022-03-31,21,48423648,48423648,48423648,0,True,правила
АК Барс,АК Барс – Лале,2022-04-29,21,50394111,50394111,50394111,0,True,правила
АК Барс,АК Барс – Лале,2022-05-31,22,49248403,49248403,49248403,0,True,правила
АК Барс,АК Барс – Лале,2022-06-30,22,47893713,47893713,47893713,0,True,правила
АК Барс,АК Барс – Лале,2022-07-29,22,47389162,47389162,47389162,0,True,правила
АК Барс,АК Барс – Лале,2022-08-31,21,50434814,50434814,50434814,0,True,правила
АК Барс,АК Барс – Лале,2022-09-30,21,42041013,42041013,42041013,0,True,правила
АК Барс,АК Барс – Лале,2022-10-31,21,47486074,47486074,47486074,0,True,правила
АК Барс,АК Барс – Лале,2022-11-30,21,47217214,47217214,47217214,0,True,правила
АК Барс,АК Барс – Лале,2022-12-30,21,47212262,47212262,47212262,0,True,правила
АК Барс,АК Барс – Лале,2023-01-31,21,47903588,47903588,47903588,0,True,правила
АК Барс,АК Барс – Лале,2023-02-28,21,49308258,49308258,49308258,0,True,правила
АК Барс,АК Барс – Лале,2023-03-31,20,51611019,51611019,51611019,0,True,правила
АК Барс,АК Барс – Лале,2023-05-31,20,54501551,54501551,54501551,0,True,правила
АК Барс,АК Барс – Лале,2023-06-30,20,56712362,56712362,56712362,0,True,правила
АК Барс,АК Барс – Лале,2023-07-31,20,62477484,62477484,62477484,0,True,правила
АК Барс,АК Барс – Лале,2023-08-31,20,66644032,66644032,66644032,0,True,правила
АК Барс,АК Барс – Лале,2023-09-29,20,63611524,63611524,63611524,0,True,правила
АК Барс,АК Барс – Лале,2023-10-31,20,63496195,63496195,63496195,0,True,правила
АК Барс,АК Барс – Лале,2023-11-30,20,60386342,60386342,60386342,0,True,правила
АК Барс,АК Барс – Лале,2023-12-29,20,59760924,59760924,59760924,0,True,правила
АК Барс,АК Барс – Лале,2024-01-31,20,63377313,63377313,63377313,0,True,правила
АК Барс,АК Барс – Лале,2024-02-29,20,62284548,62284548,62284548,0,True,правила
АК Барс,АК Барс – Лале,2024-03-29,20,61857368,61857368,61857368,0,True,правила
АК Барс,АК Барс – Лале,2024-04-27,20,63347764,63347764,63347764,0,True,правила
АК Барс,АК Барс – Лале,2024-05-31,22,59443977,59443977,59443977,0,True,правила
АК Барс,АК Барс – Лале,2024-06-28,22,60975982,60975982,60975982,0,True,правила
АК Барс,АК Барс – Лале,2024-07-31,20,56516085,56516085,56516085,0,True,правила
АК Барс,АК Барс – Лале,2024-08-30,20,50774093,50774093,50774093,0,True,правила
АК Барс,АК Барс – Лале,2024-09-30,20,54333130,54333130,54333130,0,True,правила
АК Барс,АК Барс – Лале,2024-10-31,21,47036724,47036724,47036724,0,True,правила
АК Барс,АК Барс – Лале,2024-11-29,21,46286089,46286089,46286089,0,True,правила
АК Барс,АК Барс – Лале,2024-12-28,20,51116939,51116939,51116939,0,True,правила
АК Барс,АК Барс – Лале,2025-01-31,20,55057245,55057245,55057245,0,True,правила
АК Барс,АК Барс – Лале,2025-02-28,20,55633956,55633956,55633956,0,True,правила
АК Барс,АК Барс – Лале,2025-03-31,21,53376126,53376126,53376126,0,True,правила
АК Барс,АК Барс – Лале,2025-04-30,19,49876618,49876618,49876618,0,True,правила
АК Барс,АК Барс – Лале,2025-05-30,20,49393355,49393355,49393355,0,True,правила
АК Барс,АК Барс – Лале,2025-06-30,20,49960912,49960912,49960912,0,True,правила
АК Барс,АК Барс – Лале,2025-07-31,20,48962473,48962473,48962473,0,True,правила
АК Барс,АК Барс – Лале,2025-08-29,22,54269463,54269463,54269463,0,True,правила
АК Барс,АК Барс – Лале,2025-09-30,22,50651539,50651539,50651539,0,True,правила
АК Барс,АК Барс – Лале,2025-10-31,22,45512250,45512250,45512250,0,True,правила
АК Барс,АК Барс – Лале,2025-11-28,22,47510818,47510818,47510818,0,True,правила
АК Барс,АК Барс – Лале,2025-12-30,20,45884245,45884245,45884245,0,True,правила
АК Барс,АК Барс – Лале,2026-01-30,20,46750205,46750205,46750205,0,True,правила
АК Барс,АК Барс – Лале,2026-02-27,22,49987077,49987077,49987077,0,True,правила
АК Барс,АК Барс – Лале,2026-03-31,22,52000319,52000319,52000319,0,True,правила
АК Барс,АК Барс – Лале,2026-04-30,21,49314957,49314957,49314957,0,True,правила
АК Барс,АК Барс – Лале,2026-05-29,21,46070443,46070443,46070443,0,True,правила
АК Барс,АК Барс – Лале,2026-06-30,21,39764202,39764202,39764202,0,True,правила
АК Барс,АК Барс – Лале,2026-07-31,22,41561038,41561038,41561038,0,True,правила
АК Барс,АК Барс – Лале,2026-08-31,22,41190350,41190350,41190350,0,True,правила
АК Барс,АК Барс – Максвелл Капитал,2021-09-30,31,82,303408138,294390207,49069739,False,правила
АК Барс,АК Барс – Максвелл Капитал,2021-10-29,30,304384617,313360597,304384617,50239049,True,правила
АК Барс,АК Барс – Максвелл Капитал,2021-11-30,30,288926044,297936647,288926044,46894502,True,правила
АК Барс,АК Барс – Максвелл Капитал,2021-12-30,31,300198528,309320046,300198528,40797695,True,правила
АК Барс,АК Барс – Максвелл Капитал,2022-01-31,31,290853864,299805226,290853864,34695324,True,правила
АК Барс,АК Барс – Максвелл Капитал,2022-02-28,31,0,0,0,12688226,False,правила
АК Барс,АК Барс – Максвелл Капитал,2022-03-31,31,242838396,252437197,242838396,24669158,True,правила
АК Барс,АК Барс – Максвелл Капитал,2022-04-29,31,223608620,234746203,223608620,17617651,True,правила
АК Барс,АК Барс – Максвелл Капитал,2022-05-31,31,217119115,228326147,217119115,15037870,True,правила
АК Барс,АК Барс – Максвелл Капитал,2022-06-30,31,207811062,219231766,207811062,13772424,True,правила
АК Барс,АК Барс – Максвелл Капитал,2022-07-29,31,203825546,214480862,203825546,15671378,True,правила
АК Барс,АК Барс – Максвелл Капитал,2022-08-31,31,216731865,227187674,216731865,17595228,True,правила
АК Барс,АК Барс – Максвелл Капитал,2022-09-30,32,173928165,184020149,173928165,14368752,True,правила
АК Барс,АК Барс – Максвелл Капитал,2022-10-31,33,192913107,203072568,192913107,16924696,True,правила
АК Барс,АК Барс – Максвелл Капитал,2022-11-30,33,198575566,208688045,198575566,16661741,True,правила
АК Барс,АК Барс – Максвелл Капитал,2022-12-30,33,196445344,206759491,196445344,15223119,True,правила
АК Барс,АК Барс – Максвелл Капитал,2023-01-31,33,205974187,216210117,205974187,17275808,True,правила
АК Барс,АК Барс – Максвелл Капитал,2023-02-28,33,208222750,220567110,208222750,17201344,True,правила
АК Барс,АК Барс – Максвелл Капитал,2023-03-31,34,235372822,253051700,235372822,3159795,True,правила
АК Барс,АК Барс – Максвелл Капитал,2023-05-31,33,259361387,278166067,259361387,0,True,правила
АК Барс,АК Барс – Максвелл Капитал,2023-06-30,33,264982280,281712205,264982280,0,True,правила
АК Барс,АК Барс – Максвелл Капитал,2023-07-31,33,281494415,309309911,281494415,0,True,правила
АК Барс,АК Барс – Максвелл Капитал,2023-08-31,32,288154050,312344419,288154050,11494560,True,правила
АК Барс,АК Барс – Максвелл Капитал,2023-09-29,32,285246507,308765604,285246507,12467130,True,правила
АК Барс,АК Барс – Максвелл Капитал,2023-10-31,31,288226815,309329774,288226815,12395630,True,правила
АК Барс,АК Барс – Максвелл Капитал,2023-11-30,31,285436010,305880667,285436010,12391600,True,правила
АК Барс,АК Барс – Максвелл Капитал,2023-12-29,31,278835833,298662965,278835833,12478960,True,правила
АК Барс,АК Барс – Максвелл Капитал,2024-01-31,31,288760261,312528042,288760261,12046580,True,правила
АК Барс,АК Барс – Максвелл Капитал,2024-02-29,30,286394863,309877630,286394863,12106640,True,правила
АК Барс,АК Барс – Максвелл Капитал,2024-03-29,31,264111979,303549909,264111979,8461890,True,правила
АК Барс,АК Барс – Максвелл Капитал,2024-04-27,35,279249808,314041027,279249808,0,True,правила
АК Барс,АК Барс – Максвелл Капитал,2024-05-31,34,258878919,306282217,258878919,0,True,правила
АК Барс,АК Барс – Максвелл Капитал,2024-06-28,34,256877252,306735250,256877252,0,True,правила
АК Барс,АК Барс – Максвелл Капитал,2024-07-31,35,235991531,284981717,235991531,0,True,правила
АК Барс,АК Барс – Максвелл Капитал,2024-08-30,36,214685909,261636517,214685909,0,True,правила
АК Барс,АК Барс – Максвелл Капитал,2024-09-30,37,239260420,276840350,239260420,0,True,правила
АК Барс,АК Барс – Максвелл Капитал,2024-10-31,35,215725891,251161404,215725891,0,True,правила
АК Барс,АК Барс – Максвелл Капитал,2024-11-29,34,209519333,239680566,209519333,0,True,правила
АК Барс,АК Барс – Максвелл Капитал,2024-12-28,35,241966302,272285681,241966302,0,True,правила
АК Барс,АК Барс – Максвелл Капитал,2025-01-31,31,239766326,285795760,239766326,0,True,правила
АК Барс,АК Барс – Максвелл Капитал,2025-02-28,31,250578781,319267356,250578781,0,True,правила
АК Барс,АК Барс – Максвелл Капитал,2025-03-31,28,232425161,320138529,232425161,0,True,правила
АК Барс,АК Барс – Максвелл Капитал,2025-04-30,29,229147197,316220699,229147197,0,True,правила
АК Барс,АК Барс – Максвелл Капитал,2025-05-30,26,211028590,307738743,211028590,0,True,правила
АК Барс,АК Барс – Максвелл Капитал,2025-06-30,24,203521133,331206391,203521133,0,True,правила
АК Барс,АК Барс – Максвелл Капитал,2025-07-31,25,204720244,355361052,204720244,0,True,правила
АК Барс,АК Барс – Максвелл Капитал,2025-08-29,25,213662594,363382770,213662594,0,True,правила
АК Барс,АК Барс – Максвелл Капитал,2025-09-30,22,213224786,356932099,213224786,0,True,правила
АК Барс,АК Барс – Максвелл Капитал,2025-10-31,22,200199132,344589584,200199132,0,True,правила
АК Барс,АК Барс – Максвелл Капитал,2025-11-28,24,220833304,365349465,220833304,0,True,правила
АК Барс,АК Барс – Максвелл Капитал,2025-12-30,24,230180538,367889957,230180538,0,True,правила
АК Барс,АК Барс – Максвелл Капитал,2026-01-30,23,233546777,369475595,233546777,0,True,правила
АК Барс,АК Барс – Максвелл Капитал,2026-02-27,23,241447910,377083010,241447910,0,True,правила
АК Барс,АК Барс – Максвелл Капитал,2026-03-31,23,233269186,365413729,233269186,0,True,правила
АК Барс,АК Барс – Максвелл Капитал,2026-04-30,22,225160859,350761189,225160859,0,True,правила
АК Барс,АК Барс – Максвелл Капитал,2026-05-29,20,214848121,345611505,214848121,0,True,правила
АК Барс,АК Барс – Максвелл Капитал,2026-06-30,19,193332247,310459784,193332247,0,True,правила
АК Барс,АК Барс – Максвелл Капитал,2026-07-31,19,180069882,304531748,180069882,0,True,правила
АК Барс,АК Барс – Максвелл Капитал,2026-08-31,19,175858035,302626175,175858035,0,True,правила
Ингосстрах-Инвестиции,Ингосстрах – Мои акции,2026-04-30,15,83074190,83074190,83074190,0,True,правила
Ингосстрах-Инвестиции,Ингосстрах – Мои акции,2026-05-29,15,81400787,81400787,81400787,0,True,правила
Ингосстрах-Инвестиции,Ингосстрах – Мои акции,2026-06-30,15,73739278,73739278,73739278,0,True,правила
Ингосстрах-Инвестиции,Ингосстрах – Мои акции,2026-07-31,16,70520438,70520438,70520438,0,True,правила
Ингосстрах-Инвестиции,Ингосстрах – Мои акции,2026-08-31,16,70252628,70252628,70252628,0,True,правила
РСХБ,РСХБ – Компании малой и средней капитализации,2025-03-31,29,958205247,958205247,958205247,0,True,модель
РСХБ,РСХБ – Компании малой и средней капитализации,2025-04-30,29,871656006,871656006,871656006,0,True,модель
РСХБ,РСХБ – Компании малой и средней капитализации,2025-05-30,32,840287531,840287531,840287531,0,True,модель
РСХБ,РСХБ – Компании малой и средней капитализации,2025-06-30,31,839666318,839666318,839666318,0,True,модель
РСХБ,РСХБ – Компании малой и средней капитализации,2025-07-31,30,814175193,814175193,814175193,0,True,модель
РСХБ,РСХБ – Компании малой и средней капитализации,2025-08-29,32,850618345,850618345,850618345,0,True,модель
РСХБ,РСХБ – Компании малой и средней капитализации,2025-09-30,38,745003882,745003882,745003882,0,True,модель
РСХБ,РСХБ – Компании малой и средней капитализации,2025-10-31,38,664582940,664582940,664582940,0,True,модель
РСХБ,РСХБ – Компании малой и средней капитализации,2025-11-28,1,383,702656359,702656359,0,False,правила
РСХБ,РСХБ – Компании малой и средней капитализации,2025-12-30,42,726747375,726747375,726747375,0,True,модель
РСХБ,РСХБ – Компании малой и средней капитализации,2026-01-30,42,737215891,737215891,737215891,0,True,модель
РСХБ,РСХБ – Компании малой и средней капитализации,2026-02-27,42,736855272,736855272,736855272,0,True,модель
РСХБ,РСХБ – Компании малой и средней капитализации,2026-03-31,1,426,670608084,670608084,0,False,правила
РСХБ,РСХБ – Компании малой и средней капитализации,2026-04-30,43,588412143,588412143,588412143,0,True,модель
РСХБ,РСХБ – Компании малой и средней капитализации,2026-05-29,1,401,575672360,575672360,0,False,правила
РСХБ,РСХБ – Компании малой и средней капитализации,2026-06-30,1,784,521627948,521627948,0,False,правила
РСХБ,РСХБ – Компании малой и средней капитализации,2026-07-31,1,790,501394245,501394245,0,False,правила
РСХБ,РСХБ – Компании малой и средней капитализации,2026-08-31,41,470127862,470127862,470127862,0,True,модель
РСХБ,РСХБ – Лучшие отрасли,2025-03-31,38,717808322,717808322,717808322,54785640,True,модель
РСХБ,РСХБ – Лучшие отрасли,2025-04-30,38,661676128,661676128,661676128,54313350,True,модель
РСХБ,РСХБ – Лучшие отрасли,2025-05-30,39,699388332,699388332,699388332,62301052,True,модель
РСХБ,РСХБ – Лучшие отрасли,2025-06-30,39,697431557,697431557,697431557,66558585,True,модель
РСХБ,РСХБ – Лучшие отрасли,2025-07-31,37,653218933,653218933,653218933,66600000,True,модель
РСХБ,РСХБ – Лучшие отрасли,2025-08-29,37,676886083,676886083,676886083,69633800,True,модель
РСХБ,РСХБ – Лучшие отрасли,2025-09-30,36,602286644,602286644,602286644,63300160,True,модель
РСХБ,РСХБ – Лучшие отрасли,2025-10-31,1,3,608097132,608097132,0,False,правила
РСХБ,РСХБ – Лучшие отрасли,2025-11-28,40,612153056,612153056,612153056,0,True,модель
РСХБ,РСХБ – Лучшие отрасли,2025-12-30,40,609148598,609148598,609148598,0,True,модель
РСХБ,РСХБ – Лучшие отрасли,2026-01-30,40,616272078,616272078,616272078,0,True,модель
РСХБ,РСХБ – Лучшие отрасли,2026-02-27,40,576828259,576828259,576828259,0,True,модель
РСХБ,РСХБ – Лучшие отрасли,2026-03-31,39,549704180,552284485,552284485,0,True,модель
РСХБ,РСХБ – Лучшие отрасли,2026-04-30,1,778,493713020,493713020,0,False,правила
РСХБ,РСХБ – Лучшие отрасли,2026-05-29,41,471425211,471425211,471425211,0,True,модель
РСХБ,РСХБ – Лучшие отрасли,2026-06-30,41,417217879,417217879,417217879,0,True,модель
РСХБ,РСХБ – Лучшие отрасли,2026-07-31,0,0,391104841,391104841,0,False,правила
РСХБ,РСХБ – Лучшие отрасли,2026-08-31,41,382900085,382900085,382900085,0,True,модель
РСХБ,РСХБ – Новый импульс,2025-04-30,16,11969824,11969824,11969824,0,True,модель
РСХБ,РСХБ – Новый импульс,2025-05-30,17,11986770,11986770,11986770,0,True,модель
РСХБ,РСХБ – Новый импульс,2025-06-30,17,12194481,12194481,12194481,0,True,модель
РСХБ,РСХБ – Новый импульс,2025-07-31,17,11626036,11626036,11626036,0,True,модель
РСХБ,РСХБ – Новый импульс,2025-08-29,16,11842659,11842659,11842659,0,True,модель
РСХБ,РСХБ – Новый импульс,2025-09-30,15,10284854,10284854,10284854,0,True,модель
РСХБ,РСХБ – Новый импульс,2025-10-31,15,8546140,8546140,8546140,0,True,модель
РСХБ,РСХБ – Новый импульс,2025-11-28,16,8835619,8835619,8835619,0,True,модель
РСХБ,РСХБ – Новый импульс,2025-12-30,17,8994403,8994403,8994403,0,True,модель
РСХБ,РСХБ – Новый импульс,2026-01-30,18,9038574,9038574,9038574,0,True,модель
РСХБ,РСХБ – Новый импульс,2026-02-27,17,9371182,9371182,9371182,0,True,модель
РСХБ,РСХБ – Новый импульс,2026-03-31,16,8609431,8609431,8609431,0,True,модель
РСХБ,РСХБ – Новый импульс,2026-04-30,17,7747053,7747053,7747053,0,True,модель
РСХБ,РСХБ – Новый импульс,2026-05-29,16,8027089,8027089,8027089,0,True,модель
РСХБ,РСХБ – Новый импульс,2026-06-30,0,0,7038955,7038955,0,False,правила
РСХБ,РСХБ – Новый импульс,2026-07-31,16,6890615,6890615,6890615,0,True,модель
РСХБ,РСХБ – Новый импульс,2026-08-31,16,7309645,7309645,7309645,0,True,модель
РСХБ,РСХБ – Фонд акций,2024-03-31,1,22206771,2894115993,2894115993,85198230,False,правила
РСХБ,РСХБ – Фонд акций,2024-04-30,2,83338559,2611870179,2611870179,145919475,False,правила
РСХБ,РСХБ – Фонд акций,2025-05-30,35,2524170448,2524170448,2524170448,179235621,True,модель
РСХБ,РСХБ – Фонд акций,2025-06-30,37,2559920086,2559920086,2559920086,179920200,True,модель
РСХБ,РСХБ – Фонд акций,2025-07-31,36,2389080944,2389080944,2389080944,193140000,True,модель
РСХБ,РСХБ – Фонд акций,2025-08-29,37,2428284553,2428284553,2428284553,252137500,True,модель
РСХБ,РСХБ – Фонд акций,2025-09-30,37,2254269584,2254269584,2254269584,226072000,True,модель
РСХБ,РСХБ – Фонд акций,2025-10-31,0,0,2293721858,2293721858,0,False,правила
РСХБ,РСХБ – Фонд акций,2025-11-28,0,0,2354995888,2354995888,0,False,правила
РСХБ,РСХБ – Фонд акций,2025-12-30,0,0,2438296219,2438296219,0,False,правила
РСХБ,РСХБ – Фонд акций,2026-01-30,41,2509509406,2509509406,2509509406,0,True,модель
РСХБ,РСХБ – Фонд акций,2026-02-27,41,2445349742,2445349742,2445349742,0,True,модель
РСХБ,РСХБ – Фонд акций,2026-03-31,42,2268581574,2268581574,2268581574,0,True,модель
РСХБ,РСХБ – Фонд акций,2026-04-30,42,2105462965,2105462965,2105462965,0,True,модель
РСХБ,РСХБ – Фонд акций,2026-05-29,42,2094362442,2094362442,2094362442,0,True,модель
РСХБ,РСХБ – Фонд акций,2026-06-30,42,1881564950,1881564950,1881564950,0,True,модель
РСХБ,РСХБ – Фонд акций,2026-07-31,42,1745928548,1745928548,1745928548,0,True,модель
РСХБ,РСХБ – Фонд акций,2026-08-31,0,0,1753462169,1753462169,0,False,правила
