дата,торговый_день,secid,close
2021-09-30,2021-09-30,ABRD,192.5
2021-09-30,2021-09-30,ACKO,5.8
2021-09-30,2021-09-30,AFKS,26.898
2021-09-30,2021-09-30,AFLT,69.96
2021-09-30,2021-09-30,AGRO,1080
2021-09-30,2021-09-30,AKRN,7000
2021-09-30,2021-09-30,ALBK,113
2021-09-30,2021-09-30,ALNU,65400
2021-09-30,2021-09-30,ALRS,133.45
2021-09-30,2021-09-30,AMEZ,20.15
2021-09-30,2021-09-30,APTK,14.006
2021-09-30,2021-09-30,AQUA,493
2021-09-30,2021-09-30,ARSA,7.32
2021-09-30,2021-09-30,ASSB,0.8335
2021-09-30,2021-09-30,AVAN,1125
2021-09-30,2021-09-30,BANE,1454
2021-09-30,2021-09-30,BANEP,1084
2021-09-30,2021-09-30,BELU,3286
2021-09-30,2021-09-30,BISV,8.7
2021-09-30,2021-09-30,BISVP,8.49
2021-09-30,2021-09-30,BLNG,14.65
2021-09-30,2021-09-30,BRZL,1196
2021-09-30,2021-09-30,BSPB,77.97
2021-09-30,2021-09-30,BSPBP,22.25
2021-09-30,2021-09-30,CBOM,7.175
2021-09-30,2021-09-30,CHEP,314
2021-09-30,2021-09-30,CHGZ,39
2021-09-30,2021-09-30,CHKZ,5960
2021-09-30,2021-09-30,CHMF,1520
2021-09-30,2021-09-30,CHMK,5815
2021-09-30,2021-09-30,CNTL,13.72
2021-09-30,2021-09-30,CNTLP,9.56
2021-09-30,2021-09-30,DIOD,8.81
2021-09-30,2021-09-30,DSKY,130.36
2021-09-30,2021-09-30,DVEC,0.948
2021-09-30,2021-09-30,DZRD,2190
2021-09-30,2021-09-30,DZRDP,1730
2021-09-30,2021-09-30,EELT,7.32
2021-09-30,2021-09-30,ELTZ,184
2021-09-30,2021-09-30,ENPG,826
2021-09-30,2021-09-30,ENRU,0.8606
2021-09-30,2021-09-30,ETLN,111.9
2021-09-30,2021-09-30,FEES,0.18568
2021-09-30,2021-09-30,FESH,29.35
2021-09-30,2021-09-30,FIVE,2352
2021-09-30,2021-09-30,FIXP,647.4
2021-09-30,2021-09-30,FLOT,84.28
2021-09-30,2021-09-30,GAZA,505
2021-09-30,2021-09-30,GAZAP,360.5
2021-09-30,2021-09-30,GAZC,295
2021-09-30,2021-09-30,GAZP,360.8
2021-09-30,2021-09-30,GAZS,293
2021-09-30,2021-09-30,GAZT,85
2021-09-30,2021-09-30,GCHE,2930
2021-09-30,2021-09-30,GEMA,997
2021-09-30,2021-09-30,GEMC,995.02
2021-09-30,2021-09-30,GLTR,585
2021-09-30,2021-09-30,GMKN,21830
2021-09-30,2021-09-30,GTRK,35.3
2021-09-30,2021-09-30,HHRU,3558
2021-09-30,2021-09-30,HIMC,0.99
2021-09-30,2021-09-30,HIMCP,13.22
2021-09-30,2021-09-30,HMSG,328.5
2021-09-30,2021-09-30,HYDR,0.8098
2021-09-30,2021-09-30,IGST,1068
2021-09-30,2021-09-30,IGSTP,1073
2021-09-30,2021-09-30,INGR,1364
2021-09-30,2021-09-30,IRAO,4.6315
2021-09-30,2021-09-30,IRGZ,14.18
2021-09-30,2021-09-30,IRKT,24.46
2021-09-30,2021-09-30,ISKJ,91.19
2021-09-30,2021-09-30,JNOS,24
2021-09-30,2021-09-30,JNOSP,20.64
2021-09-30,2021-09-30,KAZT,397.2
2021-09-30,2021-09-30,KAZTP,396.2
2021-09-30,2021-09-30,KBSB,133
2021-09-30,2021-09-30,KCHE,0.1915
2021-09-30,2021-09-30,KCHEP,0.392
2021-09-30,2021-09-30,KGKC,47
2021-09-30,2021-09-30,KGKCP,47.4
2021-09-30,2021-09-30,KLSB,10.09
2021-09-30,2021-09-30,KMAZ,104.4
2021-09-30,2021-09-30,KMEZ,1157
2021-09-30,2021-09-30,KOGK,48600
2021-09-30,2021-09-30,KRKN,12250
2021-09-30,2021-09-30,KRKNP,15300
2021-09-30,2021-09-30,KRKO,11.8
2021-09-30,2021-09-30,KRKOP,11.2
2021-09-30,2021-09-30,KROT,405.5
2021-09-30,2021-09-30,KROTP,328
2021-09-30,2021-09-30,KRSB,9.02
2021-09-30,2021-09-30,KRSBP,9.42
2021-09-30,2021-09-30,KTSB,0.632
2021-09-30,2021-09-30,KTSBP,0.313
2021-09-30,2021-09-30,KUBE,70
2021-09-30,2021-09-30,KUZB,0.0228
2021-09-30,2021-09-30,KZMS,226
2021-09-30,2021-09-30,KZOS,99.9
2021-09-30,2021-09-30,KZOSP,31.84
2021-09-30,2021-09-30,LIFE,5.98
2021-09-30,2021-09-30,LKOH,6903.5
2021-09-30,2021-09-30,LNTA,216.7
2021-09-30,2021-09-30,LNZL,11460
2021-09-30,2021-09-30,LNZLP,2215
2021-09-30,2021-09-30,LPSB,8.45
2021-09-30,2021-09-30,LSNG,6.34
2021-09-30,2021-09-30,LSNGP,166.9
2021-09-30,2021-09-30,LSRG,758.4
2021-09-30,2021-09-30,LVHK,17.2
2021-09-30,2021-09-30,MAGE,7.75
2021-09-30,2021-09-30,MAGEP,6.05
2021-09-30,2021-09-30,MAGN,68.375
2021-09-30,2021-09-30,MAIL,1488
2021-09-30,2021-09-30,MDMG,823.5
2021-09-30,2021-09-30,MFGS,336
2021-09-30,2021-09-30,MFGSP,293
2021-09-30,2021-09-30,MFON,650.6
2021-09-30,2021-09-30,MGNT,6060
2021-09-30,2021-09-30,MGNZ,9700
2021-09-30,2021-09-30,MGTS,2300
2021-09-30,2021-09-30,MGTSP,1390
2021-09-30,2021-09-30,MISB,13.8
2021-09-30,2021-09-30,MISBP,10.5
2021-09-30,2021-09-30,MOEX,173.76
2021-09-30,2021-09-30,MORI,4.31
2021-09-30,2021-09-30,MRKC,0.4042
2021-09-30,2021-09-30,MRKK,27.76
2021-09-30,2021-09-30,MRKP,0.2571
2021-09-30,2021-09-30,MRKS,0.385
2021-09-30,2021-09-30,MRKU,0.164
2021-09-30,2021-09-30,MRKV,0.0572
2021-09-30,2021-09-30,MRKY,0.0465
2021-09-30,2021-09-30,MRKZ,0.0572
2021-09-30,2021-09-30,MRSB,0.44
2021-09-30,2021-09-30,MSNG,2.3885
2021-09-30,2021-09-30,MSRS,1.2805
2021-09-30,2021-09-30,MSTT,89.05
2021-09-30,2021-09-30,MTLR,150.9
2021-09-30,2021-09-30,MTLRP,256.3
2021-09-30,2021-09-30,MTSS,330.1
2021-09-30,2021-09-30,MVID,587.2
2021-09-30,2021-09-30,NAUK,214.8
2021-09-30,2021-09-30,NFAZ,489.8
2021-09-30,2021-09-30,NKHP,361
2021-09-30,2021-09-30,NKNC,134.15
2021-09-30,2021-09-30,NKNCP,101.08
2021-09-30,2021-09-30,NKSH,27.46
2021-09-30,2021-09-30,NLMK,216.62
2021-09-30,2021-09-30,NMTP,7.725
2021-09-30,2021-09-30,NNSB,2465
2021-09-30,2021-09-30,NNSBP,825
2021-09-30,2021-09-30,NPOF,11850
2021-09-30,2021-09-30,NSVZ,195
2021-09-30,2021-09-30,NVTK,1921
2021-09-30,2021-09-30,OGKB,0.687
2021-09-30,2021-09-30,OKEY,49.22
2021-09-30,2021-09-30,OMZZP,4250
2021-09-30,2021-09-30,ORUP,25.26
2021-09-30,2021-09-30,OZON,3675
2021-09-30,2021-09-30,PAZA,6660
2021-09-30,2021-09-30,PHOR,5111
2021-09-30,2021-09-30,PIKK,1430
2021-09-30,2021-09-30,PLZL,12048
2021-09-30,2021-09-30,PMSB,152.8
2021-09-30,2021-09-30,PMSBP,152
2021-09-30,2021-09-30,POGR,20.715
2021-09-30,2021-09-30,POLY,1247.2
2021-09-30,2021-09-30,PRMB,41800
2021-09-30,2021-09-30,QIWI,612.5
2021-09-30,2021-09-30,RASP,406.4
2021-09-30,2021-09-30,RAVN,30.2
2021-09-30,2021-09-30,RBCM,3.96
2021-09-30,2021-09-30,RDRB,224
2021-09-30,2021-09-30,RGSS,0.2378
2021-09-30,2021-09-30,RKKE,7230
2021-09-30,2021-09-30,RNFT,181
2021-09-30,2021-09-30,ROLO,9.92
2021-09-30,2021-09-30,ROSB,79.2
2021-09-30,2021-09-30,ROSN,614.35
2021-09-30,2021-09-30,ROST,74.2
2021-09-30,2021-09-30,RSTI,1.2816
2021-09-30,2021-09-30,RSTIP,1.921
2021-09-30,2021-09-30,RTGZ,35000
2021-09-30,2021-09-30,RTKM,90.52
2021-09-30,2021-09-30,RTKMP,84.05
2021-09-30,2021-09-30,RTSB,0.568
2021-09-30,2021-09-30,RTSBP,0.628
2021-09-30,2021-09-30,RUAL,69.845
2021-09-30,2021-09-30,RUGR,12.124
2021-09-30,2021-09-30,RUSI,57.1
2021-09-30,2021-09-30,RUSP,0.747
2021-09-30,2021-09-30,RZSB,17.8
2021-09-30,2021-09-30,SAGO,0.74
2021-09-30,2021-09-30,SAGOP,0.665
2021-09-30,2021-09-30,SARE,0.1276
2021-09-30,2021-09-30,SAREP,0.1082
2021-09-30,2021-09-30,SBER,340.99
2021-09-30,2021-09-30,SBERP,317.26
2021-09-30,2021-09-30,SELG,45.62
2021-09-30,2021-09-30,SELGP,45.3
2021-09-30,2021-09-30,SFIN,433
2021-09-30,2021-09-30,SGZH,8.788
2021-09-30,2021-09-30,SIBN,473
2021-09-30,2021-09-30,SLEN,3.9
2021-09-30,2021-09-30,SMLT,4990
2021-09-30,2021-09-30,SNGS,36.74
2021-09-30,2021-09-30,SNGSP,40.055
2021-09-30,2021-09-30,STSB,0.8275
2021-09-30,2021-09-30,STSBP,0.6035
2021-09-30,2021-09-30,SVAV,218.5
2021-09-30,2021-09-30,TASB,0.54
2021-09-30,2021-09-30,TASBP,0.505
2021-09-30,2021-09-30,TATN,527.3
2021-09-30,2021-09-30,TATNP,484
2021-09-30,2021-09-30,TCSG,6628.4
2021-09-30,2021-09-30,TGKA,0.01077
2021-09-30,2021-09-30,TGKB,0.004105
2021-09-30,2021-09-30,TGKBP,0.00647
2021-09-30,2021-09-30,TGKD,0.00711
2021-09-30,2021-09-30,TGKDP,0.006485
2021-09-30,2021-09-30,TGKN,0.00278
2021-09-30,2021-09-30,TNSE,945
2021-09-30,2021-09-30,TORS,0.37
2021-09-30,2021-09-30,TORSP,0.276
2021-09-30,2021-09-30,TRCN,8595
2021-09-30,2021-09-30,TRMK,92.2
2021-09-30,2021-09-30,TRNFP,159500
2021-09-30,2021-09-30,TTLK,0.694
2021-09-30,2021-09-30,TUZA,100.5
2021-09-30,2021-09-30,UCSS,1000
2021-09-30,2021-09-30,UKUZ,1182
2021-09-30,2021-09-30,UNAC,0.74
2021-09-30,2021-09-30,UNKL,8760
2021-09-30,2021-09-30,UPRO,2.734
2021-09-30,2021-09-30,URKA,119.04
2021-09-30,2021-09-30,URKZ,16500
2021-09-30,2021-09-30,USBN,0.0999
2021-09-30,2021-09-30,UTAR,6.81
2021-09-30,2021-09-30,UWGN,105.8
2021-09-30,2021-09-30,VGSB,3.89
2021-09-30,2021-09-30,VGSBP,1.915
2021-09-30,2021-09-30,VJGZ,1919
2021-09-30,2021-09-30,VJGZP,857
2021-09-30,2021-09-30,VLHZ,75.4
2021-09-30,2021-09-30,VRSB,68
2021-09-30,2021-09-30,VRSBP,43
2021-09-30,2021-09-30,VSMO,34300
2021-09-30,2021-09-30,VSYD,4705
2021-09-30,2021-09-30,VSYDP,4700
2021-09-30,2021-09-30,VTBR,0.05167
2021-09-30,2021-09-30,WTCM,9.68
2021-09-30,2021-09-30,WTCMP,8.7
2021-09-30,2021-09-30,YAKG,127.8
2021-09-30,2021-09-30,YKEN,0.36
2021-09-30,2021-09-30,YKENP,0.321
2021-09-30,2021-09-30,YNDX,5804.6
2021-09-30,2021-09-30,YRSB,216
2021-09-30,2021-09-30,YRSBP,92.5
2021-09-30,2021-09-30,ZILL,4230
2021-09-30,2021-09-30,ZVEZ,4.26
2021-10-29,2021-10-29,ABRD,203.5
2021-10-29,2021-10-29,ACKO,5.48
2021-10-29,2021-10-29,AFKS,27.083
2021-10-29,2021-10-29,AFLT,68.48
2021-10-29,2021-10-29,AGRO,1178
2021-10-29,2021-10-29,AKRN,8998
2021-10-29,2021-10-29,ALNU,65400
2021-10-29,2021-10-29,ALRS,125.21
2021-10-29,2021-10-29,AMEZ,21.705
2021-10-29,2021-10-29,APTK,13.552
2021-10-29,2021-10-29,AQUA,546
2021-10-29,2021-10-29,ARSA,7.96
2021-10-29,2021-10-29,ASSB,0.999
2021-10-29,2021-10-29,AVAN,1145
2021-10-29,2021-10-29,BANE,1504
2021-10-29,2021-10-29,BANEP,1143.5
2021-10-29,2021-10-29,BELU,3950
2021-10-29,2021-10-29,BISV,8.7
2021-10-29,2021-10-29,BISVP,8.57
2021-10-29,2021-10-29,BLNG,12.79
2021-10-29,2021-10-29,BRZL,1229
2021-10-29,2021-10-29,BSPB,90.85
2021-10-29,2021-10-29,BSPBP,19.75
2021-10-29,2021-10-29,CBOM,7.159
2021-10-29,2021-10-29,CHEP,314
2021-10-29,2021-10-29,CHGZ,41.8
2021-10-29,2021-10-29,CHKZ,6660
2021-10-29,2021-10-29,CHMF,1614.2
2021-10-29,2021-10-29,CHMK,5415
2021-10-29,2021-10-29,CNTL,13.4
2021-10-29,2021-10-29,CNTLP,9.76
2021-10-29,2021-10-29,DIOD,8.39
2021-10-29,2021-10-29,DSKY,136.5
2021-10-29,2021-10-29,DVEC,1.76
2021-10-29,2021-10-29,DZRD,2310
2021-10-29,2021-10-29,DZRDP,1860
2021-10-29,2021-10-29,EELT,7.36
2021-10-29,2021-10-29,ELTZ,182
2021-10-29,2021-10-29,ENPG,870
2021-10-29,2021-10-29,ENRU,0.8588
2021-10-29,2021-10-29,ETLN,111.78
2021-10-29,2021-10-29,FEES,0.1864
2021-10-29,2021-10-29,FESH,26.73
2021-10-29,2021-10-29,FIVE,2409
2021-10-29,2021-10-29,FIXP,620.8
2021-10-29,2021-10-29,FLOT,85.2
2021-10-29,2021-10-29,GAZA,513
2021-10-29,2021-10-29,GAZAP,353
2021-10-29,2021-10-29,GAZC,295
2021-10-29,2021-10-29,GAZP,350.18
2021-10-29,2021-10-29,GAZS,293
2021-10-29,2021-10-29,GAZT,85
2021-10-29,2021-10-29,GCHE,3543.5
2021-10-29,2021-10-29,GEMA,894
2021-10-29,2021-10-29,GEMC,1045
2021-10-29,2021-10-29,GLTR,622.8
2021-10-29,2021-10-29,GMKN,22170
2021-10-29,2021-10-29,GTRK,37
2021-10-29,2021-10-29,HHRU,3776
2021-10-29,2021-10-29,HIMC,0.99
2021-10-29,2021-10-29,HIMCP,11.6
2021-10-29,2021-10-29,HMSG,327.5
2021-10-29,2021-10-29,HYDR,0.8169
2021-10-29,2021-10-29,IGST,2061
2021-10-29,2021-10-29,IGSTP,2638
2021-10-29,2021-10-29,INGR,1344
2021-10-29,2021-10-29,IRAO,4.776
2021-10-29,2021-10-29,IRGZ,14.78
2021-10-29,2021-10-29,IRKT,24.02
2021-10-29,2021-10-29,ISKJ,82.2
2021-10-29,2021-10-29,JNOS,20.55
2021-10-29,2021-10-29,JNOSP,17.44
2021-10-29,2021-10-29,KAZT,400
2021-10-29,2021-10-29,KAZTP,417
2021-10-29,2021-10-29,KBSB,186
2021-10-29,2021-10-29,KCHE,0.2545
2021-10-29,2021-10-29,KCHEP,0.456
2021-10-29,2021-10-29,KGKC,49
2021-10-29,2021-10-29,KGKCP,49.6
2021-10-29,2021-10-29,KLSB,12.36
2021-10-29,2021-10-29,KMAZ,116.5
2021-10-29,2021-10-29,KMEZ,1177
2021-10-29,2021-10-29,KOGK,53000
2021-10-29,2021-10-29,KRKN,12250
2021-10-29,2021-10-29,KRKNP,15740
2021-10-29,2021-10-29,KRKO,11.8
2021-10-29,2021-10-29,KRKOP,11.7
2021-10-29,2021-10-29,KROT,437
2021-10-29,2021-10-29,KROTP,338
2021-10-29,2021-10-29,KRSB,9.25
2021-10-29,2021-10-29,KRSBP,9.4
2021-10-29,2021-10-29,KTSB,0.68
2021-10-29,2021-10-29,KTSBP,0.341
2021-10-29,2021-10-29,KUBE,71.1
2021-10-29,2021-10-29,KUZB,0.02363
2021-10-29,2021-10-29,KZMS,226
2021-10-29,2021-10-29,KZOS,96.6
2021-10-29,2021-10-29,KZOSP,28.42
2021-10-29,2021-10-29,LIFE,6.34
2021-10-29,2021-10-29,LKOH,7272.5
2021-10-29,2021-10-29,LNTA,218.6
2021-10-29,2021-10-29,LNZL,11290
2021-10-29,2021-10-29,LNZLP,2120
2021-10-29,2021-10-29,LPSB,12.8
2021-10-29,2021-10-29,LSNG,10.72
2021-10-29,2021-10-29,LSNGP,176
2021-10-29,2021-10-29,LSRG,749.4
2021-10-29,2021-10-29,LVHK,17.85
2021-10-29,2021-10-29,MAGE,7.82
2021-10-29,2021-10-29,MAGEP,5.94
2021-10-29,2021-10-29,MAGN,65.93
2021-10-29,2021-10-29,MAIL,1461.2
2021-10-29,2021-10-29,MDMG,857.6
2021-10-29,2021-10-29,MFGS,388.5
2021-10-29,2021-10-29,MFGSP,307.5
2021-10-29,2021-10-29,MFON,650.6
2021-10-29,2021-10-29,MGNT,6472
2021-10-29,2021-10-29,MGNZ,12150
2021-10-29,2021-10-29,MGTS,2035
2021-10-29,2021-10-29,MGTSP,1376
2021-10-29,2021-10-29,MISB,15
2021-10-29,2021-10-29,MISBP,11.8
2021-10-29,2021-10-29,MOEX,173.35
2021-10-29,2021-10-29,MORI,4.31
2021-10-29,2021-10-29,MRKC,0.419
2021-10-29,2021-10-29,MRKK,29.88
2021-10-29,2021-10-29,MRKP,0.2669
2021-10-29,2021-10-29,MRKS,0.537
2021-10-29,2021-10-29,MRKU,0.1922
2021-10-29,2021-10-29,MRKV,0.0604
2021-10-29,2021-10-29,MRKY,0.0522
2021-10-29,2021-10-29,MRKZ,0.05845
2021-10-29,2021-10-29,MRSB,0.499
2021-10-29,2021-10-29,MSNG,2.245
2021-10-29,2021-10-29,MSRS,1.35
2021-10-29,2021-10-29,MSTT,92.45
2021-10-29,2021-10-29,MTLR,145.53
2021-10-29,2021-10-29,MTLRP,296.5
2021-10-29,2021-10-29,MTSS,311.35
2021-10-29,2021-10-29,MVID,589.7
2021-10-29,2021-10-29,NAUK,203.4
2021-10-29,2021-10-29,NFAZ,509
2021-10-29,2021-10-29,NKHP,354.5
2021-10-29,2021-10-29,NKNC,127.5
2021-10-29,2021-10-29,NKNCP,104.3
2021-10-29,2021-10-29,NKSH,27.5
2021-10-29,2021-10-29,NLMK,223.6
2021-10-29,2021-10-29,NMTP,7.765
2021-10-29,2021-10-29,NNSB,2540
2021-10-29,2021-10-29,NNSBP,823
2021-10-29,2021-10-29,NPOF,11850
2021-10-29,2021-10-29,NSVZ,197
2021-10-29,2021-10-29,NVTK,1804.8
2021-10-29,2021-10-29,OGKB,0.7
2021-10-29,2021-10-29,OKEY,45.77
2021-10-29,2021-10-29,OMZZP,4475
2021-10-29,2021-10-29,ORUP,24.62
2021-10-29,2021-10-29,OZON,3190
2021-10-29,2021-10-29,PAZA,6600
2021-10-29,2021-10-29,PHOR,5602
2021-10-29,2021-10-29,PIKK,1177
2021-10-29,2021-10-29,PLZL,13985.5
2021-10-29,2021-10-29,PMSB,166.5
2021-10-29,2021-10-29,PMSBP,154
2021-10-29,2021-10-29,POGR,22.625
2021-10-29,2021-10-29,POLY,1317
2021-10-29,2021-10-29,PRMB,40400
2021-10-29,2021-10-29,QIWI,621
2021-10-29,2021-10-29,RASP,431.2
2021-10-29,2021-10-29,RAVN,33.25
2021-10-29,2021-10-29,RBCM,4.016
2021-10-29,2021-10-29,RDRB,228
2021-10-29,2021-10-29,RENI,112
2021-10-29,2021-10-29,RGSS,0.236
2021-10-29,2021-10-29,RKKE,7080
2021-10-29,2021-10-29,RNFT,182.6
2021-10-29,2021-10-29,ROLO,10.175
2021-10-29,2021-10-29,ROSB,79
2021-10-29,2021-10-29,ROSN,636.1
2021-10-29,2021-10-29,ROST,73
2021-10-29,2021-10-29,RSTI,1.3936
2021-10-29,2021-10-29,RSTIP,1.979
2021-10-29,2021-10-29,RTGZ,34800
2021-10-29,2021-10-29,RTKM,93.25
2021-10-29,2021-10-29,RTKMP,84.45
2021-10-29,2021-10-29,RTSB,0.834
2021-10-29,2021-10-29,RTSBP,0.7
2021-10-29,2021-10-29,RUAL,71.705
2021-10-29,2021-10-29,RUGR,13.26
2021-10-29,2021-10-29,RUSI,54.4
2021-10-29,2021-10-29,RUSP,0.747
2021-10-29,2021-10-29,RZSB,18.14
2021-10-29,2021-10-29,SAGO,1.06
2021-10-29,2021-10-29,SAGOP,1.103
2021-10-29,2021-10-29,SARE,0.1476
2021-10-29,2021-10-29,SAREP,0.113
2021-10-29,2021-10-29,SBER,356.14
2021-10-29,2021-10-29,SBERP,322.38
2021-10-29,2021-10-29,SELG,56.61
2021-10-29,2021-10-29,SELGP,57.35
2021-10-29,2021-10-29,SFIN,440
2021-10-29,2021-10-29,SGZH,9.854
2021-10-29,2021-10-29,SIBN,505
2021-10-29,2021-10-29,SLEN,4.45
2021-10-29,2021-10-29,SMLT,4910
2021-10-29,2021-10-29,SNGS,34.015
2021-10-29,2021-10-29,SNGSP,38.57
2021-10-29,2021-10-29,STSB,0.8045
2021-10-29,2021-10-29,STSBP,0.621
2021-10-29,2021-10-29,SVAV,228
2021-10-29,2021-10-29,TASB,0.5815
2021-10-29,2021-10-29,TASBP,0.51
2021-10-29,2021-10-29,TATN,540
2021-10-29,2021-10-29,TATNP,489.3
2021-10-29,2021-10-29,TCSG,7310
2021-10-29,2021-10-29,TGKA,0.011108
2021-10-29,2021-10-29,TGKB,0.004285
2021-10-29,2021-10-29,TGKBP,0.00665
2021-10-29,2021-10-29,TGKD,0.00741
2021-10-29,2021-10-29,TGKDP,0.00704
2021-10-29,2021-10-29,TGKN,0.0033
2021-10-29,2021-10-29,TNSE,980
2021-10-29,2021-10-29,TORS,0.372
2021-10-29,2021-10-29,TORSP,0.29
2021-10-29,2021-10-29,TRCN,8595
2021-10-29,2021-10-29,TRMK,86.7
2021-10-29,2021-10-29,TRNFP,152150
2021-10-29,2021-10-29,TTLK,0.6835
2021-10-29,2021-10-29,TUZA,110.5
2021-10-29,2021-10-29,UCSS,1020
2021-10-29,2021-10-29,UKUZ,1704
2021-10-29,2021-10-29,UNAC,0.7185
2021-10-29,2021-10-29,UNKL,8500
2021-10-29,2021-10-29,UPRO,2.728
2021-10-29,2021-10-29,URKA,119.04
2021-10-29,2021-10-29,URKZ,16940
2021-10-29,2021-10-29,USBN,0.0998
2021-10-29,2021-10-29,UTAR,6.87
2021-10-29,2021-10-29,UWGN,98.7
2021-10-29,2021-10-29,VGSB,5.055
2021-10-29,2021-10-29,VGSBP,2.655
2021-10-29,2021-10-29,VJGZ,1850
2021-10-29,2021-10-29,VJGZP,838
2021-10-29,2021-10-29,VLHZ,80
2021-10-29,2021-10-29,VRSB,252.6
2021-10-29,2021-10-29,VRSBP,67.8
2021-10-29,2021-10-29,VSMO,37380
2021-10-29,2021-10-29,VSYD,4735
2021-10-29,2021-10-29,VSYDP,4760
2021-10-29,2021-10-29,VTBR,0.05273
2021-10-29,2021-10-29,WTCM,9.98
2021-10-29,2021-10-29,WTCMP,9.1
2021-10-29,2021-10-29,YAKG,146.8
2021-10-29,2021-10-29,YKEN,0.36
2021-10-29,2021-10-29,YKENP,0.3395
2021-10-29,2021-10-29,YNDX,5879.2
2021-10-29,2021-10-29,YRSB,232
2021-10-29,2021-10-29,YRSBP,98
2021-10-29,2021-10-29,ZILL,4110
2021-10-29,2021-10-29,ZVEZ,4.19
2021-10-31,2021-10-29,ABRD,203.5
2021-10-31,2021-10-29,ACKO,5.48
2021-10-31,2021-10-29,AFKS,27.083
2021-10-31,2021-10-29,AFLT,68.48
2021-10-31,2021-10-29,AGRO,1178
2021-10-31,2021-10-29,AKRN,8998
2021-10-31,2021-10-29,ALNU,65400
2021-10-31,2021-10-29,ALRS,125.21
2021-10-31,2021-10-29,AMEZ,21.705
2021-10-31,2021-10-29,APTK,13.552
2021-10-31,2021-10-29,AQUA,546
2021-10-31,2021-10-29,ARSA,7.96
2021-10-31,2021-10-29,ASSB,0.999
2021-10-31,2021-10-29,AVAN,1145
2021-10-31,2021-10-29,BANE,1504
2021-10-31,2021-10-29,BANEP,1143.5
2021-10-31,2021-10-29,BELU,3950
2021-10-31,2021-10-29,BISV,8.7
2021-10-31,2021-10-29,BISVP,8.57
2021-10-31,2021-10-29,BLNG,12.79
2021-10-31,2021-10-29,BRZL,1229
2021-10-31,2021-10-29,BSPB,90.85
2021-10-31,2021-10-29,BSPBP,19.75
2021-10-31,2021-10-29,CBOM,7.159
2021-10-31,2021-10-29,CHEP,314
2021-10-31,2021-10-29,CHGZ,41.8
2021-10-31,2021-10-29,CHKZ,6660
2021-10-31,2021-10-29,CHMF,1614.2
2021-10-31,2021-10-29,CHMK,5415
2021-10-31,2021-10-29,CNTL,13.4
2021-10-31,2021-10-29,CNTLP,9.76
2021-10-31,2021-10-29,DIOD,8.39
2021-10-31,2021-10-29,DSKY,136.5
2021-10-31,2021-10-29,DVEC,1.76
2021-10-31,2021-10-29,DZRD,2310
2021-10-31,2021-10-29,DZRDP,1860
2021-10-31,2021-10-29,EELT,7.36
2021-10-31,2021-10-29,ELTZ,182
2021-10-31,2021-10-29,ENPG,870
2021-10-31,2021-10-29,ENRU,0.8588
2021-10-31,2021-10-29,ETLN,111.78
2021-10-31,2021-10-29,FEES,0.1864
2021-10-31,2021-10-29,FESH,26.73
2021-10-31,2021-10-29,FIVE,2409
2021-10-31,2021-10-29,FIXP,620.8
2021-10-31,2021-10-29,FLOT,85.2
2021-10-31,2021-10-29,GAZA,513
2021-10-31,2021-10-29,GAZAP,353
2021-10-31,2021-10-29,GAZC,295
2021-10-31,2021-10-29,GAZP,350.18
2021-10-31,2021-10-29,GAZS,293
2021-10-31,2021-10-29,GAZT,85
2021-10-31,2021-10-29,GCHE,3543.5
2021-10-31,2021-10-29,GEMA,894
2021-10-31,2021-10-29,GEMC,1045
2021-10-31,2021-10-29,GLTR,622.8
2021-10-31,2021-10-29,GMKN,22170
2021-10-31,2021-10-29,GTRK,37
2021-10-31,2021-10-29,HHRU,3776
2021-10-31,2021-10-29,HIMC,0.99
2021-10-31,2021-10-29,HIMCP,11.6
2021-10-31,2021-10-29,HMSG,327.5
2021-10-31,2021-10-29,HYDR,0.8169
2021-10-31,2021-10-29,IGST,2061
2021-10-31,2021-10-29,IGSTP,2638
2021-10-31,2021-10-29,INGR,1344
2021-10-31,2021-10-29,IRAO,4.776
2021-10-31,2021-10-29,IRGZ,14.78
2021-10-31,2021-10-29,IRKT,24.02
2021-10-31,2021-10-29,ISKJ,82.2
2021-10-31,2021-10-29,JNOS,20.55
2021-10-31,2021-10-29,JNOSP,17.44
2021-10-31,2021-10-29,KAZT,400
2021-10-31,2021-10-29,KAZTP,417
2021-10-31,2021-10-29,KBSB,186
2021-10-31,2021-10-29,KCHE,0.2545
2021-10-31,2021-10-29,KCHEP,0.456
2021-10-31,2021-10-29,KGKC,49
2021-10-31,2021-10-29,KGKCP,49.6
2021-10-31,2021-10-29,KLSB,12.36
2021-10-31,2021-10-29,KMAZ,116.5
2021-10-31,2021-10-29,KMEZ,1177
2021-10-31,2021-10-29,KOGK,53000
2021-10-31,2021-10-29,KRKN,12250
2021-10-31,2021-10-29,KRKNP,15740
2021-10-31,2021-10-29,KRKO,11.8
2021-10-31,2021-10-29,KRKOP,11.7
2021-10-31,2021-10-29,KROT,437
2021-10-31,2021-10-29,KROTP,338
2021-10-31,2021-10-29,KRSB,9.25
2021-10-31,2021-10-29,KRSBP,9.4
2021-10-31,2021-10-29,KTSB,0.68
2021-10-31,2021-10-29,KTSBP,0.341
2021-10-31,2021-10-29,KUBE,71.1
2021-10-31,2021-10-29,KUZB,0.02363
2021-10-31,2021-10-29,KZMS,226
2021-10-31,2021-10-29,KZOS,96.6
2021-10-31,2021-10-29,KZOSP,28.42
2021-10-31,2021-10-29,LIFE,6.34
2021-10-31,2021-10-29,LKOH,7272.5
2021-10-31,2021-10-29,LNTA,218.6
2021-10-31,2021-10-29,LNZL,11290
2021-10-31,2021-10-29,LNZLP,2120
2021-10-31,2021-10-29,LPSB,12.8
2021-10-31,2021-10-29,LSNG,10.72
2021-10-31,2021-10-29,LSNGP,176
2021-10-31,2021-10-29,LSRG,749.4
2021-10-31,2021-10-29,LVHK,17.85
2021-10-31,2021-10-29,MAGE,7.82
2021-10-31,2021-10-29,MAGEP,5.94
2021-10-31,2021-10-29,MAGN,65.93
2021-10-31,2021-10-29,MAIL,1461.2
2021-10-31,2021-10-29,MDMG,857.6
2021-10-31,2021-10-29,MFGS,388.5
2021-10-31,2021-10-29,MFGSP,307.5
2021-10-31,2021-10-29,MFON,650.6
2021-10-31,2021-10-29,MGNT,6472
2021-10-31,2021-10-29,MGNZ,12150
2021-10-31,2021-10-29,MGTS,2035
2021-10-31,2021-10-29,MGTSP,1376
2021-10-31,2021-10-29,MISB,15
2021-10-31,2021-10-29,MISBP,11.8
2021-10-31,2021-10-29,MOEX,173.35
2021-10-31,2021-10-29,MORI,4.31
2021-10-31,2021-10-29,MRKC,0.419
2021-10-31,2021-10-29,MRKK,29.88
2021-10-31,2021-10-29,MRKP,0.2669
2021-10-31,2021-10-29,MRKS,0.537
2021-10-31,2021-10-29,MRKU,0.1922
2021-10-31,2021-10-29,MRKV,0.0604
2021-10-31,2021-10-29,MRKY,0.0522
2021-10-31,2021-10-29,MRKZ,0.05845
2021-10-31,2021-10-29,MRSB,0.499
2021-10-31,2021-10-29,MSNG,2.245
2021-10-31,2021-10-29,MSRS,1.35
2021-10-31,2021-10-29,MSTT,92.45
2021-10-31,2021-10-29,MTLR,145.53
2021-10-31,2021-10-29,MTLRP,296.5
2021-10-31,2021-10-29,MTSS,311.35
2021-10-31,2021-10-29,MVID,589.7
2021-10-31,2021-10-29,NAUK,203.4
2021-10-31,2021-10-29,NFAZ,509
2021-10-31,2021-10-29,NKHP,354.5
2021-10-31,2021-10-29,NKNC,127.5
2021-10-31,2021-10-29,NKNCP,104.3
2021-10-31,2021-10-29,NKSH,27.5
2021-10-31,2021-10-29,NLMK,223.6
2021-10-31,2021-10-29,NMTP,7.765
2021-10-31,2021-10-29,NNSB,2540
2021-10-31,2021-10-29,NNSBP,823
2021-10-31,2021-10-29,NPOF,11850
2021-10-31,2021-10-29,NSVZ,197
2021-10-31,2021-10-29,NVTK,1804.8
2021-10-31,2021-10-29,OGKB,0.7
2021-10-31,2021-10-29,OKEY,45.77
2021-10-31,2021-10-29,OMZZP,4475
2021-10-31,2021-10-29,ORUP,24.62
2021-10-31,2021-10-29,OZON,3190
2021-10-31,2021-10-29,PAZA,6600
2021-10-31,2021-10-29,PHOR,5602
2021-10-31,2021-10-29,PIKK,1177
2021-10-31,2021-10-29,PLZL,13985.5
2021-10-31,2021-10-29,PMSB,166.5
2021-10-31,2021-10-29,PMSBP,154
2021-10-31,2021-10-29,POGR,22.625
2021-10-31,2021-10-29,POLY,1317
2021-10-31,2021-10-29,PRMB,40400
2021-10-31,2021-10-29,QIWI,621
2021-10-31,2021-10-29,RASP,431.2
2021-10-31,2021-10-29,RAVN,33.25
2021-10-31,2021-10-29,RBCM,4.016
2021-10-31,2021-10-29,RDRB,228
2021-10-31,2021-10-29,RENI,112
2021-10-31,2021-10-29,RGSS,0.236
2021-10-31,2021-10-29,RKKE,7080
2021-10-31,2021-10-29,RNFT,182.6
2021-10-31,2021-10-29,ROLO,10.175
2021-10-31,2021-10-29,ROSB,79
2021-10-31,2021-10-29,ROSN,636.1
2021-10-31,2021-10-29,ROST,73
2021-10-31,2021-10-29,RSTI,1.3936
2021-10-31,2021-10-29,RSTIP,1.979
2021-10-31,2021-10-29,RTGZ,34800
2021-10-31,2021-10-29,RTKM,93.25
2021-10-31,2021-10-29,RTKMP,84.45
2021-10-31,2021-10-29,RTSB,0.834
2021-10-31,2021-10-29,RTSBP,0.7
2021-10-31,2021-10-29,RUAL,71.705
2021-10-31,2021-10-29,RUGR,13.26
2021-10-31,2021-10-29,RUSI,54.4
2021-10-31,2021-10-29,RUSP,0.747
2021-10-31,2021-10-29,RZSB,18.14
2021-10-31,2021-10-29,SAGO,1.06
2021-10-31,2021-10-29,SAGOP,1.103
2021-10-31,2021-10-29,SARE,0.1476
2021-10-31,2021-10-29,SAREP,0.113
2021-10-31,2021-10-29,SBER,356.14
2021-10-31,2021-10-29,SBERP,322.38
2021-10-31,2021-10-29,SELG,56.61
2021-10-31,2021-10-29,SELGP,57.35
2021-10-31,2021-10-29,SFIN,440
2021-10-31,2021-10-29,SGZH,9.854
2021-10-31,2021-10-29,SIBN,505
2021-10-31,2021-10-29,SLEN,4.45
2021-10-31,2021-10-29,SMLT,4910
2021-10-31,2021-10-29,SNGS,34.015
2021-10-31,2021-10-29,SNGSP,38.57
2021-10-31,2021-10-29,STSB,0.8045
2021-10-31,2021-10-29,STSBP,0.621
2021-10-31,2021-10-29,SVAV,228
2021-10-31,2021-10-29,TASB,0.5815
2021-10-31,2021-10-29,TASBP,0.51
2021-10-31,2021-10-29,TATN,540
2021-10-31,2021-10-29,TATNP,489.3
2021-10-31,2021-10-29,TCSG,7310
2021-10-31,2021-10-29,TGKA,0.011108
2021-10-31,2021-10-29,TGKB,0.004285
2021-10-31,2021-10-29,TGKBP,0.00665
2021-10-31,2021-10-29,TGKD,0.00741
2021-10-31,2021-10-29,TGKDP,0.00704
2021-10-31,2021-10-29,TGKN,0.0033
2021-10-31,2021-10-29,TNSE,980
2021-10-31,2021-10-29,TORS,0.372
2021-10-31,2021-10-29,TORSP,0.29
2021-10-31,2021-10-29,TRCN,8595
2021-10-31,2021-10-29,TRMK,86.7
2021-10-31,2021-10-29,TRNFP,152150
2021-10-31,2021-10-29,TTLK,0.6835
2021-10-31,2021-10-29,TUZA,110.5
2021-10-31,2021-10-29,UCSS,1020
2021-10-31,2021-10-29,UKUZ,1704
2021-10-31,2021-10-29,UNAC,0.7185
2021-10-31,2021-10-29,UNKL,8500
2021-10-31,2021-10-29,UPRO,2.728
2021-10-31,2021-10-29,URKA,119.04
2021-10-31,2021-10-29,URKZ,16940
2021-10-31,2021-10-29,USBN,0.0998
2021-10-31,2021-10-29,UTAR,6.87
2021-10-31,2021-10-29,UWGN,98.7
2021-10-31,2021-10-29,VGSB,5.055
2021-10-31,2021-10-29,VGSBP,2.655
2021-10-31,2021-10-29,VJGZ,1850
2021-10-31,2021-10-29,VJGZP,838
2021-10-31,2021-10-29,VLHZ,80
2021-10-31,2021-10-29,VRSB,252.6
2021-10-31,2021-10-29,VRSBP,67.8
2021-10-31,2021-10-29,VSMO,37380
2021-10-31,2021-10-29,VSYD,4735
2021-10-31,2021-10-29,VSYDP,4760
2021-10-31,2021-10-29,VTBR,0.05273
2021-10-31,2021-10-29,WTCM,9.98
2021-10-31,2021-10-29,WTCMP,9.1
2021-10-31,2021-10-29,YAKG,146.8
2021-10-31,2021-10-29,YKEN,0.36
2021-10-31,2021-10-29,YKENP,0.3395
2021-10-31,2021-10-29,YNDX,5879.2
2021-10-31,2021-10-29,YRSB,232
2021-10-31,2021-10-29,YRSBP,98
2021-10-31,2021-10-29,ZILL,4110
2021-10-31,2021-10-29,ZVEZ,4.19
2021-11-30,2021-11-30,ABRD,199
2021-11-30,2021-11-30,ACKO,5
2021-11-30,2021-11-30,AFKS,25.097
2021-11-30,2021-11-30,AFLT,60.32
2021-11-30,2021-11-30,AGRO,1135.4
2021-11-30,2021-11-30,AKRN,13000
2021-11-30,2021-11-30,ALNU,65400
2021-11-30,2021-11-30,ALRS,128.44
2021-11-30,2021-11-30,AMEZ,18.93
2021-11-30,2021-11-30,APTK,13.92
2021-11-30,2021-11-30,AQUA,526
2021-11-30,2021-11-30,ARSA,7.85
2021-11-30,2021-11-30,ASSB,0.9115
2021-11-30,2021-11-30,AVAN,1155
2021-11-30,2021-11-30,BANE,1373
2021-11-30,2021-11-30,BANEP,1021
2021-11-30,2021-11-30,BELU,3408
2021-11-30,2021-11-30,BISV,8.7
2021-11-30,2021-11-30,BISVP,8.12
2021-11-30,2021-11-30,BLNG,11.82
2021-11-30,2021-11-30,BRZL,1179
2021-11-30,2021-11-30,BSPB,86.47
2021-11-30,2021-11-30,BSPBP,19.5
2021-11-30,2021-11-30,CBOM,6.73
2021-11-30,2021-11-30,CHEP,314
2021-11-30,2021-11-30,CHGZ,52.2
2021-11-30,2021-11-30,CHKZ,6480
2021-11-30,2021-11-30,CHMF,1564.6
2021-11-30,2021-11-30,CHMK,4980
2021-11-30,2021-11-30,CIAN,1183.4
2021-11-30,2021-11-30,CNTL,12.94
2021-11-30,2021-11-30,CNTLP,9.02
2021-11-30,2021-11-30,DIOD,8.12
2021-11-30,2021-11-30,DSKY,138.8
2021-11-30,2021-11-30,DVEC,1.428
2021-11-30,2021-11-30,DZRD,2135
2021-11-30,2021-11-30,DZRDP,1770
2021-11-30,2021-11-30,EELT,7.42
2021-11-30,2021-11-30,ELTZ,168
2021-11-30,2021-11-30,ENPG,840.5
2021-11-30,2021-11-30,ENRU,0.84
2021-11-30,2021-11-30,ETLN,100.3
2021-11-30,2021-11-30,FEES,0.1659
2021-11-30,2021-11-30,FESH,26.25
2021-11-30,2021-11-30,FIVE,2073
2021-11-30,2021-11-30,FIXP,574.9
2021-11-30,2021-11-30,FLOT,80.24
2021-11-30,2021-11-30,GAZA,469
2021-11-30,2021-11-30,GAZAP,342.5
2021-11-30,2021-11-30,GAZC,295
2021-11-30,2021-11-30,GAZP,334.24
2021-11-30,2021-11-30,GAZS,293
2021-11-30,2021-11-30,GAZT,85
2021-11-30,2021-11-30,GCHE,2960
2021-11-30,2021-11-30,GEMA,990
2021-11-30,2021-11-30,GEMC,1184.85
2021-11-30,2021-11-30,GLTR,529.9
2021-11-30,2021-11-30,GMKN,21538
2021-11-30,2021-11-30,GTRK,32.55
2021-11-30,2021-11-30,HHRU,4113
2021-11-30,2021-11-30,HIMC,0.99
2021-11-30,2021-11-30,HIMCP,9.56
2021-11-30,2021-11-30,HMSG,308.5
2021-11-30,2021-11-30,HYDR,0.7367
2021-11-30,2021-11-30,IGST,2845
2021-11-30,2021-11-30,IGSTP,2353
2021-11-30,2021-11-30,INGR,1342
2021-11-30,2021-11-30,IRAO,4.2915
2021-11-30,2021-11-30,IRGZ,14.12
2021-11-30,2021-11-30,IRKT,21.7
2021-11-30,2021-11-30,ISKJ,120.9
2021-11-30,2021-11-30,JNOS,20.2
2021-11-30,2021-11-30,JNOSP,17.08
2021-11-30,2021-11-30,KAZT,378.2
2021-11-30,2021-11-30,KAZTP,386.4
2021-11-30,2021-11-30,KBSB,153.5
2021-11-30,2021-11-30,KCHE,0.197
2021-11-30,2021-11-30,KCHEP,0.404
2021-11-30,2021-11-30,KGKC,47.2
2021-11-30,2021-11-30,KGKCP,46.8
2021-11-30,2021-11-30,KLSB,10.87
2021-11-30,2021-11-30,KMAZ,108.7
2021-11-30,2021-11-30,KMEZ,1100
2021-11-30,2021-11-30,KOGK,52000
2021-11-30,2021-11-30,KRKN,11900
2021-11-30,2021-11-30,KRKNP,15700
2021-11-30,2021-11-30,KRKO,11.8
2021-11-30,2021-11-30,KRKOP,11.04
2021-11-30,2021-11-30,KROT,428.5
2021-11-30,2021-11-30,KROTP,320.5
2021-11-30,2021-11-30,KRSB,8.57
2021-11-30,2021-11-30,KRSBP,8.92
2021-11-30,2021-11-30,KTSB,0.65
2021-11-30,2021-11-30,KTSBP,0.3135
2021-11-30,2021-11-30,KUBE,65.7
2021-11-30,2021-11-30,KUZB,0.01959
2021-11-30,2021-11-30,KZMS,226
2021-11-30,2021-11-30,KZOS,99
2021-11-30,2021-11-30,KZOSP,23.6
2021-11-30,2021-11-30,LIFE,5.475
2021-11-30,2021-11-30,LKOH,6513
2021-11-30,2021-11-30,LNTA,204.6
2021-11-30,2021-11-30,LNZL,10460
2021-11-30,2021-11-30,LNZLP,1950
2021-11-30,2021-11-30,LPSB,9.95
2021-11-30,2021-11-30,LSNG,8.81
2021-11-30,2021-11-30,LSNGP,171.25
2021-11-30,2021-11-30,LSRG,745
2021-11-30,2021-11-30,LVHK,15.7
2021-11-30,2021-11-30,MAGE,7.37
2021-11-30,2021-11-30,MAGEP,5.68
2021-11-30,2021-11-30,MAGN,59.66
2021-11-30,2021-11-30,MAIL,1247
2021-11-30,2021-11-30,MDMG,831.7
2021-11-30,2021-11-30,MFGS,338.5
2021-11-30,2021-11-30,MFGSP,290.5
2021-11-30,2021-11-30,MFON,650.6
2021-11-30,2021-11-30,MGNT,5733
2021-11-30,2021-11-30,MGNZ,10990
2021-11-30,2021-11-30,MGTS,2065
2021-11-30,2021-11-30,MGTSP,1330
2021-11-30,2021-11-30,MISB,14.7
2021-11-30,2021-11-30,MISBP,11.1
2021-11-30,2021-11-30,MOEX,151.15
2021-11-30,2021-11-30,MORI,4.31
2021-11-30,2021-11-30,MRKC,0.4014
2021-11-30,2021-11-30,MRKK,29.04
2021-11-30,2021-11-30,MRKP,0.2454
2021-11-30,2021-11-30,MRKS,0.389
2021-11-30,2021-11-30,MRKU,0.1816
2021-11-30,2021-11-30,MRKV,0.0533
2021-11-30,2021-11-30,MRKY,0.04765
2021-11-30,2021-11-30,MRKZ,0.0535
2021-11-30,2021-11-30,MRSB,0.47
2021-11-30,2021-11-30,MSNG,2.126
2021-11-30,2021-11-30,MSRS,1.26
2021-11-30,2021-11-30,MSTT,89.05
2021-11-30,2021-11-30,MTLR,109.18
2021-11-30,2021-11-30,MTLRP,259.9
2021-11-30,2021-11-30,MTSS,293.75
2021-11-30,2021-11-30,MVID,552.5
2021-11-30,2021-11-30,NAUK,199.6
2021-11-30,2021-11-30,NFAZ,493.2
2021-11-30,2021-11-30,NKHP,329
2021-11-30,2021-11-30,NKNC,116.55
2021-11-30,2021-11-30,NKNCP,98.26
2021-11-30,2021-11-30,NKSH,24.86
2021-11-30,2021-11-30,NLMK,217.08
2021-11-30,2021-11-30,NMTP,7.24
2021-11-30,2021-11-30,NNSB,2410
2021-11-30,2021-11-30,NNSBP,800
2021-11-30,2021-11-30,NPOF,11850
2021-11-30,2021-11-30,NSVZ,191
2021-11-30,2021-11-30,NVTK,1627.6
2021-11-30,2021-11-30,OGKB,0.6006
2021-11-30,2021-11-30,OKEY,48.43
2021-11-30,2021-11-30,OMZZP,6115
2021-11-30,2021-11-30,ORUP,20.6
2021-11-30,2021-11-30,OZON,2993.5
2021-11-30,2021-11-30,PAZA,6540
2021-11-30,2021-11-30,PHOR,5670
2021-11-30,2021-11-30,PIKK,1081.9
2021-11-30,2021-11-30,PLZL,14170
2021-11-30,2021-11-30,PMSB,161
2021-11-30,2021-11-30,PMSBP,150
2021-11-30,2021-11-30,POGR,20.8
2021-11-30,2021-11-30,POLY,1356.8
2021-11-30,2021-11-30,PRMB,42800
2021-11-30,2021-11-30,QIWI,629.5
2021-11-30,2021-11-30,RASP,392.3
2021-11-30,2021-11-30,RAVN,30.95
2021-11-30,2021-11-30,RBCM,3.89
2021-11-30,2021-11-30,RDRB,224
2021-11-30,2021-11-30,RENI,112.12
2021-11-30,2021-11-30,RGSS,0.227
2021-11-30,2021-11-30,RKKE,6800
2021-11-30,2021-11-30,RNFT,152.8
2021-11-30,2021-11-30,ROLO,9.56
2021-11-30,2021-11-30,ROSB,77.4
2021-11-30,2021-11-30,ROSN,566.1
2021-11-30,2021-11-30,ROST,71
2021-11-30,2021-11-30,RSTI,1.2528
2021-11-30,2021-11-30,RSTIP,1.882
2021-11-30,2021-11-30,RTGZ,35300
2021-11-30,2021-11-30,RTKM,84.8
2021-11-30,2021-11-30,RTKMP,78.35
2021-11-30,2021-11-30,RTSB,0.686
2021-11-30,2021-11-30,RTSBP,0.616
2021-11-30,2021-11-30,RUAL,67.805
2021-11-30,2021-11-30,RUGR,12.572
2021-11-30,2021-11-30,RUSI,44
2021-11-30,2021-11-30,RUSP,0.747
2021-11-30,2021-11-30,RZSB,18.16
2021-11-30,2021-11-30,SAGO,1.178
2021-11-30,2021-11-30,SAGOP,1.167
2021-11-30,2021-11-30,SARE,0.1246
2021-11-30,2021-11-30,SAREP,0.103
2021-11-30,2021-11-30,SBER,315
2021-11-30,2021-11-30,SBERP,291.82
2021-11-30,2021-11-30,SELG,61.7
2021-11-30,2021-11-30,SELGP,61.75
2021-11-30,2021-11-30,SFIN,510
2021-11-30,2021-11-30,SFTL,477.98
2021-11-30,2021-11-30,SGZH,10.6
2021-11-30,2021-11-30,SIBN,498
2021-11-30,2021-11-30,SLEN,3.8
2021-11-30,2021-11-30,SMLT,4740
2021-11-30,2021-11-30,SNGS,36.42
2021-11-30,2021-11-30,SNGSP,37.525
2021-11-30,2021-11-30,SPBE,997
2021-11-30,2021-11-30,STSB,0.709
2021-11-30,2021-11-30,STSBP,0.6
2021-11-30,2021-11-30,SVAV,206
2021-11-30,2021-11-30,TASB,0.569
2021-11-30,2021-11-30,TASBP,0.488
2021-11-30,2021-11-30,TATN,473.3
2021-11-30,2021-11-30,TATNP,439.3
2021-11-30,2021-11-30,TCSG,7114
2021-11-30,2021-11-30,TGKA,0.01032
2021-11-30,2021-11-30,TGKB,0.00442
2021-11-30,2021-11-30,TGKBP,0.00658
2021-11-30,2021-11-30,TGKD,0.00895
2021-11-30,2021-11-30,TGKDP,0.0078
2021-11-30,2021-11-30,TGKN,0.00283
2021-11-30,2021-11-30,TNSE,910
2021-11-30,2021-11-30,TORS,0.352
2021-11-30,2021-11-30,TORSP,0.2735
2021-11-30,2021-11-30,TRCN,8595
2021-11-30,2021-11-30,TRMK,75.5
2021-11-30,2021-11-30,TRNFP,141850
2021-11-30,2021-11-30,TTLK,0.597
2021-11-30,2021-11-30,TUZA,122
2021-11-30,2021-11-30,UCSS,905
2021-11-30,2021-11-30,UKUZ,1476
2021-11-30,2021-11-30,UNAC,0.6845
2021-11-30,2021-11-30,UNKL,8210
2021-11-30,2021-11-30,UPRO,2.727
2021-11-30,2021-11-30,URKA,119.04
2021-11-30,2021-11-30,URKZ,16880
2021-11-30,2021-11-30,USBN,0.0938
2021-11-30,2021-11-30,UTAR,6.75
2021-11-30,2021-11-30,UWGN,77.5
2021-11-30,2021-11-30,VEON-RX,130
2021-11-30,2021-11-30,VGSB,4.26
2021-11-30,2021-11-30,VGSBP,2.5
2021-11-30,2021-11-30,VJGZ,1738
2021-11-30,2021-11-30,VJGZP,635
2021-11-30,2021-11-30,VLHZ,75.3
2021-11-30,2021-11-30,VRSB,261.8
2021-11-30,2021-11-30,VRSBP,57.8
2021-11-30,2021-11-30,VSMO,44000
2021-11-30,2021-11-30,VSYD,4610
2021-11-30,2021-11-30,VSYDP,4720
2021-11-30,2021-11-30,VTBR,0.047195
2021-11-30,2021-11-30,WTCM,9.68
2021-11-30,2021-11-30,WTCMP,8.7
2021-11-30,2021-11-30,YAKG,114.95
2021-11-30,2021-11-30,YKEN,0.32
2021-11-30,2021-11-30,YKENP,0.3055
2021-11-30,2021-11-30,YNDX,5359.4
2021-11-30,2021-11-30,YRSB,216
2021-11-30,2021-11-30,YRSBP,92
2021-11-30,2021-11-30,ZILL,3870
2021-11-30,2021-11-30,ZVEZ,4.085
2021-12-30,2021-12-30,ABRD,193.5
2021-12-30,2021-12-30,ACKO,3.58
2021-12-30,2021-12-30,AFKS,23.364
2021-12-30,2021-12-30,AFLT,59.16
2021-12-30,2021-12-30,AGRO,1173
2021-12-30,2021-12-30,AKRN,12358
2021-12-30,2021-12-30,ALRS,122.34
2021-12-30,2021-12-30,AMEZ,17.91
2021-12-30,2021-12-30,APTK,13.9
2021-12-30,2021-12-30,AQUA,600.5
2021-12-30,2021-12-30,ARSA,7.57
2021-12-30,2021-12-30,ASSB,0.831
2021-12-30,2021-12-30,AVAN,1025
2021-12-30,2021-12-30,BANE,1359
2021-12-30,2021-12-30,BANEP,995.5
2021-12-30,2021-12-30,BELU,3350
2021-12-30,2021-12-30,BISV,8.7
2021-12-30,2021-12-30,BISVP,11.41
2021-12-30,2021-12-30,BLNG,11.405
2021-12-30,2021-12-30,BRZL,1080
2021-12-30,2021-12-30,BSPB,81.5
2021-12-30,2021-12-30,BSPBP,18.85
2021-12-30,2021-12-30,CBOM,6.852
2021-12-30,2021-12-30,CHEP,314
2021-12-30,2021-12-30,CHGZ,58.2
2021-12-30,2021-12-30,CHKZ,5800
2021-12-30,2021-12-30,CHMF,1604.2
2021-12-30,2021-12-30,CHMK,4720
2021-12-30,2021-12-30,CIAN,1053.2
2021-12-30,2021-12-30,CNTL,11.94
2021-12-30,2021-12-30,CNTLP,8.08
2021-12-30,2021-12-30,DIOD,7.95
2021-12-30,2021-12-30,DSKY,124.74
2021-12-30,2021-12-30,DVEC,1.24
2021-12-30,2021-12-30,DZRD,2065
2021-12-30,2021-12-30,DZRDP,1640
2021-12-30,2021-12-30,EELT,7.08
2021-12-30,2021-12-30,ELTZ,168.5
2021-12-30,2021-12-30,ENPG,885.5
2021-12-30,2021-12-30,ENRU,0.8618
2021-12-30,2021-12-30,ETLN,85.5
2021-12-30,2021-12-30,FEES,0.16268
2021-12-30,2021-12-30,FESH,27.19
2021-12-30,2021-12-30,FIVE,1959.5
2021-12-30,2021-12-30,FIXP,547.5
2021-12-30,2021-12-30,FLOT,73.21
2021-12-30,2021-12-30,GAZA,455
2021-12-30,2021-12-30,GAZAP,355
2021-12-30,2021-12-30,GAZC,295
2021-12-30,2021-12-30,GAZP,342.39
2021-12-30,2021-12-30,GAZS,293
2021-12-30,2021-12-30,GAZT,85
2021-12-30,2021-12-30,GCHE,2944
2021-12-30,2021-12-30,GEMA,999
2021-12-30,2021-12-30,GEMC,1000.1
2021-12-30,2021-12-30,GLTR,638
2021-12-30,2021-12-30,GMKN,22900
2021-12-30,2021-12-30,GTRK,28.9
2021-12-30,2021-12-30,HHRU,3889
2021-12-30,2021-12-30,HIMC,0.99
2021-12-30,2021-12-30,HIMCP,9.51
2021-12-30,2021-12-30,HMSG,303.5
2021-12-30,2021-12-30,HYDR,0.7435
2021-12-30,2021-12-30,IGST,2544
2021-12-30,2021-12-30,IGSTP,2138
2021-12-30,2021-12-30,INGR,1807
2021-12-30,2021-12-30,IRAO,4.26
2021-12-30,2021-12-30,IRGZ,15.22
2021-12-30,2021-12-30,IRKT,22.28
2021-12-30,2021-12-30,ISKJ,114.9
2021-12-30,2021-12-30,JNOS,20.6
2021-12-30,2021-12-30,JNOSP,15.54
2021-12-30,2021-12-30,KAZT,389
2021-12-30,2021-12-30,KAZTP,399.2
2021-12-30,2021-12-30,KBSB,139.5
2021-12-30,2021-12-30,KCHE,0.1995
2021-12-30,2021-12-30,KCHEP,0.378
2021-12-30,2021-12-30,KGKC,46.8
2021-12-30,2021-12-30,KGKCP,47
2021-12-30,2021-12-30,KLSB,10.6
2021-12-30,2021-12-30,KMAZ,105
2021-12-30,2021-12-30,KMEZ,1039
2021-12-30,2021-12-30,KOGK,50600
2021-12-30,2021-12-30,KRKN,11150
2021-12-30,2021-12-30,KRKNP,15560
2021-12-30,2021-12-30,KRKO,11.8
2021-12-30,2021-12-30,KRKOP,10.05
2021-12-30,2021-12-30,KROT,390.5
2021-12-30,2021-12-30,KROTP,289
2021-12-30,2021-12-30,KRSB,8.63
2021-12-30,2021-12-30,KRSBP,8.8
2021-12-30,2021-12-30,KTSB,0.598
2021-12-30,2021-12-30,KTSBP,0.3365
2021-12-30,2021-12-30,KUBE,66.5
2021-12-30,2021-12-30,KUZB,0.018
2021-12-30,2021-12-30,KZMS,226
2021-12-30,2021-12-30,KZOS,96.6
2021-12-30,2021-12-30,KZOSP,26.1
2021-12-30,2021-12-30,LENT,998
2021-12-30,2021-12-30,LIFE,5.61
2021-12-30,2021-12-30,LKOH,6573
2021-12-30,2021-12-30,LNTA,191.1
2021-12-30,2021-12-30,LNZL,9200
2021-12-30,2021-12-30,LNZLP,1640
2021-12-30,2021-12-30,LPSB,9.25
2021-12-30,2021-12-30,LSNG,8.34
2021-12-30,2021-12-30,LSNGP,169.5
2021-12-30,2021-12-30,LSRG,609
2021-12-30,2021-12-30,LVHK,15.98
2021-12-30,2021-12-30,MAGE,7.68
2021-12-30,2021-12-30,MAGEP,5.4
2021-12-30,2021-12-30,MAGN,69.65
2021-12-30,2021-12-30,MDMG,797.1
2021-12-30,2021-12-30,MFGS,316.5
2021-12-30,2021-12-30,MFGSP,274
2021-12-30,2021-12-30,MFON,650.6
2021-12-30,2021-12-30,MGNT,5444
2021-12-30,2021-12-30,MGNZ,10020
2021-12-30,2021-12-30,MGTS,2035
2021-12-30,2021-12-30,MGTSP,1178
2021-12-30,2021-12-30,MISB,14.6
2021-12-30,2021-12-30,MISBP,10.5
2021-12-30,2021-12-30,MOEX,153.22
2021-12-30,2021-12-30,MORI,4.31
2021-12-30,2021-12-30,MRKC,0.415
2021-12-30,2021-12-30,MRKK,27.3
2021-12-30,2021-12-30,MRKP,0.2304
2021-12-30,2021-12-30,MRKS,0.3495
2021-12-30,2021-12-30,MRKU,0.1778
2021-12-30,2021-12-30,MRKV,0.0494
2021-12-30,2021-12-30,MRKY,0.0451
2021-12-30,2021-12-30,MRKZ,0.05205
2021-12-30,2021-12-30,MRSB,0.41
2021-12-30,2021-12-30,MSNG,2.098
2021-12-30,2021-12-30,MSRS,1.2395
2021-12-30,2021-12-30,MSTT,83.45
2021-12-30,2021-12-30,MTLR,123.29
2021-12-30,2021-12-30,MTLRP,313.55
2021-12-30,2021-12-30,MTSS,298.9
2021-12-30,2021-12-30,MVID,437.7
2021-12-30,2021-12-30,NAUK,182.8
2021-12-30,2021-12-30,NFAZ,612
2021-12-30,2021-12-30,NKHP,290
2021-12-30,2021-12-30,NKNC,110.9
2021-12-30,2021-12-30,NKNCP,101.68
2021-12-30,2021-12-30,NKSH,23.56
2021-12-30,2021-12-30,NLMK,217.04
2021-12-30,2021-12-30,NMTP,6.75
2021-12-30,2021-12-30,NNSB,2160
2021-12-30,2021-12-30,NNSBP,830
2021-12-30,2021-12-30,NPOF,11850
2021-12-30,2021-12-30,NSVZ,180
2021-12-30,2021-12-30,NVTK,1719.4
2021-12-30,2021-12-30,OGKB,0.635
2021-12-30,2021-12-30,OKEY,42.89
2021-12-30,2021-12-30,OMZZP,4820
2021-12-30,2021-12-30,ORUP,16.6
2021-12-30,2021-12-30,OZON,2316.5
2021-12-30,2021-12-30,PAZA,5560
2021-12-30,2021-12-30,PHOR,5863
2021-12-30,2021-12-30,PIKK,1102.4
2021-12-30,2021-12-30,PLZL,13087
2021-12-30,2021-12-30,PMSB,155
2021-12-30,2021-12-30,PMSBP,145.4
2021-12-30,2021-12-30,POGR,19.295
2021-12-30,2021-12-30,POLY,1311.9
2021-12-30,2021-12-30,POSI,840
2021-12-30,2021-12-30,PRMB,38200
2021-12-30,2021-12-30,QIWI,609
2021-12-30,2021-12-30,RASP,469.3
2021-12-30,2021-12-30,RAVN,31.5
2021-12-30,2021-12-30,RBCM,3.73
2021-12-30,2021-12-30,RDRB,202
2021-12-30,2021-12-30,RENI,101
2021-12-30,2021-12-30,RGSS,0.182
2021-12-30,2021-12-30,RKKE,6330
2021-12-30,2021-12-30,RNFT,153.4
2021-12-30,2021-12-30,ROLO,8.16
2021-12-30,2021-12-30,ROSB,76
2021-12-30,2021-12-30,ROSN,599
2021-12-30,2021-12-30,ROST,69.6
2021-12-30,2021-12-30,RSTI,1.1223
2021-12-30,2021-12-30,RSTIP,1.779
2021-12-30,2021-12-30,RTGZ,31100
2021-12-30,2021-12-30,RTKM,86.63
2021-12-30,2021-12-30,RTKMP,76.15
2021-12-30,2021-12-30,RTSB,0.652
2021-12-30,2021-12-30,RTSBP,0.529
2021-12-30,2021-12-30,RUAL,73.245
2021-12-30,2021-12-30,RUGR,12.25
2021-12-30,2021-12-30,RUSI,49.3
2021-12-30,2021-12-30,RUSP,0.747
2021-12-30,2021-12-30,RZSB,17.74
2021-12-30,2021-12-30,SAGO,1.172
2021-12-30,2021-12-30,SAGOP,1.199
2021-12-30,2021-12-30,SARE,0.1164
2021-12-30,2021-12-30,SAREP,0.104
2021-12-30,2021-12-30,SBER,293.49
2021-12-30,2021-12-30,SBERP,279
2021-12-30,2021-12-30,SELG,57.71
2021-12-30,2021-12-30,SFIN,525.8
2021-12-30,2021-12-30,SFTL,516.51
2021-12-30,2021-12-30,SGZH,11.09
2021-12-30,2021-12-30,SIBN,544.8
2021-12-30,2021-12-30,SLEN,3.735
2021-12-30,2021-12-30,SMLT,4850
2021-12-30,2021-12-30,SNGS,39.91
2021-12-30,2021-12-30,SNGSP,38.57
2021-12-30,2021-12-30,SPBE,984
2021-12-30,2021-12-30,STSB,0.6905
2021-12-30,2021-12-30,STSBP,0.6
2021-12-30,2021-12-30,SVAV,215
2021-12-30,2021-12-30,SVET,78.45
2021-12-30,2021-12-30,TASB,0.5285
2021-12-30,2021-12-30,TASBP,0.447
2021-12-30,2021-12-30,TATN,502
2021-12-30,2021-12-30,TATNP,462.8
2021-12-30,2021-12-30,TCSG,6118
2021-12-30,2021-12-30,TGKA,0.009938
2021-12-30,2021-12-30,TGKB,0.004185
2021-12-30,2021-12-30,TGKBP,0.00657
2021-12-30,2021-12-30,TGKD,0.00809
2021-12-30,2021-12-30,TGKDP,0.00697
2021-12-30,2021-12-30,TGKN,0.00259
2021-12-30,2021-12-30,TNSE,910
2021-12-30,2021-12-30,TORS,0.335
2021-12-30,2021-12-30,TORSP,0.2545
2021-12-30,2021-12-30,TRCN,8595
2021-12-30,2021-12-30,TRMK,72.56
2021-12-30,2021-12-30,TRNFP,158800
2021-12-30,2021-12-30,TTLK,0.579
2021-12-30,2021-12-30,TUZA,144.5
2021-12-30,2021-12-30,UCSS,805
2021-12-30,2021-12-30,UKUZ,1340
2021-12-30,2021-12-30,UNAC,0.6195
2021-12-30,2021-12-30,UNKL,8160
2021-12-30,2021-12-30,UPRO,2.612
2021-12-30,2021-12-30,URKA,119.04
2021-12-30,2021-12-30,URKZ,16300
2021-12-30,2021-12-30,USBN,0.0967
2021-12-30,2021-12-30,UTAR,7.61
2021-12-30,2021-12-30,VEON-RX,129.1
2021-12-30,2021-12-30,VGSB,3.8
2021-12-30,2021-12-30,VGSBP,2.21
2021-12-30,2021-12-30,VJGZ,1879
2021-12-30,2021-12-30,VJGZP,763
2021-12-30,2021-12-30,VKCO,872.4
2021-12-30,2021-12-30,VLHZ,71.8
2021-12-30,2021-12-30,VRSB,215.4
2021-12-30,2021-12-30,VRSBP,49.2
2021-12-30,2021-12-30,VSMO,46900
2021-12-30,2021-12-30,VSYD,4695
2021-12-30,2021-12-30,VSYDP,4800
2021-12-30,2021-12-30,VTBR,0.048195
2021-12-30,2021-12-30,WTCM,9.64
2021-12-30,2021-12-30,WTCMP,8.44
2021-12-30,2021-12-30,YAKG,111.95
2021-12-30,2021-12-30,YKEN,0.305
2021-12-30,2021-12-30,YKENP,0.3035
2021-12-30,2021-12-30,YNDX,4569.4
2021-12-30,2021-12-30,YRSB,206
2021-12-30,2021-12-30,YRSBP,91
2021-12-30,2021-12-30,ZILL,4010
2021-12-30,2021-12-30,ZVEZ,3.975
2021-12-31,2021-12-30,ABRD,193.5
2021-12-31,2021-12-30,ACKO,3.58
2021-12-31,2021-12-30,AFKS,23.364
2021-12-31,2021-12-30,AFLT,59.16
2021-12-31,2021-12-30,AGRO,1173
2021-12-31,2021-12-30,AKRN,12358
2021-12-31,2021-12-30,ALRS,122.34
2021-12-31,2021-12-30,AMEZ,17.91
2021-12-31,2021-12-30,APTK,13.9
2021-12-31,2021-12-30,AQUA,600.5
2021-12-31,2021-12-30,ARSA,7.57
2021-12-31,2021-12-30,ASSB,0.831
2021-12-31,2021-12-30,AVAN,1025
2021-12-31,2021-12-30,BANE,1359
2021-12-31,2021-12-30,BANEP,995.5
2021-12-31,2021-12-30,BELU,3350
2021-12-31,2021-12-30,BISV,8.7
2021-12-31,2021-12-30,BISVP,11.41
2021-12-31,2021-12-30,BLNG,11.405
2021-12-31,2021-12-30,BRZL,1080
2021-12-31,2021-12-30,BSPB,81.5
2021-12-31,2021-12-30,BSPBP,18.85
2021-12-31,2021-12-30,CBOM,6.852
2021-12-31,2021-12-30,CHEP,314
2021-12-31,2021-12-30,CHGZ,58.2
2021-12-31,2021-12-30,CHKZ,5800
2021-12-31,2021-12-30,CHMF,1604.2
2021-12-31,2021-12-30,CHMK,4720
2021-12-31,2021-12-30,CIAN,1053.2
2021-12-31,2021-12-30,CNTL,11.94
2021-12-31,2021-12-30,CNTLP,8.08
2021-12-31,2021-12-30,DIOD,7.95
2021-12-31,2021-12-30,DSKY,124.74
2021-12-31,2021-12-30,DVEC,1.24
2021-12-31,2021-12-30,DZRD,2065
2021-12-31,2021-12-30,DZRDP,1640
2021-12-31,2021-12-30,EELT,7.08
2021-12-31,2021-12-30,ELTZ,168.5
2021-12-31,2021-12-30,ENPG,885.5
2021-12-31,2021-12-30,ENRU,0.8618
2021-12-31,2021-12-30,ETLN,85.5
2021-12-31,2021-12-30,FEES,0.16268
2021-12-31,2021-12-30,FESH,27.19
2021-12-31,2021-12-30,FIVE,1959.5
2021-12-31,2021-12-30,FIXP,547.5
2021-12-31,2021-12-30,FLOT,73.21
2021-12-31,2021-12-30,GAZA,455
2021-12-31,2021-12-30,GAZAP,355
2021-12-31,2021-12-30,GAZC,295
2021-12-31,2021-12-30,GAZP,342.39
2021-12-31,2021-12-30,GAZS,293
2021-12-31,2021-12-30,GAZT,85
2021-12-31,2021-12-30,GCHE,2944
2021-12-31,2021-12-30,GEMA,999
2021-12-31,2021-12-30,GEMC,1000.1
2021-12-31,2021-12-30,GLTR,638
2021-12-31,2021-12-30,GMKN,22900
2021-12-31,2021-12-30,GTRK,28.9
2021-12-31,2021-12-30,HHRU,3889
2021-12-31,2021-12-30,HIMC,0.99
2021-12-31,2021-12-30,HIMCP,9.51
2021-12-31,2021-12-30,HMSG,303.5
2021-12-31,2021-12-30,HYDR,0.7435
2021-12-31,2021-12-30,IGST,2544
2021-12-31,2021-12-30,IGSTP,2138
2021-12-31,2021-12-30,INGR,1807
2021-12-31,2021-12-30,IRAO,4.26
2021-12-31,2021-12-30,IRGZ,15.22
2021-12-31,2021-12-30,IRKT,22.28
2021-12-31,2021-12-30,ISKJ,114.9
2021-12-31,2021-12-30,JNOS,20.6
2021-12-31,2021-12-30,JNOSP,15.54
2021-12-31,2021-12-30,KAZT,389
2021-12-31,2021-12-30,KAZTP,399.2
2021-12-31,2021-12-30,KBSB,139.5
2021-12-31,2021-12-30,KCHE,0.1995
2021-12-31,2021-12-30,KCHEP,0.378
2021-12-31,2021-12-30,KGKC,46.8
2021-12-31,2021-12-30,KGKCP,47
2021-12-31,2021-12-30,KLSB,10.6
2021-12-31,2021-12-30,KMAZ,105
2021-12-31,2021-12-30,KMEZ,1039
2021-12-31,2021-12-30,KOGK,50600
2021-12-31,2021-12-30,KRKN,11150
2021-12-31,2021-12-30,KRKNP,15560
2021-12-31,2021-12-30,KRKO,11.8
2021-12-31,2021-12-30,KRKOP,10.05
2021-12-31,2021-12-30,KROT,390.5
2021-12-31,2021-12-30,KROTP,289
2021-12-31,2021-12-30,KRSB,8.63
2021-12-31,2021-12-30,KRSBP,8.8
2021-12-31,2021-12-30,KTSB,0.598
2021-12-31,2021-12-30,KTSBP,0.3365
2021-12-31,2021-12-30,KUBE,66.5
2021-12-31,2021-12-30,KUZB,0.018
2021-12-31,2021-12-30,KZMS,226
2021-12-31,2021-12-30,KZOS,96.6
2021-12-31,2021-12-30,KZOSP,26.1
2021-12-31,2021-12-30,LENT,998
2021-12-31,2021-12-30,LIFE,5.61
2021-12-31,2021-12-30,LKOH,6573
2021-12-31,2021-12-30,LNTA,191.1
2021-12-31,2021-12-30,LNZL,9200
2021-12-31,2021-12-30,LNZLP,1640
2021-12-31,2021-12-30,LPSB,9.25
2021-12-31,2021-12-30,LSNG,8.34
2021-12-31,2021-12-30,LSNGP,169.5
2021-12-31,2021-12-30,LSRG,609
2021-12-31,2021-12-30,LVHK,15.98
2021-12-31,2021-12-30,MAGE,7.68
2021-12-31,2021-12-30,MAGEP,5.4
2021-12-31,2021-12-30,MAGN,69.65
2021-12-31,2021-12-30,MDMG,797.1
2021-12-31,2021-12-30,MFGS,316.5
2021-12-31,2021-12-30,MFGSP,274
2021-12-31,2021-12-30,MFON,650.6
2021-12-31,2021-12-30,MGNT,5444
2021-12-31,2021-12-30,MGNZ,10020
2021-12-31,2021-12-30,MGTS,2035
2021-12-31,2021-12-30,MGTSP,1178
2021-12-31,2021-12-30,MISB,14.6
2021-12-31,2021-12-30,MISBP,10.5
2021-12-31,2021-12-30,MOEX,153.22
2021-12-31,2021-12-30,MORI,4.31
2021-12-31,2021-12-30,MRKC,0.415
2021-12-31,2021-12-30,MRKK,27.3
2021-12-31,2021-12-30,MRKP,0.2304
2021-12-31,2021-12-30,MRKS,0.3495
2021-12-31,2021-12-30,MRKU,0.1778
2021-12-31,2021-12-30,MRKV,0.0494
2021-12-31,2021-12-30,MRKY,0.0451
2021-12-31,2021-12-30,MRKZ,0.05205
2021-12-31,2021-12-30,MRSB,0.41
2021-12-31,2021-12-30,MSNG,2.098
2021-12-31,2021-12-30,MSRS,1.2395
2021-12-31,2021-12-30,MSTT,83.45
2021-12-31,2021-12-30,MTLR,123.29
2021-12-31,2021-12-30,MTLRP,313.55
2021-12-31,2021-12-30,MTSS,298.9
2021-12-31,2021-12-30,MVID,437.7
2021-12-31,2021-12-30,NAUK,182.8
2021-12-31,2021-12-30,NFAZ,612
2021-12-31,2021-12-30,NKHP,290
2021-12-31,2021-12-30,NKNC,110.9
2021-12-31,2021-12-30,NKNCP,101.68
2021-12-31,2021-12-30,NKSH,23.56
2021-12-31,2021-12-30,NLMK,217.04
2021-12-31,2021-12-30,NMTP,6.75
2021-12-31,2021-12-30,NNSB,2160
2021-12-31,2021-12-30,NNSBP,830
2021-12-31,2021-12-30,NPOF,11850
2021-12-31,2021-12-30,NSVZ,180
2021-12-31,2021-12-30,NVTK,1719.4
2021-12-31,2021-12-30,OGKB,0.635
2021-12-31,2021-12-30,OKEY,42.89
2021-12-31,2021-12-30,OMZZP,4820
2021-12-31,2021-12-30,ORUP,16.6
2021-12-31,2021-12-30,OZON,2316.5
2021-12-31,2021-12-30,PAZA,5560
2021-12-31,2021-12-30,PHOR,5863
2021-12-31,2021-12-30,PIKK,1102.4
2021-12-31,2021-12-30,PLZL,13087
2021-12-31,2021-12-30,PMSB,155
2021-12-31,2021-12-30,PMSBP,145.4
2021-12-31,2021-12-30,POGR,19.295
2021-12-31,2021-12-30,POLY,1311.9
2021-12-31,2021-12-30,POSI,840
2021-12-31,2021-12-30,PRMB,38200
2021-12-31,2021-12-30,QIWI,609
2021-12-31,2021-12-30,RASP,469.3
2021-12-31,2021-12-30,RAVN,31.5
2021-12-31,2021-12-30,RBCM,3.73
2021-12-31,2021-12-30,RDRB,202
2021-12-31,2021-12-30,RENI,101
2021-12-31,2021-12-30,RGSS,0.182
2021-12-31,2021-12-30,RKKE,6330
2021-12-31,2021-12-30,RNFT,153.4
2021-12-31,2021-12-30,ROLO,8.16
2021-12-31,2021-12-30,ROSB,76
2021-12-31,2021-12-30,ROSN,599
2021-12-31,2021-12-30,ROST,69.6
2021-12-31,2021-12-30,RSTI,1.1223
2021-12-31,2021-12-30,RSTIP,1.779
2021-12-31,2021-12-30,RTGZ,31100
2021-12-31,2021-12-30,RTKM,86.63
2021-12-31,2021-12-30,RTKMP,76.15
2021-12-31,2021-12-30,RTSB,0.652
2021-12-31,2021-12-30,RTSBP,0.529
2021-12-31,2021-12-30,RUAL,73.245
2021-12-31,2021-12-30,RUGR,12.25
2021-12-31,2021-12-30,RUSI,49.3
2021-12-31,2021-12-30,RUSP,0.747
2021-12-31,2021-12-30,RZSB,17.74
2021-12-31,2021-12-30,SAGO,1.172
2021-12-31,2021-12-30,SAGOP,1.199
2021-12-31,2021-12-30,SARE,0.1164
2021-12-31,2021-12-30,SAREP,0.104
2021-12-31,2021-12-30,SBER,293.49
2021-12-31,2021-12-30,SBERP,279
2021-12-31,2021-12-30,SELG,57.71
2021-12-31,2021-12-30,SFIN,525.8
2021-12-31,2021-12-30,SFTL,516.51
2021-12-31,2021-12-30,SGZH,11.09
2021-12-31,2021-12-30,SIBN,544.8
2021-12-31,2021-12-30,SLEN,3.735
2021-12-31,2021-12-30,SMLT,4850
2021-12-31,2021-12-30,SNGS,39.91
2021-12-31,2021-12-30,SNGSP,38.57
2021-12-31,2021-12-30,SPBE,984
2021-12-31,2021-12-30,STSB,0.6905
2021-12-31,2021-12-30,STSBP,0.6
2021-12-31,2021-12-30,SVAV,215
2021-12-31,2021-12-30,SVET,78.45
2021-12-31,2021-12-30,TASB,0.5285
2021-12-31,2021-12-30,TASBP,0.447
2021-12-31,2021-12-30,TATN,502
2021-12-31,2021-12-30,TATNP,462.8
2021-12-31,2021-12-30,TCSG,6118
2021-12-31,2021-12-30,TGKA,0.009938
2021-12-31,2021-12-30,TGKB,0.004185
2021-12-31,2021-12-30,TGKBP,0.00657
2021-12-31,2021-12-30,TGKD,0.00809
2021-12-31,2021-12-30,TGKDP,0.00697
2021-12-31,2021-12-30,TGKN,0.00259
2021-12-31,2021-12-30,TNSE,910
2021-12-31,2021-12-30,TORS,0.335
2021-12-31,2021-12-30,TORSP,0.2545
2021-12-31,2021-12-30,TRCN,8595
2021-12-31,2021-12-30,TRMK,72.56
2021-12-31,2021-12-30,TRNFP,158800
2021-12-31,2021-12-30,TTLK,0.579
2021-12-31,2021-12-30,TUZA,144.5
2021-12-31,2021-12-30,UCSS,805
2021-12-31,2021-12-30,UKUZ,1340
2021-12-31,2021-12-30,UNAC,0.6195
2021-12-31,2021-12-30,UNKL,8160
2021-12-31,2021-12-30,UPRO,2.612
2021-12-31,2021-12-30,URKA,119.04
2021-12-31,2021-12-30,URKZ,16300
2021-12-31,2021-12-30,USBN,0.0967
2021-12-31,2021-12-30,UTAR,7.61
2021-12-31,2021-12-30,VEON-RX,129.1
2021-12-31,2021-12-30,VGSB,3.8
2021-12-31,2021-12-30,VGSBP,2.21
2021-12-31,2021-12-30,VJGZ,1879
2021-12-31,2021-12-30,VJGZP,763
2021-12-31,2021-12-30,VKCO,872.4
2021-12-31,2021-12-30,VLHZ,71.8
2021-12-31,2021-12-30,VRSB,215.4
2021-12-31,2021-12-30,VRSBP,49.2
2021-12-31,2021-12-30,VSMO,46900
2021-12-31,2021-12-30,VSYD,4695
2021-12-31,2021-12-30,VSYDP,4800
2021-12-31,2021-12-30,VTBR,0.048195
2021-12-31,2021-12-30,WTCM,9.64
2021-12-31,2021-12-30,WTCMP,8.44
2021-12-31,2021-12-30,YAKG,111.95
2021-12-31,2021-12-30,YKEN,0.305
2021-12-31,2021-12-30,YKENP,0.3035
2021-12-31,2021-12-30,YNDX,4569.4
2021-12-31,2021-12-30,YRSB,206
2021-12-31,2021-12-30,YRSBP,91
2021-12-31,2021-12-30,ZILL,4010
2021-12-31,2021-12-30,ZVEZ,3.975
2022-01-31,2022-01-31,ABRD,177.5
2022-01-31,2022-01-31,ACKO,3.58
2022-01-31,2022-01-31,AFKS,20.501
2022-01-31,2022-01-31,AFLT,57.32
2022-01-31,2022-01-31,AGRO,1101.2
2022-01-31,2022-01-31,AKRN,13024
2022-01-31,2022-01-31,ALRS,113.8
2022-01-31,2022-01-31,AMEZ,17.9
2022-01-31,2022-01-31,APTK,13.358
2022-01-31,2022-01-31,AQUA,608
2022-01-31,2022-01-31,ARSA,7.15
2022-01-31,2022-01-31,ASSB,0.819
2022-01-31,2022-01-31,AVAN,1005
2022-01-31,2022-01-31,BANE,1395.5
2022-01-31,2022-01-31,BANEP,1020.5
2022-01-31,2022-01-31,BELU,3228
2022-01-31,2022-01-31,BISV,8.7
2022-01-31,2022-01-31,BISVP,8.18
2022-01-31,2022-01-31,BLNG,11.78
2022-01-31,2022-01-31,BRZL,1055
2022-01-31,2022-01-31,BSPB,78.6
2022-01-31,2022-01-31,BSPBP,19.1
2022-01-31,2022-01-31,CBOM,7.203
2022-01-31,2022-01-31,CHEP,314
2022-01-31,2022-01-31,CHGZ,74.2
2022-01-31,2022-01-31,CHKZ,6080
2022-01-31,2022-01-31,CHMF,1511
2022-01-31,2022-01-31,CHMK,4250
2022-01-31,2022-01-31,CIAN,645.8
2022-01-31,2022-01-31,CNTL,11.42
2022-01-31,2022-01-31,CNTLP,8.22
2022-01-31,2022-01-31,DIOD,7.83
2022-01-31,2022-01-31,DSKY,103.12
2022-01-31,2022-01-31,DVEC,1.08
2022-01-31,2022-01-31,DZRD,1990
2022-01-31,2022-01-31,DZRDP,1570
2022-01-31,2022-01-31,EELT,6.5
2022-01-31,2022-01-31,ELTZ,167
2022-01-31,2022-01-31,ENPG,907.5
2022-01-31,2022-01-31,ENRU,0.807
2022-01-31,2022-01-31,ETLN,92.18
2022-01-31,2022-01-31,FEES,0.1444
2022-01-31,2022-01-31,FESH,27.88
2022-01-31,2022-01-31,FIVE,1745
2022-01-31,2022-01-31,FIXP,443.5
2022-01-31,2022-01-31,FLOT,72.24
2022-01-31,2022-01-31,GAZA,430
2022-01-31,2022-01-31,GAZAP,338
2022-01-31,2022-01-31,GAZC,295
2022-01-31,2022-01-31,GAZP,334.8
2022-01-31,2022-01-31,GAZS,293
2022-01-31,2022-01-31,GAZT,85
2022-01-31,2022-01-31,GCHE,2996
2022-01-31,2022-01-31,GEMA,882
2022-01-31,2022-01-31,GEMC,977.5
2022-01-31,2022-01-31,GLTR,542.05
2022-01-31,2022-01-31,GMKN,21916
2022-01-31,2022-01-31,GTRK,27.5
2022-01-31,2022-01-31,HHRU,3421
2022-01-31,2022-01-31,HIMC,0.99
2022-01-31,2022-01-31,HIMCP,9.9
2022-01-31,2022-01-31,HMSG,295
2022-01-31,2022-01-31,HYDR,0.7359
2022-01-31,2022-01-31,IGST,2001
2022-01-31,2022-01-31,IGSTP,1860
2022-01-31,2022-01-31,INGR,1879
2022-01-31,2022-01-31,IRAO,3.8975
2022-01-31,2022-01-31,IRGZ,14.1
2022-01-31,2022-01-31,IRKT,20.7
2022-01-31,2022-01-31,ISKJ,98.53
2022-01-31,2022-01-31,JNOS,21.5
2022-01-31,2022-01-31,JNOSP,15.62
2022-01-31,2022-01-31,KAZT,369.8
2022-01-31,2022-01-31,KAZTP,373.4
2022-01-31,2022-01-31,KBSB,140
2022-01-31,2022-01-31,KCHE,0.1935
2022-01-31,2022-01-31,KCHEP,0.38
2022-01-31,2022-01-31,KGKC,44.8
2022-01-31,2022-01-31,KGKCP,46.8
2022-01-31,2022-01-31,KLSB,10.15
2022-01-31,2022-01-31,KMAZ,106.4
2022-01-31,2022-01-31,KMEZ,935
2022-01-31,2022-01-31,KOGK,47200
2022-01-31,2022-01-31,KRKN,10950
2022-01-31,2022-01-31,KRKNP,15000
2022-01-31,2022-01-31,KRKO,11.8
2022-01-31,2022-01-31,KRKOP,10.1
2022-01-31,2022-01-31,KROT,368.5
2022-01-31,2022-01-31,KROTP,270
2022-01-31,2022-01-31,KRSB,8.46
2022-01-31,2022-01-31,KRSBP,8.78
2022-01-31,2022-01-31,KTSB,0.582
2022-01-31,2022-01-31,KTSBP,0.3265
2022-01-31,2022-01-31,KUBE,61
2022-01-31,2022-01-31,KUZB,0.01875
2022-01-31,2022-01-31,KZMS,226
2022-01-31,2022-01-31,KZOS,89.4
2022-01-31,2022-01-31,KZOSP,21.5
2022-01-31,2022-01-31,LENT,894.2
2022-01-31,2022-01-31,LIFE,4.975
2022-01-31,2022-01-31,LKOH,6878
2022-01-31,2022-01-31,LNTA,169.3
2022-01-31,2022-01-31,LNZL,9120
2022-01-31,2022-01-31,LNZLP,1695
2022-01-31,2022-01-31,LPSB,9.3
2022-01-31,2022-01-31,LSNG,8.02
2022-01-31,2022-01-31,LSNGP,159.7
2022-01-31,2022-01-31,LSRG,656.2
2022-01-31,2022-01-31,LVHK,14.57
2022-01-31,2022-01-31,MAGE,6.96
2022-01-31,2022-01-31,MAGEP,4.98
2022-01-31,2022-01-31,MAGN,61.65
2022-01-31,2022-01-31,MDMG,775.5
2022-01-31,2022-01-31,MFGS,378
2022-01-31,2022-01-31,MFGSP,300
2022-01-31,2022-01-31,MFON,650.6
2022-01-31,2022-01-31,MGNT,5079
2022-01-31,2022-01-31,MGNZ,9900
2022-01-31,2022-01-31,MGTS,2100
2022-01-31,2022-01-31,MGTSP,1124
2022-01-31,2022-01-31,MISB,13.9
2022-01-31,2022-01-31,MISBP,9.9
2022-01-31,2022-01-31,MOEX,145.05
2022-01-31,2022-01-31,MORI,4.31
2022-01-31,2022-01-31,MRKC,0.4008
2022-01-31,2022-01-31,MRKK,25.08
2022-01-31,2022-01-31,MRKP,0.2241
2022-01-31,2022-01-31,MRKS,0.3
2022-01-31,2022-01-31,MRKU,0.1718
2022-01-31,2022-01-31,MRKV,0.0472
2022-01-31,2022-01-31,MRKY,0.0445
2022-01-31,2022-01-31,MRKZ,0.05205
2022-01-31,2022-01-31,MRSB,0.4
2022-01-31,2022-01-31,MSNG,2.112
2022-01-31,2022-01-31,MSRS,1.2025
2022-01-31,2022-01-31,MSTT,83.45
2022-01-31,2022-01-31,MTLR,115.97
2022-01-31,2022-01-31,MTLRP,313
2022-01-31,2022-01-31,MTSS,287.4
2022-01-31,2022-01-31,MVID,373.9
2022-01-31,2022-01-31,NAUK,174
2022-01-31,2022-01-31,NFAZ,547.8
2022-01-31,2022-01-31,NKHP,279.5
2022-01-31,2022-01-31,NKNC,112.65
2022-01-31,2022-01-31,NKNCP,101.5
2022-01-31,2022-01-31,NKSH,24.14
2022-01-31,2022-01-31,NLMK,213.34
2022-01-31,2022-01-31,NMTP,6.65
2022-01-31,2022-01-31,NNSB,1855
2022-01-31,2022-01-31,NNSBP,725
2022-01-31,2022-01-31,NPOF,11850
2022-01-31,2022-01-31,NSVZ,166
2022-01-31,2022-01-31,NVTK,1637.2
2022-01-31,2022-01-31,OGKB,0.5912
2022-01-31,2022-01-31,OKEY,41.88
2022-01-31,2022-01-31,OMZZP,4655
2022-01-31,2022-01-31,ORUP,10.3
2022-01-31,2022-01-31,OZON,1606.5
2022-01-31,2022-01-31,PAZA,5720
2022-01-31,2022-01-31,PHOR,5481
2022-01-31,2022-01-31,PIKK,971.5
2022-01-31,2022-01-31,PLZL,12230
2022-01-31,2022-01-31,PMSB,137.3
2022-01-31,2022-01-31,PMSBP,137.4
2022-01-31,2022-01-31,POGR,15.95
2022-01-31,2022-01-31,POLY,1108.7
2022-01-31,2022-01-31,POSI,714
2022-01-31,2022-01-31,PRMB,37600
2022-01-31,2022-01-31,QIWI,575
2022-01-31,2022-01-31,RASP,415.88
2022-01-31,2022-01-31,RAVN,28.95
2022-01-31,2022-01-31,RBCM,3.614
2022-01-31,2022-01-31,RDRB,200
2022-01-31,2022-01-31,RENI,69.5
2022-01-31,2022-01-31,RGSS,0.1732
2022-01-31,2022-01-31,RKKE,6270
2022-01-31,2022-01-31,RNFT,152.4
2022-01-31,2022-01-31,ROLO,8.67
2022-01-31,2022-01-31,ROSB,74.8
2022-01-31,2022-01-31,ROSN,576.95
2022-01-31,2022-01-31,ROST,71.4
2022-01-31,2022-01-31,RSTI,1.048
2022-01-31,2022-01-31,RSTIP,1.756
2022-01-31,2022-01-31,RTGZ,30600
2022-01-31,2022-01-31,RTKM,75.06
2022-01-31,2022-01-31,RTKMP,71.15
2022-01-31,2022-01-31,RTSB,0.578
2022-01-31,2022-01-31,RTSBP,0.519
2022-01-31,2022-01-31,RUAL,72.42
2022-01-31,2022-01-31,RUGR,11.728
2022-01-31,2022-01-31,RUSI,46.4
2022-01-31,2022-01-31,RUSP,0.747
2022-01-31,2022-01-31,RZSB,19.46
2022-01-31,2022-01-31,SAGO,1.178
2022-01-31,2022-01-31,SAGOP,1.161
2022-01-31,2022-01-31,SARE,0.107
2022-01-31,2022-01-31,SAREP,0.101
2022-01-31,2022-01-31,SBER,269.42
2022-01-31,2022-01-31,SBERP,255.53
2022-01-31,2022-01-31,SELG,49.6
2022-01-31,2022-01-31,SFIN,473.8
2022-01-31,2022-01-31,SFTL,373.84
2022-01-31,2022-01-31,SGZH,9.984
2022-01-31,2022-01-31,SIBN,500.25
2022-01-31,2022-01-31,SLEN,3.475
2022-01-31,2022-01-31,SMLT,4502.8
2022-01-31,2022-01-31,SNGS,36.53
2022-01-31,2022-01-31,SNGSP,37.405
2022-01-31,2022-01-31,SPBE,791
2022-01-31,2022-01-31,STSB,0.686
2022-01-31,2022-01-31,STSBP,0.593
2022-01-31,2022-01-31,SVAV,209.5
2022-01-31,2022-01-31,SVET,77.05
2022-01-31,2022-01-31,TASB,0.5695
2022-01-31,2022-01-31,TASBP,0.489
2022-01-31,2022-01-31,TATN,499.7
2022-01-31,2022-01-31,TATNP,453.5
2022-01-31,2022-01-31,TCSG,5587
2022-01-31,2022-01-31,TGKA,0.00969
2022-01-31,2022-01-31,TGKB,0.004085
2022-01-31,2022-01-31,TGKBP,0.00606
2022-01-31,2022-01-31,TGKD,0.00808
2022-01-31,2022-01-31,TGKDP,0.00682
2022-01-31,2022-01-31,TGKN,0.00284
2022-01-31,2022-01-31,TNSE,820
2022-01-31,2022-01-31,TORS,0.311
2022-01-31,2022-01-31,TORSP,0.23
2022-01-31,2022-01-31,TRCN,8595
2022-01-31,2022-01-31,TRMK,75.26
2022-01-31,2022-01-31,TRNFP,148100
2022-01-31,2022-01-31,TTLK,0.5985
2022-01-31,2022-01-31,TUZA,131
2022-01-31,2022-01-31,UCSS,770
2022-01-31,2022-01-31,UKUZ,1264
2022-01-31,2022-01-31,UNAC,0.627
2022-01-31,2022-01-31,UNKL,7550
2022-01-31,2022-01-31,UPRO,2.412
2022-01-31,2022-01-31,URKA,119.04
2022-01-31,2022-01-31,URKZ,14720
2022-01-31,2022-01-31,USBN,0.0959
2022-01-31,2022-01-31,UTAR,8.79
2022-01-31,2022-01-31,VEON-RX,114.6
2022-01-31,2022-01-31,VGSB,4.28
2022-01-31,2022-01-31,VGSBP,2.15
2022-01-31,2022-01-31,VJGZ,1784
2022-01-31,2022-01-31,VJGZP,654
2022-01-31,2022-01-31,VKCO,630
2022-01-31,2022-01-31,VLHZ,70
2022-01-31,2022-01-31,VRSB,189.6
2022-01-31,2022-01-31,VRSBP,48.2
2022-01-31,2022-01-31,VSMO,47500
2022-01-31,2022-01-31,VSYD,4520
2022-01-31,2022-01-31,VSYDP,4600
2022-01-31,2022-01-31,VTBR,0.04378
2022-01-31,2022-01-31,WTCM,9.66
2022-01-31,2022-01-31,WTCMP,8.72
2022-01-31,2022-01-31,YAKG,137.95
2022-01-31,2022-01-31,YKEN,0.29
2022-01-31,2022-01-31,YKENP,0.288
2022-01-31,2022-01-31,YNDX,3717.6
2022-01-31,2022-01-31,YRSB,182
2022-01-31,2022-01-31,YRSBP,87.5
2022-01-31,2022-01-31,ZILL,4330
2022-01-31,2022-01-31,ZVEZ,3.855
2022-02-28,2022-02-28,ABRD,135
2022-02-28,2022-02-28,ACKO,3.58
2022-02-28,2022-02-28,AFKS,12.653
2022-02-28,2022-02-28,AFLT,36.74
2022-02-28,2022-02-28,AGRO,862.8
2022-02-28,2022-02-28,AKRN,14076
2022-02-28,2022-02-28,ALRS,80.07
2022-02-28,2022-02-28,AMEZ,19.74
2022-02-28,2022-02-28,APTK,11.83
2022-02-28,2022-02-28,AQUA,422.5
2022-02-28,2022-02-28,ARSA,5.61
2022-02-28,2022-02-28,ASSB,0.6635
2022-02-28,2022-02-28,AVAN,1020
2022-02-28,2022-02-28,BANE,1078
2022-02-28,2022-02-28,BANEP,616
2022-02-28,2022-02-28,BELU,2234
2022-02-28,2022-02-28,BISV,8.7
2022-02-28,2022-02-28,BISVP,6.82
2022-02-28,2022-02-28,BLNG,8.635
2022-02-28,2022-02-28,BRZL,899
2022-02-28,2022-02-28,BSPB,66.98
2022-02-28,2022-02-28,BSPBP,14.05
2022-02-28,2022-02-28,CBOM,5.174
2022-02-28,2022-02-28,CHEP,314
2022-02-28,2022-02-28,CHGZ,38.4
2022-02-28,2022-02-28,CHKZ,6900
2022-02-28,2022-02-28,CHMF,1315.2
2022-02-28,2022-02-28,CHMK,3360
2022-02-28,2022-02-28,CIAN,347.8
2022-02-28,2022-02-28,CNTL,9.12
2022-02-28,2022-02-28,CNTLP,6.14
2022-02-28,2022-02-28,DIOD,6.68
2022-02-28,2022-02-28,DSKY,84.48
2022-02-28,2022-02-28,DVEC,0.738
2022-02-28,2022-02-28,DZRD,1695
2022-02-28,2022-02-28,DZRDP,1200
2022-02-28,2022-02-28,EELT,5.1
2022-02-28,2022-02-28,ELTZ,136
2022-02-28,2022-02-28,ENPG,637.5
2022-02-28,2022-02-28,ENRU,0.6452
2022-02-28,2022-02-28,ETLN,52.92
2022-02-28,2022-02-28,FEES,0.09336
2022-02-28,2022-02-28,FESH,20.6
2022-02-28,2022-02-28,FIVE,1184.5
2022-02-28,2022-02-28,FIXP,287
2022-02-28,2022-02-28,FLOT,45.52
2022-02-28,2022-02-28,GAZA,365.5
2022-02-28,2022-02-28,GAZAP,219.5
2022-02-28,2022-02-28,GAZC,295
2022-02-28,2022-02-28,GAZP,228.55
2022-02-28,2022-02-28,GAZS,293
2022-02-28,2022-02-28,GAZT,85
2022-02-28,2022-02-28,GCHE,2837.5
2022-02-28,2022-02-28,GEMA,718
2022-02-28,2022-02-28,GEMC,710.9
2022-02-28,2022-02-28,GLTR,361.95
2022-02-28,2022-02-28,GMKN,19122
2022-02-28,2022-02-28,GTRK,20.35
2022-02-28,2022-02-28,HHRU,1519
2022-02-28,2022-02-28,HIMC,0.99
2022-02-28,2022-02-28,HIMCP,8.73
2022-02-28,2022-02-28,HMSG,191
2022-02-28,2022-02-28,HYDR,0.6533
2022-02-28,2022-02-28,IGST,2992
2022-02-28,2022-02-28,IGSTP,3000
2022-02-28,2022-02-28,INGR,1492
2022-02-28,2022-02-28,IRAO,2.616
2022-02-28,2022-02-28,IRGZ,14.02
2022-02-28,2022-02-28,IRKT,16
2022-02-28,2022-02-28,ISKJ,74
2022-02-28,2022-02-28,JNOS,15.85
2022-02-28,2022-02-28,JNOSP,11.9
2022-02-28,2022-02-28,KAZT,290
2022-02-28,2022-02-28,KAZTP,305.6
2022-02-28,2022-02-28,KBSB,118
2022-02-28,2022-02-28,KCHE,0.15
2022-02-28,2022-02-28,KCHEP,0.3
2022-02-28,2022-02-28,KGKC,38.8
2022-02-28,2022-02-28,KGKCP,35
2022-02-28,2022-02-28,KLSB,7.29
2022-02-28,2022-02-28,KMAZ,81.7
2022-02-28,2022-02-28,KMEZ,800
2022-02-28,2022-02-28,KOGK,38200
2022-02-28,2022-02-28,KRKN,9200
2022-02-28,2022-02-28,KRKNP,11420
2022-02-28,2022-02-28,KRKO,11.8
2022-02-28,2022-02-28,KRKOP,8.74
2022-02-28,2022-02-28,KROT,285
2022-02-28,2022-02-28,KROTP,220
2022-02-28,2022-02-28,KRSB,5.99
2022-02-28,2022-02-28,KRSBP,6.7
2022-02-28,2022-02-28,KTSB,0.472
2022-02-28,2022-02-28,KTSBP,0.2975
2022-02-28,2022-02-28,KUBE,50
2022-02-28,2022-02-28,KUZB,0.01591
2022-02-28,2022-02-28,KZMS,226
2022-02-28,2022-02-28,KZOS,73.8
2022-02-28,2022-02-28,KZOSP,17.56
2022-02-28,2022-02-28,LENT,648.5
2022-02-28,2022-02-28,LIFE,3.23
2022-02-28,2022-02-28,LKOH,4921
2022-02-28,2022-02-28,LNTA,120.7
2022-02-28,2022-02-28,LNZL,8100
2022-02-28,2022-02-28,LNZLP,1370
2022-02-28,2022-02-28,LPSB,7.55
2022-02-28,2022-02-28,LSNG,6.43
2022-02-28,2022-02-28,LSNGP,127.8
2022-02-28,2022-02-28,LSRG,520
2022-02-28,2022-02-28,LVHK,12.28
2022-02-28,2022-02-28,MAGE,5.28
2022-02-28,2022-02-28,MAGEP,3.54
2022-02-28,2022-02-28,MAGN,47.445
2022-02-28,2022-02-28,MDMG,550
2022-02-28,2022-02-28,MFGS,349.5
2022-02-28,2022-02-28,MFGSP,199.5
2022-02-28,2022-02-28,MFON,650.6
2022-02-28,2022-02-28,MGNT,3206
2022-02-28,2022-02-28,MGNZ,13500
2022-02-28,2022-02-28,MGTS,1680
2022-02-28,2022-02-28,MGTSP,832
2022-02-28,2022-02-28,MISB,11.6
2022-02-28,2022-02-28,MISBP,9.5
2022-02-28,2022-02-28,MOEX,95.91
2022-02-28,2022-02-28,MORI,4.31
2022-02-28,2022-02-28,MRKC,0.2346
2022-02-28,2022-02-28,MRKK,18.3
2022-02-28,2022-02-28,MRKP,0.159
2022-02-28,2022-02-28,MRKS,0.2095
2022-02-28,2022-02-28,MRKU,0.1288
2022-02-28,2022-02-28,MRKV,0.03045
2022-02-28,2022-02-28,MRKY,0.0346
2022-02-28,2022-02-28,MRKZ,0.03255
2022-02-28,2022-02-28,MRSB,0.334
2022-02-28,2022-02-28,MSNG,1.7065
2022-02-28,2022-02-28,MSRS,0.8115
2022-02-28,2022-02-28,MSTT,76
2022-02-28,2022-02-28,MTLR,82.84
2022-02-28,2022-02-28,MTLRP,222
2022-02-28,2022-02-28,MTSS,220.15
2022-02-28,2022-02-28,MVID,264.4
2022-02-28,2022-02-28,NAUK,154
2022-02-28,2022-02-28,NFAZ,327.5
2022-02-28,2022-02-28,NKHP,267
2022-02-28,2022-02-28,NKNC,91.9
2022-02-28,2022-02-28,NKNCP,74.2
2022-02-28,2022-02-28,NKSH,19.38
2022-02-28,2022-02-28,NLMK,178.16
2022-02-28,2022-02-28,NMTP,4.175
2022-02-28,2022-02-28,NNSB,1350
2022-02-28,2022-02-28,NNSBP,463
2022-02-28,2022-02-28,NPOF,11850
2022-02-28,2022-02-28,NSVZ,121
2022-02-28,2022-02-28,NVTK,1133.6
2022-02-28,2022-02-28,OGKB,0.3858
2022-02-28,2022-02-28,OKEY,26.16
2022-02-28,2022-02-28,OMZZP,4295
2022-02-28,2022-02-28,OZON,1003
2022-02-28,2022-02-28,PAZA,4440
2022-02-28,2022-02-28,PHOR,5035
2022-02-28,2022-02-28,PIKK,506.8
2022-02-28,2022-02-28,PLZL,10619.5
2022-02-28,2022-02-28,PMSB,118.2
2022-02-28,2022-02-28,PMSBP,123.8
2022-02-28,2022-02-28,POGR,9.57
2022-02-28,2022-02-28,POLY,838.3
2022-02-28,2022-02-28,POSI,563.2
2022-02-28,2022-02-28,PRMB,41200
2022-02-28,2022-02-28,QIWI,389
2022-02-28,2022-02-28,RASP,320
2022-02-28,2022-02-28,RAVN,23.05
2022-02-28,2022-02-28,RBCM,2.916
2022-02-28,2022-02-28,RDRB,136
2022-02-28,2022-02-28,RENI,43.8
2022-02-28,2022-02-28,RGSS,0.13
2022-02-28,2022-02-28,RKKE,5270
2022-02-28,2022-02-28,RNFT,86.2
2022-02-28,2022-02-28,ROLO,6.76
2022-02-28,2022-02-28,ROSB,68.6
2022-02-28,2022-02-28,ROSN,308.3
2022-02-28,2022-02-28,ROST,62.8
2022-02-28,2022-02-28,RSTI,0.6594
2022-02-28,2022-02-28,RSTIP,1.484
2022-02-28,2022-02-28,RTGZ,25700
2022-02-28,2022-02-28,RTKM,62.2
2022-02-28,2022-02-28,RTKMP,58.85
2022-02-28,2022-02-28,RTSB,0.414
2022-02-28,2022-02-28,RTSBP,0.371
2022-02-28,2022-02-28,RUAL,60.28
2022-02-28,2022-02-28,RUGR,8.718
2022-02-28,2022-02-28,RUSI,41.3
2022-02-28,2022-02-28,RUSP,0.747
2022-02-28,2022-02-28,RZSB,15.54
2022-02-28,2022-02-28,SAGO,1.02
2022-02-28,2022-02-28,SAGOP,1.134
2022-02-28,2022-02-28,SARE,0.0958
2022-02-28,2022-02-28,SAREP,0.093
2022-02-28,2022-02-28,SBER,130.72
2022-02-28,2022-02-28,SBERP,131.01
2022-02-28,2022-02-28,SELG,44.66
2022-02-28,2022-02-28,SFIN,433.4
2022-02-28,2022-02-28,SFTL,264.8
2022-02-28,2022-02-28,SGZH,7.74
2022-02-28,2022-02-28,SIBN,400.45
2022-02-28,2022-02-28,SLEN,2.795
2022-02-28,2022-02-28,SMLT,2592
2022-02-28,2022-02-28,SNGS,22.335
2022-02-28,2022-02-28,SNGSP,29.845
2022-02-28,2022-02-28,SPBE,453.6
2022-02-28,2022-02-28,STSB,0.56
2022-02-28,2022-02-28,STSBP,0.49
2022-02-28,2022-02-28,SVAV,195.5
2022-02-28,2022-02-28,SVET,62
2022-02-28,2022-02-28,TASB,0.4465
2022-02-28,2022-02-28,TASBP,0.314
2022-02-28,2022-02-28,TATN,355.5
2022-02-28,2022-02-28,TATNP,312.6
2022-02-28,2022-02-28,TCSG,3049.5
2022-02-28,2022-02-28,TGKA,0.007362
2022-02-28,2022-02-28,TGKB,0.003095
2022-02-28,2022-02-28,TGKBP,0.00515
2022-02-28,2022-02-28,TGKD,0.010835
2022-02-28,2022-02-28,TGKDP,0.009445
2022-02-28,2022-02-28,TGKN,0.00235
2022-02-28,2022-02-28,TNSE,700
2022-02-28,2022-02-28,TORS,0.259
2022-02-28,2022-02-28,TORSP,0.2
2022-02-28,2022-02-28,TRCN,8595
2022-02-28,2022-02-28,TRMK,60.54
2022-02-28,2022-02-28,TRNFP,129650
2022-02-28,2022-02-28,TTLK,0.512
2022-02-28,2022-02-28,TUZA,89
2022-02-28,2022-02-28,UCSS,565
2022-02-28,2022-02-28,UKUZ,920
2022-02-28,2022-02-28,UNAC,0.4095
2022-02-28,2022-02-28,UNKL,5790
2022-02-28,2022-02-28,UPRO,1.649
2022-02-28,2022-02-28,URKA,119.04
2022-02-28,2022-02-28,URKZ,12480
2022-02-28,2022-02-28,USBN,0.0628
2022-02-28,2022-02-28,UTAR,6.84
2022-02-28,2022-02-28,VEON-RX,79.55
2022-02-28,2022-02-28,VGSB,2.91
2022-02-28,2022-02-28,VGSBP,1.495
2022-02-28,2022-02-28,VJGZ,1336
2022-02-28,2022-02-28,VJGZP,548
2022-02-28,2022-02-28,VKCO,295.6
2022-02-28,2022-02-28,VLHZ,46.7
2022-02-28,2022-02-28,VRSB,135.2
2022-02-28,2022-02-28,VRSBP,29
2022-02-28,2022-02-28,VSMO,44040
2022-02-28,2022-02-28,VSYD,3500
2022-02-28,2022-02-28,VSYDP,4280
2022-02-28,2022-02-28,VTBR,0.02011
2022-02-28,2022-02-28,WTCM,8.06
2022-02-28,2022-02-28,WTCMP,7.18
2022-02-28,2022-02-28,YAKG,114.95
2022-02-28,2022-02-28,YKEN,0.2665
2022-02-28,2022-02-28,YKENP,0.234
2022-02-28,2022-02-28,YNDX,1934.4
2022-02-28,2022-02-28,YRSB,162
2022-02-28,2022-02-28,YRSBP,70
2022-02-28,2022-02-28,ZILL,3065
2022-02-28,2022-02-28,ZVEZ,2.915
2022-03-31,2022-03-31,ABRD,178.5
2022-03-31,2022-03-31,ACKO,3.58
2022-03-31,2022-03-31,AFKS,13.909
2022-03-31,2022-03-31,AFLT,37.74
2022-03-31,2022-03-31,AGRO,1083
2022-03-31,2022-03-31,AKRN,23000
2022-03-31,2022-03-31,ALRS,95.7
2022-03-31,2022-03-31,AMEZ,20.595
2022-03-31,2022-03-31,APTK,12.18
2022-03-31,2022-03-31,AQUA,535
2022-03-31,2022-03-31,ARSA,6.63
2022-03-31,2022-03-31,ASSB,0.7235
2022-03-31,2022-03-31,AVAN,875
2022-03-31,2022-03-31,BANE,1104.5
2022-03-31,2022-03-31,BANEP,681
2022-03-31,2022-03-31,BELU,2692
2022-03-31,2022-03-31,BISV,8.7
2022-03-31,2022-03-31,BISVP,7.2
2022-03-31,2022-03-31,BLNG,10.005
2022-03-31,2022-03-31,BRZL,1004
2022-03-31,2022-03-31,BSPB,62.26
2022-03-31,2022-03-31,BSPBP,12.95
2022-03-31,2022-03-31,CBOM,5.768
2022-03-31,2022-03-31,CHEP,314
2022-03-31,2022-03-31,CHGZ,45.6
2022-03-31,2022-03-31,CHKZ,6400
2022-03-31,2022-03-31,CHMF,1100
2022-03-31,2022-03-31,CHMK,4035
2022-03-31,2022-03-31,CIAN,442
2022-03-31,2022-03-31,CNTL,10.8
2022-03-31,2022-03-31,CNTLP,6.58
2022-03-31,2022-03-31,DIOD,7.73
2022-03-31,2022-03-31,DSKY,87.5
2022-03-31,2022-03-31,DVEC,0.966
2022-03-31,2022-03-31,DZRD,1995
2022-03-31,2022-03-31,DZRDP,1550
2022-03-31,2022-03-31,EELT,5.3
2022-03-31,2022-03-31,ELTZ,162.5
2022-03-31,2022-03-31,ENPG,782
2022-03-31,2022-03-31,ENRU,0.567
2022-03-31,2022-03-31,ETLN,62.98
2022-03-31,2022-03-31,FEES,0.11214
2022-03-31,2022-03-31,FESH,26.88
2022-03-31,2022-03-31,FIVE,1440.5
2022-03-31,2022-03-31,FIXP,400
2022-03-31,2022-03-31,FLOT,52.91
2022-03-31,2022-03-31,GAZA,389.5
2022-03-31,2022-03-31,GAZAP,298.5
2022-03-31,2022-03-31,GAZC,295
2022-03-31,2022-03-31,GAZP,242.48
2022-03-31,2022-03-31,GAZS,293
2022-03-31,2022-03-31,GAZT,85
2022-03-31,2022-03-31,GCHE,3277
2022-03-31,2022-03-31,GEMA,764.5
2022-03-31,2022-03-31,GEMC,890.1
2022-03-31,2022-03-31,GLTR,391.5
2022-03-31,2022-03-31,GMKN,20974
2022-03-31,2022-03-31,GTRK,23.35
2022-03-31,2022-03-31,HHRU,2280
2022-03-31,2022-03-31,HIMC,0.99
2022-03-31,2022-03-31,HIMCP,9.3
2022-03-31,2022-03-31,HMSG,170
2022-03-31,2022-03-31,HYDR,0.7135
2022-03-31,2022-03-31,IGST,2946
2022-03-31,2022-03-31,IGSTP,2798
2022-03-31,2022-03-31,INGR,1448
2022-03-31,2022-03-31,IRAO,2.7255
2022-03-31,2022-03-31,IRGZ,14.02
2022-03-31,2022-03-31,IRKT,26.44
2022-03-31,2022-03-31,ISKJ,89.14
2022-03-31,2022-03-31,JNOS,17.35
2022-03-31,2022-03-31,JNOSP,13.8
2022-03-31,2022-03-31,KAZT,478
2022-03-31,2022-03-31,KAZTP,512
2022-03-31,2022-03-31,KBSB,123
2022-03-31,2022-03-31,KCHE,0.174
2022-03-31,2022-03-31,KCHEP,0.323
2022-03-31,2022-03-31,KGKC,40
2022-03-31,2022-03-31,KGKCP,40
2022-03-31,2022-03-31,KLSB,9.18
2022-03-31,2022-03-31,KMAZ,108.4
2022-03-31,2022-03-31,KMEZ,870
2022-03-31,2022-03-31,KOGK,38200
2022-03-31,2022-03-31,KRKN,9100
2022-03-31,2022-03-31,KRKNP,13200
2022-03-31,2022-03-31,KRKO,11.8
2022-03-31,2022-03-31,KRKOP,9.47
2022-03-31,2022-03-31,KROT,360
2022-03-31,2022-03-31,KROTP,275
2022-03-31,2022-03-31,KRSB,7.98
2022-03-31,2022-03-31,KRSBP,8.1
2022-03-31,2022-03-31,KTSB,0.616
2022-03-31,2022-03-31,KTSBP,0.2835
2022-03-31,2022-03-31,KUBE,51.9
2022-03-31,2022-03-31,KUZB,0.01798
2022-03-31,2022-03-31,KZMS,226
2022-03-31,2022-03-31,KZOS,85.2
2022-03-31,2022-03-31,KZOSP,22.1
2022-03-31,2022-03-31,LENT,863
2022-03-31,2022-03-31,LIFE,4.56
2022-03-31,2022-03-31,LKOH,5680
2022-03-31,2022-03-31,LNTA,178.2
2022-03-31,2022-03-31,LNZL,9190
2022-03-31,2022-03-31,LNZLP,1640
2022-03-31,2022-03-31,LPSB,7.55
2022-03-31,2022-03-31,LSNG,7.4
2022-03-31,2022-03-31,LSNGP,118.3
2022-03-31,2022-03-31,LSRG,564.8
2022-03-31,2022-03-31,LVHK,12.22
2022-03-31,2022-03-31,MAGE,5.37
2022-03-31,2022-03-31,MAGEP,3.73
2022-03-31,2022-03-31,MAGN,43.9
2022-03-31,2022-03-31,MDMG,657.2
2022-03-31,2022-03-31,MFGS,318.5
2022-03-31,2022-03-31,MFGSP,235
2022-03-31,2022-03-31,MFON,650.6
2022-03-31,2022-03-31,MGNT,4155
2022-03-31,2022-03-31,MGNZ,12150
2022-03-31,2022-03-31,MGTS,1700
2022-03-31,2022-03-31,MGTSP,854
2022-03-31,2022-03-31,MISB,13.1
2022-03-31,2022-03-31,MISBP,9.8
2022-03-31,2022-03-31,MOEX,99.5
2022-03-31,2022-03-31,MORI,4.31
2022-03-31,2022-03-31,MRKC,0.242
2022-03-31,2022-03-31,MRKK,19.68
2022-03-31,2022-03-31,MRKP,0.1549
2022-03-31,2022-03-31,MRKS,0.2675
2022-03-31,2022-03-31,MRKU,0.133
2022-03-31,2022-03-31,MRKV,0.031
2022-03-31,2022-03-31,MRKY,0.037
2022-03-31,2022-03-31,MRKZ,0.03435
2022-03-31,2022-03-31,MRSB,0.338
2022-03-31,2022-03-31,MSNG,1.796
2022-03-31,2022-03-31,MSRS,0.8725
2022-03-31,2022-03-31,MSTT,83.05
2022-03-31,2022-03-31,MTLR,102.44
2022-03-31,2022-03-31,MTLRP,206.8
2022-03-31,2022-03-31,MTSS,238.65
2022-03-31,2022-03-31,MVID,272.2
2022-03-31,2022-03-31,NAUK,203.8
2022-03-31,2022-03-31,NFAZ,341.5
2022-03-31,2022-03-31,NKHP,333.5
2022-03-31,2022-03-31,NKNC,105.7
2022-03-31,2022-03-31,NKNCP,84.82
2022-03-31,2022-03-31,NKSH,23.3
2022-03-31,2022-03-31,NLMK,171.9
2022-03-31,2022-03-31,NMTP,5.1
2022-03-31,2022-03-31,NNSB,1750
2022-03-31,2022-03-31,NNSBP,618
2022-03-31,2022-03-31,NPOF,11850
2022-03-31,2022-03-31,NSVZ,154
2022-03-31,2022-03-31,NVTK,1450
2022-03-31,2022-03-31,OGKB,0.412
2022-03-31,2022-03-31,OKEY,29.89
2022-03-31,2022-03-31,OMZZP,4800
2022-03-31,2022-03-31,OZON,1425
2022-03-31,2022-03-31,PAZA,5900
2022-03-31,2022-03-31,PHOR,8045
2022-03-31,2022-03-31,PIKK,596
2022-03-31,2022-03-31,PLZL,12727
2022-03-31,2022-03-31,PMSB,122.3
2022-03-31,2022-03-31,PMSBP,128
2022-03-31,2022-03-31,POGR,12.03
2022-03-31,2022-03-31,POLY,973
2022-03-31,2022-03-31,POSI,996
2022-03-31,2022-03-31,PRMB,38000
2022-03-31,2022-03-31,QIWI,485
2022-03-31,2022-03-31,RASP,423.1
2022-03-31,2022-03-31,RAVN,23.05
2022-03-31,2022-03-31,RBCM,3.11
2022-03-31,2022-03-31,RDRB,150
2022-03-31,2022-03-31,RENI,54.37
2022-03-31,2022-03-31,RGSS,0.1494
2022-03-31,2022-03-31,RKKE,6090
2022-03-31,2022-03-31,RNFT,107.4
2022-03-31,2022-03-31,ROLO,8.56
2022-03-31,2022-03-31,ROSB,75
2022-03-31,2022-03-31,ROSN,437.5
2022-03-31,2022-03-31,ROST,51.4
2022-03-31,2022-03-31,RSTI,0.754
2022-03-31,2022-03-31,RSTIP,1.438
2022-03-31,2022-03-31,RTGZ,27900
2022-03-31,2022-03-31,RTKM,66.6
2022-03-31,2022-03-31,RTKMP,65.1
2022-03-31,2022-03-31,RTSB,0.53
2022-03-31,2022-03-31,RTSBP,0.44
2022-03-31,2022-03-31,RUAL,68
2022-03-31,2022-03-31,RUGR,19.114
2022-03-31,2022-03-31,RUSI,42.3
2022-03-31,2022-03-31,RUSP,0.747
2022-03-31,2022-03-31,RZSB,14.9
2022-03-31,2022-03-31,SAGO,1.164
2022-03-31,2022-03-31,SAGOP,1.188
2022-03-31,2022-03-31,SARE,0.1018
2022-03-31,2022-03-31,SAREP,0.0944
2022-03-31,2022-03-31,SBER,143.69
2022-03-31,2022-03-31,SBERP,145.9
2022-03-31,2022-03-31,SELG,47.9
2022-03-31,2022-03-31,SFIN,450
2022-03-31,2022-03-31,SFTL,299.5
2022-03-31,2022-03-31,SGZH,9.548
2022-03-31,2022-03-31,SIBN,447.9
2022-03-31,2022-03-31,SLEN,2.95
2022-03-31,2022-03-31,SMLT,3179.5
2022-03-31,2022-03-31,SNGS,24.7
2022-03-31,2022-03-31,SNGSP,36.75
2022-03-31,2022-03-31,SPBE,418.9
2022-03-31,2022-03-31,STSB,0.5995
2022-03-31,2022-03-31,STSBP,0.554
2022-03-31,2022-03-31,SVAV,200
2022-03-31,2022-03-31,SVET,79.7
2022-03-31,2022-03-31,TASB,0.442
2022-03-31,2022-03-31,TASBP,0.342
2022-03-31,2022-03-31,TATN,411.8
2022-03-31,2022-03-31,TATNP,356.3
2022-03-31,2022-03-31,TCSG,3318.5
2022-03-31,2022-03-31,TGKA,0.007602
2022-03-31,2022-03-31,TGKB,0.00305
2022-03-31,2022-03-31,TGKBP,0.0055
2022-03-31,2022-03-31,TGKD,0.011595
2022-03-31,2022-03-31,TGKDP,0.00785
2022-03-31,2022-03-31,TGKN,0.00259
2022-03-31,2022-03-31,TNSE,790
2022-03-31,2022-03-31,TORS,0.269
2022-03-31,2022-03-31,TORSP,0.2075
2022-03-31,2022-03-31,TRCN,8595
2022-03-31,2022-03-31,TRMK,67.5
2022-03-31,2022-03-31,TRNFP,119300
2022-03-31,2022-03-31,TTLK,0.5605
2022-03-31,2022-03-31,TUZA,114
2022-03-31,2022-03-31,UCSS,645
2022-03-31,2022-03-31,UKUZ,1014
2022-03-31,2022-03-31,UNAC,0.691
2022-03-31,2022-03-31,UNKL,7640
2022-03-31,2022-03-31,UPRO,1.661
2022-03-31,2022-03-31,URKA,119.04
2022-03-31,2022-03-31,URKZ,13780
2022-03-31,2022-03-31,USBN,0.0665
2022-03-31,2022-03-31,UTAR,7.83
2022-03-31,2022-03-31,VEON-RX,97.15
2022-03-31,2022-03-31,VGSB,3.5
2022-03-31,2022-03-31,VGSBP,1.76
2022-03-31,2022-03-31,VJGZ,1545
2022-03-31,2022-03-31,VJGZP,627
2022-03-31,2022-03-31,VKCO,567
2022-03-31,2022-03-31,VLHZ,64.95
2022-03-31,2022-03-31,VRSB,155
2022-03-31,2022-03-31,VRSBP,37.2
2022-03-31,2022-03-31,VSMO,50000
2022-03-31,2022-03-31,VSYD,4200
2022-03-31,2022-03-31,VSYDP,4740
2022-03-31,2022-03-31,VTBR,0.0198
2022-03-31,2022-03-31,WTCM,7.8
2022-03-31,2022-03-31,WTCMP,7.8
2022-03-31,2022-03-31,YAKG,113.7
2022-03-31,2022-03-31,YKEN,0.284
2022-03-31,2022-03-31,YKENP,0.267
2022-03-31,2022-03-31,YNDX,2259
2022-03-31,2022-03-31,YRSB,154
2022-03-31,2022-03-31,YRSBP,79.5
2022-03-31,2022-03-31,ZILL,3105
2022-03-31,2022-03-31,ZVEZ,3.72
2022-04-29,2022-04-29,ABRD,178.5
2022-04-29,2022-04-29,ACKO,3.58
2022-04-29,2022-04-29,AFKS,12.909
2022-04-29,2022-04-29,AFLT,31.14
2022-04-29,2022-04-29,AGRO,856.4
2022-04-29,2022-04-29,AKRN,17202
2022-04-29,2022-04-29,ALRS,80.33
2022-04-29,2022-04-29,AMEZ,23.07
2022-04-29,2022-04-29,APTK,12.892
2022-04-29,2022-04-29,AQUA,439
2022-04-29,2022-04-29,ARSA,6.05
2022-04-29,2022-04-29,ASSB,0.713
2022-04-29,2022-04-29,AVAN,885
2022-04-29,2022-04-29,BANE,999.5
2022-04-29,2022-04-29,BANEP,648
2022-04-29,2022-04-29,BELU,2381
2022-04-29,2022-04-29,BISV,8.7
2022-04-29,2022-04-29,BISVP,6.92
2022-04-29,2022-04-29,BLNG,11.29
2022-04-29,2022-04-29,BRZL,990
2022-04-29,2022-04-29,BSPB,57.3
2022-04-29,2022-04-29,BSPBP,14.85
2022-04-29,2022-04-29,CBOM,5.577
2022-04-29,2022-04-29,CHGZ,39.8
2022-04-29,2022-04-29,CHKZ,5760
2022-04-29,2022-04-29,CHMF,1095
2022-04-29,2022-04-29,CHMK,3765
2022-04-29,2022-04-29,CIAN,341.2
2022-04-29,2022-04-29,CNTL,9.62
2022-04-29,2022-04-29,CNTLP,6.42
2022-04-29,2022-04-29,DIOD,6.97
2022-04-29,2022-04-29,DSKY,77.04
2022-04-29,2022-04-29,DVEC,1.099
2022-04-29,2022-04-29,DZRD,1950
2022-04-29,2022-04-29,DZRDP,1730
2022-04-29,2022-04-29,EELT,5.18
2022-04-29,2022-04-29,ELTZ,168
2022-04-29,2022-04-29,ENPG,715
2022-04-29,2022-04-29,ENRU,0.499
2022-04-29,2022-04-29,ETLN,62.5
2022-04-29,2022-04-29,FEES,0.10024
2022-04-29,2022-04-29,FESH,35.98
2022-04-29,2022-04-29,FIVE,1096.5
2022-04-29,2022-04-29,FIXP,380.3
2022-04-29,2022-04-29,FLOT,44.75
2022-04-29,2022-04-29,GAZA,357
2022-04-29,2022-04-29,GAZAP,263.5
2022-04-29,2022-04-29,GAZC,295
2022-04-29,2022-04-29,GAZP,240.4
2022-04-29,2022-04-29,GAZS,293
2022-04-29,2022-04-29,GAZT,85
2022-04-29,2022-04-29,GCHE,2913
2022-04-29,2022-04-29,GEMA,714.5
2022-04-29,2022-04-29,GEMC,622.9
2022-04-29,2022-04-29,GLTR,365.35
2022-04-29,2022-04-29,GMKN,21550
2022-04-29,2022-04-29,GTRK,27
2022-04-29,2022-04-29,HHRU,1682
2022-04-29,2022-04-29,HIMC,0.99
2022-04-29,2022-04-29,HIMCP,9.07
2022-04-29,2022-04-29,HMSG,139.5
2022-04-29,2022-04-29,HYDR,0.8026
2022-04-29,2022-04-29,IGST,2770
2022-04-29,2022-04-29,IGSTP,2524
2022-04-29,2022-04-29,INGR,1176
2022-04-29,2022-04-29,IRAO,2.6995
2022-04-29,2022-04-29,IRGZ,14.02
2022-04-29,2022-04-29,IRKT,23.18
2022-04-29,2022-04-29,ISKJ,75.48
2022-04-29,2022-04-29,JNOS,14
2022-04-29,2022-04-29,JNOSP,10.36
2022-04-29,2022-04-29,KAZT,415.2
2022-04-29,2022-04-29,KAZTP,439.2
2022-04-29,2022-04-29,KBSB,138
2022-04-29,2022-04-29,KCHE,0.1785
2022-04-29,2022-04-29,KCHEP,0.329
2022-04-29,2022-04-29,KGKC,39.4
2022-04-29,2022-04-29,KGKCP,38.4
2022-04-29,2022-04-29,KLSB,9.43
2022-04-29,2022-04-29,KMAZ,103
2022-04-29,2022-04-29,KMEZ,898
2022-04-29,2022-04-29,KOGK,39600
2022-04-29,2022-04-29,KRKN,8750
2022-04-29,2022-04-29,KRKNP,13820
2022-04-29,2022-04-29,KRKO,11.8
2022-04-29,2022-04-29,KRKOP,9.45
2022-04-29,2022-04-29,KROT,332.5
2022-04-29,2022-04-29,KROTP,268.5
2022-04-29,2022-04-29,KRSB,8.27
2022-04-29,2022-04-29,KRSBP,8.8
2022-04-29,2022-04-29,KTSB,0.598
2022-04-29,2022-04-29,KTSBP,0.2985
2022-04-29,2022-04-29,KUBE,59.8
2022-04-29,2022-04-29,KUZB,0.0196
2022-04-29,2022-04-29,KZMS,226
2022-04-29,2022-04-29,KZOS,72
2022-04-29,2022-04-29,KZOSP,19.6
2022-04-29,2022-04-29,LENT,780.5
2022-04-29,2022-04-29,LIFE,3.96
2022-04-29,2022-04-29,LKOH,4699.5
2022-04-29,2022-04-29,LNZL,11050
2022-04-29,2022-04-29,LNZLP,2065
2022-04-29,2022-04-29,LPSB,8.75
2022-04-29,2022-04-29,LSNG,7.45
2022-04-29,2022-04-29,LSNGP,138.8
2022-04-29,2022-04-29,LSRG,505
2022-04-29,2022-04-29,LVHK,13.08
2022-04-29,2022-04-29,MAGE,5.7
2022-04-29,2022-04-29,MAGEP,3.49
2022-04-29,2022-04-29,MAGN,44.93
2022-04-29,2022-04-29,MDMG,476.8
2022-04-29,2022-04-29,MFGS,303.5
2022-04-29,2022-04-29,MFGSP,207.5
2022-04-29,2022-04-29,MFON,650.6
2022-04-29,2022-04-29,MGNT,4592.5
2022-04-29,2022-04-29,MGNZ,10050
2022-04-29,2022-04-29,MGTS,1640
2022-04-29,2022-04-29,MGTSP,842
2022-04-29,2022-04-29,MISB,14
2022-04-29,2022-04-29,MISBP,10.3
2022-04-29,2022-04-29,MOEX,94.79
2022-04-29,2022-04-29,MORI,4.31
2022-04-29,2022-04-29,MRKC,0.2416
2022-04-29,2022-04-29,MRKK,19.06
2022-04-29,2022-04-29,MRKP,0.16
2022-04-29,2022-04-29,MRKS,0.302
2022-04-29,2022-04-29,MRKU,0.1416
2022-04-29,2022-04-29,MRKV,0.03135
2022-04-29,2022-04-29,MRKY,0.0362
2022-04-29,2022-04-29,MRKZ,0.02995
2022-04-29,2022-04-29,MRSB,0.357
2022-04-29,2022-04-29,MSNG,1.72
2022-04-29,2022-04-29,MSRS,0.9015
2022-04-29,2022-04-29,MSTT,77.95
2022-04-29,2022-04-29,MTLR,133
2022-04-29,2022-04-29,MTLRP,185.8
2022-04-29,2022-04-29,MTSS,209.05
2022-04-29,2022-04-29,MVID,227.2
2022-04-29,2022-04-29,NAUK,171.8
2022-04-29,2022-04-29,NFAZ,268.5
2022-04-29,2022-04-29,NKHP,304.5
2022-04-29,2022-04-29,NKNC,83.75
2022-04-29,2022-04-29,NKNCP,70.9
2022-04-29,2022-04-29,NKSH,21.84
2022-04-29,2022-04-29,NLMK,158.6
2022-04-29,2022-04-29,NMTP,5.565
2022-04-29,2022-04-29,NNSB,1850
2022-04-29,2022-04-29,NNSBP,572
2022-04-29,2022-04-29,NPOF,11850
2022-04-29,2022-04-29,NSVZ,138
2022-04-29,2022-04-29,NVTK,1076
2022-04-29,2022-04-29,OGKB,0.4032
2022-04-29,2022-04-29,OKEY,25.06
2022-04-29,2022-04-29,OMZZP,4490
2022-04-29,2022-04-29,OZON,1022
2022-04-29,2022-04-29,PAZA,5620
2022-04-29,2022-04-29,PHOR,7107
2022-04-29,2022-04-29,PIKK,560.1
2022-04-29,2022-04-29,PLZL,13630
2022-04-29,2022-04-29,PMSB,148.6
2022-04-29,2022-04-29,PMSBP,145
2022-04-29,2022-04-29,POGR,7.605
2022-04-29,2022-04-29,POLY,721.5
2022-04-29,2022-04-29,POSI,917
2022-04-29,2022-04-29,PRMB,41600
2022-04-29,2022-04-29,QIWI,334.5
2022-04-29,2022-04-29,RASP,404
2022-04-29,2022-04-29,RAVN,23.05
2022-04-29,2022-04-29,RBCM,2.776
2022-04-29,2022-04-29,RDRB,164
2022-04-29,2022-04-29,RENI,41.48
2022-04-29,2022-04-29,RGSS,0.142
2022-04-29,2022-04-29,RKKE,6710
2022-04-29,2022-04-29,RNFT,99.8
2022-04-29,2022-04-29,ROLO,8.43
2022-04-29,2022-04-29,ROSB,176.6
2022-04-29,2022-04-29,ROSN,409
2022-04-29,2022-04-29,ROST,47
2022-04-29,2022-04-29,RSTI,0.6476
2022-04-29,2022-04-29,RSTIP,1.296
2022-04-29,2022-04-29,RTGZ,27100
2022-04-29,2022-04-29,RTKM,60.39
2022-04-29,2022-04-29,RTKMP,59.8
2022-04-29,2022-04-29,RTSB,0.52
2022-04-29,2022-04-29,RTSBP,0.483
2022-04-29,2022-04-29,RUAL,67.5
2022-04-29,2022-04-29,RUGR,20.29
2022-04-29,2022-04-29,RUSI,58.2
2022-04-29,2022-04-29,RUSP,0.747
2022-04-29,2022-04-29,RZSB,19.88
2022-04-29,2022-04-29,SAGO,1.342
2022-04-29,2022-04-29,SAGOP,1.284
2022-04-29,2022-04-29,SARE,0.1342
2022-04-29,2022-04-29,SAREP,0.104
2022-04-29,2022-04-29,SBER,128.8
2022-04-29,2022-04-29,SBERP,130.4
2022-04-29,2022-04-29,SELG,49.02
2022-04-29,2022-04-29,SFIN,441.6
2022-04-29,2022-04-29,SFTL,190.7
2022-04-29,2022-04-29,SGZH,9.154
2022-04-29,2022-04-29,SIBN,417
2022-04-29,2022-04-29,SLEN,2.95
2022-04-29,2022-04-29,SMLT,2636
2022-04-29,2022-04-29,SNGS,23.69
2022-04-29,2022-04-29,SNGSP,33.275
2022-04-29,2022-04-29,SPBE,283.6
2022-04-29,2022-04-29,STSB,0.645
2022-04-29,2022-04-29,STSBP,0.608
2022-04-29,2022-04-29,SVAV,180.5
2022-04-29,2022-04-29,SVET,45.3
2022-04-29,2022-04-29,TASB,0.4585
2022-04-29,2022-04-29,TASBP,0.3735
2022-04-29,2022-04-29,TATN,386.2
2022-04-29,2022-04-29,TATNP,357
2022-04-29,2022-04-29,TCSG,2608
2022-04-29,2022-04-29,TGKA,0.007236
2022-04-29,2022-04-29,TGKB,0.00368
2022-04-29,2022-04-29,TGKBP,0.0068
2022-04-29,2022-04-29,TGKD,0.0125
2022-04-29,2022-04-29,TGKDP,0.00807
2022-04-29,2022-04-29,TGKN,0.00271
2022-04-29,2022-04-29,TNSE,695
2022-04-29,2022-04-29,TORS,0.277
2022-04-29,2022-04-29,TORSP,0.2075
2022-04-29,2022-04-29,TRCN,8595
2022-04-29,2022-04-29,TRMK,59.38
2022-04-29,2022-04-29,TRNFP,113300
2022-04-29,2022-04-29,TTLK,0.586
2022-04-29,2022-04-29,TUZA,100
2022-04-29,2022-04-29,UCSS,655
2022-04-29,2022-04-29,UKUZ,1268
2022-04-29,2022-04-29,UNAC,0.685
2022-04-29,2022-04-29,UNKL,6810
2022-04-29,2022-04-29,UPRO,1.437
2022-04-29,2022-04-29,URKA,119.04
2022-04-29,2022-04-29,URKZ,12820
2022-04-29,2022-04-29,USBN,0.0721
2022-04-29,2022-04-29,UTAR,7.3
2022-04-29,2022-04-29,VEON-RX,63.8
2022-04-29,2022-04-29,VGSB,3.62
2022-04-29,2022-04-29,VGSBP,1.945
2022-04-29,2022-04-29,VJGZ,1420
2022-04-29,2022-04-29,VJGZP,600
2022-04-29,2022-04-29,VKCO,399
2022-04-29,2022-04-29,VLHZ,71.3
2022-04-29,2022-04-29,VRSB,168.4
2022-04-29,2022-04-29,VRSBP,39.8
2022-04-29,2022-04-29,VSMO,57760
2022-04-29,2022-04-29,VSYD,4280
2022-04-29,2022-04-29,VSYDP,4540
2022-04-29,2022-04-29,VTBR,0.020095
2022-04-29,2022-04-29,WTCM,10.1
2022-04-29,2022-04-29,WTCMP,8.68
2022-04-29,2022-04-29,YAKG,120.25
2022-04-29,2022-04-29,YKEN,0.2535
2022-04-29,2022-04-29,YKENP,0.2605
2022-04-29,2022-04-29,YNDX,1766.6
2022-04-29,2022-04-29,YRSB,178
2022-04-29,2022-04-29,YRSBP,82.5
2022-04-29,2022-04-29,ZILL,3000
2022-04-29,2022-04-29,ZVEZ,3.145
2022-04-30,2022-04-29,ABRD,178.5
2022-04-30,2022-04-29,ACKO,3.58
2022-04-30,2022-04-29,AFKS,12.909
2022-04-30,2022-04-29,AFLT,31.14
2022-04-30,2022-04-29,AGRO,856.4
2022-04-30,2022-04-29,AKRN,17202
2022-04-30,2022-04-29,ALRS,80.33
2022-04-30,2022-04-29,AMEZ,23.07
2022-04-30,2022-04-29,APTK,12.892
2022-04-30,2022-04-29,AQUA,439
2022-04-30,2022-04-29,ARSA,6.05
2022-04-30,2022-04-29,ASSB,0.713
2022-04-30,2022-04-29,AVAN,885
2022-04-30,2022-04-29,BANE,999.5
2022-04-30,2022-04-29,BANEP,648
2022-04-30,2022-04-29,BELU,2381
2022-04-30,2022-04-29,BISV,8.7
2022-04-30,2022-04-29,BISVP,6.92
2022-04-30,2022-04-29,BLNG,11.29
2022-04-30,2022-04-29,BRZL,990
2022-04-30,2022-04-29,BSPB,57.3
2022-04-30,2022-04-29,BSPBP,14.85
2022-04-30,2022-04-29,CBOM,5.577
2022-04-30,2022-04-29,CHGZ,39.8
2022-04-30,2022-04-29,CHKZ,5760
2022-04-30,2022-04-29,CHMF,1095
2022-04-30,2022-04-29,CHMK,3765
2022-04-30,2022-04-29,CIAN,341.2
2022-04-30,2022-04-29,CNTL,9.62
2022-04-30,2022-04-29,CNTLP,6.42
2022-04-30,2022-04-29,DIOD,6.97
2022-04-30,2022-04-29,DSKY,77.04
2022-04-30,2022-04-29,DVEC,1.099
2022-04-30,2022-04-29,DZRD,1950
2022-04-30,2022-04-29,DZRDP,1730
2022-04-30,2022-04-29,EELT,5.18
2022-04-30,2022-04-29,ELTZ,168
2022-04-30,2022-04-29,ENPG,715
2022-04-30,2022-04-29,ENRU,0.499
2022-04-30,2022-04-29,ETLN,62.5
2022-04-30,2022-04-29,FEES,0.10024
2022-04-30,2022-04-29,FESH,35.98
2022-04-30,2022-04-29,FIVE,1096.5
2022-04-30,2022-04-29,FIXP,380.3
2022-04-30,2022-04-29,FLOT,44.75
2022-04-30,2022-04-29,GAZA,357
2022-04-30,2022-04-29,GAZAP,263.5
2022-04-30,2022-04-29,GAZC,295
2022-04-30,2022-04-29,GAZP,240.4
2022-04-30,2022-04-29,GAZS,293
2022-04-30,2022-04-29,GAZT,85
2022-04-30,2022-04-29,GCHE,2913
2022-04-30,2022-04-29,GEMA,714.5
2022-04-30,2022-04-29,GEMC,622.9
2022-04-30,2022-04-29,GLTR,365.35
2022-04-30,2022-04-29,GMKN,21550
2022-04-30,2022-04-29,GTRK,27
2022-04-30,2022-04-29,HHRU,1682
2022-04-30,2022-04-29,HIMC,0.99
2022-04-30,2022-04-29,HIMCP,9.07
2022-04-30,2022-04-29,HMSG,139.5
2022-04-30,2022-04-29,HYDR,0.8026
2022-04-30,2022-04-29,IGST,2770
2022-04-30,2022-04-29,IGSTP,2524
2022-04-30,2022-04-29,INGR,1176
2022-04-30,2022-04-29,IRAO,2.6995
2022-04-30,2022-04-29,IRGZ,14.02
2022-04-30,2022-04-29,IRKT,23.18
2022-04-30,2022-04-29,ISKJ,75.48
2022-04-30,2022-04-29,JNOS,14
2022-04-30,2022-04-29,JNOSP,10.36
2022-04-30,2022-04-29,KAZT,415.2
2022-04-30,2022-04-29,KAZTP,439.2
2022-04-30,2022-04-29,KBSB,138
2022-04-30,2022-04-29,KCHE,0.1785
2022-04-30,2022-04-29,KCHEP,0.329
2022-04-30,2022-04-29,KGKC,39.4
2022-04-30,2022-04-29,KGKCP,38.4
2022-04-30,2022-04-29,KLSB,9.43
2022-04-30,2022-04-29,KMAZ,103
2022-04-30,2022-04-29,KMEZ,898
2022-04-30,2022-04-29,KOGK,39600
2022-04-30,2022-04-29,KRKN,8750
2022-04-30,2022-04-29,KRKNP,13820
2022-04-30,2022-04-29,KRKO,11.8
2022-04-30,2022-04-29,KRKOP,9.45
2022-04-30,2022-04-29,KROT,332.5
2022-04-30,2022-04-29,KROTP,268.5
2022-04-30,2022-04-29,KRSB,8.27
2022-04-30,2022-04-29,KRSBP,8.8
2022-04-30,2022-04-29,KTSB,0.598
2022-04-30,2022-04-29,KTSBP,0.2985
2022-04-30,2022-04-29,KUBE,59.8
2022-04-30,2022-04-29,KUZB,0.0196
2022-04-30,2022-04-29,KZMS,226
2022-04-30,2022-04-29,KZOS,72
2022-04-30,2022-04-29,KZOSP,19.6
2022-04-30,2022-04-29,LENT,780.5
2022-04-30,2022-04-29,LIFE,3.96
2022-04-30,2022-04-29,LKOH,4699.5
2022-04-30,2022-04-29,LNZL,11050
2022-04-30,2022-04-29,LNZLP,2065
2022-04-30,2022-04-29,LPSB,8.75
2022-04-30,2022-04-29,LSNG,7.45
2022-04-30,2022-04-29,LSNGP,138.8
2022-04-30,2022-04-29,LSRG,505
2022-04-30,2022-04-29,LVHK,13.08
2022-04-30,2022-04-29,MAGE,5.7
2022-04-30,2022-04-29,MAGEP,3.49
2022-04-30,2022-04-29,MAGN,44.93
2022-04-30,2022-04-29,MDMG,476.8
2022-04-30,2022-04-29,MFGS,303.5
2022-04-30,2022-04-29,MFGSP,207.5
2022-04-30,2022-04-29,MFON,650.6
2022-04-30,2022-04-29,MGNT,4592.5
2022-04-30,2022-04-29,MGNZ,10050
2022-04-30,2022-04-29,MGTS,1640
2022-04-30,2022-04-29,MGTSP,842
2022-04-30,2022-04-29,MISB,14
2022-04-30,2022-04-29,MISBP,10.3
2022-04-30,2022-04-29,MOEX,94.79
2022-04-30,2022-04-29,MORI,4.31
2022-04-30,2022-04-29,MRKC,0.2416
2022-04-30,2022-04-29,MRKK,19.06
2022-04-30,2022-04-29,MRKP,0.16
2022-04-30,2022-04-29,MRKS,0.302
2022-04-30,2022-04-29,MRKU,0.1416
2022-04-30,2022-04-29,MRKV,0.03135
2022-04-30,2022-04-29,MRKY,0.0362
2022-04-30,2022-04-29,MRKZ,0.02995
2022-04-30,2022-04-29,MRSB,0.357
2022-04-30,2022-04-29,MSNG,1.72
2022-04-30,2022-04-29,MSRS,0.9015
2022-04-30,2022-04-29,MSTT,77.95
2022-04-30,2022-04-29,MTLR,133
2022-04-30,2022-04-29,MTLRP,185.8
2022-04-30,2022-04-29,MTSS,209.05
2022-04-30,2022-04-29,MVID,227.2
2022-04-30,2022-04-29,NAUK,171.8
2022-04-30,2022-04-29,NFAZ,268.5
2022-04-30,2022-04-29,NKHP,304.5
2022-04-30,2022-04-29,NKNC,83.75
2022-04-30,2022-04-29,NKNCP,70.9
2022-04-30,2022-04-29,NKSH,21.84
2022-04-30,2022-04-29,NLMK,158.6
2022-04-30,2022-04-29,NMTP,5.565
2022-04-30,2022-04-29,NNSB,1850
2022-04-30,2022-04-29,NNSBP,572
2022-04-30,2022-04-29,NPOF,11850
2022-04-30,2022-04-29,NSVZ,138
2022-04-30,2022-04-29,NVTK,1076
2022-04-30,2022-04-29,OGKB,0.4032
2022-04-30,2022-04-29,OKEY,25.06
2022-04-30,2022-04-29,OMZZP,4490
2022-04-30,2022-04-29,OZON,1022
2022-04-30,2022-04-29,PAZA,5620
2022-04-30,2022-04-29,PHOR,7107
2022-04-30,2022-04-29,PIKK,560.1
2022-04-30,2022-04-29,PLZL,13630
2022-04-30,2022-04-29,PMSB,148.6
2022-04-30,2022-04-29,PMSBP,145
2022-04-30,2022-04-29,POGR,7.605
2022-04-30,2022-04-29,POLY,721.5
2022-04-30,2022-04-29,POSI,917
2022-04-30,2022-04-29,PRMB,41600
2022-04-30,2022-04-29,QIWI,334.5
2022-04-30,2022-04-29,RASP,404
2022-04-30,2022-04-29,RAVN,23.05
2022-04-30,2022-04-29,RBCM,2.776
2022-04-30,2022-04-29,RDRB,164
2022-04-30,2022-04-29,RENI,41.48
2022-04-30,2022-04-29,RGSS,0.142
2022-04-30,2022-04-29,RKKE,6710
2022-04-30,2022-04-29,RNFT,99.8
2022-04-30,2022-04-29,ROLO,8.43
2022-04-30,2022-04-29,ROSB,176.6
2022-04-30,2022-04-29,ROSN,409
2022-04-30,2022-04-29,ROST,47
2022-04-30,2022-04-29,RSTI,0.6476
2022-04-30,2022-04-29,RSTIP,1.296
2022-04-30,2022-04-29,RTGZ,27100
2022-04-30,2022-04-29,RTKM,60.39
2022-04-30,2022-04-29,RTKMP,59.8
2022-04-30,2022-04-29,RTSB,0.52
2022-04-30,2022-04-29,RTSBP,0.483
2022-04-30,2022-04-29,RUAL,67.5
2022-04-30,2022-04-29,RUGR,20.29
2022-04-30,2022-04-29,RUSI,58.2
2022-04-30,2022-04-29,RUSP,0.747
2022-04-30,2022-04-29,RZSB,19.88
2022-04-30,2022-04-29,SAGO,1.342
2022-04-30,2022-04-29,SAGOP,1.284
2022-04-30,2022-04-29,SARE,0.1342
2022-04-30,2022-04-29,SAREP,0.104
2022-04-30,2022-04-29,SBER,128.8
2022-04-30,2022-04-29,SBERP,130.4
2022-04-30,2022-04-29,SELG,49.02
2022-04-30,2022-04-29,SFIN,441.6
2022-04-30,2022-04-29,SFTL,190.7
2022-04-30,2022-04-29,SGZH,9.154
2022-04-30,2022-04-29,SIBN,417
2022-04-30,2022-04-29,SLEN,2.95
2022-04-30,2022-04-29,SMLT,2636
2022-04-30,2022-04-29,SNGS,23.69
2022-04-30,2022-04-29,SNGSP,33.275
2022-04-30,2022-04-29,SPBE,283.6
2022-04-30,2022-04-29,STSB,0.645
2022-04-30,2022-04-29,STSBP,0.608
2022-04-30,2022-04-29,SVAV,180.5
2022-04-30,2022-04-29,SVET,45.3
2022-04-30,2022-04-29,TASB,0.4585
2022-04-30,2022-04-29,TASBP,0.3735
2022-04-30,2022-04-29,TATN,386.2
2022-04-30,2022-04-29,TATNP,357
2022-04-30,2022-04-29,TCSG,2608
2022-04-30,2022-04-29,TGKA,0.007236
2022-04-30,2022-04-29,TGKB,0.00368
2022-04-30,2022-04-29,TGKBP,0.0068
2022-04-30,2022-04-29,TGKD,0.0125
2022-04-30,2022-04-29,TGKDP,0.00807
2022-04-30,2022-04-29,TGKN,0.00271
2022-04-30,2022-04-29,TNSE,695
2022-04-30,2022-04-29,TORS,0.277
2022-04-30,2022-04-29,TORSP,0.2075
2022-04-30,2022-04-29,TRCN,8595
2022-04-30,2022-04-29,TRMK,59.38
2022-04-30,2022-04-29,TRNFP,113300
2022-04-30,2022-04-29,TTLK,0.586
2022-04-30,2022-04-29,TUZA,100
2022-04-30,2022-04-29,UCSS,655
2022-04-30,2022-04-29,UKUZ,1268
2022-04-30,2022-04-29,UNAC,0.685
2022-04-30,2022-04-29,UNKL,6810
2022-04-30,2022-04-29,UPRO,1.437
2022-04-30,2022-04-29,URKA,119.04
2022-04-30,2022-04-29,URKZ,12820
2022-04-30,2022-04-29,USBN,0.0721
2022-04-30,2022-04-29,UTAR,7.3
2022-04-30,2022-04-29,VEON-RX,63.8
2022-04-30,2022-04-29,VGSB,3.62
2022-04-30,2022-04-29,VGSBP,1.945
2022-04-30,2022-04-29,VJGZ,1420
2022-04-30,2022-04-29,VJGZP,600
2022-04-30,2022-04-29,VKCO,399
2022-04-30,2022-04-29,VLHZ,71.3
2022-04-30,2022-04-29,VRSB,168.4
2022-04-30,2022-04-29,VRSBP,39.8
2022-04-30,2022-04-29,VSMO,57760
2022-04-30,2022-04-29,VSYD,4280
2022-04-30,2022-04-29,VSYDP,4540
2022-04-30,2022-04-29,VTBR,0.020095
2022-04-30,2022-04-29,WTCM,10.1
2022-04-30,2022-04-29,WTCMP,8.68
2022-04-30,2022-04-29,YAKG,120.25
2022-04-30,2022-04-29,YKEN,0.2535
2022-04-30,2022-04-29,YKENP,0.2605
2022-04-30,2022-04-29,YNDX,1766.6
2022-04-30,2022-04-29,YRSB,178
2022-04-30,2022-04-29,YRSBP,82.5
2022-04-30,2022-04-29,ZILL,3000
2022-04-30,2022-04-29,ZVEZ,3.145
2022-05-31,2022-05-31,ABRD,172.5
2022-05-31,2022-05-31,ACKO,3.58
2022-05-31,2022-05-31,AFKS,12.959
2022-05-31,2022-05-31,AFLT,28
2022-05-31,2022-05-31,AGRO,920
2022-05-31,2022-05-31,AKRN,16444
2022-05-31,2022-05-31,ALRS,73.8
2022-05-31,2022-05-31,AMEZ,19.9
2022-05-31,2022-05-31,APTK,12.53
2022-05-31,2022-05-31,AQUA,486.5
2022-05-31,2022-05-31,ARSA,5.71
2022-05-31,2022-05-31,ASSB,0.721
2022-05-31,2022-05-31,AVAN,855
2022-05-31,2022-05-31,BANE,1042.5
2022-05-31,2022-05-31,BANEP,780
2022-05-31,2022-05-31,BELU,2315
2022-05-31,2022-05-31,BISV,8.7
2022-05-31,2022-05-31,BISVP,6.75
2022-05-31,2022-05-31,BLNG,10.145
2022-05-31,2022-05-31,BRZL,905
2022-05-31,2022-05-31,BSPB,64.69
2022-05-31,2022-05-31,BSPBP,13.65
2022-05-31,2022-05-31,CBOM,5.569
2022-05-31,2022-05-31,CHGZ,35.8
2022-05-31,2022-05-31,CHKZ,5480
2022-05-31,2022-05-31,CHMF,974.8
2022-05-31,2022-05-31,CHMK,3485
2022-05-31,2022-05-31,CIAN,298.6
2022-05-31,2022-05-31,CNTL,10.88
2022-05-31,2022-05-31,CNTLP,8.14
2022-05-31,2022-05-31,DIOD,8.01
2022-05-31,2022-05-31,DSKY,66.5
2022-05-31,2022-05-31,DVEC,0.999
2022-05-31,2022-05-31,DZRD,1860
2022-05-31,2022-05-31,DZRDP,1700
2022-05-31,2022-05-31,EELT,4.94
2022-05-31,2022-05-31,ELTZ,157.5
2022-05-31,2022-05-31,ENPG,614.5
2022-05-31,2022-05-31,ENRU,0.4432
2022-05-31,2022-05-31,ETLN,60.7
2022-05-31,2022-05-31,FEES,0.0951
2022-05-31,2022-05-31,FESH,31.55
2022-05-31,2022-05-31,FIVE,904
2022-05-31,2022-05-31,FIXP,325.5
2022-05-31,2022-05-31,FLOT,39
2022-05-31,2022-05-31,GAZA,349.5
2022-05-31,2022-05-31,GAZAP,248.5
2022-05-31,2022-05-31,GAZC,295
2022-05-31,2022-05-31,GAZP,293.75
2022-05-31,2022-05-31,GAZS,293
2022-05-31,2022-05-31,GAZT,85
2022-05-31,2022-05-31,GCHE,2859
2022-05-31,2022-05-31,GEMA,701
2022-05-31,2022-05-31,GEMC,430.2
2022-05-31,2022-05-31,GLTR,383
2022-05-31,2022-05-31,GMKN,20190
2022-05-31,2022-05-31,GTRK,23.6
2022-05-31,2022-05-31,HHRU,1180
2022-05-31,2022-05-31,HIMC,0.99
2022-05-31,2022-05-31,HIMCP,8.58
2022-05-31,2022-05-31,HMSG,142.5
2022-05-31,2022-05-31,HYDR,0.802
2022-05-31,2022-05-31,IGST,2392
2022-05-31,2022-05-31,IGSTP,2398
2022-05-31,2022-05-31,INGR,1306
2022-05-31,2022-05-31,IRAO,3.16
2022-05-31,2022-05-31,IRGZ,14.02
2022-05-31,2022-05-31,IRKT,26.62
2022-05-31,2022-05-31,ISKJ,69.34
2022-05-31,2022-05-31,JNOS,13.9
2022-05-31,2022-05-31,JNOSP,9.94
2022-05-31,2022-05-31,KAZT,405.8
2022-05-31,2022-05-31,KAZTP,426.8
2022-05-31,2022-05-31,KBSB,150
2022-05-31,2022-05-31,KCHE,0.1695
2022-05-31,2022-05-31,KCHEP,0.328
2022-05-31,2022-05-31,KGKC,39.2
2022-05-31,2022-05-31,KGKCP,38.2
2022-05-31,2022-05-31,KLSB,8.78
2022-05-31,2022-05-31,KMAZ,99.6
2022-05-31,2022-05-31,KMEZ,920
2022-05-31,2022-05-31,KOGK,38800
2022-05-31,2022-05-31,KRKN,8550
2022-05-31,2022-05-31,KRKNP,15220
2022-05-31,2022-05-31,KRKO,11.8
2022-05-31,2022-05-31,KRKOP,8.58
2022-05-31,2022-05-31,KROT,316
2022-05-31,2022-05-31,KROTP,233.5
2022-05-31,2022-05-31,KRSB,9.98
2022-05-31,2022-05-31,KRSBP,10
2022-05-31,2022-05-31,KTSB,0.59
2022-05-31,2022-05-31,KTSBP,0.2815
2022-05-31,2022-05-31,KUBE,59.6
2022-05-31,2022-05-31,KUZB,0.01708
2022-05-31,2022-05-31,KZMS,226
2022-05-31,2022-05-31,KZOS,67.9
2022-05-31,2022-05-31,KZOSP,17.96
2022-05-31,2022-05-31,LENT,711
2022-05-31,2022-05-31,LIFE,3.665
2022-05-31,2022-05-31,LKOH,4061.5
2022-05-31,2022-05-31,LNZL,9690
2022-05-31,2022-05-31,LNZLP,1770
2022-05-31,2022-05-31,LPSB,8.55
2022-05-31,2022-05-31,LSNG,7.52
2022-05-31,2022-05-31,LSNGP,161.75
2022-05-31,2022-05-31,LSRG,500.6
2022-05-31,2022-05-31,LVHK,12.18
2022-05-31,2022-05-31,MAGE,5.44
2022-05-31,2022-05-31,MAGEP,3.25
2022-05-31,2022-05-31,MAGN,35.71
2022-05-31,2022-05-31,MDMG,404
2022-05-31,2022-05-31,MFGS,288
2022-05-31,2022-05-31,MFGSP,197.5
2022-05-31,2022-05-31,MFON,650.6
2022-05-31,2022-05-31,MGNT,4640
2022-05-31,2022-05-31,MGNZ,11730
2022-05-31,2022-05-31,MGTS,1625
2022-05-31,2022-05-31,MGTSP,690
2022-05-31,2022-05-31,MISB,15.8
2022-05-31,2022-05-31,MISBP,15
2022-05-31,2022-05-31,MOEX,88
2022-05-31,2022-05-31,MORI,4.31
2022-05-31,2022-05-31,MRKC,0.2856
2022-05-31,2022-05-31,MRKK,16.44
2022-05-31,2022-05-31,MRKP,0.2095
2022-05-31,2022-05-31,MRKS,0.282
2022-05-31,2022-05-31,MRKU,0.1876
2022-05-31,2022-05-31,MRKV,0.03035
2022-05-31,2022-05-31,MRKY,0.0356
2022-05-31,2022-05-31,MRKZ,0.02855
2022-05-31,2022-05-31,MRSB,0.336
2022-05-31,2022-05-31,MSNG,1.8935
2022-05-31,2022-05-31,MSRS,0.9095
2022-05-31,2022-05-31,MSTT,74
2022-05-31,2022-05-31,MTLR,129.83
2022-05-31,2022-05-31,MTLRP,212.7
2022-05-31,2022-05-31,MTSS,254.95
2022-05-31,2022-05-31,MVID,200.9
2022-05-31,2022-05-31,NAUK,168.6
2022-05-31,2022-05-31,NFAZ,257.5
2022-05-31,2022-05-31,NKHP,341
2022-05-31,2022-05-31,NKNC,77.6
2022-05-31,2022-05-31,NKNCP,61.88
2022-05-31,2022-05-31,NKSH,20.12
2022-05-31,2022-05-31,NLMK,144.3
2022-05-31,2022-05-31,NMTP,5.725
2022-05-31,2022-05-31,NNSB,1835
2022-05-31,2022-05-31,NNSBP,569
2022-05-31,2022-05-31,NPOF,11850
2022-05-31,2022-05-31,NSVZ,143
2022-05-31,2022-05-31,NVTK,910
2022-05-31,2022-05-31,OGKB,0.6031
2022-05-31,2022-05-31,OKEY,21.77
2022-05-31,2022-05-31,OMZZP,4195
2022-05-31,2022-05-31,OZON,908
2022-05-31,2022-05-31,PAZA,5740
2022-05-31,2022-05-31,PHOR,7125
2022-05-31,2022-05-31,PIKK,542.9
2022-05-31,2022-05-31,PLZL,11624
2022-05-31,2022-05-31,PMSB,116.6
2022-05-31,2022-05-31,PMSBP,119.6
2022-05-31,2022-05-31,POGR,5.32
2022-05-31,2022-05-31,POLY,564.1
2022-05-31,2022-05-31,POSI,888
2022-05-31,2022-05-31,PRMB,38000
2022-05-31,2022-05-31,QIWI,403
2022-05-31,2022-05-31,RASP,329.05
2022-05-31,2022-05-31,RAVN,23.05
2022-05-31,2022-05-31,RBCM,2.67
2022-05-31,2022-05-31,RDRB,154
2022-05-31,2022-05-31,RENI,38.27
2022-05-31,2022-05-31,RGSS,0.1278
2022-05-31,2022-05-31,RKKE,6230
2022-05-31,2022-05-31,RNFT,90.4
2022-05-31,2022-05-31,ROLO,7.205
2022-05-31,2022-05-31,ROSB,106.6
2022-05-31,2022-05-31,ROSN,377
2022-05-31,2022-05-31,ROST,44.8
2022-05-31,2022-05-31,RSTI,0.6427
2022-05-31,2022-05-31,RSTIP,1.313
2022-05-31,2022-05-31,RTGZ,25500
2022-05-31,2022-05-31,RTKM,57.9
2022-05-31,2022-05-31,RTKMP,58.3
2022-05-31,2022-05-31,RTSB,0.544
2022-05-31,2022-05-31,RTSBP,0.509
2022-05-31,2022-05-31,RUAL,59.15
2022-05-31,2022-05-31,RUGR,19.96
2022-05-31,2022-05-31,RUSI,53.9
2022-05-31,2022-05-31,RUSP,0.747
2022-05-31,2022-05-31,RZSB,20.88
2022-05-31,2022-05-31,SAGO,1.202
2022-05-31,2022-05-31,SAGOP,1.2
2022-05-31,2022-05-31,SARE,0.1136
2022-05-31,2022-05-31,SAREP,0.0998
2022-05-31,2022-05-31,SBER,118.3
2022-05-31,2022-05-31,SBERP,111.61
2022-05-31,2022-05-31,SELG,48.01
2022-05-31,2022-05-31,SFIN,517.6
2022-05-31,2022-05-31,SFTL,140
2022-05-31,2022-05-31,SGZH,9
2022-05-31,2022-05-31,SIBN,419.45
2022-05-31,2022-05-31,SLEN,2.815
2022-05-31,2022-05-31,SMLT,2220
2022-05-31,2022-05-31,SNGS,22.265
2022-05-31,2022-05-31,SNGSP,35.355
2022-05-31,2022-05-31,SPBE,215.1
2022-05-31,2022-05-31,STSB,0.654
2022-05-31,2022-05-31,STSBP,0.664
2022-05-31,2022-05-31,SVAV,174.5
2022-05-31,2022-05-31,SVET,24.25
2022-05-31,2022-05-31,TASB,0.447
2022-05-31,2022-05-31,TASBP,0.3545
2022-05-31,2022-05-31,TATN,392
2022-05-31,2022-05-31,TATNP,353.2
2022-05-31,2022-05-31,TCSG,2111.5
2022-05-31,2022-05-31,TGKA,0.00875
2022-05-31,2022-05-31,TGKB,0.00342
2022-05-31,2022-05-31,TGKBP,0.00561
2022-05-31,2022-05-31,TGKD,0.011475
2022-05-31,2022-05-31,TGKDP,0.007995
2022-05-31,2022-05-31,TGKN,0.00264
2022-05-31,2022-05-31,TNSE,720
2022-05-31,2022-05-31,TORS,0.279
2022-05-31,2022-05-31,TORSP,0.197
2022-05-31,2022-05-31,TRCN,8595
2022-05-31,2022-05-31,TRMK,54
2022-05-31,2022-05-31,TRNFP,113850
2022-05-31,2022-05-31,TTLK,0.488
2022-05-31,2022-05-31,TUZA,94
2022-05-31,2022-05-31,UCSS,705
2022-05-31,2022-05-31,UKUZ,1176
2022-05-31,2022-05-31,UNAC,0.5715
2022-05-31,2022-05-31,UNKL,6450
2022-05-31,2022-05-31,UPRO,1.23
2022-05-31,2022-05-31,URKA,119.04
2022-05-31,2022-05-31,URKZ,10560
2022-05-31,2022-05-31,USBN,0.0648
2022-05-31,2022-05-31,UTAR,7.08
2022-05-31,2022-05-31,VEON-RX,50.65
2022-05-31,2022-05-31,VGSB,3.56
2022-05-31,2022-05-31,VGSBP,1.78
2022-05-31,2022-05-31,VJGZ,1393
2022-05-31,2022-05-31,VJGZP,673
2022-05-31,2022-05-31,VKCO,336
2022-05-31,2022-05-31,VLHZ,70.5
2022-05-31,2022-05-31,VRSB,164
2022-05-31,2022-05-31,VRSBP,71
2022-05-31,2022-05-31,VSMO,58640
2022-05-31,2022-05-31,VSYD,4190
2022-05-31,2022-05-31,VSYDP,4220
2022-05-31,2022-05-31,VTBR,0.01831
2022-05-31,2022-05-31,WTCM,7.8
2022-05-31,2022-05-31,WTCMP,7.06
2022-05-31,2022-05-31,YAKG,113.95
2022-05-31,2022-05-31,YKEN,0.263
2022-05-31,2022-05-31,YKENP,0.2645
2022-05-31,2022-05-31,YNDX,1567.8
2022-05-31,2022-05-31,YRSB,170
2022-05-31,2022-05-31,YRSBP,87
2022-05-31,2022-05-31,ZILL,3030
2022-05-31,2022-05-31,ZVEZ,3.63
2022-06-30,2022-06-30,ABRD,172
2022-06-30,2022-06-30,ACKO,3.58
2022-06-30,2022-06-30,AFKS,14.5
2022-06-30,2022-06-30,AFLT,26.68
2022-06-30,2022-06-30,AGRO,863.8
2022-06-30,2022-06-30,AKRN,18182
2022-06-30,2022-06-30,ALRS,67.7
2022-06-30,2022-06-30,AMEZ,20.1
2022-06-30,2022-06-30,APTK,12.366
2022-06-30,2022-06-30,AQUA,495.5
2022-06-30,2022-06-30,ARSA,5.55
2022-06-30,2022-06-30,ASSB,0.716
2022-06-30,2022-06-30,AVAN,825
2022-06-30,2022-06-30,BANE,1140
2022-06-30,2022-06-30,BANEP,851
2022-06-30,2022-06-30,BELU,2285
2022-06-30,2022-06-30,BISV,8.7
2022-06-30,2022-06-30,BISVP,7.4
2022-06-30,2022-06-30,BLNG,10.04
2022-06-30,2022-06-30,BRZL,839
2022-06-30,2022-06-30,BSPB,75.4
2022-06-30,2022-06-30,BSPBP,13.4
2022-06-30,2022-06-30,CBOM,4.987
2022-06-30,2022-06-30,CHGZ,35.6
2022-06-30,2022-06-30,CHKZ,5340
2022-06-30,2022-06-30,CHMF,830
2022-06-30,2022-06-30,CHMK,3255
2022-06-30,2022-06-30,CIAN,268.6
2022-06-30,2022-06-30,CNTL,11.3
2022-06-30,2022-06-30,CNTLP,10.22
2022-06-30,2022-06-30,DIOD,8.15
2022-06-30,2022-06-30,DSKY,68.16
2022-06-30,2022-06-30,DVEC,0.912
2022-06-30,2022-06-30,DZRD,1875
2022-06-30,2022-06-30,DZRDP,1820
2022-06-30,2022-06-30,EELT,5.52
2022-06-30,2022-06-30,ELTZ,149.5
2022-06-30,2022-06-30,ENPG,487.5
2022-06-30,2022-06-30,ENRU,0.4816
2022-06-30,2022-06-30,ETLN,58.48
2022-06-30,2022-06-30,FEES,0.09026
2022-06-30,2022-06-30,FESH,30
2022-06-30,2022-06-30,FIVE,981
2022-06-30,2022-06-30,FIXP,298
2022-06-30,2022-06-30,FLOT,38.78
2022-06-30,2022-06-30,GAZA,332.5
2022-06-30,2022-06-30,GAZAP,240.5
2022-06-30,2022-06-30,GAZC,295
2022-06-30,2022-06-30,GAZP,207
2022-06-30,2022-06-30,GAZS,293
2022-06-30,2022-06-30,GAZT,85
2022-06-30,2022-06-30,GCHE,2684
2022-06-30,2022-06-30,GEMA,673.5
2022-06-30,2022-06-30,GEMC,374.6
2022-06-30,2022-06-30,GLTR,315
2022-06-30,2022-06-30,GMKN,17400
2022-06-30,2022-06-30,GTRK,22.1
2022-06-30,2022-06-30,HHRU,917
2022-06-30,2022-06-30,HIMC,0.99
2022-06-30,2022-06-30,HIMCP,8.55
2022-06-30,2022-06-30,HMSG,108
2022-06-30,2022-06-30,HYDR,0.7846
2022-06-30,2022-06-30,IGST,3214
2022-06-30,2022-06-30,IGSTP,2404
2022-06-30,2022-06-30,INGR,1200
2022-06-30,2022-06-30,IRAO,3.33
2022-06-30,2022-06-30,IRGZ,14.02
2022-06-30,2022-06-30,IRKT,44.52
2022-06-30,2022-06-30,ISKJ,57.82
2022-06-30,2022-06-30,JNOS,14
2022-06-30,2022-06-30,JNOSP,10
2022-06-30,2022-06-30,KAZT,401
2022-06-30,2022-06-30,KAZTP,415
2022-06-30,2022-06-30,KBSB,165
2022-06-30,2022-06-30,KCHE,0.157
2022-06-30,2022-06-30,KCHEP,0.29
2022-06-30,2022-06-30,KGKC,38.4
2022-06-30,2022-06-30,KGKCP,37.2
2022-06-30,2022-06-30,KLSB,8.69
2022-06-30,2022-06-30,KMAZ,88.8
2022-06-30,2022-06-30,KMEZ,860
2022-06-30,2022-06-30,KMTZ,285.21
2022-06-30,2022-06-30,KOGK,35600
2022-06-30,2022-06-30,KRKN,7700
2022-06-30,2022-06-30,KRKNP,10380
2022-06-30,2022-06-30,KRKO,11.8
2022-06-30,2022-06-30,KRKOP,8.24
2022-06-30,2022-06-30,KROT,292
2022-06-30,2022-06-30,KROTP,215
2022-06-30,2022-06-30,KRSB,7.11
2022-06-30,2022-06-30,KRSBP,7.6
2022-06-30,2022-06-30,KTSB,0.606
2022-06-30,2022-06-30,KTSBP,0.2825
2022-06-30,2022-06-30,KUBE,56.2
2022-06-30,2022-06-30,KUZB,0.01697
2022-06-30,2022-06-30,KZMS,226
2022-06-30,2022-06-30,KZOS,69.6
2022-06-30,2022-06-30,KZOSP,15.96
2022-06-30,2022-06-30,LENT,675.5
2022-06-30,2022-06-30,LIFE,4.045
2022-06-30,2022-06-30,LKOH,3905
2022-06-30,2022-06-30,LNZL,7820
2022-06-30,2022-06-30,LNZLP,1440
2022-06-30,2022-06-30,LPSB,8.3
2022-06-30,2022-06-30,LSNG,6.93
2022-06-30,2022-06-30,LSNGP,138.75
2022-06-30,2022-06-30,LSRG,558.4
2022-06-30,2022-06-30,LVHK,12.27
2022-06-30,2022-06-30,MAGE,5.35
2022-06-30,2022-06-30,MAGEP,3.49
2022-06-30,2022-06-30,MAGN,32.095
2022-06-30,2022-06-30,MDMG,392.7
2022-06-30,2022-06-30,MFGS,278.5
2022-06-30,2022-06-30,MFGSP,207
2022-06-30,2022-06-30,MFON,650.6
2022-06-30,2022-06-30,MGNT,4238
2022-06-30,2022-06-30,MGNZ,11010
2022-06-30,2022-06-30,MGTS,1400
2022-06-30,2022-06-30,MGTSP,670
2022-06-30,2022-06-30,MISB,16.7
2022-06-30,2022-06-30,MISBP,16.4
2022-06-30,2022-06-30,MOEX,85.77
2022-06-30,2022-06-30,MORI,4.31
2022-06-30,2022-06-30,MRKC,0.2446
2022-06-30,2022-06-30,MRKK,10.1
2022-06-30,2022-06-30,MRKP,0.1716
2022-06-30,2022-06-30,MRKS,0.2685
2022-06-30,2022-06-30,MRKU,0.165
2022-06-30,2022-06-30,MRKV,0.03
2022-06-30,2022-06-30,MRKY,0.0315
2022-06-30,2022-06-30,MRKZ,0.02675
2022-06-30,2022-06-30,MRSB,0.325
2022-06-30,2022-06-30,MSNG,2.029
2022-06-30,2022-06-30,MSRS,0.914
2022-06-30,2022-06-30,MSTT,77.1
2022-06-30,2022-06-30,MTLR,123.89
2022-06-30,2022-06-30,MTLRP,139
2022-06-30,2022-06-30,MTSS,273.7
2022-06-30,2022-06-30,MVID,188.8
2022-06-30,2022-06-30,NAUK,170
2022-06-30,2022-06-30,NFAZ,255
2022-06-30,2022-06-30,NKHP,312.5
2022-06-30,2022-06-30,NKNC,77.35
2022-06-30,2022-06-30,NKNCP,64.24
2022-06-30,2022-06-30,NKSH,23.2
2022-06-30,2022-06-30,NLMK,133.4
2022-06-30,2022-06-30,NMTP,5.34
2022-06-30,2022-06-30,NNSB,1770
2022-06-30,2022-06-30,NNSBP,567
2022-06-30,2022-06-30,NPOF,11850
2022-06-30,2022-06-30,NSVZ,145
2022-06-30,2022-06-30,NVTK,1024
2022-06-30,2022-06-30,OGKB,0.643
2022-06-30,2022-06-30,OKEY,18.15
2022-06-30,2022-06-30,OMZZP,4100
2022-06-30,2022-06-30,OZON,844.5
2022-06-30,2022-06-30,PAZA,4720
2022-06-30,2022-06-30,PHOR,7880
2022-06-30,2022-06-30,PIKK,730.1
2022-06-30,2022-06-30,PLZL,8850
2022-06-30,2022-06-30,PMSB,114.1
2022-06-30,2022-06-30,PMSBP,116.8
2022-06-30,2022-06-30,POGR,3.145
2022-06-30,2022-06-30,POLY,377.5
2022-06-30,2022-06-30,POSI,868
2022-06-30,2022-06-30,PRMB,37600
2022-06-30,2022-06-30,QIWI,299
2022-06-30,2022-06-30,RASP,295.55
2022-06-30,2022-06-30,RBCM,2.738
2022-06-30,2022-06-30,RDRB,156
2022-06-30,2022-06-30,RENI,44
2022-06-30,2022-06-30,RGSS,0.1246
2022-06-30,2022-06-30,RKKE,6020
2022-06-30,2022-06-30,RNFT,87.6
2022-06-30,2022-06-30,ROLO,6.695
2022-06-30,2022-06-30,ROSB,111
2022-06-30,2022-06-30,ROSN,362.25
2022-06-30,2022-06-30,ROST,45
2022-06-30,2022-06-30,RSTI,0.5905
2022-06-30,2022-06-30,RSTIP,1.255
2022-06-30,2022-06-30,RTGZ,24500
2022-06-30,2022-06-30,RTKM,63.81
2022-06-30,2022-06-30,RTKMP,61.4
2022-06-30,2022-06-30,RTSB,0.528
2022-06-30,2022-06-30,RTSBP,0.525
2022-06-30,2022-06-30,RUAL,53.53
2022-06-30,2022-06-30,RUGR,19.946
2022-06-30,2022-06-30,RUSI,54.2
2022-06-30,2022-06-30,RZSB,15.62
2022-06-30,2022-06-30,SAGO,1.226
2022-06-30,2022-06-30,SAGOP,1.186
2022-06-30,2022-06-30,SARE,0.0972
2022-06-30,2022-06-30,SAREP,0.0874
2022-06-30,2022-06-30,SBER,125.2
2022-06-30,2022-06-30,SBERP,121.21
2022-06-30,2022-06-30,SELG,40.79
2022-06-30,2022-06-30,SFIN,586.4
2022-06-30,2022-06-30,SFTL,112
2022-06-30,2022-06-30,SGZH,8.07
2022-06-30,2022-06-30,SIBN,396.2
2022-06-30,2022-06-30,SLEN,2.89
2022-06-30,2022-06-30,SMLT,2655
2022-06-30,2022-06-30,SNGS,24.03
2022-06-30,2022-06-30,SNGSP,34.95
2022-06-30,2022-06-30,SPBE,167
2022-06-30,2022-06-30,STSB,0.7245
2022-06-30,2022-06-30,STSBP,0.6705
2022-06-30,2022-06-30,SVAV,172
2022-06-30,2022-06-30,SVET,21.75
2022-06-30,2022-06-30,TASB,0.457
2022-06-30,2022-06-30,TASBP,0.399
2022-06-30,2022-06-30,TATN,429.5
2022-06-30,2022-06-30,TATNP,398.9
2022-06-30,2022-06-30,TCSG,1804
2022-06-30,2022-06-30,TGKA,0.009026
2022-06-30,2022-06-30,TGKB,0.00369
2022-06-30,2022-06-30,TGKBP,0.00535
2022-06-30,2022-06-30,TGKD,0.0122
2022-06-30,2022-06-30,TGKDP,0.00884
2022-06-30,2022-06-30,TGKN,0.00254
2022-06-30,2022-06-30,TNSE,705
2022-06-30,2022-06-30,TORS,0.264
2022-06-30,2022-06-30,TORSP,0.186
2022-06-30,2022-06-30,TRCN,8595
2022-06-30,2022-06-30,TRMK,55.72
2022-06-30,2022-06-30,TRNFP,119450
2022-06-30,2022-06-30,TTLK,0.4805
2022-06-30,2022-06-30,TUZA,87.5
2022-06-30,2022-06-30,UCSS,655
2022-06-30,2022-06-30,UKUZ,1022
2022-06-30,2022-06-30,UNAC,0.62
2022-06-30,2022-06-30,UNKL,5710
2022-06-30,2022-06-30,UPRO,1.482
2022-06-30,2022-06-30,URKA,119.04
2022-06-30,2022-06-30,URKZ,10420
2022-06-30,2022-06-30,USBN,0.0633
2022-06-30,2022-06-30,UTAR,6.94
2022-06-30,2022-06-30,VEON-RX,42.6
2022-06-30,2022-06-30,VGSB,3.48
2022-06-30,2022-06-30,VGSBP,1.755
2022-06-30,2022-06-30,VJGZ,1299
2022-06-30,2022-06-30,VJGZP,572
2022-06-30,2022-06-30,VKCO,302.4
2022-06-30,2022-06-30,VLHZ,67.6
2022-06-30,2022-06-30,VRSB,161.8
2022-06-30,2022-06-30,VRSBP,89.2
2022-06-30,2022-06-30,VSMO,58000
2022-06-30,2022-06-30,VSYD,3815
2022-06-30,2022-06-30,VSYDP,4220
2022-06-30,2022-06-30,VTBR,0.01778
2022-06-30,2022-06-30,WTCM,7.74
2022-06-30,2022-06-30,WTCMP,6.56
2022-06-30,2022-06-30,YAKG,103.5
2022-06-30,2022-06-30,YKEN,0.2855
2022-06-30,2022-06-30,YKENP,0.28
2022-06-30,2022-06-30,YNDX,1603.8
2022-06-30,2022-06-30,YRSB,172
2022-06-30,2022-06-30,YRSBP,83
2022-06-30,2022-06-30,ZILL,2930
2022-06-30,2022-06-30,ZVEZ,3.5
2022-07-29,2022-07-29,ABRD,173.5
2022-07-29,2022-07-29,ACKO,3.58
2022-07-29,2022-07-29,AFKS,14.766
2022-07-29,2022-07-29,AFLT,27.7
2022-07-29,2022-07-29,AGRO,846.8
2022-07-29,2022-07-29,AKRN,16650
2022-07-29,2022-07-29,ALRS,64.5
2022-07-29,2022-07-29,AMEZ,22.945
2022-07-29,2022-07-29,APTK,12.27
2022-07-29,2022-07-29,AQUA,522
2022-07-29,2022-07-29,ARSA,5.8
2022-07-29,2022-07-29,ASSB,0.7
2022-07-29,2022-07-29,AVAN,855
2022-07-29,2022-07-29,BANE,986
2022-07-29,2022-07-29,BANEP,672.5
2022-07-29,2022-07-29,BELU,2496
2022-07-29,2022-07-29,BISV,8.7
2022-07-29,2022-07-29,BISVP,7.1
2022-07-29,2022-07-29,BLNG,9.12
2022-07-29,2022-07-29,BRZL,784
2022-07-29,2022-07-29,BSPB,86.5
2022-07-29,2022-07-29,BSPBP,13.25
2022-07-29,2022-07-29,CBOM,4.896
2022-07-29,2022-07-29,CHGZ,40
2022-07-29,2022-07-29,CHKZ,5380
2022-07-29,2022-07-29,CHMF,733.8
2022-07-29,2022-07-29,CHMK,3485
2022-07-29,2022-07-29,CIAN,349
2022-07-29,2022-07-29,CNTL,9.26
2022-07-29,2022-07-29,CNTLP,7.12
2022-07-29,2022-07-29,DIOD,7.47
2022-07-29,2022-07-29,DSKY,79.84
2022-07-29,2022-07-29,DVEC,0.87
2022-07-29,2022-07-29,DZRD,1820
2022-07-29,2022-07-29,DZRDP,1590
2022-07-29,2022-07-29,EELT,5.18
2022-07-29,2022-07-29,ELTZ,156.5
2022-07-29,2022-07-29,ENPG,442.5
2022-07-29,2022-07-29,ENRU,0.4636
2022-07-29,2022-07-29,ETLN,60.38
2022-07-29,2022-07-29,FEES,0.0951
2022-07-29,2022-07-29,FESH,28
2022-07-29,2022-07-29,FIVE,1345
2022-07-29,2022-07-29,FIXP,342
2022-07-29,2022-07-29,FLOT,35.86
2022-07-29,2022-07-29,GAZA,324.5
2022-07-29,2022-07-29,GAZAP,227
2022-07-29,2022-07-29,GAZC,295
2022-07-29,2022-07-29,GAZP,195.26
2022-07-29,2022-07-29,GAZS,293
2022-07-29,2022-07-29,GAZT,85
2022-07-29,2022-07-29,GCHE,2647
2022-07-29,2022-07-29,GEMA,698.5
2022-07-29,2022-07-29,GEMC,395
2022-07-29,2022-07-29,GLTR,298
2022-07-29,2022-07-29,GMKN,16150
2022-07-29,2022-07-29,GTRK,23.6
2022-07-29,2022-07-29,HHRU,1628
2022-07-29,2022-07-29,HIMC,0.99
2022-07-29,2022-07-29,HIMCP,7.79
2022-07-29,2022-07-29,HMSG,79
2022-07-29,2022-07-29,HYDR,0.7701
2022-07-29,2022-07-29,IGST,2802
2022-07-29,2022-07-29,IGSTP,2340
2022-07-29,2022-07-29,INGR,1416
2022-07-29,2022-07-29,IRAO,3.233
2022-07-29,2022-07-29,IRGZ,14.02
2022-07-29,2022-07-29,IRKT,46.34
2022-07-29,2022-07-29,ISKJ,63
2022-07-29,2022-07-29,JNOS,13.6
2022-07-29,2022-07-29,JNOSP,9.92
2022-07-29,2022-07-29,KAZT,378
2022-07-29,2022-07-29,KAZTP,388.6
2022-07-29,2022-07-29,KBSB,138.5
2022-07-29,2022-07-29,KCHE,0.16
2022-07-29,2022-07-29,KCHEP,0.312
2022-07-29,2022-07-29,KGKC,36.6
2022-07-29,2022-07-29,KGKCP,37.2
2022-07-29,2022-07-29,KLSB,8.54
2022-07-29,2022-07-29,KMAZ,86.7
2022-07-29,2022-07-29,KMEZ,845
2022-07-29,2022-07-29,KMTZ,284.99
2022-07-29,2022-07-29,KOGK,32800
2022-07-29,2022-07-29,KRKN,7500
2022-07-29,2022-07-29,KRKNP,10380
2022-07-29,2022-07-29,KRKO,11.8
2022-07-29,2022-07-29,KRKOP,8.31
2022-07-29,2022-07-29,KROT,301
2022-07-29,2022-07-29,KROTP,245
2022-07-29,2022-07-29,KRSB,7.15
2022-07-29,2022-07-29,KRSBP,7.96
2022-07-29,2022-07-29,KTSB,0.6
2022-07-29,2022-07-29,KTSBP,0.2675
2022-07-29,2022-07-29,KUBE,58
2022-07-29,2022-07-29,KUZB,0.01761
2022-07-29,2022-07-29,KZMS,226
2022-07-29,2022-07-29,KZOS,74.3
2022-07-29,2022-07-29,KZOSP,16.7
2022-07-29,2022-07-29,LENT,785
2022-07-29,2022-07-29,LIFE,4.185
2022-07-29,2022-07-29,LKOH,3877
2022-07-29,2022-07-29,LNZL,8020
2022-07-29,2022-07-29,LNZLP,1460
2022-07-29,2022-07-29,LPSB,8.15
2022-07-29,2022-07-29,LSNG,6.75
2022-07-29,2022-07-29,LSNGP,126.85
2022-07-29,2022-07-29,LSRG,573.8
2022-07-29,2022-07-29,LVHK,12.07
2022-07-29,2022-07-29,MAGE,5.07
2022-07-29,2022-07-29,MAGEP,3.01
2022-07-29,2022-07-29,MAGN,26.47
2022-07-29,2022-07-29,MDMG,461.2
2022-07-29,2022-07-29,MFGS,282.5
2022-07-29,2022-07-29,MFGSP,198
2022-07-29,2022-07-29,MFON,650.6
2022-07-29,2022-07-29,MGNT,4889
2022-07-29,2022-07-29,MGNZ,10630
2022-07-29,2022-07-29,MGTS,1380
2022-07-29,2022-07-29,MGTSP,668
2022-07-29,2022-07-29,MISB,13.5
2022-07-29,2022-07-29,MISBP,11.4
2022-07-29,2022-07-29,MOEX,86.2
2022-07-29,2022-07-29,MORI,4.31
2022-07-29,2022-07-29,MRKC,0.241
2022-07-29,2022-07-29,MRKK,9.66
2022-07-29,2022-07-29,MRKP,0.1698
2022-07-29,2022-07-29,MRKS,0.277
2022-07-29,2022-07-29,MRKU,0.158
2022-07-29,2022-07-29,MRKV,0.03025
2022-07-29,2022-07-29,MRKY,0.03225
2022-07-29,2022-07-29,MRKZ,0.02825
2022-07-29,2022-07-29,MRSB,0.331
2022-07-29,2022-07-29,MSNG,1.879
2022-07-29,2022-07-29,MSRS,0.881
2022-07-29,2022-07-29,MSTT,78
2022-07-29,2022-07-29,MTLR,125.4
2022-07-29,2022-07-29,MTLRP,151
2022-07-29,2022-07-29,MTSS,243.45
2022-07-29,2022-07-29,MVID,198.2
2022-07-29,2022-07-29,NAUK,178.8
2022-07-29,2022-07-29,NFAZ,219
2022-07-29,2022-07-29,NKHP,306.5
2022-07-29,2022-07-29,NKNC,83.4
2022-07-29,2022-07-29,NKNCP,68.38
2022-07-29,2022-07-29,NKSH,22.58
2022-07-29,2022-07-29,NLMK,130
2022-07-29,2022-07-29,NMTP,4.77
2022-07-29,2022-07-29,NNSB,1750
2022-07-29,2022-07-29,NNSBP,570
2022-07-29,2022-07-29,NPOF,11850
2022-07-29,2022-07-29,NSVZ,141.5
2022-07-29,2022-07-29,NVTK,1052
2022-07-29,2022-07-29,OGKB,0.56
2022-07-29,2022-07-29,OKEY,30.44
2022-07-29,2022-07-29,OMZZP,4060
2022-07-29,2022-07-29,OZON,1383.5
2022-07-29,2022-07-29,PAZA,4920
2022-07-29,2022-07-29,PHOR,7441
2022-07-29,2022-07-29,PIKK,771
2022-07-29,2022-07-29,PLZL,8644
2022-07-29,2022-07-29,PMSB,116.1
2022-07-29,2022-07-29,PMSBP,119.2
2022-07-29,2022-07-29,POLY,270
2022-07-29,2022-07-29,POSI,990
2022-07-29,2022-07-29,PRMB,36400
2022-07-29,2022-07-29,QIWI,303
2022-07-29,2022-07-29,RASP,264.85
2022-07-29,2022-07-29,RBCM,2.702
2022-07-29,2022-07-29,RDRB,168
2022-07-29,2022-07-29,RENI,46.27
2022-07-29,2022-07-29,RGSS,0.1224
2022-07-29,2022-07-29,RKKE,5940
2022-07-29,2022-07-29,RNFT,77.8
2022-07-29,2022-07-29,ROLO,6.61
2022-07-29,2022-07-29,ROSB,111.2
2022-07-29,2022-07-29,ROSN,353
2022-07-29,2022-07-29,ROST,43.8
2022-07-29,2022-07-29,RSTI,0.8459
2022-07-29,2022-07-29,RSTIP,1.219
2022-07-29,2022-07-29,RTGZ,23600
2022-07-29,2022-07-29,RTKM,60.96
2022-07-29,2022-07-29,RTKMP,60.95
2022-07-29,2022-07-29,RTSB,0.548
2022-07-29,2022-07-29,RTSBP,0.535
2022-07-29,2022-07-29,RUAL,50.235
2022-07-29,2022-07-29,RUGR,19.132
2022-07-29,2022-07-29,RUSI,50.5
2022-07-29,2022-07-29,RZSB,15.52
2022-07-29,2022-07-29,SAGO,1.128
2022-07-29,2022-07-29,SAGOP,1.228
2022-07-29,2022-07-29,SARE,0.1096
2022-07-29,2022-07-29,SAREP,0.0932
2022-07-29,2022-07-29,SBER,131.9
2022-07-29,2022-07-29,SBERP,125.55
2022-07-29,2022-07-29,SELG,44
2022-07-29,2022-07-29,SFIN,497.2
2022-07-29,2022-07-29,SFTL,158.4
2022-07-29,2022-07-29,SGZH,7.85
2022-07-29,2022-07-29,SIBN,381.95
2022-07-29,2022-07-29,SLEN,2.95
2022-07-29,2022-07-29,SMLT,2856.5
2022-07-29,2022-07-29,SNGS,28.165
2022-07-29,2022-07-29,SNGSP,29.35
2022-07-29,2022-07-29,SPBE,97
2022-07-29,2022-07-29,STSB,0.775
2022-07-29,2022-07-29,STSBP,0.58
2022-07-29,2022-07-29,SVAV,175
2022-07-29,2022-07-29,SVET,19.55
2022-07-29,2022-07-29,TASB,0.4845
2022-07-29,2022-07-29,TASBP,0.4755
2022-07-29,2022-07-29,TATN,409
2022-07-29,2022-07-29,TATNP,376.1
2022-07-29,2022-07-29,TCSG,1950
2022-07-29,2022-07-29,TGKA,0.008076
2022-07-29,2022-07-29,TGKB,0.003785
2022-07-29,2022-07-29,TGKBP,0.00526
2022-07-29,2022-07-29,TGKD,0.0127
2022-07-29,2022-07-29,TGKDP,0.00982
2022-07-29,2022-07-29,TGKN,0.00235
2022-07-29,2022-07-29,TNSE,670
2022-07-29,2022-07-29,TORS,0.257
2022-07-29,2022-07-29,TORSP,0.1835
2022-07-29,2022-07-29,TRCN,8595
2022-07-29,2022-07-29,TRMK,75.78
2022-07-29,2022-07-29,TRNFP,111300
2022-07-29,2022-07-29,TTLK,0.486
2022-07-29,2022-07-29,TUZA,83
2022-07-29,2022-07-29,UCSS,950
2022-07-29,2022-07-29,UKUZ,1042
2022-07-29,2022-07-29,UNAC,0.5735
2022-07-29,2022-07-29,UNKL,5420
2022-07-29,2022-07-29,UPRO,1.482
2022-07-29,2022-07-29,URKA,119.04
2022-07-29,2022-07-29,URKZ,12100
2022-07-29,2022-07-29,USBN,0.0622
2022-07-29,2022-07-29,UTAR,9.23
2022-07-29,2022-07-29,VEON-RX,41.25
2022-07-29,2022-07-29,VGSB,3.31
2022-07-29,2022-07-29,VGSBP,1.75
2022-07-29,2022-07-29,VJGZ,1197
2022-07-29,2022-07-29,VJGZP,573
2022-07-29,2022-07-29,VKCO,409
2022-07-29,2022-07-29,VLHZ,70.95
2022-07-29,2022-07-29,VRSB,151.4
2022-07-29,2022-07-29,VRSBP,61.8
2022-07-29,2022-07-29,VSMO,57320
2022-07-29,2022-07-29,VSYD,3915
2022-07-29,2022-07-29,VSYDP,4080
2022-07-29,2022-07-29,VTBR,0.018585
2022-07-29,2022-07-29,WTCM,7.48
2022-07-29,2022-07-29,WTCMP,6.3
2022-07-29,2022-07-29,YAKG,102.7
2022-07-29,2022-07-29,YKEN,0.2675
2022-07-29,2022-07-29,YKENP,0.2565
2022-07-29,2022-07-29,YNDX,1952
2022-07-29,2022-07-29,YRSB,172
2022-07-29,2022-07-29,YRSBP,84.5
2022-07-29,2022-07-29,ZILL,2695
2022-07-29,2022-07-29,ZVEZ,3.96
2022-07-31,2022-07-29,ABRD,173.5
2022-07-31,2022-07-29,ACKO,3.58
2022-07-31,2022-07-29,AFKS,14.766
2022-07-31,2022-07-29,AFLT,27.7
2022-07-31,2022-07-29,AGRO,846.8
2022-07-31,2022-07-29,AKRN,16650
2022-07-31,2022-07-29,ALRS,64.5
2022-07-31,2022-07-29,AMEZ,22.945
2022-07-31,2022-07-29,APTK,12.27
2022-07-31,2022-07-29,AQUA,522
2022-07-31,2022-07-29,ARSA,5.8
2022-07-31,2022-07-29,ASSB,0.7
2022-07-31,2022-07-29,AVAN,855
2022-07-31,2022-07-29,BANE,986
2022-07-31,2022-07-29,BANEP,672.5
2022-07-31,2022-07-29,BELU,2496
2022-07-31,2022-07-29,BISV,8.7
2022-07-31,2022-07-29,BISVP,7.1
2022-07-31,2022-07-29,BLNG,9.12
2022-07-31,2022-07-29,BRZL,784
2022-07-31,2022-07-29,BSPB,86.5
2022-07-31,2022-07-29,BSPBP,13.25
2022-07-31,2022-07-29,CBOM,4.896
2022-07-31,2022-07-29,CHGZ,40
2022-07-31,2022-07-29,CHKZ,5380
2022-07-31,2022-07-29,CHMF,733.8
2022-07-31,2022-07-29,CHMK,3485
2022-07-31,2022-07-29,CIAN,349
2022-07-31,2022-07-29,CNTL,9.26
2022-07-31,2022-07-29,CNTLP,7.12
2022-07-31,2022-07-29,DIOD,7.47
2022-07-31,2022-07-29,DSKY,79.84
2022-07-31,2022-07-29,DVEC,0.87
2022-07-31,2022-07-29,DZRD,1820
2022-07-31,2022-07-29,DZRDP,1590
2022-07-31,2022-07-29,EELT,5.18
2022-07-31,2022-07-29,ELTZ,156.5
2022-07-31,2022-07-29,ENPG,442.5
2022-07-31,2022-07-29,ENRU,0.4636
2022-07-31,2022-07-29,ETLN,60.38
2022-07-31,2022-07-29,FEES,0.0951
2022-07-31,2022-07-29,FESH,28
2022-07-31,2022-07-29,FIVE,1345
2022-07-31,2022-07-29,FIXP,342
2022-07-31,2022-07-29,FLOT,35.86
2022-07-31,2022-07-29,GAZA,324.5
2022-07-31,2022-07-29,GAZAP,227
2022-07-31,2022-07-29,GAZC,295
2022-07-31,2022-07-29,GAZP,195.26
2022-07-31,2022-07-29,GAZS,293
2022-07-31,2022-07-29,GAZT,85
2022-07-31,2022-07-29,GCHE,2647
2022-07-31,2022-07-29,GEMA,698.5
2022-07-31,2022-07-29,GEMC,395
2022-07-31,2022-07-29,GLTR,298
2022-07-31,2022-07-29,GMKN,16150
2022-07-31,2022-07-29,GTRK,23.6
2022-07-31,2022-07-29,HHRU,1628
2022-07-31,2022-07-29,HIMC,0.99
2022-07-31,2022-07-29,HIMCP,7.79
2022-07-31,2022-07-29,HMSG,79
2022-07-31,2022-07-29,HYDR,0.7701
2022-07-31,2022-07-29,IGST,2802
2022-07-31,2022-07-29,IGSTP,2340
2022-07-31,2022-07-29,INGR,1416
2022-07-31,2022-07-29,IRAO,3.233
2022-07-31,2022-07-29,IRGZ,14.02
2022-07-31,2022-07-29,IRKT,46.34
2022-07-31,2022-07-29,ISKJ,63
2022-07-31,2022-07-29,JNOS,13.6
2022-07-31,2022-07-29,JNOSP,9.92
2022-07-31,2022-07-29,KAZT,378
2022-07-31,2022-07-29,KAZTP,388.6
2022-07-31,2022-07-29,KBSB,138.5
2022-07-31,2022-07-29,KCHE,0.16
2022-07-31,2022-07-29,KCHEP,0.312
2022-07-31,2022-07-29,KGKC,36.6
2022-07-31,2022-07-29,KGKCP,37.2
2022-07-31,2022-07-29,KLSB,8.54
2022-07-31,2022-07-29,KMAZ,86.7
2022-07-31,2022-07-29,KMEZ,845
2022-07-31,2022-07-29,KMTZ,284.99
2022-07-31,2022-07-29,KOGK,32800
2022-07-31,2022-07-29,KRKN,7500
2022-07-31,2022-07-29,KRKNP,10380
2022-07-31,2022-07-29,KRKO,11.8
2022-07-31,2022-07-29,KRKOP,8.31
2022-07-31,2022-07-29,KROT,301
2022-07-31,2022-07-29,KROTP,245
2022-07-31,2022-07-29,KRSB,7.15
2022-07-31,2022-07-29,KRSBP,7.96
2022-07-31,2022-07-29,KTSB,0.6
2022-07-31,2022-07-29,KTSBP,0.2675
2022-07-31,2022-07-29,KUBE,58
2022-07-31,2022-07-29,KUZB,0.01761
2022-07-31,2022-07-29,KZMS,226
2022-07-31,2022-07-29,KZOS,74.3
2022-07-31,2022-07-29,KZOSP,16.7
2022-07-31,2022-07-29,LENT,785
2022-07-31,2022-07-29,LIFE,4.185
2022-07-31,2022-07-29,LKOH,3877
2022-07-31,2022-07-29,LNZL,8020
2022-07-31,2022-07-29,LNZLP,1460
2022-07-31,2022-07-29,LPSB,8.15
2022-07-31,2022-07-29,LSNG,6.75
2022-07-31,2022-07-29,LSNGP,126.85
2022-07-31,2022-07-29,LSRG,573.8
2022-07-31,2022-07-29,LVHK,12.07
2022-07-31,2022-07-29,MAGE,5.07
2022-07-31,2022-07-29,MAGEP,3.01
2022-07-31,2022-07-29,MAGN,26.47
2022-07-31,2022-07-29,MDMG,461.2
2022-07-31,2022-07-29,MFGS,282.5
2022-07-31,2022-07-29,MFGSP,198
2022-07-31,2022-07-29,MFON,650.6
2022-07-31,2022-07-29,MGNT,4889
2022-07-31,2022-07-29,MGNZ,10630
2022-07-31,2022-07-29,MGTS,1380
2022-07-31,2022-07-29,MGTSP,668
2022-07-31,2022-07-29,MISB,13.5
2022-07-31,2022-07-29,MISBP,11.4
2022-07-31,2022-07-29,MOEX,86.2
2022-07-31,2022-07-29,MORI,4.31
2022-07-31,2022-07-29,MRKC,0.241
2022-07-31,2022-07-29,MRKK,9.66
2022-07-31,2022-07-29,MRKP,0.1698
2022-07-31,2022-07-29,MRKS,0.277
2022-07-31,2022-07-29,MRKU,0.158
2022-07-31,2022-07-29,MRKV,0.03025
2022-07-31,2022-07-29,MRKY,0.03225
2022-07-31,2022-07-29,MRKZ,0.02825
2022-07-31,2022-07-29,MRSB,0.331
2022-07-31,2022-07-29,MSNG,1.879
2022-07-31,2022-07-29,MSRS,0.881
2022-07-31,2022-07-29,MSTT,78
2022-07-31,2022-07-29,MTLR,125.4
2022-07-31,2022-07-29,MTLRP,151
2022-07-31,2022-07-29,MTSS,243.45
2022-07-31,2022-07-29,MVID,198.2
2022-07-31,2022-07-29,NAUK,178.8
2022-07-31,2022-07-29,NFAZ,219
2022-07-31,2022-07-29,NKHP,306.5
2022-07-31,2022-07-29,NKNC,83.4
2022-07-31,2022-07-29,NKNCP,68.38
2022-07-31,2022-07-29,NKSH,22.58
2022-07-31,2022-07-29,NLMK,130
2022-07-31,2022-07-29,NMTP,4.77
2022-07-31,2022-07-29,NNSB,1750
2022-07-31,2022-07-29,NNSBP,570
2022-07-31,2022-07-29,NPOF,11850
2022-07-31,2022-07-29,NSVZ,141.5
2022-07-31,2022-07-29,NVTK,1052
2022-07-31,2022-07-29,OGKB,0.56
2022-07-31,2022-07-29,OKEY,30.44
2022-07-31,2022-07-29,OMZZP,4060
2022-07-31,2022-07-29,OZON,1383.5
2022-07-31,2022-07-29,PAZA,4920
2022-07-31,2022-07-29,PHOR,7441
2022-07-31,2022-07-29,PIKK,771
2022-07-31,2022-07-29,PLZL,8644
2022-07-31,2022-07-29,PMSB,116.1
2022-07-31,2022-07-29,PMSBP,119.2
2022-07-31,2022-07-29,POLY,270
2022-07-31,2022-07-29,POSI,990
2022-07-31,2022-07-29,PRMB,36400
2022-07-31,2022-07-29,QIWI,303
2022-07-31,2022-07-29,RASP,264.85
2022-07-31,2022-07-29,RBCM,2.702
2022-07-31,2022-07-29,RDRB,168
2022-07-31,2022-07-29,RENI,46.27
2022-07-31,2022-07-29,RGSS,0.1224
2022-07-31,2022-07-29,RKKE,5940
2022-07-31,2022-07-29,RNFT,77.8
2022-07-31,2022-07-29,ROLO,6.61
2022-07-31,2022-07-29,ROSB,111.2
2022-07-31,2022-07-29,ROSN,353
2022-07-31,2022-07-29,ROST,43.8
2022-07-31,2022-07-29,RSTI,0.8459
2022-07-31,2022-07-29,RSTIP,1.219
2022-07-31,2022-07-29,RTGZ,23600
2022-07-31,2022-07-29,RTKM,60.96
2022-07-31,2022-07-29,RTKMP,60.95
2022-07-31,2022-07-29,RTSB,0.548
2022-07-31,2022-07-29,RTSBP,0.535
2022-07-31,2022-07-29,RUAL,50.235
2022-07-31,2022-07-29,RUGR,19.132
2022-07-31,2022-07-29,RUSI,50.5
2022-07-31,2022-07-29,RZSB,15.52
2022-07-31,2022-07-29,SAGO,1.128
2022-07-31,2022-07-29,SAGOP,1.228
2022-07-31,2022-07-29,SARE,0.1096
2022-07-31,2022-07-29,SAREP,0.0932
2022-07-31,2022-07-29,SBER,131.9
2022-07-31,2022-07-29,SBERP,125.55
2022-07-31,2022-07-29,SELG,44
2022-07-31,2022-07-29,SFIN,497.2
2022-07-31,2022-07-29,SFTL,158.4
2022-07-31,2022-07-29,SGZH,7.85
2022-07-31,2022-07-29,SIBN,381.95
2022-07-31,2022-07-29,SLEN,2.95
2022-07-31,2022-07-29,SMLT,2856.5
2022-07-31,2022-07-29,SNGS,28.165
2022-07-31,2022-07-29,SNGSP,29.35
2022-07-31,2022-07-29,SPBE,97
2022-07-31,2022-07-29,STSB,0.775
2022-07-31,2022-07-29,STSBP,0.58
2022-07-31,2022-07-29,SVAV,175
2022-07-31,2022-07-29,SVET,19.55
2022-07-31,2022-07-29,TASB,0.4845
2022-07-31,2022-07-29,TASBP,0.4755
2022-07-31,2022-07-29,TATN,409
2022-07-31,2022-07-29,TATNP,376.1
2022-07-31,2022-07-29,TCSG,1950
2022-07-31,2022-07-29,TGKA,0.008076
2022-07-31,2022-07-29,TGKB,0.003785
2022-07-31,2022-07-29,TGKBP,0.00526
2022-07-31,2022-07-29,TGKD,0.0127
2022-07-31,2022-07-29,TGKDP,0.00982
2022-07-31,2022-07-29,TGKN,0.00235
2022-07-31,2022-07-29,TNSE,670
2022-07-31,2022-07-29,TORS,0.257
2022-07-31,2022-07-29,TORSP,0.1835
2022-07-31,2022-07-29,TRCN,8595
2022-07-31,2022-07-29,TRMK,75.78
2022-07-31,2022-07-29,TRNFP,111300
2022-07-31,2022-07-29,TTLK,0.486
2022-07-31,2022-07-29,TUZA,83
2022-07-31,2022-07-29,UCSS,950
2022-07-31,2022-07-29,UKUZ,1042
2022-07-31,2022-07-29,UNAC,0.5735
2022-07-31,2022-07-29,UNKL,5420
2022-07-31,2022-07-29,UPRO,1.482
2022-07-31,2022-07-29,URKA,119.04
2022-07-31,2022-07-29,URKZ,12100
2022-07-31,2022-07-29,USBN,0.0622
2022-07-31,2022-07-29,UTAR,9.23
2022-07-31,2022-07-29,VEON-RX,41.25
2022-07-31,2022-07-29,VGSB,3.31
2022-07-31,2022-07-29,VGSBP,1.75
2022-07-31,2022-07-29,VJGZ,1197
2022-07-31,2022-07-29,VJGZP,573
2022-07-31,2022-07-29,VKCO,409
2022-07-31,2022-07-29,VLHZ,70.95
2022-07-31,2022-07-29,VRSB,151.4
2022-07-31,2022-07-29,VRSBP,61.8
2022-07-31,2022-07-29,VSMO,57320
2022-07-31,2022-07-29,VSYD,3915
2022-07-31,2022-07-29,VSYDP,4080
2022-07-31,2022-07-29,VTBR,0.018585
2022-07-31,2022-07-29,WTCM,7.48
2022-07-31,2022-07-29,WTCMP,6.3
2022-07-31,2022-07-29,YAKG,102.7
2022-07-31,2022-07-29,YKEN,0.2675
2022-07-31,2022-07-29,YKENP,0.2565
2022-07-31,2022-07-29,YNDX,1952
2022-07-31,2022-07-29,YRSB,172
2022-07-31,2022-07-29,YRSBP,84.5
2022-07-31,2022-07-29,ZILL,2695
2022-07-31,2022-07-29,ZVEZ,3.96
2022-08-31,2022-08-31,ABRD,190.5
2022-08-31,2022-08-31,ACKO,3.58
2022-08-31,2022-08-31,AFKS,14.662
2022-08-31,2022-08-31,AFLT,28.9
2022-08-31,2022-08-31,AGRO,911.6
2022-08-31,2022-08-31,AKRN,17704
2022-08-31,2022-08-31,ALRS,73.1
2022-08-31,2022-08-31,AMEZ,24.115
2022-08-31,2022-08-31,APTK,12.204
2022-08-31,2022-08-31,AQUA,610.5
2022-08-31,2022-08-31,ARSA,6.32
2022-08-31,2022-08-31,ASSB,0.7425
2022-08-31,2022-08-31,AVAN,875
2022-08-31,2022-08-31,BANE,1034
2022-08-31,2022-08-31,BANEP,729.5
2022-08-31,2022-08-31,BELU,2993
2022-08-31,2022-08-31,BISV,8.7
2022-08-31,2022-08-31,BISVP,7.7
2022-08-31,2022-08-31,BLNG,10.885
2022-08-31,2022-08-31,BRZL,850
2022-08-31,2022-08-31,BSPB,91.32
2022-08-31,2022-08-31,BSPBP,15.15
2022-08-31,2022-08-31,CBOM,5.646
2022-08-31,2022-08-31,CHGZ,38.6
2022-08-31,2022-08-31,CHKZ,5840
2022-08-31,2022-08-31,CHMF,754.8
2022-08-31,2022-08-31,CHMK,3920
2022-08-31,2022-08-31,CIAN,517.8
2022-08-31,2022-08-31,CNTL,9.6
2022-08-31,2022-08-31,CNTLP,6.74
2022-08-31,2022-08-31,DIOD,7.29
2022-08-31,2022-08-31,DSKY,85
2022-08-31,2022-08-31,DVEC,0.957
2022-08-31,2022-08-31,DZRD,2125
2022-08-31,2022-08-31,DZRDP,1630
2022-08-31,2022-08-31,EELT,5.64
2022-08-31,2022-08-31,ELTZ,177
2022-08-31,2022-08-31,ENPG,519.5
2022-08-31,2022-08-31,ENRU,0.4908
2022-08-31,2022-08-31,ETLN,70.16
2022-08-31,2022-08-31,FEES,0.09774
2022-08-31,2022-08-31,FESH,33.06
2022-08-31,2022-08-31,FIVE,1400
2022-08-31,2022-08-31,FIXP,375.9
2022-08-31,2022-08-31,FLOT,39.8
2022-08-31,2022-08-31,GAZA,339.5
2022-08-31,2022-08-31,GAZAP,247
2022-08-31,2022-08-31,GAZC,295
2022-08-31,2022-08-31,GAZP,254.9
2022-08-31,2022-08-31,GAZS,293
2022-08-31,2022-08-31,GAZT,85
2022-08-31,2022-08-31,GCHE,2883.5
2022-08-31,2022-08-31,GEMA,784
2022-08-31,2022-08-31,GEMC,455.8
2022-08-31,2022-08-31,GLTR,341.6
2022-08-31,2022-08-31,GMKN,16140
2022-08-31,2022-08-31,GTRK,27.6
2022-08-31,2022-08-31,HHRU,1516
2022-08-31,2022-08-31,HIMC,0.99
2022-08-31,2022-08-31,HIMCP,8.61
2022-08-31,2022-08-31,HMSG,80
2022-08-31,2022-08-31,HYDR,0.8004
2022-08-31,2022-08-31,IGST,2996
2022-08-31,2022-08-31,IGSTP,2300
2022-08-31,2022-08-31,INGR,1513
2022-08-31,2022-08-31,IRAO,3.21
2022-08-31,2022-08-31,IRGZ,14.02
2022-08-31,2022-08-31,IRKT,42.84
2022-08-31,2022-08-31,ISKJ,79.82
2022-08-31,2022-08-31,JNOS,14.7
2022-08-31,2022-08-31,JNOSP,10.24
2022-08-31,2022-08-31,KAZT,430.8
2022-08-31,2022-08-31,KAZTP,456.2
2022-08-31,2022-08-31,KBSB,143
2022-08-31,2022-08-31,KCHE,0.157
2022-08-31,2022-08-31,KCHEP,0.313
2022-08-31,2022-08-31,KGKC,38.2
2022-08-31,2022-08-31,KGKCP,38.6
2022-08-31,2022-08-31,KLSB,9.1
2022-08-31,2022-08-31,KMAZ,91.1
2022-08-31,2022-08-31,KMEZ,979
2022-08-31,2022-08-31,KMTZ,259.98
2022-08-31,2022-08-31,KOGK,36800
2022-08-31,2022-08-31,KRKN,8350
2022-08-31,2022-08-31,KRKNP,10820
2022-08-31,2022-08-31,KRKO,11.8
2022-08-31,2022-08-31,KRKOP,8.44
2022-08-31,2022-08-31,KROT,364
2022-08-31,2022-08-31,KROTP,273
2022-08-31,2022-08-31,KRSB,8.01
2022-08-31,2022-08-31,KRSBP,8.48
2022-08-31,2022-08-31,KTSB,0.634
2022-08-31,2022-08-31,KTSBP,0.2895
2022-08-31,2022-08-31,KUBE,55.3
2022-08-31,2022-08-31,KUZB,0.01765
2022-08-31,2022-08-31,KZMS,226
2022-08-31,2022-08-31,KZOS,97.2
2022-08-31,2022-08-31,KZOSP,21.81
2022-08-31,2022-08-31,LENT,896
2022-08-31,2022-08-31,LIFE,4.365
2022-08-31,2022-08-31,LKOH,4270
2022-08-31,2022-08-31,LNZL,9720
2022-08-31,2022-08-31,LNZLP,1685
2022-08-31,2022-08-31,LPSB,8.55
2022-08-31,2022-08-31,LSNG,6.67
2022-08-31,2022-08-31,LSNGP,127.7
2022-08-31,2022-08-31,LSRG,601
2022-08-31,2022-08-31,LVHK,12.57
2022-08-31,2022-08-31,MAGE,4.99
2022-08-31,2022-08-31,MAGEP,2.98
2022-08-31,2022-08-31,MAGN,29.22
2022-08-31,2022-08-31,MDMG,462
2022-08-31,2022-08-31,MFGS,305.5
2022-08-31,2022-08-31,MFGSP,223.5
2022-08-31,2022-08-31,MFON,650.6
2022-08-31,2022-08-31,MGNT,5490.5
2022-08-31,2022-08-31,MGNZ,9460
2022-08-31,2022-08-31,MGTS,1675
2022-08-31,2022-08-31,MGTSP,944
2022-08-31,2022-08-31,MISB,13.2
2022-08-31,2022-08-31,MISBP,11.3
2022-08-31,2022-08-31,MOEX,90.5
2022-08-31,2022-08-31,MORI,4.31
2022-08-31,2022-08-31,MRKC,0.2514
2022-08-31,2022-08-31,MRKK,9.8
2022-08-31,2022-08-31,MRKP,0.1703
2022-08-31,2022-08-31,MRKS,0.2635
2022-08-31,2022-08-31,MRKU,0.1664
2022-08-31,2022-08-31,MRKV,0.02995
2022-08-31,2022-08-31,MRKY,0.0325
2022-08-31,2022-08-31,MRKZ,0.02845
2022-08-31,2022-08-31,MRSB,0.334
2022-08-31,2022-08-31,MSNG,1.8335
2022-08-31,2022-08-31,MSRS,0.924
2022-08-31,2022-08-31,MSTT,81
2022-08-31,2022-08-31,MTLR,124.5
2022-08-31,2022-08-31,MTLRP,158.25
2022-08-31,2022-08-31,MTSS,236.3
2022-08-31,2022-08-31,MVID,218
2022-08-31,2022-08-31,NAUK,190
2022-08-31,2022-08-31,NFAZ,289.5
2022-08-31,2022-08-31,NKHP,311.5
2022-08-31,2022-08-31,NKNC,100.15
2022-08-31,2022-08-31,NKNCP,78.48
2022-08-31,2022-08-31,NKSH,23.98
2022-08-31,2022-08-31,NLMK,120.66
2022-08-31,2022-08-31,NMTP,5.1
2022-08-31,2022-08-31,NNSB,1825
2022-08-31,2022-08-31,NNSBP,561
2022-08-31,2022-08-31,NPOF,11850
2022-08-31,2022-08-31,NSVZ,140
2022-08-31,2022-08-31,NVTK,1133
2022-08-31,2022-08-31,OGKB,0.5205
2022-08-31,2022-08-31,OKEY,31.67
2022-08-31,2022-08-31,OMZZP,4540
2022-08-31,2022-08-31,OZON,1479.5
2022-08-31,2022-08-31,PAZA,5340
2022-08-31,2022-08-31,PHOR,7918
2022-08-31,2022-08-31,PIKK,765.8
2022-08-31,2022-08-31,PLZL,8320
2022-08-31,2022-08-31,PMSB,112.3
2022-08-31,2022-08-31,PMSBP,118.6
2022-08-31,2022-08-31,POLY,376.5
2022-08-31,2022-08-31,POSI,1165
2022-08-31,2022-08-31,PRMB,35200
2022-08-31,2022-08-31,QIWI,352
2022-08-31,2022-08-31,RASP,307.65
2022-08-31,2022-08-31,RBCM,2.854
2022-08-31,2022-08-31,RDRB,190
2022-08-31,2022-08-31,RENI,60
2022-08-31,2022-08-31,RGSS,0.1308
2022-08-31,2022-08-31,RKKE,6240
2022-08-31,2022-08-31,RNFT,74.4
2022-08-31,2022-08-31,ROLO,6.88
2022-08-31,2022-08-31,ROSB,113.8
2022-08-31,2022-08-31,ROSN,368
2022-08-31,2022-08-31,ROST,44.6
2022-08-31,2022-08-31,RSTI,0.5998
2022-08-31,2022-08-31,RSTIP,1.228
2022-08-31,2022-08-31,RTGZ,23600
2022-08-31,2022-08-31,RTKM,60.03
2022-08-31,2022-08-31,RTKMP,61.15
2022-08-31,2022-08-31,RTSB,0.534
2022-08-31,2022-08-31,RTSBP,0.545
2022-08-31,2022-08-31,RUAL,48.8
2022-08-31,2022-08-31,RUGR,19.52
2022-08-31,2022-08-31,RUSI,51
2022-08-31,2022-08-31,RZSB,16.46
2022-08-31,2022-08-31,SAGO,1.184
2022-08-31,2022-08-31,SAGOP,1.198
2022-08-31,2022-08-31,SARE,0.1118
2022-08-31,2022-08-31,SAREP,0.099
2022-08-31,2022-08-31,SBER,134.25
2022-08-31,2022-08-31,SBERP,128.32
2022-08-31,2022-08-31,SELG,46.95
2022-08-31,2022-08-31,SFIN,465.6
2022-08-31,2022-08-31,SFTL,150.8
2022-08-31,2022-08-31,SGZH,7.24
2022-08-31,2022-08-31,SIBN,420.05
2022-08-31,2022-08-31,SLEN,3
2022-08-31,2022-08-31,SMLT,3003
2022-08-31,2022-08-31,SNGS,25.5
2022-08-31,2022-08-31,SNGSP,28.98
2022-08-31,2022-08-31,SPBE,182.5
2022-08-31,2022-08-31,STSB,0.793
2022-08-31,2022-08-31,STSBP,0.5945
2022-08-31,2022-08-31,SVAV,206.5
2022-08-31,2022-08-31,SVET,18.8
2022-08-31,2022-08-31,TASB,0.5235
2022-08-31,2022-08-31,TASBP,0.451
2022-08-31,2022-08-31,TATN,456
2022-08-31,2022-08-31,TATNP,418
2022-08-31,2022-08-31,TCSG,2712.5
2022-08-31,2022-08-31,TGKA,0.008868
2022-08-31,2022-08-31,TGKB,0.0041
2022-08-31,2022-08-31,TGKBP,0.00595
2022-08-31,2022-08-31,TGKD,0.01285
2022-08-31,2022-08-31,TGKDP,0.00999
2022-08-31,2022-08-31,TGKN,0.00251
2022-08-31,2022-08-31,TNSE,695
2022-08-31,2022-08-31,TORS,0.278
2022-08-31,2022-08-31,TORSP,0.19
2022-08-31,2022-08-31,TRCN,8595
2022-08-31,2022-08-31,TRMK,89.3
2022-08-31,2022-08-31,TRNFP,101400
2022-08-31,2022-08-31,TTLK,0.5225
2022-08-31,2022-08-31,TUZA,91.5
2022-08-31,2022-08-31,UCSS,925
2022-08-31,2022-08-31,UKUZ,1178
2022-08-31,2022-08-31,UNAC,0.545
2022-08-31,2022-08-31,UNKL,6400
2022-08-31,2022-08-31,UPRO,1.377
2022-08-31,2022-08-31,URKA,119.04
2022-08-31,2022-08-31,URKZ,15160
2022-08-31,2022-08-31,USBN,0.0812
2022-08-31,2022-08-31,UTAR,8.98
2022-08-31,2022-08-31,VEON-RX,40
2022-08-31,2022-08-31,VGSB,3.42
2022-08-31,2022-08-31,VGSBP,1.76
2022-08-31,2022-08-31,VJGZ,1228
2022-08-31,2022-08-31,VJGZP,592
2022-08-31,2022-08-31,VKCO,428
2022-08-31,2022-08-31,VLHZ,73.15
2022-08-31,2022-08-31,VRSB,149.2
2022-08-31,2022-08-31,VRSBP,59.4
2022-08-31,2022-08-31,VSMO,57280
2022-08-31,2022-08-31,VSYD,4105
2022-08-31,2022-08-31,VSYDP,4240
2022-08-31,2022-08-31,VTBR,0.019345
2022-08-31,2022-08-31,WTCM,7.82
2022-08-31,2022-08-31,WTCMP,6.64
2022-08-31,2022-08-31,YAKG,115.45
2022-08-31,2022-08-31,YKEN,0.2605
2022-08-31,2022-08-31,YKENP,0.261
2022-08-31,2022-08-31,YNDX,2170.6
2022-08-31,2022-08-31,YRSB,176
2022-08-31,2022-08-31,YRSBP,83.5
2022-08-31,2022-08-31,ZILL,2560
2022-08-31,2022-08-31,ZVEZ,4.045
2022-09-30,2022-09-30,ABRD,162.5
2022-09-30,2022-09-30,ACKO,3.58
2022-09-30,2022-09-30,AFKS,10.679
2022-09-30,2022-09-30,AFLT,23.14
2022-09-30,2022-09-30,AGRO,711
2022-09-30,2022-09-30,AKRN,14396
2022-09-30,2022-09-30,ALRS,59.99
2022-09-30,2022-09-30,AMEZ,24.485
2022-09-30,2022-09-30,APTK,11.518
2022-09-30,2022-09-30,AQUA,505
2022-09-30,2022-09-30,ARSA,4.56
2022-09-30,2022-09-30,ASSB,0.67
2022-09-30,2022-09-30,AVAN,740
2022-09-30,2022-09-30,BANE,793.5
2022-09-30,2022-09-30,BANEP,553.5
2022-09-30,2022-09-30,BELU,2551
2022-09-30,2022-09-30,BISV,8.7
2022-09-30,2022-09-30,BISVP,6.95
2022-09-30,2022-09-30,BLNG,7.75
2022-09-30,2022-09-30,BRZL,634
2022-09-30,2022-09-30,BSPB,77.13
2022-09-30,2022-09-30,BSPBP,13.1
2022-09-30,2022-09-30,CBOM,5.866
2022-09-30,2022-09-30,CHGZ,31.6
2022-09-30,2022-09-30,CHKZ,5480
2022-09-30,2022-09-30,CHMF,622
2022-09-30,2022-09-30,CHMK,2860
2022-09-30,2022-09-30,CIAN,305.2
2022-09-30,2022-09-30,CNTL,8.8
2022-09-30,2022-09-30,CNTLP,5.84
2022-09-30,2022-09-30,DIOD,6.75
2022-09-30,2022-09-30,DSKY,65.98
2022-09-30,2022-09-30,DVEC,0.73
2022-09-30,2022-09-30,DZRD,1640
2022-09-30,2022-09-30,DZRDP,1500
2022-09-30,2022-09-30,EELT,5.44
2022-09-30,2022-09-30,ELTZ,264
2022-09-30,2022-09-30,ENPG,341
2022-09-30,2022-09-30,ENRU,0.4
2022-09-30,2022-09-30,ETLN,41.78
2022-09-30,2022-09-30,FEES,0.07804
2022-09-30,2022-09-30,FESH,30.39
2022-09-30,2022-09-30,FIVE,1191
2022-09-30,2022-09-30,FIXP,283.5
2022-09-30,2022-09-30,FLOT,29.92
2022-09-30,2022-09-30,GAZA,300
2022-09-30,2022-09-30,GAZAP,199.5
2022-09-30,2022-09-30,GAZC,295
2022-09-30,2022-09-30,GAZP,217.7
2022-09-30,2022-09-30,GAZS,293
2022-09-30,2022-09-30,GAZT,85
2022-09-30,2022-09-30,GCHE,2220.5
2022-09-30,2022-09-30,GEMA,746.5
2022-09-30,2022-09-30,GEMC,301
2022-09-30,2022-09-30,GLTR,259
2022-09-30,2022-09-30,GMKN,12458
2022-09-30,2022-09-30,GTRK,22.55
2022-09-30,2022-09-30,HHRU,1050
2022-09-30,2022-09-30,HIMC,0.99
2022-09-30,2022-09-30,HIMCP,6.88
2022-09-30,2022-09-30,HMSG,64.5
2022-09-30,2022-09-30,HYDR,0.6906
2022-09-30,2022-09-30,IGST,2592
2022-09-30,2022-09-30,IGSTP,2136
2022-09-30,2022-09-30,INGR,1312
2022-09-30,2022-09-30,IRAO,2.583
2022-09-30,2022-09-30,IRGZ,14.02
2022-09-30,2022-09-30,IRKT,33.06
2022-09-30,2022-09-30,ISKJ,49.12
2022-09-30,2022-09-30,JNOS,11.9
2022-09-30,2022-09-30,JNOSP,8.76
2022-09-30,2022-09-30,KAZT,380.6
2022-09-30,2022-09-30,KAZTP,385.8
2022-09-30,2022-09-30,KBSB,134.5
2022-09-30,2022-09-30,KCHE,0.135
2022-09-30,2022-09-30,KCHEP,0.272
2022-09-30,2022-09-30,KGKC,34.4
2022-09-30,2022-09-30,KGKCP,32.2
2022-09-30,2022-09-30,KLSB,8
2022-09-30,2022-09-30,KMAZ,76.9
2022-09-30,2022-09-30,KMEZ,844
2022-09-30,2022-09-30,KMTZ,183.99
2022-09-30,2022-09-30,KOGK,30000
2022-09-30,2022-09-30,KRKN,7500
2022-09-30,2022-09-30,KRKNP,9320
2022-09-30,2022-09-30,KRKO,11.8
2022-09-30,2022-09-30,KRKOP,8.1
2022-09-30,2022-09-30,KROT,287
2022-09-30,2022-09-30,KROTP,227.5
2022-09-30,2022-09-30,KRSB,7
2022-09-30,2022-09-30,KRSBP,7.52
2022-09-30,2022-09-30,KTSB,0.402
2022-09-30,2022-09-30,KTSBP,0.198
2022-09-30,2022-09-30,KUBE,49.8
2022-09-30,2022-09-30,KUZB,0.01467
2022-09-30,2022-09-30,KZMS,226
2022-09-30,2022-09-30,KZOS,69.5
2022-09-30,2022-09-30,KZOSP,15.9
2022-09-30,2022-09-30,LENT,661
2022-09-30,2022-09-30,LIFE,3.455
2022-09-30,2022-09-30,LKOH,3965
2022-09-30,2022-09-30,LNZL,7390
2022-09-30,2022-09-30,LNZLP,1225
2022-09-30,2022-09-30,LPSB,7.7
2022-09-30,2022-09-30,LSNG,5.14
2022-09-30,2022-09-30,LSNGP,104.65
2022-09-30,2022-09-30,LSRG,424.8
2022-09-30,2022-09-30,LVHK,11.4
2022-09-30,2022-09-30,MAGE,4.7
2022-09-30,2022-09-30,MAGEP,2.91
2022-09-30,2022-09-30,MAGN,24.24
2022-09-30,2022-09-30,MDMG,356.9
2022-09-30,2022-09-30,MFGS,268.5
2022-09-30,2022-09-30,MFGSP,183
2022-09-30,2022-09-30,MFON,650.6
2022-09-30,2022-09-30,MGNT,4722
2022-09-30,2022-09-30,MGNZ,7020
2022-09-30,2022-09-30,MGTS,1310
2022-09-30,2022-09-30,MGTSP,640
2022-09-30,2022-09-30,MISB,11.8
2022-09-30,2022-09-30,MISBP,11.8
2022-09-30,2022-09-30,MOEX,76.96
2022-09-30,2022-09-30,MORI,4.31
2022-09-30,2022-09-30,MRKC,0.212
2022-09-30,2022-09-30,MRKK,9.18
2022-09-30,2022-09-30,MRKP,0.1421
2022-09-30,2022-09-30,MRKS,0.2035
2022-09-30,2022-09-30,MRKU,0.136
2022-09-30,2022-09-30,MRKV,0.02375
2022-09-30,2022-09-30,MRKY,0.02775
2022-09-30,2022-09-30,MRKZ,0.021
2022-09-30,2022-09-30,MRSB,0.285
2022-09-30,2022-09-30,MSNG,1.597
2022-09-30,2022-09-30,MSRS,0.872
2022-09-30,2022-09-30,MSTT,77.15
2022-09-30,2022-09-30,MTLR,81.28
2022-09-30,2022-09-30,MTLRP,108.25
2022-09-30,2022-09-30,MTSS,191.65
2022-09-30,2022-09-30,MVID,146.2
2022-09-30,2022-09-30,NAUK,172.4
2022-09-30,2022-09-30,NFAZ,206.5
2022-09-30,2022-09-30,NKHP,262.5
2022-09-30,2022-09-30,NKNC,73
2022-09-30,2022-09-30,NKNCP,61.14
2022-09-30,2022-09-30,NKSH,20
2022-09-30,2022-09-30,NLMK,84.9
2022-09-30,2022-09-30,NMTP,3.8
2022-09-30,2022-09-30,NNSB,1480
2022-09-30,2022-09-30,NNSBP,490
2022-09-30,2022-09-30,NPOF,11850
2022-09-30,2022-09-30,NSVZ,121.5
2022-09-30,2022-09-30,NVTK,969
2022-09-30,2022-09-30,OGKB,0.4289
2022-09-30,2022-09-30,OKEY,21.61
2022-09-30,2022-09-30,OMZZP,4185
2022-09-30,2022-09-30,OZON,1051
2022-09-30,2022-09-30,PAZA,4480
2022-09-30,2022-09-30,PHOR,6305
2022-09-30,2022-09-30,PIKK,558.7
2022-09-30,2022-09-30,PLZL,5018
2022-09-30,2022-09-30,PMSB,97.8
2022-09-30,2022-09-30,PMSBP,106.8
2022-09-30,2022-09-30,POLY,250.9
2022-09-30,2022-09-30,POSI,1012
2022-09-30,2022-09-30,PRMB,35800
2022-09-30,2022-09-30,QIWI,304
2022-09-30,2022-09-30,RASP,196.5
2022-09-30,2022-09-30,RBCM,2.358
2022-09-30,2022-09-30,RDRB,122
2022-09-30,2022-09-30,RENI,45.5
2022-09-30,2022-09-30,RGSS,0.15
2022-09-30,2022-09-30,RKKE,5190
2022-09-30,2022-09-30,RNFT,66
2022-09-30,2022-09-30,ROLO,5.065
2022-09-30,2022-09-30,ROSB,94.6
2022-09-30,2022-09-30,ROSN,264.05
2022-09-30,2022-09-30,ROST,42.2
2022-09-30,2022-09-30,RSTI,0.486
2022-09-30,2022-09-30,RSTIP,0.985
2022-09-30,2022-09-30,RTGZ,21000
2022-09-30,2022-09-30,RTKM,53.01
2022-09-30,2022-09-30,RTKMP,53.5
2022-09-30,2022-09-30,RTSB,0.504
2022-09-30,2022-09-30,RTSBP,0.489
2022-09-30,2022-09-30,RUAL,33.835
2022-09-30,2022-09-30,RUGR,16.792
2022-09-30,2022-09-30,RUSI,44.9
2022-09-30,2022-09-30,RZSB,14.2
2022-09-30,2022-09-30,SAGO,1.026
2022-09-30,2022-09-30,SAGOP,1.128
2022-09-30,2022-09-30,SARE,0.1014
2022-09-30,2022-09-30,SAREP,0.0948
2022-09-30,2022-09-30,SBER,110.21
2022-09-30,2022-09-30,SBERP,105.66
2022-09-30,2022-09-30,SELG,35.4
2022-09-30,2022-09-30,SFIN,433.8
2022-09-30,2022-09-30,SFTL,99.6
2022-09-30,2022-09-30,SGZH,4.77
2022-09-30,2022-09-30,SIBN,338.8
2022-09-30,2022-09-30,SLEN,2.475
2022-09-30,2022-09-30,SMLT,2090.5
2022-09-30,2022-09-30,SNGS,18.005
2022-09-30,2022-09-30,SNGSP,22
2022-09-30,2022-09-30,SPBE,108.1
2022-09-30,2022-09-30,STSB,0.6525
2022-09-30,2022-09-30,STSBP,0.531
2022-09-30,2022-09-30,SVAV,174
2022-09-30,2022-09-30,SVET,16.7
2022-09-30,2022-09-30,TASB,0.408
2022-09-30,2022-09-30,TASBP,0.3435
2022-09-30,2022-09-30,TATN,362.1
2022-09-30,2022-09-30,TATNP,356.2
2022-09-30,2022-09-30,TCSG,2374
2022-09-30,2022-09-30,TGKA,0.00657
2022-09-30,2022-09-30,TGKB,0.0028
2022-09-30,2022-09-30,TGKBP,0.00472
2022-09-30,2022-09-30,TGKD,0.012935
2022-09-30,2022-09-30,TGKDP,0.01014
2022-09-30,2022-09-30,TGKN,0.00212
2022-09-30,2022-09-30,TNSE,530
2022-09-30,2022-09-30,TORS,0.238
2022-09-30,2022-09-30,TORSP,0.17
2022-09-30,2022-09-30,TRCN,8595
2022-09-30,2022-09-30,TRMK,60.02
2022-09-30,2022-09-30,TRNFP,78500
2022-09-30,2022-09-30,TTLK,0.428
2022-09-30,2022-09-30,TUZA,78
2022-09-30,2022-09-30,UCSS,790
2022-09-30,2022-09-30,UKUZ,1140
2022-09-30,2022-09-30,UNAC,0.43
2022-09-30,2022-09-30,UNKL,6500
2022-09-30,2022-09-30,UPRO,1.069
2022-09-30,2022-09-30,URKA,119.04
2022-09-30,2022-09-30,URKZ,12160
2022-09-30,2022-09-30,USBN,0.0594
2022-09-30,2022-09-30,UTAR,6.9
2022-09-30,2022-09-30,VEON-RX,23
2022-09-30,2022-09-30,VGSB,3.04
2022-09-30,2022-09-30,VGSBP,1.67
2022-09-30,2022-09-30,VJGZ,1027
2022-09-30,2022-09-30,VJGZP,456
2022-09-30,2022-09-30,VKCO,363.2
2022-09-30,2022-09-30,VLHZ,61.4
2022-09-30,2022-09-30,VRSB,118.2
2022-09-30,2022-09-30,VRSBP,48.4
2022-09-30,2022-09-30,VSMO,56000
2022-09-30,2022-09-30,VSYD,3610
2022-09-30,2022-09-30,VSYDP,3600
2022-09-30,2022-09-30,VTBR,0.01493
2022-09-30,2022-09-30,WTCM,7.28
2022-09-30,2022-09-30,WTCMP,6.4
2022-09-30,2022-09-30,YAKG,95.95
2022-09-30,2022-09-30,YKEN,0.228
2022-09-30,2022-09-30,YKENP,0.228
2022-09-30,2022-09-30,YNDX,1877.6
2022-09-30,2022-09-30,YRSB,168
2022-09-30,2022-09-30,YRSBP,77
2022-09-30,2022-09-30,ZILL,1800
2022-09-30,2022-09-30,ZVEZ,3.335
2022-10-31,2022-10-31,ABRD,181
2022-10-31,2022-10-31,ACKO,3.58
2022-10-31,2022-10-31,AFKS,12.77
2022-10-31,2022-10-31,AFLT,25.36
2022-10-31,2022-10-31,AGRO,841.4
2022-10-31,2022-10-31,AKRN,16000
2022-10-31,2022-10-31,ALRS,66.07
2022-10-31,2022-10-31,AMEZ,26.68
2022-10-31,2022-10-31,APTK,12.29
2022-10-31,2022-10-31,AQUA,613
2022-10-31,2022-10-31,ARSA,5.5
2022-10-31,2022-10-31,ASSB,0.793
2022-10-31,2022-10-31,AVAN,945
2022-10-31,2022-10-31,BANE,922
2022-10-31,2022-10-31,BANEP,662
2022-10-31,2022-10-31,BELU,2812
2022-10-31,2022-10-31,BISV,8.7
2022-10-31,2022-10-31,BISVP,7.36
2022-10-31,2022-10-31,BLNG,9.01
2022-10-31,2022-10-31,BRZL,809
2022-10-31,2022-10-31,BSPB,96.57
2022-10-31,2022-10-31,BSPBP,17.95
2022-10-31,2022-10-31,CBOM,6.343
2022-10-31,2022-10-31,CHGZ,34.8
2022-10-31,2022-10-31,CHKZ,8360
2022-10-31,2022-10-31,CHMF,786.8
2022-10-31,2022-10-31,CHMK,3540
2022-10-31,2022-10-31,CIAN,432.4
2022-10-31,2022-10-31,CNTL,9.64
2022-10-31,2022-10-31,CNTLP,6.44
2022-10-31,2022-10-31,DIOD,7.77
2022-10-31,2022-10-31,DSKY,74.8
2022-10-31,2022-10-31,DVEC,0.899
2022-10-31,2022-10-31,DZRD,1885
2022-10-31,2022-10-31,DZRDP,1600
2022-10-31,2022-10-31,EELT,5.24
2022-10-31,2022-10-31,ELTZ,260
2022-10-31,2022-10-31,ENPG,413.5
2022-10-31,2022-10-31,ENRU,0.4948
2022-10-31,2022-10-31,ETLN,53.08
2022-10-31,2022-10-31,FEES,0.08734
2022-10-31,2022-10-31,FESH,37.46
2022-10-31,2022-10-31,FIVE,1595
2022-10-31,2022-10-31,FIXP,366.4
2022-10-31,2022-10-31,FLOT,38.49
2022-10-31,2022-10-31,GAZA,332.5
2022-10-31,2022-10-31,GAZAP,226
2022-10-31,2022-10-31,GAZC,295
2022-10-31,2022-10-31,GAZP,170.27
2022-10-31,2022-10-31,GAZS,293
2022-10-31,2022-10-31,GAZT,85
2022-10-31,2022-10-31,GCHE,2616.5
2022-10-31,2022-10-31,GEMA,794
2022-10-31,2022-10-31,GEMC,369.9
2022-10-31,2022-10-31,GLTR,290.85
2022-10-31,2022-10-31,GMKN,13758
2022-10-31,2022-10-31,GTRK,26.55
2022-10-31,2022-10-31,HHRU,1385
2022-10-31,2022-10-31,HIMC,0.99
2022-10-31,2022-10-31,HIMCP,7.75
2022-10-31,2022-10-31,HMSG,73
2022-10-31,2022-10-31,HYDR,0.7733
2022-10-31,2022-10-31,IGST,2878
2022-10-31,2022-10-31,IGSTP,2274
2022-10-31,2022-10-31,INGR,1547
2022-10-31,2022-10-31,IRAO,3.088
2022-10-31,2022-10-31,IRGZ,14.02
2022-10-31,2022-10-31,IRKT,37.5
2022-10-31,2022-10-31,ISKJ,64.68
2022-10-31,2022-10-31,JNOS,14.1
2022-10-31,2022-10-31,JNOSP,8.94
2022-10-31,2022-10-31,KAZT,407.8
2022-10-31,2022-10-31,KAZTP,418
2022-10-31,2022-10-31,KBSB,143
2022-10-31,2022-10-31,KCHE,0.1575
2022-10-31,2022-10-31,KCHEP,0.31
2022-10-31,2022-10-31,KGKC,34.4
2022-10-31,2022-10-31,KGKCP,36
2022-10-31,2022-10-31,KLSB,9.1
2022-10-31,2022-10-31,KMAZ,88.1
2022-10-31,2022-10-31,KMEZ,905
2022-10-31,2022-10-31,KMTZ,195.15
2022-10-31,2022-10-31,KOGK,34600
2022-10-31,2022-10-31,KRKN,8400
2022-10-31,2022-10-31,KRKNP,10380
2022-10-31,2022-10-31,KRKO,11.8
2022-10-31,2022-10-31,KRKOP,8.63
2022-10-31,2022-10-31,KROT,358
2022-10-31,2022-10-31,KROTP,277.5
2022-10-31,2022-10-31,KRSB,8.14
2022-10-31,2022-10-31,KRSBP,9.36
2022-10-31,2022-10-31,KTSB,0.48
2022-10-31,2022-10-31,KTSBP,0.2355
2022-10-31,2022-10-31,KUBE,56.3
2022-10-31,2022-10-31,KUZB,0.01703
2022-10-31,2022-10-31,KZMS,226
2022-10-31,2022-10-31,KZOS,87.3
2022-10-31,2022-10-31,KZOSP,18.84
2022-10-31,2022-10-31,LENT,759
2022-10-31,2022-10-31,LIFE,4.11
2022-10-31,2022-10-31,LKOH,4695.5
2022-10-31,2022-10-31,LNZL,15490
2022-10-31,2022-10-31,LNZLP,1535
2022-10-31,2022-10-31,LPSB,9.1
2022-10-31,2022-10-31,LSNG,6.18
2022-10-31,2022-10-31,LSNGP,131.2
2022-10-31,2022-10-31,LSRG,488.8
2022-10-31,2022-10-31,LVHK,13.49
2022-10-31,2022-10-31,MAGE,4.5
2022-10-31,2022-10-31,MAGEP,3.01
2022-10-31,2022-10-31,MAGN,31.17
2022-10-31,2022-10-31,MDMG,475
2022-10-31,2022-10-31,MFGS,295
2022-10-31,2022-10-31,MFGSP,220
2022-10-31,2022-10-31,MFON,650.6
2022-10-31,2022-10-31,MGNT,5237
2022-10-31,2022-10-31,MGNZ,7370
2022-10-31,2022-10-31,MGTS,1455
2022-10-31,2022-10-31,MGTSP,742
2022-10-31,2022-10-31,MISB,13.6
2022-10-31,2022-10-31,MISBP,13.3
2022-10-31,2022-10-31,MOEX,85.8
2022-10-31,2022-10-31,MORI,4.31
2022-10-31,2022-10-31,MRKC,0.2632
2022-10-31,2022-10-31,MRKK,9.52
2022-10-31,2022-10-31,MRKP,0.1842
2022-10-31,2022-10-31,MRKS,0.2415
2022-10-31,2022-10-31,MRKU,0.1644
2022-10-31,2022-10-31,MRKV,0.0238
2022-10-31,2022-10-31,MRKY,0.0316
2022-10-31,2022-10-31,MRKZ,0.024
2022-10-31,2022-10-31,MRSB,0.342
2022-10-31,2022-10-31,MSNG,1.783
2022-10-31,2022-10-31,MSRS,0.945
2022-10-31,2022-10-31,MSTT,83.2
2022-10-31,2022-10-31,MTLR,99.57
2022-10-31,2022-10-31,MTLRP,137.5
2022-10-31,2022-10-31,MTSS,225.8
2022-10-31,2022-10-31,MVID,175.8
2022-10-31,2022-10-31,NAUK,185.6
2022-10-31,2022-10-31,NFAZ,247.5
2022-10-31,2022-10-31,NKHP,297.5
2022-10-31,2022-10-31,NKNC,90.05
2022-10-31,2022-10-31,NKNCP,75.98
2022-10-31,2022-10-31,NKSH,23.3
2022-10-31,2022-10-31,NLMK,103.08
2022-10-31,2022-10-31,NMTP,4.755
2022-10-31,2022-10-31,NNSB,1730
2022-10-31,2022-10-31,NNSBP,541
2022-10-31,2022-10-31,NPOF,11850
2022-10-31,2022-10-31,NSVZ,137.5
2022-10-31,2022-10-31,NVTK,1104
2022-10-31,2022-10-31,OGKB,0.5202
2022-10-31,2022-10-31,OKEY,28.3
2022-10-31,2022-10-31,OMZZP,5980
2022-10-31,2022-10-31,OZON,1338
2022-10-31,2022-10-31,PAZA,5000
2022-10-31,2022-10-31,PHOR,6320
2022-10-31,2022-10-31,PIKK,614
2022-10-31,2022-10-31,PLZL,6047
2022-10-31,2022-10-31,PMSB,109
2022-10-31,2022-10-31,PMSBP,121.2
2022-10-31,2022-10-31,POLY,297
2022-10-31,2022-10-31,POSI,1275
2022-10-31,2022-10-31,PRMB,32800
2022-10-31,2022-10-31,QIWI,352.5
2022-10-31,2022-10-31,RASP,240.2
2022-10-31,2022-10-31,RBCM,2.592
2022-10-31,2022-10-31,RDRB,144
2022-10-31,2022-10-31,RENI,51.6
2022-10-31,2022-10-31,RGSS,0.1628
2022-10-31,2022-10-31,RKKE,5770
2022-10-31,2022-10-31,RNFT,80.8
2022-10-31,2022-10-31,ROLO,6.92
2022-10-31,2022-10-31,ROSB,95.6
2022-10-31,2022-10-31,ROSN,333.9
2022-10-31,2022-10-31,ROST,56.4
2022-10-31,2022-10-31,RSTI,0.5728
2022-10-31,2022-10-31,RSTIP,1.166
2022-10-31,2022-10-31,RTGZ,22800
2022-10-31,2022-10-31,RTKM,57.71
2022-10-31,2022-10-31,RTKMP,57.7
2022-10-31,2022-10-31,RTSB,0.56
2022-10-31,2022-10-31,RTSBP,0.522
2022-10-31,2022-10-31,RUAL,37.115
2022-10-31,2022-10-31,RUGR,16.098
2022-10-31,2022-10-31,RUSI,52.1
2022-10-31,2022-10-31,RZSB,17.44
2022-10-31,2022-10-31,SAGO,1.238
2022-10-31,2022-10-31,SAGOP,1.298
2022-10-31,2022-10-31,SARE,0.1156
2022-10-31,2022-10-31,SAREP,0.109
2022-10-31,2022-10-31,SBER,126.72
2022-10-31,2022-10-31,SBERP,120.56
2022-10-31,2022-10-31,SELG,42.56
2022-10-31,2022-10-31,SFIN,455.8
2022-10-31,2022-10-31,SFTL,135
2022-10-31,2022-10-31,SGZH,5.303
2022-10-31,2022-10-31,SIBN,430.5
2022-10-31,2022-10-31,SLEN,2.855
2022-10-31,2022-10-31,SMLT,2510
2022-10-31,2022-10-31,SNGS,21.71
2022-10-31,2022-10-31,SNGSP,26.035
2022-10-31,2022-10-31,SPBE,124.1
2022-10-31,2022-10-31,STSB,0.78
2022-10-31,2022-10-31,STSBP,0.6925
2022-10-31,2022-10-31,SVAV,214
2022-10-31,2022-10-31,SVET,17.3
2022-10-31,2022-10-31,TASB,0.4635
2022-10-31,2022-10-31,TASBP,0.3675
2022-10-31,2022-10-31,TATN,387.4
2022-10-31,2022-10-31,TATNP,366.5
2022-10-31,2022-10-31,TCSG,2620
2022-10-31,2022-10-31,TGKA,0.00801
2022-10-31,2022-10-31,TGKB,0.00315
2022-10-31,2022-10-31,TGKBP,0.00526
2022-10-31,2022-10-31,TGKD,0.012935
2022-10-31,2022-10-31,TGKDP,0.01014
2022-10-31,2022-10-31,TGKN,0.00239
2022-10-31,2022-10-31,TNSE,595
2022-10-31,2022-10-31,TORS,0.247
2022-10-31,2022-10-31,TORSP,0.185
2022-10-31,2022-10-31,TRCN,8595
2022-10-31,2022-10-31,TRMK,69.1
2022-10-31,2022-10-31,TRNFP,96700
2022-10-31,2022-10-31,TTLK,0.4665
2022-10-31,2022-10-31,TUZA,83.5
2022-10-31,2022-10-31,UCSS,870
2022-10-31,2022-10-31,UKUZ,1236
2022-10-31,2022-10-31,UNAC,0.487
2022-10-31,2022-10-31,UNKL,6990
2022-10-31,2022-10-31,UPRO,1.406
2022-10-31,2022-10-31,URKA,119.04
2022-10-31,2022-10-31,URKZ,14480
2022-10-31,2022-10-31,USBN,0.07
2022-10-31,2022-10-31,UTAR,7.48
2022-10-31,2022-10-31,VEON-RX,22.25
2022-10-31,2022-10-31,VGSB,3.68
2022-10-31,2022-10-31,VGSBP,1.88
2022-10-31,2022-10-31,VJGZ,1150
2022-10-31,2022-10-31,VJGZP,510
2022-10-31,2022-10-31,VKCO,453
2022-10-31,2022-10-31,VLHZ,68.9
2022-10-31,2022-10-31,VRSB,130
2022-10-31,2022-10-31,VRSBP,55.6
2022-10-31,2022-10-31,VSMO,55180
2022-10-31,2022-10-31,VSYD,4125
2022-10-31,2022-10-31,VSYDP,4300
2022-10-31,2022-10-31,VTBR,0.01684
2022-10-31,2022-10-31,WTCM,7.92
2022-10-31,2022-10-31,WTCMP,6.54
2022-10-31,2022-10-31,YAKG,106.05
2022-10-31,2022-10-31,YKEN,0.2675
2022-10-31,2022-10-31,YKENP,0.266
2022-10-31,2022-10-31,YNDX,2109
2022-10-31,2022-10-31,YRSB,170
2022-10-31,2022-10-31,YRSBP,88
2022-10-31,2022-10-31,ZILL,2015
2022-10-31,2022-10-31,ZVEZ,3.77
2022-11-30,2022-11-30,ABRD,185.5
2022-11-30,2022-11-30,ACKO,3.58
2022-11-30,2022-11-30,AFKS,12.632
2022-11-30,2022-11-30,AFLT,25.02
2022-11-30,2022-11-30,AGRO,752
2022-11-30,2022-11-30,AKRN,18000
2022-11-30,2022-11-30,ALRS,64.99
2022-11-30,2022-11-30,AMEZ,27.075
2022-11-30,2022-11-30,APTK,11.976
2022-11-30,2022-11-30,AQUA,625.5
2022-11-30,2022-11-30,ARSA,5.39
2022-11-30,2022-11-30,ASSB,0.767
2022-11-30,2022-11-30,AVAN,975
2022-11-30,2022-11-30,BANE,923.5
2022-11-30,2022-11-30,BANEP,695
2022-11-30,2022-11-30,BELU,2785
2022-11-30,2022-11-30,BISV,8.7
2022-11-30,2022-11-30,BISVP,8.14
2022-11-30,2022-11-30,BLNG,9.355
2022-11-30,2022-11-30,BRZL,1006
2022-11-30,2022-11-30,BSPB,96.89
2022-11-30,2022-11-30,BSPBP,19.85
2022-11-30,2022-11-30,CBOM,6.241
2022-11-30,2022-11-30,CHGZ,34.6
2022-11-30,2022-11-30,CHKZ,7200
2022-11-30,2022-11-30,CHMF,790.8
2022-11-30,2022-11-30,CHMK,3570
2022-11-30,2022-11-30,CIAN,430.8
2022-11-30,2022-11-30,CNTL,9.96
2022-11-30,2022-11-30,CNTLP,6.6
2022-11-30,2022-11-30,DIOD,7.84
2022-11-30,2022-11-30,DSKY,70.38
2022-11-30,2022-11-30,DVEC,0.949
2022-11-30,2022-11-30,DZRD,1935
2022-11-30,2022-11-30,DZRDP,1730
2022-11-30,2022-11-30,EELT,5.78
2022-11-30,2022-11-30,ELTZ,376
2022-11-30,2022-11-30,ENPG,407
2022-11-30,2022-11-30,ENRU,0.5068
2022-11-30,2022-11-30,ETLN,48.94
2022-11-30,2022-11-30,FEES,0.08658
2022-11-30,2022-11-30,FESH,38
2022-11-30,2022-11-30,FIVE,1548.5
2022-11-30,2022-11-30,FIXP,353.4
2022-11-30,2022-11-30,FLOT,38.93
2022-11-30,2022-11-30,GAZA,360.5
2022-11-30,2022-11-30,GAZAP,230
2022-11-30,2022-11-30,GAZC,328
2022-11-30,2022-11-30,GAZP,167.7
2022-11-30,2022-11-30,GAZS,328
2022-11-30,2022-11-30,GAZT,88.5
2022-11-30,2022-11-30,GCHE,2828.5
2022-11-30,2022-11-30,GEMA,804.5
2022-11-30,2022-11-30,GEMC,325
2022-11-30,2022-11-30,GLTR,282.5
2022-11-30,2022-11-30,GMKN,14384
2022-11-30,2022-11-30,GTRK,33.15
2022-11-30,2022-11-30,HHRU,1374
2022-11-30,2022-11-30,HIMC,0.99
2022-11-30,2022-11-30,HIMCP,8.51
2022-11-30,2022-11-30,HMSG,70
2022-11-30,2022-11-30,HYDR,0.755
2022-11-30,2022-11-30,IGST,2890
2022-11-30,2022-11-30,IGSTP,2540
2022-11-30,2022-11-30,INGR,1419
2022-11-30,2022-11-30,IRAO,3.287
2022-11-30,2022-11-30,IRGZ,14.02
2022-11-30,2022-11-30,IRKT,39.56
2022-11-30,2022-11-30,ISKJ,65.54
2022-11-30,2022-11-30,JNOS,14.2
2022-11-30,2022-11-30,JNOSP,8.7
2022-11-30,2022-11-30,KAZT,428.2
2022-11-30,2022-11-30,KAZTP,425
2022-11-30,2022-11-30,KBSB,155
2022-11-30,2022-11-30,KCHE,0.1715
2022-11-30,2022-11-30,KCHEP,0.313
2022-11-30,2022-11-30,KGKC,35.2
2022-11-30,2022-11-30,KGKCP,40.2
2022-11-30,2022-11-30,KLSB,9.12
2022-11-30,2022-11-30,KMAZ,84.6
2022-11-30,2022-11-30,KMEZ,928
2022-11-30,2022-11-30,KMTZ,184.5
2022-11-30,2022-11-30,KOGK,34000
2022-11-30,2022-11-30,KRKN,8550
2022-11-30,2022-11-30,KRKNP,10400
2022-11-30,2022-11-30,KRKO,11.8
2022-11-30,2022-11-30,KRKOP,9.39
2022-11-30,2022-11-30,KROT,357
2022-11-30,2022-11-30,KROTP,280
2022-11-30,2022-11-30,KRSB,8.51
2022-11-30,2022-11-30,KRSBP,9
2022-11-30,2022-11-30,KTSB,0.514
2022-11-30,2022-11-30,KTSBP,0.2545
2022-11-30,2022-11-30,KUBE,65.2
2022-11-30,2022-11-30,KUZB,0.01819
2022-11-30,2022-11-30,KZMS,226
2022-11-30,2022-11-30,KZOS,88.4
2022-11-30,2022-11-30,KZOSP,19.89
2022-11-30,2022-11-30,LENT,744
2022-11-30,2022-11-30,LIFE,4.26
2022-11-30,2022-11-30,LKOH,4614.5
2022-11-30,2022-11-30,LNZL,13630
2022-11-30,2022-11-30,LNZLP,1555
2022-11-30,2022-11-30,LPSB,10.25
2022-11-30,2022-11-30,LSNG,6.99
2022-11-30,2022-11-30,LSNGP,128.05
2022-11-30,2022-11-30,LSRG,468.6
2022-11-30,2022-11-30,LVHK,13.7
2022-11-30,2022-11-30,MAGE,4.87
2022-11-30,2022-11-30,MAGEP,3.07
2022-11-30,2022-11-30,MAGN,31.565
2022-11-30,2022-11-30,MDMG,442.7
2022-11-30,2022-11-30,MFGS,290.5
2022-11-30,2022-11-30,MFGSP,215
2022-11-30,2022-11-30,MFON,650.6
2022-11-30,2022-11-30,MGNT,4827
2022-11-30,2022-11-30,MGNZ,7440
2022-11-30,2022-11-30,MGTS,1390
2022-11-30,2022-11-30,MGTSP,810
2022-11-30,2022-11-30,MISB,16
2022-11-30,2022-11-30,MISBP,15.6
2022-11-30,2022-11-30,MOEX,87.25
2022-11-30,2022-11-30,MORI,4.31
2022-11-30,2022-11-30,MRKC,0.2884
2022-11-30,2022-11-30,MRKK,10.4
2022-11-30,2022-11-30,MRKP,0.2179
2022-11-30,2022-11-30,MRKS,0.2465
2022-11-30,2022-11-30,MRKU,0.172
2022-11-30,2022-11-30,MRKV,0.0276
2022-11-30,2022-11-30,MRKY,0.03355
2022-11-30,2022-11-30,MRKZ,0.02405
2022-11-30,2022-11-30,MRSB,0.306
2022-11-30,2022-11-30,MSNG,1.74
2022-11-30,2022-11-30,MSRS,0.953
2022-11-30,2022-11-30,MSTT,81
2022-11-30,2022-11-30,MTLR,101.5
2022-11-30,2022-11-30,MTLRP,133.75
2022-11-30,2022-11-30,MTSS,236.4
2022-11-30,2022-11-30,MVID,170.8
2022-11-30,2022-11-30,NAUK,190
2022-11-30,2022-11-30,NFAZ,238.5
2022-11-30,2022-11-30,NKHP,299
2022-11-30,2022-11-30,NKNC,88.6
2022-11-30,2022-11-30,NKNCP,70.32
2022-11-30,2022-11-30,NKSH,22.46
2022-11-30,2022-11-30,NLMK,106.48
2022-11-30,2022-11-30,NMTP,4.69
2022-11-30,2022-11-30,NNSB,1850
2022-11-30,2022-11-30,NNSBP,597
2022-11-30,2022-11-30,NPOF,11850
2022-11-30,2022-11-30,NSVZ,136.5
2022-11-30,2022-11-30,NVTK,1040
2022-11-30,2022-11-30,OGKB,0.528
2022-11-30,2022-11-30,OKEY,26.41
2022-11-30,2022-11-30,OMZZP,4940
2022-11-30,2022-11-30,OZON,1419
2022-11-30,2022-11-30,PAZA,5240
2022-11-30,2022-11-30,PHOR,6443
2022-11-30,2022-11-30,PIKK,613.5
2022-11-30,2022-11-30,PLZL,7338.5
2022-11-30,2022-11-30,PMSB,107.7
2022-11-30,2022-11-30,PMSBP,117.2
2022-11-30,2022-11-30,POLY,356.9
2022-11-30,2022-11-30,POSI,1308.2
2022-11-30,2022-11-30,PRMB,33400
2022-11-30,2022-11-30,QIWI,402.5
2022-11-30,2022-11-30,RASP,229.35
2022-11-30,2022-11-30,RBCM,2.652
2022-11-30,2022-11-30,RDRB,144
2022-11-30,2022-11-30,RENI,49.62
2022-11-30,2022-11-30,RGSS,0.1772
2022-11-30,2022-11-30,RKKE,5860
2022-11-30,2022-11-30,RNFT,79.3
2022-11-30,2022-11-30,ROLO,7.67
2022-11-30,2022-11-30,ROSB,107.6
2022-11-30,2022-11-30,ROSN,336.25
2022-11-30,2022-11-30,ROST,59.8
2022-11-30,2022-11-30,RSTI,0.5761
2022-11-30,2022-11-30,RSTIP,1.155
2022-11-30,2022-11-30,RTGZ,24500
2022-11-30,2022-11-30,RTKM,57.45
2022-11-30,2022-11-30,RTKMP,57
2022-11-30,2022-11-30,RTSB,0.582
2022-11-30,2022-11-30,RTSBP,0.581
2022-11-30,2022-11-30,RUAL,38.675
2022-11-30,2022-11-30,RUSI,51.3
2022-11-30,2022-11-30,RZSB,17.96
2022-11-30,2022-11-30,SAGO,1.2
2022-11-30,2022-11-30,SAGOP,1.252
2022-11-30,2022-11-30,SARE,0.117
2022-11-30,2022-11-30,SAREP,0.1112
2022-11-30,2022-11-30,SBER,136.78
2022-11-30,2022-11-30,SBERP,131.54
2022-11-30,2022-11-30,SELG,44.25
2022-11-30,2022-11-30,SFIN,457.2
2022-11-30,2022-11-30,SFTL,105.5
2022-11-30,2022-11-30,SGZH,4.921
2022-11-30,2022-11-30,SIBN,467.7
2022-11-30,2022-11-30,SLEN,3.155
2022-11-30,2022-11-30,SMLT,2431.5
2022-11-30,2022-11-30,SNGS,21.745
2022-11-30,2022-11-30,SNGSP,24.885
2022-11-30,2022-11-30,SPBE,116.9
2022-11-30,2022-11-30,STSB,0.762
2022-11-30,2022-11-30,STSBP,0.7335
2022-11-30,2022-11-30,SVAV,223
2022-11-30,2022-11-30,SVET,17.7
2022-11-30,2022-11-30,TASB,0.471
2022-11-30,2022-11-30,TASBP,0.391
2022-11-30,2022-11-30,TATN,366
2022-11-30,2022-11-30,TATNP,352.7
2022-11-30,2022-11-30,TCSG,2723
2022-11-30,2022-11-30,TGKA,0.007902
2022-11-30,2022-11-30,TGKB,0.003435
2022-11-30,2022-11-30,TGKBP,0.00531
2022-11-30,2022-11-30,TGKD,0.012935
2022-11-30,2022-11-30,TGKDP,0.01014
2022-11-30,2022-11-30,TGKN,0.00244
2022-11-30,2022-11-30,TNSE,605
2022-11-30,2022-11-30,TORS,0.306
2022-11-30,2022-11-30,TORSP,0.313
2022-11-30,2022-11-30,TRCN,8595
2022-11-30,2022-11-30,TRMK,77.64
2022-11-30,2022-11-30,TRNFP,88700
2022-11-30,2022-11-30,TTLK,0.4715
2022-11-30,2022-11-30,TUZA,86.5
2022-11-30,2022-11-30,UCSS,875
2022-11-30,2022-11-30,UKUZ,1258
2022-11-30,2022-11-30,UNAC,0.504
2022-11-30,2022-11-30,UNKL,7470
2022-11-30,2022-11-30,UPRO,1.385
2022-11-30,2022-11-30,URKA,119.04
2022-11-30,2022-11-30,URKZ,13960
2022-11-30,2022-11-30,USBN,0.069
2022-11-30,2022-11-30,UTAR,7.25
2022-11-30,2022-11-30,VEON-RX,31.85
2022-11-30,2022-11-30,VGSB,3.445
2022-11-30,2022-11-30,VGSBP,1.875
2022-11-30,2022-11-30,VJGZ,1295
2022-11-30,2022-11-30,VJGZP,550
2022-11-30,2022-11-30,VKCO,506.4
2022-11-30,2022-11-30,VLHZ,71.6
2022-11-30,2022-11-30,VRSB,133.2
2022-11-30,2022-11-30,VRSBP,58.4
2022-11-30,2022-11-30,VSMO,48240
2022-11-30,2022-11-30,VSYD,4545
2022-11-30,2022-11-30,VSYDP,4440
2022-11-30,2022-11-30,VTBR,0.01694
2022-11-30,2022-11-30,WTCM,7.64
2022-11-30,2022-11-30,WTCMP,6.38
2022-11-30,2022-11-30,YAKG,121.3
2022-11-30,2022-11-30,YKEN,0.2685
2022-11-30,2022-11-30,YKENP,0.265
2022-11-30,2022-11-30,YNDX,1996.6
2022-11-30,2022-11-30,YRSB,174
2022-11-30,2022-11-30,YRSBP,84.5
2022-11-30,2022-11-30,ZILL,1925
2022-11-30,2022-11-30,ZVEZ,3.795
2022-12-30,2022-12-30,ABRD,190
2022-12-30,2022-12-30,ACKO,3.58
2022-12-30,2022-12-30,AFKS,11.937
2022-12-30,2022-12-30,AFLT,24.6
2022-12-30,2022-12-30,AGRO,660.8
2022-12-30,2022-12-30,AKRN,18210
2022-12-30,2022-12-30,ALRS,58.82
2022-12-30,2022-12-30,AMEZ,27.3
2022-12-30,2022-12-30,APTK,11.57
2022-12-30,2022-12-30,AQUA,595
2022-12-30,2022-12-30,ARSA,5.01
2022-12-30,2022-12-30,ASSB,0.758
2022-12-30,2022-12-30,AVAN,1005
2022-12-30,2022-12-30,BANE,941.5
2022-12-30,2022-12-30,BANEP,680.5
2022-12-30,2022-12-30,BELU,2768
2022-12-30,2022-12-30,BISVP,9.31
2022-12-30,2022-12-30,BLNG,10.1
2022-12-30,2022-12-30,BRZL,926
2022-12-30,2022-12-30,BSPB,100.02
2022-12-30,2022-12-30,BSPBP,25.3
2022-12-30,2022-12-30,CBOM,6.7
2022-12-30,2022-12-30,CHGZ,34.4
2022-12-30,2022-12-30,CHKZ,6660
2022-12-30,2022-12-30,CHMF,904
2022-12-30,2022-12-30,CHMK,3550
2022-12-30,2022-12-30,CIAN,361
2022-12-30,2022-12-30,CNTL,9.92
2022-12-30,2022-12-30,CNTLP,7.24
2022-12-30,2022-12-30,DIOD,7.68
2022-12-30,2022-12-30,DSKY,69.76
2022-12-30,2022-12-30,DVEC,0.938
2022-12-30,2022-12-30,DZRD,2105
2022-12-30,2022-12-30,DZRDP,1870
2022-12-30,2022-12-30,EELT,6.22
2022-12-30,2022-12-30,ELTZ,349.5
2022-12-30,2022-12-30,ENPG,375
2022-12-30,2022-12-30,ENRU,0.5486
2022-12-30,2022-12-30,ETLN,46.36
2022-12-30,2022-12-30,FEES,0.08638
2022-12-30,2022-12-30,FESH,33.68
2022-12-30,2022-12-30,FIVE,1500.5
2022-12-30,2022-12-30,FIXP,336.9
2022-12-30,2022-12-30,FLOT,37.62
2022-12-30,2022-12-30,GAZA,357
2022-12-30,2022-12-30,GAZAP,242.5
2022-12-30,2022-12-30,GAZC,328
2022-12-30,2022-12-30,GAZP,162.56
2022-12-30,2022-12-30,GAZS,328
2022-12-30,2022-12-30,GAZT,88.5
2022-12-30,2022-12-30,GCHE,2710
2022-12-30,2022-12-30,GEMA,799.5
2022-12-30,2022-12-30,GEMC,308.3
2022-12-30,2022-12-30,GLTR,268.95
2022-12-30,2022-12-30,GMKN,15300
2022-12-30,2022-12-30,GTRK,50.7
2022-12-30,2022-12-30,HHRU,1202
2022-12-30,2022-12-30,HIMCP,9.11
2022-12-30,2022-12-30,HMSG,67
2022-12-30,2022-12-30,HYDR,0.7625
2022-12-30,2022-12-30,IGST,2878
2022-12-30,2022-12-30,IGSTP,2542
2022-12-30,2022-12-30,INGR,1570
2022-12-30,2022-12-30,IRAO,3.3945
2022-12-30,2022-12-30,IRGZ,14.02
2022-12-30,2022-12-30,IRKT,38.4
2022-12-30,2022-12-30,ISKJ,62.06
2022-12-30,2022-12-30,JNOS,14.25
2022-12-30,2022-12-30,JNOSP,8.7
2022-12-30,2022-12-30,KAZT,451
2022-12-30,2022-12-30,KAZTP,443.6
2022-12-30,2022-12-30,KBSB,151
2022-12-30,2022-12-30,KCHE,0.185
2022-12-30,2022-12-30,KCHEP,0.31
2022-12-30,2022-12-30,KGKC,33.4
2022-12-30,2022-12-30,KGKCP,36.8
2022-12-30,2022-12-30,KLSB,9.16
2022-12-30,2022-12-30,KMAZ,83.2
2022-12-30,2022-12-30,KMEZ,945
2022-12-30,2022-12-30,KMTZ,180
2022-12-30,2022-12-30,KOGK,37400
2022-12-30,2022-12-30,KRKN,8500
2022-12-30,2022-12-30,KRKNP,10400
2022-12-30,2022-12-30,KRKOP,9.21
2022-12-30,2022-12-30,KROT,504.5
2022-12-30,2022-12-30,KROTP,311
2022-12-30,2022-12-30,KRSB,8.7
2022-12-30,2022-12-30,KRSBP,8.72
2022-12-30,2022-12-30,KTSB,0.598
2022-12-30,2022-12-30,KTSBP,0.2665
2022-12-30,2022-12-30,KUBE,56.5
2022-12-30,2022-12-30,KUZB,0.01901
2022-12-30,2022-12-30,KZOS,83.4
2022-12-30,2022-12-30,KZOSP,19.84
2022-12-30,2022-12-30,LENT,690
2022-12-30,2022-12-30,LIFE,4.2
2022-12-30,2022-12-30,LKOH,4069.5
2022-12-30,2022-12-30,LNZL,13310
2022-12-30,2022-12-30,LNZLP,1500
2022-12-30,2022-12-30,LPSB,10.35
2022-12-30,2022-12-30,LSNG,8.52
2022-12-30,2022-12-30,LSNGP,118.8
2022-12-30,2022-12-30,LSRG,462.6
2022-12-30,2022-12-30,LVHK,13.4
2022-12-30,2022-12-30,MAGE,4.72
2022-12-30,2022-12-30,MAGEP,2.71
2022-12-30,2022-12-30,MAGN,32.865
2022-12-30,2022-12-30,MDMG,423.9
2022-12-30,2022-12-30,MFGS,302.5
2022-12-30,2022-12-30,MFGSP,227.5
2022-12-30,2022-12-30,MGNT,4340.5
2022-12-30,2022-12-30,MGNZ,7440
2022-12-30,2022-12-30,MGTS,1345
2022-12-30,2022-12-30,MGTSP,852
2022-12-30,2022-12-30,MISB,15.8
2022-12-30,2022-12-30,MISBP,14.6
2022-12-30,2022-12-30,MOEX,95.4
2022-12-30,2022-12-30,MRKC,0.3184
2022-12-30,2022-12-30,MRKK,11.82
2022-12-30,2022-12-30,MRKP,0.2477
2022-12-30,2022-12-30,MRKS,0.2465
2022-12-30,2022-12-30,MRKU,0.1958
2022-12-30,2022-12-30,MRKV,0.02615
2022-12-30,2022-12-30,MRKY,0.0331
2022-12-30,2022-12-30,MRKZ,0.02595
2022-12-30,2022-12-30,MRSB,0.316
2022-12-30,2022-12-30,MSNG,1.7455
2022-12-30,2022-12-30,MSRS,1.0165
2022-12-30,2022-12-30,MSTT,81.4
2022-12-30,2022-12-30,MTLR,105.5
2022-12-30,2022-12-30,MTLRP,142.7
2022-12-30,2022-12-30,MTSS,236.4
2022-12-30,2022-12-30,MVID,160.7
2022-12-30,2022-12-30,NAUK,192
2022-12-30,2022-12-30,NFAZ,232.5
2022-12-30,2022-12-30,NKHP,288.5
2022-12-30,2022-12-30,NKNC,84.1
2022-12-30,2022-12-30,NKNCP,73.36
2022-12-30,2022-12-30,NKSH,22.92
2022-12-30,2022-12-30,NLMK,117.76
2022-12-30,2022-12-30,NMTP,4.5
2022-12-30,2022-12-30,NNSB,1725
2022-12-30,2022-12-30,NNSBP,546
2022-12-30,2022-12-30,NSVZ,146.5
2022-12-30,2022-12-30,NVTK,1078.4
2022-12-30,2022-12-30,OGKB,0.552
2022-12-30,2022-12-30,OKEY,24.37
2022-12-30,2022-12-30,OMZZP,4995
2022-12-30,2022-12-30,OZON,1402
2022-12-30,2022-12-30,PAZA,5200
2022-12-30,2022-12-30,PHOR,6390
2022-12-30,2022-12-30,PIKK,602.5
2022-12-30,2022-12-30,PLZL,7692
2022-12-30,2022-12-30,PMSB,111.5
2022-12-30,2022-12-30,PMSBP,120.8
2022-12-30,2022-12-30,POLY,371.2
2022-12-30,2022-12-30,POSI,1259.4
2022-12-30,2022-12-30,PRMB,34800
2022-12-30,2022-12-30,QIWI,413
2022-12-30,2022-12-30,RASP,227
2022-12-30,2022-12-30,RBCM,2.592
2022-12-30,2022-12-30,RDRB,148
2022-12-30,2022-12-30,RENI,50.06
2022-12-30,2022-12-30,RGSS,0.1814
2022-12-30,2022-12-30,RKKE,5920
2022-12-30,2022-12-30,RNFT,81.2
2022-12-30,2022-12-30,ROLO,7.37
2022-12-30,2022-12-30,ROSB,108
2022-12-30,2022-12-30,ROSN,365.4
2022-12-30,2022-12-30,ROST,58
2022-12-30,2022-12-30,RSTI,0.5583
2022-12-30,2022-12-30,RSTIP,1.12
2022-12-30,2022-12-30,RTGZ,23600
2022-12-30,2022-12-30,RTKM,55.95
2022-12-30,2022-12-30,RTKMP,55.6
2022-12-30,2022-12-30,RTSB,0.6
2022-12-30,2022-12-30,RTSBP,0.593
2022-12-30,2022-12-30,RUAL,40.135
2022-12-30,2022-12-30,RUSI,50.2
2022-12-30,2022-12-30,RZSB,19.06
2022-12-30,2022-12-30,SAGO,1.212
2022-12-30,2022-12-30,SAGOP,1.23
2022-12-30,2022-12-30,SARE,0.108
2022-12-30,2022-12-30,SAREP,0.1062
2022-12-30,2022-12-30,SBER,141.15
2022-12-30,2022-12-30,SBERP,140.99
2022-12-30,2022-12-30,SELG,43.6
2022-12-30,2022-12-30,SFIN,505.8
2022-12-30,2022-12-30,SFTL,93.1
2022-12-30,2022-12-30,SGZH,4.576
2022-12-30,2022-12-30,SIBN,459.5
2022-12-30,2022-12-30,SLEN,3.035
2022-12-30,2022-12-30,SMLT,2415.5
2022-12-30,2022-12-30,SNGS,21.645
2022-12-30,2022-12-30,SNGSP,26.13
2022-12-30,2022-12-30,SPBE,115.4
2022-12-30,2022-12-30,STSB,0.763
2022-12-30,2022-12-30,STSBP,0.7225
2022-12-30,2022-12-30,SVAV,212
2022-12-30,2022-12-30,SVET,17.45
2022-12-30,2022-12-30,TASB,0.471
2022-12-30,2022-12-30,TASBP,0.36
2022-12-30,2022-12-30,TATN,348.5
2022-12-30,2022-12-30,TATNP,341.4
2022-12-30,2022-12-30,TCSG,2540
2022-12-30,2022-12-30,TGKA,0.00735
2022-12-30,2022-12-30,TGKB,0.003565
2022-12-30,2022-12-30,TGKBP,0.00544
2022-12-30,2022-12-30,TGKD,0.012935
2022-12-30,2022-12-30,TGKDP,0.01014
2022-12-30,2022-12-30,TGKN,0.00251
2022-12-30,2022-12-30,TNSE,600
2022-12-30,2022-12-30,TORS,0.292
2022-12-30,2022-12-30,TORSP,0.2405
2022-12-30,2022-12-30,TRMK,82.8
2022-12-30,2022-12-30,TRNFP,87100
2022-12-30,2022-12-30,TTLK,0.508
2022-12-30,2022-12-30,TUZA,91.5
2022-12-30,2022-12-30,UCSS,855
2022-12-30,2022-12-30,UKUZ,1226
2022-12-30,2022-12-30,UNAC,0.5585
2022-12-30,2022-12-30,UNKL,7210
2022-12-30,2022-12-30,UPRO,1.343
2022-12-30,2022-12-30,URKZ,16320
2022-12-30,2022-12-30,USBN,0.0686
2022-12-30,2022-12-30,UTAR,7.33
2022-12-30,2022-12-30,VEON-RX,28.8
2022-12-30,2022-12-30,VGSB,3.435
2022-12-30,2022-12-30,VGSBP,2.06
2022-12-30,2022-12-30,VJGZ,1249
2022-12-30,2022-12-30,VJGZP,589
2022-12-30,2022-12-30,VKCO,437
2022-12-30,2022-12-30,VLHZ,72.9
2022-12-30,2022-12-30,VRSB,138.6
2022-12-30,2022-12-30,VRSBP,59.6
2022-12-30,2022-12-30,VSMO,48040
2022-12-30,2022-12-30,VSYD,4290
2022-12-30,2022-12-30,VSYDP,4700
2022-12-30,2022-12-30,VTBR,0.01639
2022-12-30,2022-12-30,WTCM,7.6
2022-12-30,2022-12-30,WTCMP,6.36
2022-12-30,2022-12-30,WUSH,162
2022-12-30,2022-12-30,YAKG,123.7
2022-12-30,2022-12-30,YKEN,0.2635
2022-12-30,2022-12-30,YKENP,0.263
2022-12-30,2022-12-30,YNDX,1817.8
2022-12-30,2022-12-30,YRSB,178
2022-12-30,2022-12-30,YRSBP,82.5
2022-12-30,2022-12-30,ZILL,2100
2022-12-30,2022-12-30,ZVEZ,3.7
2022-12-31,2022-12-30,ABRD,190
2022-12-31,2022-12-30,ACKO,3.58
2022-12-31,2022-12-30,AFKS,11.937
2022-12-31,2022-12-30,AFLT,24.6
2022-12-31,2022-12-30,AGRO,660.8
2022-12-31,2022-12-30,AKRN,18210
2022-12-31,2022-12-30,ALRS,58.82
2022-12-31,2022-12-30,AMEZ,27.3
2022-12-31,2022-12-30,APTK,11.57
2022-12-31,2022-12-30,AQUA,595
2022-12-31,2022-12-30,ARSA,5.01
2022-12-31,2022-12-30,ASSB,0.758
2022-12-31,2022-12-30,AVAN,1005
2022-12-31,2022-12-30,BANE,941.5
2022-12-31,2022-12-30,BANEP,680.5
2022-12-31,2022-12-30,BELU,2768
2022-12-31,2022-12-30,BISVP,9.31
2022-12-31,2022-12-30,BLNG,10.1
2022-12-31,2022-12-30,BRZL,926
2022-12-31,2022-12-30,BSPB,100.02
2022-12-31,2022-12-30,BSPBP,25.3
2022-12-31,2022-12-30,CBOM,6.7
2022-12-31,2022-12-30,CHGZ,34.4
2022-12-31,2022-12-30,CHKZ,6660
2022-12-31,2022-12-30,CHMF,904
2022-12-31,2022-12-30,CHMK,3550
2022-12-31,2022-12-30,CIAN,361
2022-12-31,2022-12-30,CNTL,9.92
2022-12-31,2022-12-30,CNTLP,7.24
2022-12-31,2022-12-30,DIOD,7.68
2022-12-31,2022-12-30,DSKY,69.76
2022-12-31,2022-12-30,DVEC,0.938
2022-12-31,2022-12-30,DZRD,2105
2022-12-31,2022-12-30,DZRDP,1870
2022-12-31,2022-12-30,EELT,6.22
2022-12-31,2022-12-30,ELTZ,349.5
2022-12-31,2022-12-30,ENPG,375
2022-12-31,2022-12-30,ENRU,0.5486
2022-12-31,2022-12-30,ETLN,46.36
2022-12-31,2022-12-30,FEES,0.08638
2022-12-31,2022-12-30,FESH,33.68
2022-12-31,2022-12-30,FIVE,1500.5
2022-12-31,2022-12-30,FIXP,336.9
2022-12-31,2022-12-30,FLOT,37.62
2022-12-31,2022-12-30,GAZA,357
2022-12-31,2022-12-30,GAZAP,242.5
2022-12-31,2022-12-30,GAZC,328
2022-12-31,2022-12-30,GAZP,162.56
2022-12-31,2022-12-30,GAZS,328
2022-12-31,2022-12-30,GAZT,88.5
2022-12-31,2022-12-30,GCHE,2710
2022-12-31,2022-12-30,GEMA,799.5
2022-12-31,2022-12-30,GEMC,308.3
2022-12-31,2022-12-30,GLTR,268.95
2022-12-31,2022-12-30,GMKN,15300
2022-12-31,2022-12-30,GTRK,50.7
2022-12-31,2022-12-30,HHRU,1202
2022-12-31,2022-12-30,HIMCP,9.11
2022-12-31,2022-12-30,HMSG,67
2022-12-31,2022-12-30,HYDR,0.7625
2022-12-31,2022-12-30,IGST,2878
2022-12-31,2022-12-30,IGSTP,2542
2022-12-31,2022-12-30,INGR,1570
2022-12-31,2022-12-30,IRAO,3.3945
2022-12-31,2022-12-30,IRGZ,14.02
2022-12-31,2022-12-30,IRKT,38.4
2022-12-31,2022-12-30,ISKJ,62.06
2022-12-31,2022-12-30,JNOS,14.25
2022-12-31,2022-12-30,JNOSP,8.7
2022-12-31,2022-12-30,KAZT,451
2022-12-31,2022-12-30,KAZTP,443.6
2022-12-31,2022-12-30,KBSB,151
2022-12-31,2022-12-30,KCHE,0.185
2022-12-31,2022-12-30,KCHEP,0.31
2022-12-31,2022-12-30,KGKC,33.4
2022-12-31,2022-12-30,KGKCP,36.8
2022-12-31,2022-12-30,KLSB,9.16
2022-12-31,2022-12-30,KMAZ,83.2
2022-12-31,2022-12-30,KMEZ,945
2022-12-31,2022-12-30,KMTZ,180
2022-12-31,2022-12-30,KOGK,37400
2022-12-31,2022-12-30,KRKN,8500
2022-12-31,2022-12-30,KRKNP,10400
2022-12-31,2022-12-30,KRKOP,9.21
2022-12-31,2022-12-30,KROT,504.5
2022-12-31,2022-12-30,KROTP,311
2022-12-31,2022-12-30,KRSB,8.7
2022-12-31,2022-12-30,KRSBP,8.72
2022-12-31,2022-12-30,KTSB,0.598
2022-12-31,2022-12-30,KTSBP,0.2665
2022-12-31,2022-12-30,KUBE,56.5
2022-12-31,2022-12-30,KUZB,0.01901
2022-12-31,2022-12-30,KZOS,83.4
2022-12-31,2022-12-30,KZOSP,19.84
2022-12-31,2022-12-30,LENT,690
2022-12-31,2022-12-30,LIFE,4.2
2022-12-31,2022-12-30,LKOH,4069.5
2022-12-31,2022-12-30,LNZL,13310
2022-12-31,2022-12-30,LNZLP,1500
2022-12-31,2022-12-30,LPSB,10.35
2022-12-31,2022-12-30,LSNG,8.52
2022-12-31,2022-12-30,LSNGP,118.8
2022-12-31,2022-12-30,LSRG,462.6
2022-12-31,2022-12-30,LVHK,13.4
2022-12-31,2022-12-30,MAGE,4.72
2022-12-31,2022-12-30,MAGEP,2.71
2022-12-31,2022-12-30,MAGN,32.865
2022-12-31,2022-12-30,MDMG,423.9
2022-12-31,2022-12-30,MFGS,302.5
2022-12-31,2022-12-30,MFGSP,227.5
2022-12-31,2022-12-30,MGNT,4340.5
2022-12-31,2022-12-30,MGNZ,7440
2022-12-31,2022-12-30,MGTS,1345
2022-12-31,2022-12-30,MGTSP,852
2022-12-31,2022-12-30,MISB,15.8
2022-12-31,2022-12-30,MISBP,14.6
2022-12-31,2022-12-30,MOEX,95.4
2022-12-31,2022-12-30,MRKC,0.3184
2022-12-31,2022-12-30,MRKK,11.82
2022-12-31,2022-12-30,MRKP,0.2477
2022-12-31,2022-12-30,MRKS,0.2465
2022-12-31,2022-12-30,MRKU,0.1958
2022-12-31,2022-12-30,MRKV,0.02615
2022-12-31,2022-12-30,MRKY,0.0331
2022-12-31,2022-12-30,MRKZ,0.02595
2022-12-31,2022-12-30,MRSB,0.316
2022-12-31,2022-12-30,MSNG,1.7455
2022-12-31,2022-12-30,MSRS,1.0165
2022-12-31,2022-12-30,MSTT,81.4
2022-12-31,2022-12-30,MTLR,105.5
2022-12-31,2022-12-30,MTLRP,142.7
2022-12-31,2022-12-30,MTSS,236.4
2022-12-31,2022-12-30,MVID,160.7
2022-12-31,2022-12-30,NAUK,192
2022-12-31,2022-12-30,NFAZ,232.5
2022-12-31,2022-12-30,NKHP,288.5
2022-12-31,2022-12-30,NKNC,84.1
2022-12-31,2022-12-30,NKNCP,73.36
2022-12-31,2022-12-30,NKSH,22.92
2022-12-31,2022-12-30,NLMK,117.76
2022-12-31,2022-12-30,NMTP,4.5
2022-12-31,2022-12-30,NNSB,1725
2022-12-31,2022-12-30,NNSBP,546
2022-12-31,2022-12-30,NSVZ,146.5
2022-12-31,2022-12-30,NVTK,1078.4
2022-12-31,2022-12-30,OGKB,0.552
2022-12-31,2022-12-30,OKEY,24.37
2022-12-31,2022-12-30,OMZZP,4995
2022-12-31,2022-12-30,OZON,1402
2022-12-31,2022-12-30,PAZA,5200
2022-12-31,2022-12-30,PHOR,6390
2022-12-31,2022-12-30,PIKK,602.5
2022-12-31,2022-12-30,PLZL,7692
2022-12-31,2022-12-30,PMSB,111.5
2022-12-31,2022-12-30,PMSBP,120.8
2022-12-31,2022-12-30,POLY,371.2
2022-12-31,2022-12-30,POSI,1259.4
2022-12-31,2022-12-30,PRMB,34800
2022-12-31,2022-12-30,QIWI,413
2022-12-31,2022-12-30,RASP,227
2022-12-31,2022-12-30,RBCM,2.592
2022-12-31,2022-12-30,RDRB,148
2022-12-31,2022-12-30,RENI,50.06
2022-12-31,2022-12-30,RGSS,0.1814
2022-12-31,2022-12-30,RKKE,5920
2022-12-31,2022-12-30,RNFT,81.2
2022-12-31,2022-12-30,ROLO,7.37
2022-12-31,2022-12-30,ROSB,108
2022-12-31,2022-12-30,ROSN,365.4
2022-12-31,2022-12-30,ROST,58
2022-12-31,2022-12-30,RSTI,0.5583
2022-12-31,2022-12-30,RSTIP,1.12
2022-12-31,2022-12-30,RTGZ,23600
2022-12-31,2022-12-30,RTKM,55.95
2022-12-31,2022-12-30,RTKMP,55.6
2022-12-31,2022-12-30,RTSB,0.6
2022-12-31,2022-12-30,RTSBP,0.593
2022-12-31,2022-12-30,RUAL,40.135
2022-12-31,2022-12-30,RUSI,50.2
2022-12-31,2022-12-30,RZSB,19.06
2022-12-31,2022-12-30,SAGO,1.212
2022-12-31,2022-12-30,SAGOP,1.23
2022-12-31,2022-12-30,SARE,0.108
2022-12-31,2022-12-30,SAREP,0.1062
2022-12-31,2022-12-30,SBER,141.15
2022-12-31,2022-12-30,SBERP,140.99
2022-12-31,2022-12-30,SELG,43.6
2022-12-31,2022-12-30,SFIN,505.8
2022-12-31,2022-12-30,SFTL,93.1
2022-12-31,2022-12-30,SGZH,4.576
2022-12-31,2022-12-30,SIBN,459.5
2022-12-31,2022-12-30,SLEN,3.035
2022-12-31,2022-12-30,SMLT,2415.5
2022-12-31,2022-12-30,SNGS,21.645
2022-12-31,2022-12-30,SNGSP,26.13
2022-12-31,2022-12-30,SPBE,115.4
2022-12-31,2022-12-30,STSB,0.763
2022-12-31,2022-12-30,STSBP,0.7225
2022-12-31,2022-12-30,SVAV,212
2022-12-31,2022-12-30,SVET,17.45
2022-12-31,2022-12-30,TASB,0.471
2022-12-31,2022-12-30,TASBP,0.36
2022-12-31,2022-12-30,TATN,348.5
2022-12-31,2022-12-30,TATNP,341.4
2022-12-31,2022-12-30,TCSG,2540
2022-12-31,2022-12-30,TGKA,0.00735
2022-12-31,2022-12-30,TGKB,0.003565
2022-12-31,2022-12-30,TGKBP,0.00544
2022-12-31,2022-12-30,TGKD,0.012935
2022-12-31,2022-12-30,TGKDP,0.01014
2022-12-31,2022-12-30,TGKN,0.00251
2022-12-31,2022-12-30,TNSE,600
2022-12-31,2022-12-30,TORS,0.292
2022-12-31,2022-12-30,TORSP,0.2405
2022-12-31,2022-12-30,TRMK,82.8
2022-12-31,2022-12-30,TRNFP,87100
2022-12-31,2022-12-30,TTLK,0.508
2022-12-31,2022-12-30,TUZA,91.5
2022-12-31,2022-12-30,UCSS,855
2022-12-31,2022-12-30,UKUZ,1226
2022-12-31,2022-12-30,UNAC,0.5585
2022-12-31,2022-12-30,UNKL,7210
2022-12-31,2022-12-30,UPRO,1.343
2022-12-31,2022-12-30,URKZ,16320
2022-12-31,2022-12-30,USBN,0.0686
2022-12-31,2022-12-30,UTAR,7.33
2022-12-31,2022-12-30,VEON-RX,28.8
2022-12-31,2022-12-30,VGSB,3.435
2022-12-31,2022-12-30,VGSBP,2.06
2022-12-31,2022-12-30,VJGZ,1249
2022-12-31,2022-12-30,VJGZP,589
2022-12-31,2022-12-30,VKCO,437
2022-12-31,2022-12-30,VLHZ,72.9
2022-12-31,2022-12-30,VRSB,138.6
2022-12-31,2022-12-30,VRSBP,59.6
2022-12-31,2022-12-30,VSMO,48040
2022-12-31,2022-12-30,VSYD,4290
2022-12-31,2022-12-30,VSYDP,4700
2022-12-31,2022-12-30,VTBR,0.01639
2022-12-31,2022-12-30,WTCM,7.6
2022-12-31,2022-12-30,WTCMP,6.36
2022-12-31,2022-12-30,WUSH,162
2022-12-31,2022-12-30,YAKG,123.7
2022-12-31,2022-12-30,YKEN,0.2635
2022-12-31,2022-12-30,YKENP,0.263
2022-12-31,2022-12-30,YNDX,1817.8
2022-12-31,2022-12-30,YRSB,178
2022-12-31,2022-12-30,YRSBP,82.5
2022-12-31,2022-12-30,ZILL,2100
2022-12-31,2022-12-30,ZVEZ,3.7
2023-01-31,2023-01-31,ABRD,201
2023-01-31,2023-01-31,ACKO,3.58
2023-01-31,2023-01-31,AFKS,12.711
2023-01-31,2023-01-31,AFLT,28
2023-01-31,2023-01-31,AGRO,673.8
2023-01-31,2023-01-31,AKRN,18188
2023-01-31,2023-01-31,ALRS,62
2023-01-31,2023-01-31,AMEZ,30.945
2023-01-31,2023-01-31,APTK,12.4
2023-01-31,2023-01-31,AQUA,620
2023-01-31,2023-01-31,ARSA,5.23
2023-01-31,2023-01-31,ASSB,0.847
2023-01-31,2023-01-31,AVAN,1720
2023-01-31,2023-01-31,BANE,968
2023-01-31,2023-01-31,BANEP,776.5
2023-01-31,2023-01-31,BELU,2867
2023-01-31,2023-01-31,BISVP,8.32
2023-01-31,2023-01-31,BLNG,11.87
2023-01-31,2023-01-31,BRZL,1038
2023-01-31,2023-01-31,BSPB,101.1
2023-01-31,2023-01-31,BSPBP,28.8
2023-01-31,2023-01-31,CBOM,7.611
2023-01-31,2023-01-31,CHGZ,38.2
2023-01-31,2023-01-31,CHKZ,7500
2023-01-31,2023-01-31,CHMF,929
2023-01-31,2023-01-31,CHMK,5375
2023-01-31,2023-01-31,CIAN,430.4
2023-01-31,2023-01-31,CNTL,11.5
2023-01-31,2023-01-31,CNTLP,8.52
2023-01-31,2023-01-31,DIOD,8.47
2023-01-31,2023-01-31,DSKY,69.26
2023-01-31,2023-01-31,DVEC,1.324
2023-01-31,2023-01-31,DZRD,2725
2023-01-31,2023-01-31,DZRDP,2260
2023-01-31,2023-01-31,EELT,8.86
2023-01-31,2023-01-31,ELTZ,361.5
2023-01-31,2023-01-31,ENPG,424.5
2023-01-31,2023-01-31,ENRU,0.552
2023-01-31,2023-01-31,ETLN,54.18
2023-01-31,2023-01-31,FEES,0.0865
2023-01-31,2023-01-31,FESH,33.91
2023-01-31,2023-01-31,FIVE,1505.5
2023-01-31,2023-01-31,FIXP,372.9
2023-01-31,2023-01-31,FLOT,45.5
2023-01-31,2023-01-31,GAZA,403.5
2023-01-31,2023-01-31,GAZAP,283
2023-01-31,2023-01-31,GAZC,328
2023-01-31,2023-01-31,GAZP,158.1
2023-01-31,2023-01-31,GAZS,328
2023-01-31,2023-01-31,GAZT,88.5
2023-01-31,2023-01-31,GCHE,2874.5
2023-01-31,2023-01-31,GEMA,827
2023-01-31,2023-01-31,GEMC,344
2023-01-31,2023-01-31,GLTR,328.3
2023-01-31,2023-01-31,GMKN,15144
2023-01-31,2023-01-31,GTRK,62.6
2023-01-31,2023-01-31,HHRU,1399
2023-01-31,2023-01-31,HIMCP,10.13
2023-01-31,2023-01-31,HMSG,92
2023-01-31,2023-01-31,HYDR,0.7838
2023-01-31,2023-01-31,IGST,3840
2023-01-31,2023-01-31,IGSTP,3334
2023-01-31,2023-01-31,INGR,1679
2023-01-31,2023-01-31,IRAO,3.4985
2023-01-31,2023-01-31,IRGZ,14.02
2023-01-31,2023-01-31,IRKT,53.46
2023-01-31,2023-01-31,ISKJ,97
2023-01-31,2023-01-31,JNOS,17.8
2023-01-31,2023-01-31,JNOSP,10.88
2023-01-31,2023-01-31,KAZT,497.6
2023-01-31,2023-01-31,KAZTP,492.6
2023-01-31,2023-01-31,KBSB,159
2023-01-31,2023-01-31,KCHE,0.191
2023-01-31,2023-01-31,KCHEP,0.338
2023-01-31,2023-01-31,KGKC,35.6
2023-01-31,2023-01-31,KGKCP,38.8
2023-01-31,2023-01-31,KLSB,11.83
2023-01-31,2023-01-31,KMAZ,106.7
2023-01-31,2023-01-31,KMEZ,1107
2023-01-31,2023-01-31,KMTZ,187
2023-01-31,2023-01-31,KOGK,41800
2023-01-31,2023-01-31,KRKN,10500
2023-01-31,2023-01-31,KRKNP,12200
2023-01-31,2023-01-31,KRKOP,10.38
2023-01-31,2023-01-31,KROT,717
2023-01-31,2023-01-31,KROTP,400
2023-01-31,2023-01-31,KRSB,9.12
2023-01-31,2023-01-31,KRSBP,9.48
2023-01-31,2023-01-31,KTSB,0.638
2023-01-31,2023-01-31,KTSBP,0.283
2023-01-31,2023-01-31,KUBE,70.8
2023-01-31,2023-01-31,KUZB,0.02212
2023-01-31,2023-01-31,KZOS,91.2
2023-01-31,2023-01-31,KZOSP,24.58
2023-01-31,2023-01-31,LENT,720.5
2023-01-31,2023-01-31,LIFE,6.6
2023-01-31,2023-01-31,LKOH,3955
2023-01-31,2023-01-31,LNZL,14270
2023-01-31,2023-01-31,LNZLP,1830
2023-01-31,2023-01-31,LPSB,11.2
2023-01-31,2023-01-31,LSNG,10.55
2023-01-31,2023-01-31,LSNGP,124
2023-01-31,2023-01-31,LSRG,457.4
2023-01-31,2023-01-31,LVHK,14.35
2023-01-31,2023-01-31,MAGE,4.89
2023-01-31,2023-01-31,MAGEP,2.9
2023-01-31,2023-01-31,MAGN,35.945
2023-01-31,2023-01-31,MDMG,468
2023-01-31,2023-01-31,MFGS,361.5
2023-01-31,2023-01-31,MFGSP,263.5
2023-01-31,2023-01-31,MGNT,4665
2023-01-31,2023-01-31,MGNZ,7440
2023-01-31,2023-01-31,MGTS,1465
2023-01-31,2023-01-31,MGTSP,1000
2023-01-31,2023-01-31,MISB,16.7
2023-01-31,2023-01-31,MISBP,14.8
2023-01-31,2023-01-31,MOEX,107.35
2023-01-31,2023-01-31,MRKC,0.2908
2023-01-31,2023-01-31,MRKK,13.66
2023-01-31,2023-01-31,MRKP,0.2094
2023-01-31,2023-01-31,MRKS,0.32
2023-01-31,2023-01-31,MRKU,0.1892
2023-01-31,2023-01-31,MRKV,0.02985
2023-01-31,2023-01-31,MRKY,0.0387
2023-01-31,2023-01-31,MRKZ,0.0313
2023-01-31,2023-01-31,MRSB,0.336
2023-01-31,2023-01-31,MSNG,1.772
2023-01-31,2023-01-31,MSRS,0.957
2023-01-31,2023-01-31,MSTT,103.1
2023-01-31,2023-01-31,MTLR,113.95
2023-01-31,2023-01-31,MTLRP,156.25
2023-01-31,2023-01-31,MTSS,249.65
2023-01-31,2023-01-31,MVID,177.7
2023-01-31,2023-01-31,NAUK,338.4
2023-01-31,2023-01-31,NFAZ,294.5
2023-01-31,2023-01-31,NKHP,323
2023-01-31,2023-01-31,NKNC,101.55
2023-01-31,2023-01-31,NKNCP,79.98
2023-01-31,2023-01-31,NKSH,23.68
2023-01-31,2023-01-31,NLMK,116.8
2023-01-31,2023-01-31,NMTP,5.36
2023-01-31,2023-01-31,NNSB,1880
2023-01-31,2023-01-31,NNSBP,623
2023-01-31,2023-01-31,NSVZ,213.5
2023-01-31,2023-01-31,NVTK,1029.8
2023-01-31,2023-01-31,OGKB,0.594
2023-01-31,2023-01-31,OKEY,27.26
2023-01-31,2023-01-31,OMZZP,6470
2023-01-31,2023-01-31,OZON,1710
2023-01-31,2023-01-31,PAZA,6100
2023-01-31,2023-01-31,PHOR,6465
2023-01-31,2023-01-31,PIKK,619.1
2023-01-31,2023-01-31,PLZL,9478
2023-01-31,2023-01-31,PMSB,132.1
2023-01-31,2023-01-31,PMSBP,136.6
2023-01-31,2023-01-31,POLY,476
2023-01-31,2023-01-31,POSI,1610
2023-01-31,2023-01-31,PRMB,36000
2023-01-31,2023-01-31,QIWI,458
2023-01-31,2023-01-31,RASP,250.35
2023-01-31,2023-01-31,RBCM,2.886
2023-01-31,2023-01-31,RDRB,180
2023-01-31,2023-01-31,RENI,54.62
2023-01-31,2023-01-31,RGSS,0.1778
2023-01-31,2023-01-31,RKKE,13930
2023-01-31,2023-01-31,RNFT,91.7
2023-01-31,2023-01-31,ROLO,0.8527
2023-01-31,2023-01-31,ROSB,109.8
2023-01-31,2023-01-31,ROSN,340.75
2023-01-31,2023-01-31,ROST,63
2023-01-31,2023-01-31,RTGZ,23800
2023-01-31,2023-01-31,RTKM,58.61
2023-01-31,2023-01-31,RTKMP,55.95
2023-01-31,2023-01-31,RTSB,0.628
2023-01-31,2023-01-31,RTSBP,0.593
2023-01-31,2023-01-31,RUAL,42.5
2023-01-31,2023-01-31,RUSI,52.9
2023-01-31,2023-01-31,RZSB,20.28
2023-01-31,2023-01-31,SAGO,1.29
2023-01-31,2023-01-31,SAGOP,1.288
2023-01-31,2023-01-31,SARE,0.1188
2023-01-31,2023-01-31,SAREP,0.1182
2023-01-31,2023-01-31,SBER,158.07
2023-01-31,2023-01-31,SBERP,155.47
2023-01-31,2023-01-31,SELG,48.48
2023-01-31,2023-01-31,SFIN,505.8
2023-01-31,2023-01-31,SFTL,110.5
2023-01-31,2023-01-31,SGZH,4.949
2023-01-31,2023-01-31,SIBN,441
2023-01-31,2023-01-31,SLEN,3.16
2023-01-31,2023-01-31,SMLT,2623
2023-01-31,2023-01-31,SNGS,23.17
2023-01-31,2023-01-31,SNGSP,28.14
2023-01-31,2023-01-31,SPBE,155.9
2023-01-31,2023-01-31,STSB,0.808
2023-01-31,2023-01-31,STSBP,0.8065
2023-01-31,2023-01-31,SVAV,237
2023-01-31,2023-01-31,SVET,18.6
2023-01-31,2023-01-31,TASB,0.5375
2023-01-31,2023-01-31,TASBP,0.405
2023-01-31,2023-01-31,TATN,328.8
2023-01-31,2023-01-31,TATNP,326.8
2023-01-31,2023-01-31,TCSG,2772
2023-01-31,2023-01-31,TGKA,0.007882
2023-01-31,2023-01-31,TGKB,0.00386
2023-01-31,2023-01-31,TGKBP,0.00674
2023-01-31,2023-01-31,TGKN,0.00324
2023-01-31,2023-01-31,TNSE,665
2023-01-31,2023-01-31,TORS,0.315
2023-01-31,2023-01-31,TORSP,0.254
2023-01-31,2023-01-31,TRMK,83.58
2023-01-31,2023-01-31,TRNFP,89300
2023-01-31,2023-01-31,TTLK,0.56
2023-01-31,2023-01-31,TUZA,117
2023-01-31,2023-01-31,UCSS,900
2023-01-31,2023-01-31,UKUZ,1408
2023-01-31,2023-01-31,UNAC,0.637
2023-01-31,2023-01-31,UNKL,10420
2023-01-31,2023-01-31,UPRO,1.48
2023-01-31,2023-01-31,URKZ,17160
2023-01-31,2023-01-31,USBN,0.0821
2023-01-31,2023-01-31,UTAR,8.07
2023-01-31,2023-01-31,VEON-RX,31
2023-01-31,2023-01-31,VGSB,3.76
2023-01-31,2023-01-31,VGSBP,2.51
2023-01-31,2023-01-31,VJGZ,1477
2023-01-31,2023-01-31,VJGZP,698
2023-01-31,2023-01-31,VKCO,488.2
2023-01-31,2023-01-31,VLHZ,89
2023-01-31,2023-01-31,VRSB,202.8
2023-01-31,2023-01-31,VRSBP,71
2023-01-31,2023-01-31,VSMO,49720
2023-01-31,2023-01-31,VSYD,5040
2023-01-31,2023-01-31,VSYDP,5080
2023-01-31,2023-01-31,VTBR,0.01695
2023-01-31,2023-01-31,WTCM,9.06
2023-01-31,2023-01-31,WTCMP,7.22
2023-01-31,2023-01-31,WUSH,162.43
2023-01-31,2023-01-31,YAKG,126.8
2023-01-31,2023-01-31,YKEN,0.281
2023-01-31,2023-01-31,YKENP,0.2815
2023-01-31,2023-01-31,YNDX,2047.2
2023-01-31,2023-01-31,YRSB,186
2023-01-31,2023-01-31,YRSBP,86.5
2023-01-31,2023-01-31,ZILL,2350
2023-01-31,2023-01-31,ZVEZ,4.345
2023-02-28,2023-02-28,ABRD,204
2023-02-28,2023-02-28,ACKO,3.58
2023-02-28,2023-02-28,AFKS,13
2023-02-28,2023-02-28,AFLT,28.2
2023-02-28,2023-02-28,AGRO,700
2023-02-28,2023-02-28,AKRN,18484
2023-02-28,2023-02-28,ALRS,60.52
2023-02-28,2023-02-28,AMEZ,46.57
2023-02-28,2023-02-28,APTK,13
2023-02-28,2023-02-28,AQUA,615.5
2023-02-28,2023-02-28,ARSA,5.46
2023-02-28,2023-02-28,ASSB,0.9
2023-02-28,2023-02-28,AVAN,1065
2023-02-28,2023-02-28,BANE,986.5
2023-02-28,2023-02-28,BANEP,807
2023-02-28,2023-02-28,BELU,2960
2023-02-28,2023-02-28,BISVP,8.58
2023-02-28,2023-02-28,BLNG,17.27
2023-02-28,2023-02-28,BRZL,1066
2023-02-28,2023-02-28,BSPB,107.97
2023-02-28,2023-02-28,BSPBP,27.6
2023-02-28,2023-02-28,CBOM,7.278
2023-02-28,2023-02-28,CHGZ,40.2
2023-02-28,2023-02-28,CHKZ,11180
2023-02-28,2023-02-28,CHMF,1055
2023-02-28,2023-02-28,CHMK,5395
2023-02-28,2023-02-28,CIAN,406
2023-02-28,2023-02-28,CNTL,15.14
2023-02-28,2023-02-28,CNTLP,15.44
2023-02-28,2023-02-28,DIOD,9.01
2023-02-28,2023-02-28,DSKY,69.92
2023-02-28,2023-02-28,DVEC,1.505
2023-02-28,2023-02-28,DZRD,2725
2023-02-28,2023-02-28,DZRDP,2280
2023-02-28,2023-02-28,EELT,9.52
2023-02-28,2023-02-28,ELTZ,363
2023-02-28,2023-02-28,ENPG,393.5
2023-02-28,2023-02-28,ENRU,0.5188
2023-02-28,2023-02-28,ETLN,53.68
2023-02-28,2023-02-28,FEES,0.0893
2023-02-28,2023-02-28,FESH,33.84
2023-02-28,2023-02-28,FIVE,1466
2023-02-28,2023-02-28,FIXP,356.6
2023-02-28,2023-02-28,FLOT,49.21
2023-02-28,2023-02-28,GAZA,424
2023-02-28,2023-02-28,GAZAP,318.5
2023-02-28,2023-02-28,GAZC,328
2023-02-28,2023-02-28,GAZP,157.66
2023-02-28,2023-02-28,GAZS,328
2023-02-28,2023-02-28,GAZT,88.5
2023-02-28,2023-02-28,GCHE,2964
2023-02-28,2023-02-28,GEMA,823.5
2023-02-28,2023-02-28,GEMC,331.4
2023-02-28,2023-02-28,GLTR,344.7
2023-02-28,2023-02-28,GMKN,14498
2023-02-28,2023-02-28,GTRK,62.2
2023-02-28,2023-02-28,HHRU,1331
2023-02-28,2023-02-28,HIMCP,11.18
2023-02-28,2023-02-28,HMSG,95.5
2023-02-28,2023-02-28,HYDR,0.7867
2023-02-28,2023-02-28,IGST,4028
2023-02-28,2023-02-28,IGSTP,3508
2023-02-28,2023-02-28,INGR,1771
2023-02-28,2023-02-28,IRAO,3.4215
2023-02-28,2023-02-28,IRGZ,14.02
2023-02-28,2023-02-28,IRKT,63.8
2023-02-28,2023-02-28,ISKJ,99.56
2023-02-28,2023-02-28,JNOS,19.55
2023-02-28,2023-02-28,JNOSP,11.14
2023-02-28,2023-02-28,KAZT,534.6
2023-02-28,2023-02-28,KAZTP,540.4
2023-02-28,2023-02-28,KBSB,209
2023-02-28,2023-02-28,KCHE,0.195
2023-02-28,2023-02-28,KCHEP,0.348
2023-02-28,2023-02-28,KGKC,39.6
2023-02-28,2023-02-28,KGKCP,41.6
2023-02-28,2023-02-28,KLSB,15.99
2023-02-28,2023-02-28,KMAZ,112.3
2023-02-28,2023-02-28,KMEZ,1211
2023-02-28,2023-02-28,KMTZ,215
2023-02-28,2023-02-28,KOGK,41200
2023-02-28,2023-02-28,KRKN,10550
2023-02-28,2023-02-28,KRKNP,12800
2023-02-28,2023-02-28,KRKOP,12.2
2023-02-28,2023-02-28,KROT,1507
2023-02-28,2023-02-28,KROTP,597.5
2023-02-28,2023-02-28,KRSB,9.28
2023-02-28,2023-02-28,KRSBP,9.34
2023-02-28,2023-02-28,KTSB,0.664
2023-02-28,2023-02-28,KTSBP,0.273
2023-02-28,2023-02-28,KUBE,84
2023-02-28,2023-02-28,KUZB,0.03018
2023-02-28,2023-02-28,KZOS,96.8
2023-02-28,2023-02-28,KZOSP,30.68
2023-02-28,2023-02-28,LENT,707
2023-02-28,2023-02-28,LIFE,6.53
2023-02-28,2023-02-28,LKOH,3990
2023-02-28,2023-02-28,LNZL,15390
2023-02-28,2023-02-28,LNZLP,2535
2023-02-28,2023-02-28,LPSB,11.75
2023-02-28,2023-02-28,LSNG,11.16
2023-02-28,2023-02-28,LSNGP,129
2023-02-28,2023-02-28,LSRG,481.6
2023-02-28,2023-02-28,LVHK,15.2
2023-02-28,2023-02-28,MAGE,4.82
2023-02-28,2023-02-28,MAGEP,2.86
2023-02-28,2023-02-28,MAGN,39.07
2023-02-28,2023-02-28,MDMG,459.9
2023-02-28,2023-02-28,MFGS,379
2023-02-28,2023-02-28,MFGSP,252.5
2023-02-28,2023-02-28,MGNT,4594
2023-02-28,2023-02-28,MGNZ,7440
2023-02-28,2023-02-28,MGTS,1760
2023-02-28,2023-02-28,MGTSP,1252
2023-02-28,2023-02-28,MISB,20.1
2023-02-28,2023-02-28,MISBP,16.7
2023-02-28,2023-02-28,MOEX,115.33
2023-02-28,2023-02-28,MRKC,0.2694
2023-02-28,2023-02-28,MRKK,13.72
2023-02-28,2023-02-28,MRKP,0.2069
2023-02-28,2023-02-28,MRKS,0.304
2023-02-28,2023-02-28,MRKU,0.187
2023-02-28,2023-02-28,MRKV,0.0299
2023-02-28,2023-02-28,MRKY,0.04005
2023-02-28,2023-02-28,MRKZ,0.03015
2023-02-28,2023-02-28,MRSB,0.351
2023-02-28,2023-02-28,MSNG,2.0075
2023-02-28,2023-02-28,MSRS,0.984
2023-02-28,2023-02-28,MSTT,145.15
2023-02-28,2023-02-28,MTLR,126.76
2023-02-28,2023-02-28,MTLRP,166.8
2023-02-28,2023-02-28,MTSS,260.15
2023-02-28,2023-02-28,MVID,179.1
2023-02-28,2023-02-28,NAUK,283
2023-02-28,2023-02-28,NFAZ,313
2023-02-28,2023-02-28,NKHP,320
2023-02-28,2023-02-28,NKNC,117.2
2023-02-28,2023-02-28,NKNCP,85.44
2023-02-28,2023-02-28,NKSH,24.08
2023-02-28,2023-02-28,NLMK,125.2
2023-02-28,2023-02-28,NMTP,5.555
2023-02-28,2023-02-28,NNSB,2135
2023-02-28,2023-02-28,NNSBP,630
2023-02-28,2023-02-28,NSVZ,207
2023-02-28,2023-02-28,NVTK,1065
2023-02-28,2023-02-28,OGKB,0.5995
2023-02-28,2023-02-28,OKEY,25.61
2023-02-28,2023-02-28,OMZZP,6730
2023-02-28,2023-02-28,OZON,1676
2023-02-28,2023-02-28,PAZA,6640
2023-02-28,2023-02-28,PHOR,6763
2023-02-28,2023-02-28,PIKK,622
2023-02-28,2023-02-28,PLZL,8788.5
2023-02-28,2023-02-28,PMSB,136.4
2023-02-28,2023-02-28,PMSBP,144.2
2023-02-28,2023-02-28,POLY,499.4
2023-02-28,2023-02-28,POSI,1623.2
2023-02-28,2023-02-28,PRMB,32200
2023-02-28,2023-02-28,QIWI,465
2023-02-28,2023-02-28,RASP,262.45
2023-02-28,2023-02-28,RBCM,2.984
2023-02-28,2023-02-28,RDRB,177
2023-02-28,2023-02-28,RENI,53.98
2023-02-28,2023-02-28,RGSS,0.1826
2023-02-28,2023-02-28,RKKE,14390
2023-02-28,2023-02-28,RNFT,95.8
2023-02-28,2023-02-28,ROLO,0.774
2023-02-28,2023-02-28,ROSB,109.6
2023-02-28,2023-02-28,ROSN,358.4
2023-02-28,2023-02-28,ROST,68.2
2023-02-28,2023-02-28,RTGZ,25900
2023-02-28,2023-02-28,RTKM,58.73
2023-02-28,2023-02-28,RTKMP,59.05
2023-02-28,2023-02-28,RTSB,0.72
2023-02-28,2023-02-28,RTSBP,0.661
2023-02-28,2023-02-28,RUAL,39.765
2023-02-28,2023-02-28,RUSI,55
2023-02-28,2023-02-28,RZSB,22.1
2023-02-28,2023-02-28,SAGO,1.296
2023-02-28,2023-02-28,SAGOP,1.3
2023-02-28,2023-02-28,SARE,0.122
2023-02-28,2023-02-28,SAREP,0.1208
2023-02-28,2023-02-28,SBER,169.82
2023-02-28,2023-02-28,SBERP,167.73
2023-02-28,2023-02-28,SELG,48.18
2023-02-28,2023-02-28,SFIN,498
2023-02-28,2023-02-28,SFTL,114.3
2023-02-28,2023-02-28,SGZH,5.208
2023-02-28,2023-02-28,SIBN,425.85
2023-02-28,2023-02-28,SLEN,3.395
2023-02-28,2023-02-28,SMLT,2606
2023-02-28,2023-02-28,SNGS,22.73
2023-02-28,2023-02-28,SNGSP,27.935
2023-02-28,2023-02-28,SPBE,147.1
2023-02-28,2023-02-28,STSB,0.973
2023-02-28,2023-02-28,STSBP,0.993
2023-02-28,2023-02-28,SVAV,232.5
2023-02-28,2023-02-28,SVET,23.15
2023-02-28,2023-02-28,TASB,0.515
2023-02-28,2023-02-28,TASBP,0.4045
2023-02-28,2023-02-28,TATN,328.3
2023-02-28,2023-02-28,TATNP,332.2
2023-02-28,2023-02-28,TCSG,2567.5
2023-02-28,2023-02-28,TGKA,0.007972
2023-02-28,2023-02-28,TGKB,0.00474
2023-02-28,2023-02-28,TGKBP,0.01195
2023-02-28,2023-02-28,TGKN,0.0035
2023-02-28,2023-02-28,TNSE,715
2023-02-28,2023-02-28,TORS,0.322
2023-02-28,2023-02-28,TORSP,0.2605
2023-02-28,2023-02-28,TRMK,88.08
2023-02-28,2023-02-28,TRNFP,91650
2023-02-28,2023-02-28,TTLK,0.599
2023-02-28,2023-02-28,TUZA,136
2023-02-28,2023-02-28,UCSS,930
2023-02-28,2023-02-28,UKUZ,1406
2023-02-28,2023-02-28,UNAC,0.7065
2023-02-28,2023-02-28,UNKL,9880
2023-02-28,2023-02-28,UPRO,1.6
2023-02-28,2023-02-28,URKZ,17850
2023-02-28,2023-02-28,USBN,0.0835
2023-02-28,2023-02-28,UTAR,7.95
2023-02-28,2023-02-28,VEON-RX,37.9
2023-02-28,2023-02-28,VGSB,4.095
2023-02-28,2023-02-28,VGSBP,2.675
2023-02-28,2023-02-28,VJGZ,1899
2023-02-28,2023-02-28,VJGZP,717
2023-02-28,2023-02-28,VKCO,475.6
2023-02-28,2023-02-28,VLHZ,103
2023-02-28,2023-02-28,VRSB,278.6
2023-02-28,2023-02-28,VRSBP,77.8
2023-02-28,2023-02-28,VSMO,48080
2023-02-28,2023-02-28,VSYD,5660
2023-02-28,2023-02-28,VSYDP,5760
2023-02-28,2023-02-28,VTBR,0.01646
2023-02-28,2023-02-28,WTCM,8.94
2023-02-28,2023-02-28,WTCMP,7.64
2023-02-28,2023-02-28,WUSH,179.46
2023-02-28,2023-02-28,YAKG,115.95
2023-02-28,2023-02-28,YKEN,0.2815
2023-02-28,2023-02-28,YKENP,0.28
2023-02-28,2023-02-28,YNDX,2015
2023-02-28,2023-02-28,YRSB,214
2023-02-28,2023-02-28,YRSBP,97
2023-02-28,2023-02-28,ZILL,2830
2023-02-28,2023-02-28,ZVEZ,4.85
2023-03-31,2023-03-31,ABRD,214.5
2023-03-31,2023-03-31,ACKO,3.58
2023-03-31,2023-03-31,AFKS,14.787
2023-03-31,2023-03-31,AFLT,31.65
2023-03-31,2023-03-31,AGRO,711
2023-03-31,2023-03-31,AKRN,18508
2023-03-31,2023-03-31,ALRS,65.99
2023-03-31,2023-03-31,AMEZ,100.345
2023-03-31,2023-03-31,APTK,13.008
2023-03-31,2023-03-31,AQUA,609
2023-03-31,2023-03-31,ARSA,5.61
2023-03-31,2023-03-31,ASSB,0.95
2023-03-31,2023-03-31,AVAN,1135
2023-03-31,2023-03-31,BANE,1163
2023-03-31,2023-03-31,BANEP,946.5
2023-03-31,2023-03-31,BELU,4037
2023-03-31,2023-03-31,BISVP,9.15
2023-03-31,2023-03-31,BLNG,26.99
2023-03-31,2023-03-31,BRZL,1262
2023-03-31,2023-03-31,BSPB,148.5
2023-03-31,2023-03-31,BSPBP,28.4
2023-03-31,2023-03-31,CBOM,7.158
2023-03-31,2023-03-31,CHGZ,41.4
2023-03-31,2023-03-31,CHKZ,12680
2023-03-31,2023-03-31,CHMF,1050.6
2023-03-31,2023-03-31,CHMK,5360
2023-03-31,2023-03-31,CIAN,477.8
2023-03-31,2023-03-31,CNTL,15.38
2023-03-31,2023-03-31,CNTLP,14.02
2023-03-31,2023-03-31,DIOD,12.2
2023-03-31,2023-03-31,DSKY,70.96
2023-03-31,2023-03-31,DVEC,1.574
2023-03-31,2023-03-31,DZRD,2925
2023-03-31,2023-03-31,DZRDP,2390
2023-03-31,2023-03-31,EELT,9.66
2023-03-31,2023-03-31,ELFV,0.5728
2023-03-31,2023-03-31,ELTZ,417
2023-03-31,2023-03-31,ENPG,434
2023-03-31,2023-03-31,ETLN,61
2023-03-31,2023-03-31,FEES,0.09916
2023-03-31,2023-03-31,FESH,37.05
2023-03-31,2023-03-31,FIVE,1429
2023-03-31,2023-03-31,FIXP,348.6
2023-03-31,2023-03-31,FLOT,58.26
2023-03-31,2023-03-31,GAZA,653
2023-03-31,2023-03-31,GAZAP,396.5
2023-03-31,2023-03-31,GAZC,328
2023-03-31,2023-03-31,GAZP,169.83
2023-03-31,2023-03-31,GAZS,328
2023-03-31,2023-03-31,GAZT,88.5
2023-03-31,2023-03-31,GCHE,2976.5
2023-03-31,2023-03-31,GEMA,851
2023-03-31,2023-03-31,GEMC,405.3
2023-03-31,2023-03-31,GLTR,432.55
2023-03-31,2023-03-31,GMKN,15010
2023-03-31,2023-03-31,GTRK,72.45
2023-03-31,2023-03-31,HHRU,1366
2023-03-31,2023-03-31,HIMCP,18.68
2023-03-31,2023-03-31,HMSG,97.5
2023-03-31,2023-03-31,HYDR,0.821
2023-03-31,2023-03-31,IGST,5170
2023-03-31,2023-03-31,IGSTP,3796
2023-03-31,2023-03-31,INGR,1650
2023-03-31,2023-03-31,IRAO,3.705
2023-03-31,2023-03-31,IRKT,64.04
2023-03-31,2023-03-31,ISKJ,116.3
2023-03-31,2023-03-31,JNOS,23.25
2023-03-31,2023-03-31,JNOSP,13.1
2023-03-31,2023-03-31,KAZT,599
2023-03-31,2023-03-31,KAZTP,610.6
2023-03-31,2023-03-31,KBSB,201
2023-03-31,2023-03-31,KCHE,0.2275
2023-03-31,2023-03-31,KCHEP,0.368
2023-03-31,2023-03-31,KGKC,42
2023-03-31,2023-03-31,KGKCP,46.6
2023-03-31,2023-03-31,KLSB,17.08
2023-03-31,2023-03-31,KMAZ,119.3
2023-03-31,2023-03-31,KMEZ,1265
2023-03-31,2023-03-31,KMTZ,223.5
2023-03-31,2023-03-31,KOGK,43600
2023-03-31,2023-03-31,KRKN,11250
2023-03-31,2023-03-31,KRKNP,13240
2023-03-31,2023-03-31,KRKOP,16.91
2023-03-31,2023-03-31,KROT,1880
2023-03-31,2023-03-31,KROTP,784.5
2023-03-31,2023-03-31,KRSB,10.45
2023-03-31,2023-03-31,KRSBP,10.38
2023-03-31,2023-03-31,KTSB,0.726
2023-03-31,2023-03-31,KTSBP,0.305
2023-03-31,2023-03-31,KUBE,85.5
2023-03-31,2023-03-31,KUZB,0.045
2023-03-31,2023-03-31,KZOS,103.9
2023-03-31,2023-03-31,KZOSP,30.42
2023-03-31,2023-03-31,LENT,745
2023-03-31,2023-03-31,LIFE,8.48
2023-03-31,2023-03-31,LKOH,4352.5
2023-03-31,2023-03-31,LNZL,16910
2023-03-31,2023-03-31,LNZLP,3275
2023-03-31,2023-03-31,LPSB,12.6
2023-03-31,2023-03-31,LSNG,11.85
2023-03-31,2023-03-31,LSNGP,146.85
2023-03-31,2023-03-31,LSRG,507.2
2023-03-31,2023-03-31,LVHK,16.06
2023-03-31,2023-03-31,MAGE,5.21
2023-03-31,2023-03-31,MAGEP,3.63
2023-03-31,2023-03-31,MAGN,39.94
2023-03-31,2023-03-31,MDMG,534.5
2023-03-31,2023-03-31,MFGS,377
2023-03-31,2023-03-31,MFGSP,258
2023-03-31,2023-03-31,MGNT,4610
2023-03-31,2023-03-31,MGNZ,7440
2023-03-31,2023-03-31,MGTS,1880
2023-03-31,2023-03-31,MGTSP,1298
2023-03-31,2023-03-31,MISB,20.7
2023-03-31,2023-03-31,MISBP,20.9
2023-03-31,2023-03-31,MOEX,112.55
2023-03-31,2023-03-31,MRKC,0.288
2023-03-31,2023-03-31,MRKK,14.8
2023-03-31,2023-03-31,MRKP,0.2072
2023-03-31,2023-03-31,MRKS,0.339
2023-03-31,2023-03-31,MRKU,0.2002
2023-03-31,2023-03-31,MRKV,0.03595
2023-03-31,2023-03-31,MRKY,0.0412
2023-03-31,2023-03-31,MRKZ,0.0337
2023-03-31,2023-03-31,MRSB,0.371
2023-03-31,2023-03-31,MSNG,2.3015
2023-03-31,2023-03-31,MSRS,1.0385
2023-03-31,2023-03-31,MSTT,225.3
2023-03-31,2023-03-31,MTLR,153.82
2023-03-31,2023-03-31,MTLRP,172.3
2023-03-31,2023-03-31,MTSS,257.85
2023-03-31,2023-03-31,MVID,191.8
2023-03-31,2023-03-31,NAUK,332.4
2023-03-31,2023-03-31,NFAZ,322
2023-03-31,2023-03-31,NKHP,385
2023-03-31,2023-03-31,NKNC,118.85
2023-03-31,2023-03-31,NKNCP,93.4
2023-03-31,2023-03-31,NKSH,32.08
2023-03-31,2023-03-31,NLMK,130.44
2023-03-31,2023-03-31,NMTP,6.53
2023-03-31,2023-03-31,NNSB,2405
2023-03-31,2023-03-31,NNSBP,703
2023-03-31,2023-03-31,NSVZ,290
2023-03-31,2023-03-31,NVTK,1155.2
2023-03-31,2023-03-31,OGKB,0.7069
2023-03-31,2023-03-31,OKEY,28.98
2023-03-31,2023-03-31,OMZZP,11695
2023-03-31,2023-03-31,OZON,1781
2023-03-31,2023-03-31,PAZA,6580
2023-03-31,2023-03-31,PHOR,7504
2023-03-31,2023-03-31,PIKK,654.7
2023-03-31,2023-03-31,PLZL,9441.5
2023-03-31,2023-03-31,PMSB,149.6
2023-03-31,2023-03-31,PMSBP,153.2
2023-03-31,2023-03-31,POLY,562.9
2023-03-31,2023-03-31,POSI,1716.8
2023-03-31,2023-03-31,PRMB,36000
2023-03-31,2023-03-31,QIWI,527
2023-03-31,2023-03-31,RASP,272.95
2023-03-31,2023-03-31,RBCM,3.59
2023-03-31,2023-03-31,RDRB,179
2023-03-31,2023-03-31,RENI,57.38
2023-03-31,2023-03-31,RGSS,0.1966
2023-03-31,2023-03-31,RKKE,14190
2023-03-31,2023-03-31,RNFT,134
2023-03-31,2023-03-31,ROLO,0.7813
2023-03-31,2023-03-31,ROSB,117.8
2023-03-31,2023-03-31,ROSN,380.9
2023-03-31,2023-03-31,ROST,70.6
2023-03-31,2023-03-31,RTGZ,31600
2023-03-31,2023-03-31,RTKM,61.28
2023-03-31,2023-03-31,RTKMP,60.6
2023-03-31,2023-03-31,RTSB,0.72
2023-03-31,2023-03-31,RTSBP,0.704
2023-03-31,2023-03-31,RUAL,40.4
2023-03-31,2023-03-31,RUSI,57.9
2023-03-31,2023-03-31,RZSB,28.14
2023-03-31,2023-03-31,SAGO,1.444
2023-03-31,2023-03-31,SAGOP,1.412
2023-03-31,2023-03-31,SARE,0.1322
2023-03-31,2023-03-31,SAREP,0.1326
2023-03-31,2023-03-31,SBER,216.6
2023-03-31,2023-03-31,SBERP,215.84
2023-03-31,2023-03-31,SELG,48.77
2023-03-31,2023-03-31,SFIN,510.6
2023-03-31,2023-03-31,SFTL,108.9
2023-03-31,2023-03-31,SGZH,5.425
2023-03-31,2023-03-31,SIBN,475.15
2023-03-31,2023-03-31,SLEN,3.47
2023-03-31,2023-03-31,SMLT,2610.5
2023-03-31,2023-03-31,SNGS,23.52
2023-03-31,2023-03-31,SNGSP,31.645
2023-03-31,2023-03-31,SPBE,148.9
2023-03-31,2023-03-31,STSB,1.001
2023-03-31,2023-03-31,STSBP,1.1725
2023-03-31,2023-03-31,SVAV,235
2023-03-31,2023-03-31,SVET,26.65
2023-03-31,2023-03-31,TASB,0.5935
2023-03-31,2023-03-31,TASBP,0.4265
2023-03-31,2023-03-31,TATN,373.7
2023-03-31,2023-03-31,TATNP,369.5
2023-03-31,2023-03-31,TCSG,2486.5
2023-03-31,2023-03-31,TGKA,0.008796
2023-03-31,2023-03-31,TGKB,0.004735
2023-03-31,2023-03-31,TGKBP,0.0111
2023-03-31,2023-03-31,TGKN,0.00408
2023-03-31,2023-03-31,TNSE,750
2023-03-31,2023-03-31,TORS,0.418
2023-03-31,2023-03-31,TORSP,0.308
2023-03-31,2023-03-31,TRMK,100.08
2023-03-31,2023-03-31,TRNFP,106150
2023-03-31,2023-03-31,TTLK,0.705
2023-03-31,2023-03-31,TUZA,160
2023-03-31,2023-03-31,UCSS,960
2023-03-31,2023-03-31,UKUZ,1510
2023-03-31,2023-03-31,UNAC,0.712
2023-03-31,2023-03-31,UNKL,10440
2023-03-31,2023-03-31,UPRO,1.928
2023-03-31,2023-03-31,URKZ,22750
2023-03-31,2023-03-31,USBN,0.1017
2023-03-31,2023-03-31,UTAR,8.18
2023-03-31,2023-03-31,VEON-RX,39.6
2023-03-31,2023-03-31,VGSB,4.43
2023-03-31,2023-03-31,VGSBP,2.72
2023-03-31,2023-03-31,VJGZ,1896
2023-03-31,2023-03-31,VJGZP,740
2023-03-31,2023-03-31,VKCO,480.8
2023-03-31,2023-03-31,VLHZ,122.2
2023-03-31,2023-03-31,VRSB,281.6
2023-03-31,2023-03-31,VRSBP,84.4
2023-03-31,2023-03-31,VSMO,46560
2023-03-31,2023-03-31,VSYD,6620
2023-03-31,2023-03-31,VSYDP,6520
2023-03-31,2023-03-31,VTBR,0.01814
2023-03-31,2023-03-31,WTCM,10.2
2023-03-31,2023-03-31,WTCMP,8.52
2023-03-31,2023-03-31,WUSH,201.59
2023-03-31,2023-03-31,YAKG,120.3
2023-03-31,2023-03-31,YKEN,0.311
2023-03-31,2023-03-31,YKENP,0.3075
2023-03-31,2023-03-31,YNDX,1901.6
2023-03-31,2023-03-31,YRSB,210
2023-03-31,2023-03-31,YRSBP,96
2023-03-31,2023-03-31,ZILL,3410
2023-03-31,2023-03-31,ZVEZ,5.795
2023-04-28,2023-04-28,ABRD,257
2023-04-28,2023-04-28,ACKO,3.58
2023-04-28,2023-04-28,AFKS,15.791
2023-04-28,2023-04-28,AFLT,40.24
2023-04-28,2023-04-28,AGRO,785.8
2023-04-28,2023-04-28,AKRN,19086
2023-04-28,2023-04-28,ALRS,67.75
2023-04-28,2023-04-28,AMEZ,84.63
2023-04-28,2023-04-28,APTK,12.892
2023-04-28,2023-04-28,AQUA,599
2023-04-28,2023-04-28,ARSA,6.15
2023-04-28,2023-04-28,ASSB,1.203
2023-04-28,2023-04-28,AVAN,1095
2023-04-28,2023-04-28,BANE,1405
2023-04-28,2023-04-28,BANEP,1241
2023-04-28,2023-04-28,BELU,4172
2023-04-28,2023-04-28,BISVP,10.3
2023-04-28,2023-04-28,BLNG,25.75
2023-04-28,2023-04-28,BRZL,1264
2023-04-28,2023-04-28,BSPB,176.54
2023-04-28,2023-04-28,BSPBP,29.5
2023-04-28,2023-04-28,CBOM,6.857
2023-04-28,2023-04-28,CHGZ,45.2
2023-04-28,2023-04-28,CHKZ,12750
2023-04-28,2023-04-28,CHMF,1002
2023-04-28,2023-04-28,CHMK,6205
2023-04-28,2023-04-28,CIAN,500.4
2023-04-28,2023-04-28,CNTL,16.26
2023-04-28,2023-04-28,CNTLP,13.9
2023-04-28,2023-04-28,DIOD,11.93
2023-04-28,2023-04-28,DSKY,69.84
2023-04-28,2023-04-28,DVEC,1.714
2023-04-28,2023-04-28,DZRD,3140
2023-04-28,2023-04-28,DZRDP,2610
2023-04-28,2023-04-28,EELT,12.5
2023-04-28,2023-04-28,ELFV,0.5902
2023-04-28,2023-04-28,ELTZ,421
2023-04-28,2023-04-28,ENPG,461
2023-04-28,2023-04-28,ETLN,65.4
2023-04-28,2023-04-28,FEES,0.10764
2023-04-28,2023-04-28,FESH,48.37
2023-04-28,2023-04-28,FIVE,1550
2023-04-28,2023-04-28,FIXP,352.6
2023-04-28,2023-04-28,FLOT,59.92
2023-04-28,2023-04-28,GAZA,649.5
2023-04-28,2023-04-28,GAZAP,435.5
2023-04-28,2023-04-28,GAZC,328
2023-04-28,2023-04-28,GAZP,181.13
2023-04-28,2023-04-28,GAZS,328
2023-04-28,2023-04-28,GAZT,88.5
2023-04-28,2023-04-28,GCHE,3121.5
2023-04-28,2023-04-28,GECO,38.496
2023-04-28,2023-04-28,GEMA,914
2023-04-28,2023-04-28,GEMC,433.6
2023-04-28,2023-04-28,GLTR,451.2
2023-04-28,2023-04-28,GMKN,14572
2023-04-28,2023-04-28,GTRK,75.15
2023-04-28,2023-04-28,HHRU,1603
2023-04-28,2023-04-28,HIMCP,22.2
2023-04-28,2023-04-28,HMSG,112.5
2023-04-28,2023-04-28,HYDR,0.8274
2023-04-28,2023-04-28,IGST,5160
2023-04-28,2023-04-28,IGSTP,3732
2023-04-28,2023-04-28,INGR,1564
2023-04-28,2023-04-28,IRAO,4.07
2023-04-28,2023-04-28,IRKT,61.95
2023-04-28,2023-04-28,ISKJ,119.54
2023-04-28,2023-04-28,JNOS,22.6
2023-04-28,2023-04-28,JNOSP,13.5
2023-04-28,2023-04-28,KAZT,669
2023-04-28,2023-04-28,KAZTP,670.4
2023-04-28,2023-04-28,KBSB,278
2023-04-28,2023-04-28,KCHE,0.2505
2023-04-28,2023-04-28,KCHEP,0.453
2023-04-28,2023-04-28,KGKC,49.4
2023-04-28,2023-04-28,KGKCP,48.2
2023-04-28,2023-04-28,KLSB,19.78
2023-04-28,2023-04-28,KMAZ,163.2
2023-04-28,2023-04-28,KMEZ,1327
2023-04-28,2023-04-28,KMTZ,221.5
2023-04-28,2023-04-28,KOGK,47800
2023-04-28,2023-04-28,KRKN,11250
2023-04-28,2023-04-28,KRKNP,14560
2023-04-28,2023-04-28,KRKOP,16.09
2023-04-28,2023-04-28,KROT,1897
2023-04-28,2023-04-28,KROTP,756
2023-04-28,2023-04-28,KRSB,13.85
2023-04-28,2023-04-28,KRSBP,14.18
2023-04-28,2023-04-28,KTSB,1.752
2023-04-28,2023-04-28,KTSBP,0.66
2023-04-28,2023-04-28,KUBE,130
2023-04-28,2023-04-28,KUZB,0.04101
2023-04-28,2023-04-28,KZOS,102.5
2023-04-28,2023-04-28,KZOSP,30.94
2023-04-28,2023-04-28,LENT,750
2023-04-28,2023-04-28,LIFE,8.79
2023-04-28,2023-04-28,LKOH,4674.5
2023-04-28,2023-04-28,LNZL,16690
2023-04-28,2023-04-28,LNZLP,3160
2023-04-28,2023-04-28,LPSB,17.05
2023-04-28,2023-04-28,LSNG,16.07
2023-04-28,2023-04-28,LSNGP,152.6
2023-04-28,2023-04-28,LSRG,590
2023-04-28,2023-04-28,LVHK,19.06
2023-04-28,2023-04-28,MAGE,6
2023-04-28,2023-04-28,MAGEP,4.39
2023-04-28,2023-04-28,MAGN,39.61
2023-04-28,2023-04-28,MDMG,558.4
2023-04-28,2023-04-28,MFGS,378.5
2023-04-28,2023-04-28,MFGSP,274.5
2023-04-28,2023-04-28,MGNT,4686.5
2023-04-28,2023-04-28,MGNZ,7440
2023-04-28,2023-04-28,MGTS,1895
2023-04-28,2023-04-28,MGTSP,1378
2023-04-28,2023-04-28,MISB,38.4
2023-04-28,2023-04-28,MISBP,45
2023-04-28,2023-04-28,MOEX,110.04
2023-04-28,2023-04-28,MRKC,0.357
2023-04-28,2023-04-28,MRKK,18.28
2023-04-28,2023-04-28,MRKP,0.2325
2023-04-28,2023-04-28,MRKS,0.4025
2023-04-28,2023-04-28,MRKU,0.2372
2023-04-28,2023-04-28,MRKV,0.0409
2023-04-28,2023-04-28,MRKY,0.0498
2023-04-28,2023-04-28,MRKZ,0.0378
2023-04-28,2023-04-28,MRSB,0.543
2023-04-28,2023-04-28,MSNG,2.4385
2023-04-28,2023-04-28,MSRS,1.091
2023-04-28,2023-04-28,MSTT,241.05
2023-04-28,2023-04-28,MTLR,191.49
2023-04-28,2023-04-28,MTLRP,208.75
2023-04-28,2023-04-28,MTSS,272.15
2023-04-28,2023-04-28,MVID,201
2023-04-28,2023-04-28,NAUK,367.2
2023-04-28,2023-04-28,NFAZ,400
2023-04-28,2023-04-28,NKHP,391.5
2023-04-28,2023-04-28,NKNC,121.3
2023-04-28,2023-04-28,NKNCP,92.92
2023-04-28,2023-04-28,NKSH,34.88
2023-04-28,2023-04-28,NLMK,137.28
2023-04-28,2023-04-28,NMTP,7.43
2023-04-28,2023-04-28,NNSB,3010
2023-04-28,2023-04-28,NNSBP,960
2023-04-28,2023-04-28,NSVZ,283
2023-04-28,2023-04-28,NVTK,1340.8
2023-04-28,2023-04-28,OGKB,0.718
2023-04-28,2023-04-28,OKEY,31.81
2023-04-28,2023-04-28,OMZZP,10005
2023-04-28,2023-04-28,OZON,1704
2023-04-28,2023-04-28,PAZA,6940
2023-04-28,2023-04-28,PHOR,7276
2023-04-28,2023-04-28,PIKK,688.9
2023-04-28,2023-04-28,PLZL,10404
2023-04-28,2023-04-28,PMSB,172.6
2023-04-28,2023-04-28,PMSBP,173.2
2023-04-28,2023-04-28,POLY,653.7
2023-04-28,2023-04-28,POSI,1710.8
2023-04-28,2023-04-28,PRMB,39800
2023-04-28,2023-04-28,QIWI,614.5
2023-04-28,2023-04-28,RASP,289.15
2023-04-28,2023-04-28,RBCM,3.816
2023-04-28,2023-04-28,RDRB,189
2023-04-28,2023-04-28,RENI,63.98
2023-04-28,2023-04-28,RGSS,0.22
2023-04-28,2023-04-28,RKKE,15980
2023-04-28,2023-04-28,RNFT,135.6
2023-04-28,2023-04-28,ROLO,0.7731
2023-04-28,2023-04-28,ROSB,108.8
2023-04-28,2023-04-28,ROSN,393.8
2023-04-28,2023-04-28,ROST,78.2
2023-04-28,2023-04-28,RTGZ,31900
2023-04-28,2023-04-28,RTKM,65.49
2023-04-28,2023-04-28,RTKMP,64.3
2023-04-28,2023-04-28,RTSB,1.652
2023-04-28,2023-04-28,RTSBP,1.239
2023-04-28,2023-04-28,RUAL,40.865
2023-04-28,2023-04-28,RUSI,73.9
2023-04-28,2023-04-28,RZSB,37.44
2023-04-28,2023-04-28,SAGO,2.288
2023-04-28,2023-04-28,SAGOP,2.254
2023-04-28,2023-04-28,SARE,0.2116
2023-04-28,2023-04-28,SAREP,0.1758
2023-04-28,2023-04-28,SBER,240.38
2023-04-28,2023-04-28,SBERP,239.39
2023-04-28,2023-04-28,SELG,51.34
2023-04-28,2023-04-28,SFIN,518.8
2023-04-28,2023-04-28,SFTL,122.7
2023-04-28,2023-04-28,SGZH,5.671
2023-04-28,2023-04-28,SIBN,501.1
2023-04-28,2023-04-28,SLEN,4.095
2023-04-28,2023-04-28,SMLT,2723.5
2023-04-28,2023-04-28,SNGS,25.085
2023-04-28,2023-04-28,SNGSP,35.205
2023-04-28,2023-04-28,SPBE,160.9
2023-04-28,2023-04-28,STSB,1.479
2023-04-28,2023-04-28,STSBP,1.437
2023-04-28,2023-04-28,SVAV,421
2023-04-28,2023-04-28,SVET,32.05
2023-04-28,2023-04-28,TASB,1.035
2023-04-28,2023-04-28,TASBP,0.6605
2023-04-28,2023-04-28,TATN,404
2023-04-28,2023-04-28,TATNP,406.5
2023-04-28,2023-04-28,TCSG,2754
2023-04-28,2023-04-28,TGKA,0.009514
2023-04-28,2023-04-28,TGKB,0.00508
2023-04-28,2023-04-28,TGKBP,0.01093
2023-04-28,2023-04-28,TGKN,0.00488
2023-04-28,2023-04-28,TNSE,985
2023-04-28,2023-04-28,TORS,0.549
2023-04-28,2023-04-28,TORSP,0.351
2023-04-28,2023-04-28,TRMK,101.22
2023-04-28,2023-04-28,TRNFP,120300
2023-04-28,2023-04-28,TTLK,0.752
2023-04-28,2023-04-28,TUZA,193.5
2023-04-28,2023-04-28,UCSS,990
2023-04-28,2023-04-28,UKUZ,1490
2023-04-28,2023-04-28,UNAC,0.7155
2023-04-28,2023-04-28,UNKL,10500
2023-04-28,2023-04-28,UPRO,1.964
2023-04-28,2023-04-28,URKZ,23350
2023-04-28,2023-04-28,USBN,0.1095
2023-04-28,2023-04-28,UTAR,8.52
2023-04-28,2023-04-28,VEON-RX,52.75
2023-04-28,2023-04-28,VGSB,6.84
2023-04-28,2023-04-28,VGSBP,4.865
2023-04-28,2023-04-28,VJGZ,1869
2023-04-28,2023-04-28,VJGZP,767
2023-04-28,2023-04-28,VKCO,496.6
2023-04-28,2023-04-28,VLHZ,147.65
2023-04-28,2023-04-28,VRSB,365.6
2023-04-28,2023-04-28,VRSBP,102.4
2023-04-28,2023-04-28,VSMO,52820
2023-04-28,2023-04-28,VSYD,6805
2023-04-28,2023-04-28,VSYDP,6840
2023-04-28,2023-04-28,VTBR,0.02222
2023-04-28,2023-04-28,WTCM,11.66
2023-04-28,2023-04-28,WTCMP,9.3
2023-04-28,2023-04-28,WUSH,234.09
2023-04-28,2023-04-28,YAKG,121.7
2023-04-28,2023-04-28,YKEN,0.381
2023-04-28,2023-04-28,YKENP,0.37
2023-04-28,2023-04-28,YNDX,2070.6
2023-04-28,2023-04-28,YRSB,400
2023-04-28,2023-04-28,YRSBP,154
2023-04-28,2023-04-28,ZILL,3855
2023-04-28,2023-04-28,ZVEZ,5.67
2023-04-30,2023-04-28,ABRD,257
2023-04-30,2023-04-28,ACKO,3.58
2023-04-30,2023-04-28,AFKS,15.791
2023-04-30,2023-04-28,AFLT,40.24
2023-04-30,2023-04-28,AGRO,785.8
2023-04-30,2023-04-28,AKRN,19086
2023-04-30,2023-04-28,ALRS,67.75
2023-04-30,2023-04-28,AMEZ,84.63
2023-04-30,2023-04-28,APTK,12.892
2023-04-30,2023-04-28,AQUA,599
2023-04-30,2023-04-28,ARSA,6.15
2023-04-30,2023-04-28,ASSB,1.203
2023-04-30,2023-04-28,AVAN,1095
2023-04-30,2023-04-28,BANE,1405
2023-04-30,2023-04-28,BANEP,1241
2023-04-30,2023-04-28,BELU,4172
2023-04-30,2023-04-28,BISVP,10.3
2023-04-30,2023-04-28,BLNG,25.75
2023-04-30,2023-04-28,BRZL,1264
2023-04-30,2023-04-28,BSPB,176.54
2023-04-30,2023-04-28,BSPBP,29.5
2023-04-30,2023-04-28,CBOM,6.857
2023-04-30,2023-04-28,CHGZ,45.2
2023-04-30,2023-04-28,CHKZ,12750
2023-04-30,2023-04-28,CHMF,1002
2023-04-30,2023-04-28,CHMK,6205
2023-04-30,2023-04-28,CIAN,500.4
2023-04-30,2023-04-28,CNTL,16.26
2023-04-30,2023-04-28,CNTLP,13.9
2023-04-30,2023-04-28,DIOD,11.93
2023-04-30,2023-04-28,DSKY,69.84
2023-04-30,2023-04-28,DVEC,1.714
2023-04-30,2023-04-28,DZRD,3140
2023-04-30,2023-04-28,DZRDP,2610
2023-04-30,2023-04-28,EELT,12.5
2023-04-30,2023-04-28,ELFV,0.5902
2023-04-30,2023-04-28,ELTZ,421
2023-04-30,2023-04-28,ENPG,461
2023-04-30,2023-04-28,ETLN,65.4
2023-04-30,2023-04-28,FEES,0.10764
2023-04-30,2023-04-28,FESH,48.37
2023-04-30,2023-04-28,FIVE,1550
2023-04-30,2023-04-28,FIXP,352.6
2023-04-30,2023-04-28,FLOT,59.92
2023-04-30,2023-04-28,GAZA,649.5
2023-04-30,2023-04-28,GAZAP,435.5
2023-04-30,2023-04-28,GAZC,328
2023-04-30,2023-04-28,GAZP,181.13
2023-04-30,2023-04-28,GAZS,328
2023-04-30,2023-04-28,GAZT,88.5
2023-04-30,2023-04-28,GCHE,3121.5
2023-04-30,2023-04-28,GECO,38.496
2023-04-30,2023-04-28,GEMA,914
2023-04-30,2023-04-28,GEMC,433.6
2023-04-30,2023-04-28,GLTR,451.2
2023-04-30,2023-04-28,GMKN,14572
2023-04-30,2023-04-28,GTRK,75.15
2023-04-30,2023-04-28,HHRU,1603
2023-04-30,2023-04-28,HIMCP,22.2
2023-04-30,2023-04-28,HMSG,112.5
2023-04-30,2023-04-28,HYDR,0.8274
2023-04-30,2023-04-28,IGST,5160
2023-04-30,2023-04-28,IGSTP,3732
2023-04-30,2023-04-28,INGR,1564
2023-04-30,2023-04-28,IRAO,4.07
2023-04-30,2023-04-28,IRKT,61.95
2023-04-30,2023-04-28,ISKJ,119.54
2023-04-30,2023-04-28,JNOS,22.6
2023-04-30,2023-04-28,JNOSP,13.5
2023-04-30,2023-04-28,KAZT,669
2023-04-30,2023-04-28,KAZTP,670.4
2023-04-30,2023-04-28,KBSB,278
2023-04-30,2023-04-28,KCHE,0.2505
2023-04-30,2023-04-28,KCHEP,0.453
2023-04-30,2023-04-28,KGKC,49.4
2023-04-30,2023-04-28,KGKCP,48.2
2023-04-30,2023-04-28,KLSB,19.78
2023-04-30,2023-04-28,KMAZ,163.2
2023-04-30,2023-04-28,KMEZ,1327
2023-04-30,2023-04-28,KMTZ,221.5
2023-04-30,2023-04-28,KOGK,47800
2023-04-30,2023-04-28,KRKN,11250
2023-04-30,2023-04-28,KRKNP,14560
2023-04-30,2023-04-28,KRKOP,16.09
2023-04-30,2023-04-28,KROT,1897
2023-04-30,2023-04-28,KROTP,756
2023-04-30,2023-04-28,KRSB,13.85
2023-04-30,2023-04-28,KRSBP,14.18
2023-04-30,2023-04-28,KTSB,1.752
2023-04-30,2023-04-28,KTSBP,0.66
2023-04-30,2023-04-28,KUBE,130
2023-04-30,2023-04-28,KUZB,0.04101
2023-04-30,2023-04-28,KZOS,102.5
2023-04-30,2023-04-28,KZOSP,30.94
2023-04-30,2023-04-28,LENT,750
2023-04-30,2023-04-28,LIFE,8.79
2023-04-30,2023-04-28,LKOH,4674.5
2023-04-30,2023-04-28,LNZL,16690
2023-04-30,2023-04-28,LNZLP,3160
2023-04-30,2023-04-28,LPSB,17.05
2023-04-30,2023-04-28,LSNG,16.07
2023-04-30,2023-04-28,LSNGP,152.6
2023-04-30,2023-04-28,LSRG,590
2023-04-30,2023-04-28,LVHK,19.06
2023-04-30,2023-04-28,MAGE,6
2023-04-30,2023-04-28,MAGEP,4.39
2023-04-30,2023-04-28,MAGN,39.61
2023-04-30,2023-04-28,MDMG,558.4
2023-04-30,2023-04-28,MFGS,378.5
2023-04-30,2023-04-28,MFGSP,274.5
2023-04-30,2023-04-28,MGNT,4686.5
2023-04-30,2023-04-28,MGNZ,7440
2023-04-30,2023-04-28,MGTS,1895
2023-04-30,2023-04-28,MGTSP,1378
2023-04-30,2023-04-28,MISB,38.4
2023-04-30,2023-04-28,MISBP,45
2023-04-30,2023-04-28,MOEX,110.04
2023-04-30,2023-04-28,MRKC,0.357
2023-04-30,2023-04-28,MRKK,18.28
2023-04-30,2023-04-28,MRKP,0.2325
2023-04-30,2023-04-28,MRKS,0.4025
2023-04-30,2023-04-28,MRKU,0.2372
2023-04-30,2023-04-28,MRKV,0.0409
2023-04-30,2023-04-28,MRKY,0.0498
2023-04-30,2023-04-28,MRKZ,0.0378
2023-04-30,2023-04-28,MRSB,0.543
2023-04-30,2023-04-28,MSNG,2.4385
2023-04-30,2023-04-28,MSRS,1.091
2023-04-30,2023-04-28,MSTT,241.05
2023-04-30,2023-04-28,MTLR,191.49
2023-04-30,2023-04-28,MTLRP,208.75
2023-04-30,2023-04-28,MTSS,272.15
2023-04-30,2023-04-28,MVID,201
2023-04-30,2023-04-28,NAUK,367.2
2023-04-30,2023-04-28,NFAZ,400
2023-04-30,2023-04-28,NKHP,391.5
2023-04-30,2023-04-28,NKNC,121.3
2023-04-30,2023-04-28,NKNCP,92.92
2023-04-30,2023-04-28,NKSH,34.88
2023-04-30,2023-04-28,NLMK,137.28
2023-04-30,2023-04-28,NMTP,7.43
2023-04-30,2023-04-28,NNSB,3010
2023-04-30,2023-04-28,NNSBP,960
2023-04-30,2023-04-28,NSVZ,283
2023-04-30,2023-04-28,NVTK,1340.8
2023-04-30,2023-04-28,OGKB,0.718
2023-04-30,2023-04-28,OKEY,31.81
2023-04-30,2023-04-28,OMZZP,10005
2023-04-30,2023-04-28,OZON,1704
2023-04-30,2023-04-28,PAZA,6940
2023-04-30,2023-04-28,PHOR,7276
2023-04-30,2023-04-28,PIKK,688.9
2023-04-30,2023-04-28,PLZL,10404
2023-04-30,2023-04-28,PMSB,172.6
2023-04-30,2023-04-28,PMSBP,173.2
2023-04-30,2023-04-28,POLY,653.7
2023-04-30,2023-04-28,POSI,1710.8
2023-04-30,2023-04-28,PRMB,39800
2023-04-30,2023-04-28,QIWI,614.5
2023-04-30,2023-04-28,RASP,289.15
2023-04-30,2023-04-28,RBCM,3.816
2023-04-30,2023-04-28,RDRB,189
2023-04-30,2023-04-28,RENI,63.98
2023-04-30,2023-04-28,RGSS,0.22
2023-04-30,2023-04-28,RKKE,15980
2023-04-30,2023-04-28,RNFT,135.6
2023-04-30,2023-04-28,ROLO,0.7731
2023-04-30,2023-04-28,ROSB,108.8
2023-04-30,2023-04-28,ROSN,393.8
2023-04-30,2023-04-28,ROST,78.2
2023-04-30,2023-04-28,RTGZ,31900
2023-04-30,2023-04-28,RTKM,65.49
2023-04-30,2023-04-28,RTKMP,64.3
2023-04-30,2023-04-28,RTSB,1.652
2023-04-30,2023-04-28,RTSBP,1.239
2023-04-30,2023-04-28,RUAL,40.865
2023-04-30,2023-04-28,RUSI,73.9
2023-04-30,2023-04-28,RZSB,37.44
2023-04-30,2023-04-28,SAGO,2.288
2023-04-30,2023-04-28,SAGOP,2.254
2023-04-30,2023-04-28,SARE,0.2116
2023-04-30,2023-04-28,SAREP,0.1758
2023-04-30,2023-04-28,SBER,240.38
2023-04-30,2023-04-28,SBERP,239.39
2023-04-30,2023-04-28,SELG,51.34
2023-04-30,2023-04-28,SFIN,518.8
2023-04-30,2023-04-28,SFTL,122.7
2023-04-30,2023-04-28,SGZH,5.671
2023-04-30,2023-04-28,SIBN,501.1
2023-04-30,2023-04-28,SLEN,4.095
2023-04-30,2023-04-28,SMLT,2723.5
2023-04-30,2023-04-28,SNGS,25.085
2023-04-30,2023-04-28,SNGSP,35.205
2023-04-30,2023-04-28,SPBE,160.9
2023-04-30,2023-04-28,STSB,1.479
2023-04-30,2023-04-28,STSBP,1.437
2023-04-30,2023-04-28,SVAV,421
2023-04-30,2023-04-28,SVET,32.05
2023-04-30,2023-04-28,TASB,1.035
2023-04-30,2023-04-28,TASBP,0.6605
2023-04-30,2023-04-28,TATN,404
2023-04-30,2023-04-28,TATNP,406.5
2023-04-30,2023-04-28,TCSG,2754
2023-04-30,2023-04-28,TGKA,0.009514
2023-04-30,2023-04-28,TGKB,0.00508
2023-04-30,2023-04-28,TGKBP,0.01093
2023-04-30,2023-04-28,TGKN,0.00488
2023-04-30,2023-04-28,TNSE,985
2023-04-30,2023-04-28,TORS,0.549
2023-04-30,2023-04-28,TORSP,0.351
2023-04-30,2023-04-28,TRMK,101.22
2023-04-30,2023-04-28,TRNFP,120300
2023-04-30,2023-04-28,TTLK,0.752
2023-04-30,2023-04-28,TUZA,193.5
2023-04-30,2023-04-28,UCSS,990
2023-04-30,2023-04-28,UKUZ,1490
2023-04-30,2023-04-28,UNAC,0.7155
2023-04-30,2023-04-28,UNKL,10500
2023-04-30,2023-04-28,UPRO,1.964
2023-04-30,2023-04-28,URKZ,23350
2023-04-30,2023-04-28,USBN,0.1095
2023-04-30,2023-04-28,UTAR,8.52
2023-04-30,2023-04-28,VEON-RX,52.75
2023-04-30,2023-04-28,VGSB,6.84
2023-04-30,2023-04-28,VGSBP,4.865
2023-04-30,2023-04-28,VJGZ,1869
2023-04-30,2023-04-28,VJGZP,767
2023-04-30,2023-04-28,VKCO,496.6
2023-04-30,2023-04-28,VLHZ,147.65
2023-04-30,2023-04-28,VRSB,365.6
2023-04-30,2023-04-28,VRSBP,102.4
2023-04-30,2023-04-28,VSMO,52820
2023-04-30,2023-04-28,VSYD,6805
2023-04-30,2023-04-28,VSYDP,6840
2023-04-30,2023-04-28,VTBR,0.02222
2023-04-30,2023-04-28,WTCM,11.66
2023-04-30,2023-04-28,WTCMP,9.3
2023-04-30,2023-04-28,WUSH,234.09
2023-04-30,2023-04-28,YAKG,121.7
2023-04-30,2023-04-28,YKEN,0.381
2023-04-30,2023-04-28,YKENP,0.37
2023-04-30,2023-04-28,YNDX,2070.6
2023-04-30,2023-04-28,YRSB,400
2023-04-30,2023-04-28,YRSBP,154
2023-04-30,2023-04-28,ZILL,3855
2023-04-30,2023-04-28,ZVEZ,5.67
2023-05-31,2023-05-31,ABRD,283
2023-05-31,2023-05-31,ACKO,3.58
2023-05-31,2023-05-31,AFKS,15.883
2023-05-31,2023-05-31,AFLT,40.06
2023-05-31,2023-05-31,AGRO,866
2023-05-31,2023-05-31,AKRN,18984
2023-05-31,2023-05-31,ALRS,65.79
2023-05-31,2023-05-31,AMEZ,68
2023-05-31,2023-05-31,APTK,12.632
2023-05-31,2023-05-31,AQUA,601.5
2023-05-31,2023-05-31,ARSA,6.46
2023-05-31,2023-05-31,ASSB,1.204
2023-05-31,2023-05-31,AVAN,1050
2023-05-31,2023-05-31,BANE,1993.5
2023-05-31,2023-05-31,BANEP,1592
2023-05-31,2023-05-31,BELU,4152
2023-05-31,2023-05-31,BISVP,11.09
2023-05-31,2023-05-31,BLNG,24.57
2023-05-31,2023-05-31,BRZL,1205
2023-05-31,2023-05-31,BSPB,167.28
2023-05-31,2023-05-31,BSPBP,35.6
2023-05-31,2023-05-31,CBOM,6.024
2023-05-31,2023-05-31,CHGZ,47
2023-05-31,2023-05-31,CHKZ,12500
2023-05-31,2023-05-31,CHMF,1024
2023-05-31,2023-05-31,CHMK,6015
2023-05-31,2023-05-31,CIAN,573.4
2023-05-31,2023-05-31,CNTL,15
2023-05-31,2023-05-31,CNTLP,12.78
2023-05-31,2023-05-31,DIOD,12.19
2023-05-31,2023-05-31,DSKY,70.74
2023-05-31,2023-05-31,DVEC,1.554
2023-05-31,2023-05-31,DZRD,3140
2023-05-31,2023-05-31,DZRDP,2400
2023-05-31,2023-05-31,EELT,12.52
2023-05-31,2023-05-31,ELFV,0.5558
2023-05-31,2023-05-31,ELTZ,403.5
2023-05-31,2023-05-31,ENPG,436.2
2023-05-31,2023-05-31,ETLN,84.64
2023-05-31,2023-05-31,FEES,0.10332
2023-05-31,2023-05-31,FESH,61.57
2023-05-31,2023-05-31,FIVE,1495.5
2023-05-31,2023-05-31,FIXP,363.9
2023-05-31,2023-05-31,FLOT,78.02
2023-05-31,2023-05-31,GAZA,925
2023-05-31,2023-05-31,GAZAP,518.5
2023-05-31,2023-05-31,GAZC,328
2023-05-31,2023-05-31,GAZP,162.94
2023-05-31,2023-05-31,GAZS,328
2023-05-31,2023-05-31,GAZT,88.5
2023-05-31,2023-05-31,GCHE,3030.5
2023-05-31,2023-05-31,GECO,30.6
2023-05-31,2023-05-31,GEMA,948
2023-05-31,2023-05-31,GEMC,521.3
2023-05-31,2023-05-31,GLTR,461.25
2023-05-31,2023-05-31,GMKN,14580
2023-05-31,2023-05-31,GTRK,78.45
2023-05-31,2023-05-31,HHRU,2021
2023-05-31,2023-05-31,HIMCP,21.42
2023-05-31,2023-05-31,HMSG,142
2023-05-31,2023-05-31,HYDR,0.8482
2023-05-31,2023-05-31,IGST,4668
2023-05-31,2023-05-31,IGSTP,3746
2023-05-31,2023-05-31,INGR,1523
2023-05-31,2023-05-31,IRAO,4.0855
2023-05-31,2023-05-31,IRKT,60.35
2023-05-31,2023-05-31,ISKJ,103.92
2023-05-31,2023-05-31,JNOS,23.75
2023-05-31,2023-05-31,JNOSP,13.44
2023-05-31,2023-05-31,KAZT,669.6
2023-05-31,2023-05-31,KAZTP,673
2023-05-31,2023-05-31,KBSB,254.5
2023-05-31,2023-05-31,KCHE,0.2405
2023-05-31,2023-05-31,KCHEP,0.543
2023-05-31,2023-05-31,KGKC,47.4
2023-05-31,2023-05-31,KGKCP,50
2023-05-31,2023-05-31,KLSB,17.91
2023-05-31,2023-05-31,KMAZ,184.7
2023-05-31,2023-05-31,KMEZ,1258
2023-05-31,2023-05-31,KMTZ,217
2023-05-31,2023-05-31,KOGK,44800
2023-05-31,2023-05-31,KRKN,11150
2023-05-31,2023-05-31,KRKNP,12780
2023-05-31,2023-05-31,KRKOP,16.12
2023-05-31,2023-05-31,KROT,1746
2023-05-31,2023-05-31,KROTP,694
2023-05-31,2023-05-31,KRSB,14.1
2023-05-31,2023-05-31,KRSBP,14
2023-05-31,2023-05-31,KTSB,1.946
2023-05-31,2023-05-31,KTSBP,0.7545
2023-05-31,2023-05-31,KUBE,136.6
2023-05-31,2023-05-31,KUZB,0.04622
2023-05-31,2023-05-31,KZOS,106.2
2023-05-31,2023-05-31,KZOSP,27.88
2023-05-31,2023-05-31,LENT,726.5
2023-05-31,2023-05-31,LIFE,7.26
2023-05-31,2023-05-31,LKOH,5569
2023-05-31,2023-05-31,LNZL,15620
2023-05-31,2023-05-31,LNZLP,2955
2023-05-31,2023-05-31,LPSB,16.15
2023-05-31,2023-05-31,LSNG,14.72
2023-05-31,2023-05-31,LSNGP,196.5
2023-05-31,2023-05-31,LSRG,738
2023-05-31,2023-05-31,LVHK,21.6
2023-05-31,2023-05-31,MAGE,5.58
2023-05-31,2023-05-31,MAGEP,4.3
2023-05-31,2023-05-31,MAGN,40.67
2023-05-31,2023-05-31,MDMG,565
2023-05-31,2023-05-31,MFGS,410
2023-05-31,2023-05-31,MFGSP,277
2023-05-31,2023-05-31,MGNT,4293.5
2023-05-31,2023-05-31,MGNZ,7440
2023-05-31,2023-05-31,MGTS,1805
2023-05-31,2023-05-31,MGTSP,1192
2023-05-31,2023-05-31,MISB,35.2
2023-05-31,2023-05-31,MISBP,43
2023-05-31,2023-05-31,MOEX,116.32
2023-05-31,2023-05-31,MRKC,0.376
2023-05-31,2023-05-31,MRKK,16.7
2023-05-31,2023-05-31,MRKP,0.222
2023-05-31,2023-05-31,MRKS,0.364
2023-05-31,2023-05-31,MRKU,0.2908
2023-05-31,2023-05-31,MRKV,0.04015
2023-05-31,2023-05-31,MRKY,0.0484
2023-05-31,2023-05-31,MRKZ,0.03805
2023-05-31,2023-05-31,MRSB,0.551
2023-05-31,2023-05-31,MSNG,2.711
2023-05-31,2023-05-31,MSRS,1.155
2023-05-31,2023-05-31,MSTT,222.6
2023-05-31,2023-05-31,MTLR,177.2
2023-05-31,2023-05-31,MTLRP,192.95
2023-05-31,2023-05-31,MTSS,317.1
2023-05-31,2023-05-31,MVID,190.3
2023-05-31,2023-05-31,NAUK,349.4
2023-05-31,2023-05-31,NFAZ,381.5
2023-05-31,2023-05-31,NKHP,395
2023-05-31,2023-05-31,NKNC,111.35
2023-05-31,2023-05-31,NKNCP,80.14
2023-05-31,2023-05-31,NKSH,34.46
2023-05-31,2023-05-31,NLMK,147.16
2023-05-31,2023-05-31,NMTP,8
2023-05-31,2023-05-31,NNSB,2760
2023-05-31,2023-05-31,NNSBP,938
2023-05-31,2023-05-31,NSVZ,249
2023-05-31,2023-05-31,NVTK,1298.4
2023-05-31,2023-05-31,OGKB,0.7241
2023-05-31,2023-05-31,OKEY,30.88
2023-05-31,2023-05-31,OMZZP,9950
2023-05-31,2023-05-31,OZON,1757.5
2023-05-31,2023-05-31,PAZA,7160
2023-05-31,2023-05-31,PHOR,7692
2023-05-31,2023-05-31,PIKK,711.6
2023-05-31,2023-05-31,PLZL,10594
2023-05-31,2023-05-31,PMSB,148.5
2023-05-31,2023-05-31,PMSBP,151.8
2023-05-31,2023-05-31,POLY,625.9
2023-05-31,2023-05-31,POSI,1861.8
2023-05-31,2023-05-31,PRMB,36800
2023-05-31,2023-05-31,QIWI,658
2023-05-31,2023-05-31,RASP,285
2023-05-31,2023-05-31,RBCM,3.592
2023-05-31,2023-05-31,RDRB,179
2023-05-31,2023-05-31,RENI,68.1
2023-05-31,2023-05-31,RGSS,0.2198
2023-05-31,2023-05-31,RKKE,14430
2023-05-31,2023-05-31,RNFT,119.3
2023-05-31,2023-05-31,ROLO,0.722
2023-05-31,2023-05-31,ROSB,101.4
2023-05-31,2023-05-31,ROSN,450.1
2023-05-31,2023-05-31,ROST,74.8
2023-05-31,2023-05-31,RTGZ,30100
2023-05-31,2023-05-31,RTKM,73.15
2023-05-31,2023-05-31,RTKMP,72.45
2023-05-31,2023-05-31,RTSB,1.454
2023-05-31,2023-05-31,RTSBP,1.064
2023-05-31,2023-05-31,RUAL,39.095
2023-05-31,2023-05-31,RUSI,62.1
2023-05-31,2023-05-31,RZSB,35.5
2023-05-31,2023-05-31,SAGO,2.652
2023-05-31,2023-05-31,SAGOP,2.7
2023-05-31,2023-05-31,SARE,0.2224
2023-05-31,2023-05-31,SAREP,0.187
2023-05-31,2023-05-31,SBER,246.17
2023-05-31,2023-05-31,SBERP,241.13
2023-05-31,2023-05-31,SELG,50.23
2023-05-31,2023-05-31,SFIN,500.8
2023-05-31,2023-05-31,SFTL,126.1
2023-05-31,2023-05-31,SGZH,5.175
2023-05-31,2023-05-31,SIBN,515.2
2023-05-31,2023-05-31,SLEN,4.105
2023-05-31,2023-05-31,SMLT,3033.5
2023-05-31,2023-05-31,SNGS,24.425
2023-05-31,2023-05-31,SNGSP,31.545
2023-05-31,2023-05-31,SPBE,153.2
2023-05-31,2023-05-31,STSB,1.88
2023-05-31,2023-05-31,STSBP,1.9205
2023-05-31,2023-05-31,SVAV,700
2023-05-31,2023-05-31,SVET,30.05
2023-05-31,2023-05-31,TASB,1.171
2023-05-31,2023-05-31,TASBP,0.658
2023-05-31,2023-05-31,TATN,443.2
2023-05-31,2023-05-31,TATNP,444.3
2023-05-31,2023-05-31,TCSG,3317.5
2023-05-31,2023-05-31,TGKA,0.00899
2023-05-31,2023-05-31,TGKB,0.00513
2023-05-31,2023-05-31,TGKBP,0.01122
2023-05-31,2023-05-31,TGKN,0.00935
2023-05-31,2023-05-31,TNSE,995
2023-05-31,2023-05-31,TORS,0.591
2023-05-31,2023-05-31,TORSP,0.3685
2023-05-31,2023-05-31,TRMK,116
2023-05-31,2023-05-31,TRNFP,133300
2023-05-31,2023-05-31,TTLK,0.7295
2023-05-31,2023-05-31,TUZA,175
2023-05-31,2023-05-31,UCSS,915
2023-05-31,2023-05-31,UKUZ,1444
2023-05-31,2023-05-31,UNAC,0.6945
2023-05-31,2023-05-31,UNKL,9820
2023-05-31,2023-05-31,UPRO,1.932
2023-05-31,2023-05-31,URKZ,22650
2023-05-31,2023-05-31,USBN,0.1469
2023-05-31,2023-05-31,UTAR,8.41
2023-05-31,2023-05-31,VEON-RX,51.65
2023-05-31,2023-05-31,VGSB,6.46
2023-05-31,2023-05-31,VGSBP,4.59
2023-05-31,2023-05-31,VJGZ,1725
2023-05-31,2023-05-31,VJGZP,726
2023-05-31,2023-05-31,VKCO,574.8
2023-05-31,2023-05-31,VLHZ,146.9
2023-05-31,2023-05-31,VRSB,349.6
2023-05-31,2023-05-31,VRSBP,96.4
2023-05-31,2023-05-31,VSMO,49680
2023-05-31,2023-05-31,VSYD,6690
2023-05-31,2023-05-31,VSYDP,6700
2023-05-31,2023-05-31,VTBR,0.0222
2023-05-31,2023-05-31,WTCM,10.26
2023-05-31,2023-05-31,WTCMP,7.9
2023-05-31,2023-05-31,WUSH,215.27
2023-05-31,2023-05-31,YAKG,117.2
2023-05-31,2023-05-31,YKEN,0.371
2023-05-31,2023-05-31,YKENP,0.369
2023-05-31,2023-05-31,YNDX,2324.2
2023-05-31,2023-05-31,YRSB,358
2023-05-31,2023-05-31,YRSBP,139.5
2023-05-31,2023-05-31,ZILL,3390
2023-05-31,2023-05-31,ZVEZ,5.49
2023-06-30,2023-06-30,ABRD,334
2023-06-30,2023-06-30,ACKO,3.58
2023-06-30,2023-06-30,AFKS,17.466
2023-06-30,2023-06-30,AFLT,42.7
2023-06-30,2023-06-30,AGRO,975
2023-06-30,2023-06-30,AKRN,18968
2023-06-30,2023-06-30,ALRS,70.3
2023-06-30,2023-06-30,AMEZ,67.845
2023-06-30,2023-06-30,APTK,13.5
2023-06-30,2023-06-30,AQUA,634.5
2023-06-30,2023-06-30,ARSA,7.16
2023-06-30,2023-06-30,ASSB,1.34
2023-06-30,2023-06-30,AVAN,1125
2023-06-30,2023-06-30,BANE,2134
2023-06-30,2023-06-30,BANEP,1715
2023-06-30,2023-06-30,BELU,4196
2023-06-30,2023-06-30,BISVP,11.01
2023-06-30,2023-06-30,BLNG,24.325
2023-06-30,2023-06-30,BRZL,1179
2023-06-30,2023-06-30,BSPB,165
2023-06-30,2023-06-30,BSPBP,65.85
2023-06-30,2023-06-30,CBOM,6.785
2023-06-30,2023-06-30,CHGZ,51.2
2023-06-30,2023-06-30,CHKZ,12850
2023-06-30,2023-06-30,CHMF,1174
2023-06-30,2023-06-30,CHMK,6350
2023-06-30,2023-06-30,CIAN,704.8
2023-06-30,2023-06-30,CNTL,15.18
2023-06-30,2023-06-30,CNTLP,12.32
2023-06-30,2023-06-30,DIOD,12.72
2023-06-30,2023-06-30,DSKY,71.26
2023-06-30,2023-06-30,DVEC,1.61
2023-06-30,2023-06-30,DZRD,3805
2023-06-30,2023-06-30,DZRDP,3370
2023-06-30,2023-06-30,EELT,12.6
2023-06-30,2023-06-30,ELFV,0.5666
2023-06-30,2023-06-30,ELTZ,395
2023-06-30,2023-06-30,ENPG,463
2023-06-30,2023-06-30,ETLN,84.38
2023-06-30,2023-06-30,FEES,0.09916
2023-06-30,2023-06-30,FESH,66.25
2023-06-30,2023-06-30,FIVE,1511
2023-06-30,2023-06-30,FIXP,376
2023-06-30,2023-06-30,FLOT,89.65
2023-06-30,2023-06-30,GAZA,890
2023-06-30,2023-06-30,GAZAP,513
2023-06-30,2023-06-30,GAZC,328
2023-06-30,2023-06-30,GAZP,166.86
2023-06-30,2023-06-30,GAZS,328
2023-06-30,2023-06-30,GAZT,88.5
2023-06-30,2023-06-30,GCHE,3126.5
2023-06-30,2023-06-30,GECO,33.432
2023-06-30,2023-06-30,GEMA,974
2023-06-30,2023-06-30,GEMC,642.4
2023-06-30,2023-06-30,GLTR,486.65
2023-06-30,2023-06-30,GMKN,14726
2023-06-30,2023-06-30,GTRK,81.1
2023-06-30,2023-06-30,HHRU,2144
2023-06-30,2023-06-30,HIMCP,27
2023-06-30,2023-06-30,HMSG,174.5
2023-06-30,2023-06-30,HYDR,0.8632
2023-06-30,2023-06-30,IGST,5060
2023-06-30,2023-06-30,IGSTP,3908
2023-06-30,2023-06-30,INGR,1712
2023-06-30,2023-06-30,IRAO,4.037
2023-06-30,2023-06-30,IRKT,60.8
2023-06-30,2023-06-30,ISKJ,104.02
2023-06-30,2023-06-30,JNOS,28.85
2023-06-30,2023-06-30,JNOSP,17.74
2023-06-30,2023-06-30,KAZT,644
2023-06-30,2023-06-30,KAZTP,660
2023-06-30,2023-06-30,KBSB,283
2023-06-30,2023-06-30,KCHE,0.283
2023-06-30,2023-06-30,KCHEP,0.724
2023-06-30,2023-06-30,KGKC,52
2023-06-30,2023-06-30,KGKCP,59.6
2023-06-30,2023-06-30,KLSB,20.35
2023-06-30,2023-06-30,KMAZ,206.9
2023-06-30,2023-06-30,KMEZ,1366
2023-06-30,2023-06-30,KMTZ,231
2023-06-30,2023-06-30,KOGK,46000
2023-06-30,2023-06-30,KRKN,11800
2023-06-30,2023-06-30,KRKNP,13340
2023-06-30,2023-06-30,KRKOP,16.44
2023-06-30,2023-06-30,KROT,1878
2023-06-30,2023-06-30,KROTP,709
2023-06-30,2023-06-30,KRSB,14.54
2023-06-30,2023-06-30,KRSBP,14.58
2023-06-30,2023-06-30,KTSB,2.468
2023-06-30,2023-06-30,KTSBP,1.02
2023-06-30,2023-06-30,KUBE,206
2023-06-30,2023-06-30,KUZB,0.06132
2023-06-30,2023-06-30,KZOS,123
2023-06-30,2023-06-30,KZOSP,29.82
2023-06-30,2023-06-30,LENT,754
2023-06-30,2023-06-30,LIFE,7.535
2023-06-30,2023-06-30,LKOH,5079
2023-06-30,2023-06-30,LNZL,14770
2023-06-30,2023-06-30,LNZLP,3160
2023-06-30,2023-06-30,LPSB,21.7
2023-06-30,2023-06-30,LSNG,14.92
2023-06-30,2023-06-30,LSNGP,198
2023-06-30,2023-06-30,LSRG,869
2023-06-30,2023-06-30,LVHK,22.34
2023-06-30,2023-06-30,MAGE,5.6
2023-06-30,2023-06-30,MAGEP,4.43
2023-06-30,2023-06-30,MAGN,47.41
2023-06-30,2023-06-30,MDMG,633.7
2023-06-30,2023-06-30,MFGS,422
2023-06-30,2023-06-30,MFGSP,272.5
2023-06-30,2023-06-30,MGNT,5156
2023-06-30,2023-06-30,MGNZ,7440
2023-06-30,2023-06-30,MGTS,1750
2023-06-30,2023-06-30,MGTSP,1176
2023-06-30,2023-06-30,MISB,39.3
2023-06-30,2023-06-30,MISBP,43.7
2023-06-30,2023-06-30,MOEX,123.06
2023-06-30,2023-06-30,MRKC,0.4102
2023-06-30,2023-06-30,MRKK,17.94
2023-06-30,2023-06-30,MRKP,0.2529
2023-06-30,2023-06-30,MRKS,0.385
2023-06-30,2023-06-30,MRKU,0.3014
2023-06-30,2023-06-30,MRKV,0.0427
2023-06-30,2023-06-30,MRKY,0.04985
2023-06-30,2023-06-30,MRKZ,0.0388
2023-06-30,2023-06-30,MRSB,0.607
2023-06-30,2023-06-30,MSNG,3.1105
2023-06-30,2023-06-30,MSRS,1.172
2023-06-30,2023-06-30,MSTT,222.65
2023-06-30,2023-06-30,MTLR,179.92
2023-06-30,2023-06-30,MTLRP,188.1
2023-06-30,2023-06-30,MTSS,296.75
2023-06-30,2023-06-30,MVID,190.2
2023-06-30,2023-06-30,NAUK,349.4
2023-06-30,2023-06-30,NFAZ,359.5
2023-06-30,2023-06-30,NKHP,707
2023-06-30,2023-06-30,NKNC,121.4
2023-06-30,2023-06-30,NKNCP,85.7
2023-06-30,2023-06-30,NKSH,39
2023-06-30,2023-06-30,NLMK,172.74
2023-06-30,2023-06-30,NMTP,9.77
2023-06-30,2023-06-30,NNSB,3135
2023-06-30,2023-06-30,NNSBP,1086
2023-06-30,2023-06-30,NSVZ,263
2023-06-30,2023-06-30,NVTK,1335
2023-06-30,2023-06-30,OGKB,0.7411
2023-06-30,2023-06-30,OKEY,32.49
2023-06-30,2023-06-30,OMZZP,10195
2023-06-30,2023-06-30,OZON,1970
2023-06-30,2023-06-30,PAZA,7600
2023-06-30,2023-06-30,PHOR,7310
2023-06-30,2023-06-30,PIKK,758.3
2023-06-30,2023-06-30,PLZL,10804
2023-06-30,2023-06-30,PMSB,161
2023-06-30,2023-06-30,PMSBP,178.8
2023-06-30,2023-06-30,POLY,523.4
2023-06-30,2023-06-30,POSI,1998.6
2023-06-30,2023-06-30,PRMB,36800
2023-06-30,2023-06-30,QIWI,658.5
2023-06-30,2023-06-30,RASP,293.5
2023-06-30,2023-06-30,RBCM,3.818
2023-06-30,2023-06-30,RDRB,227
2023-06-30,2023-06-30,RENI,78.94
2023-06-30,2023-06-30,RGSS,0.222
2023-06-30,2023-06-30,RKKE,14640
2023-06-30,2023-06-30,RNFT,141.8
2023-06-30,2023-06-30,ROLO,0.7313
2023-06-30,2023-06-30,ROSB,98.4
2023-06-30,2023-06-30,ROSN,482.35
2023-06-30,2023-06-30,ROST,81.8
2023-06-30,2023-06-30,RTGZ,28800
2023-06-30,2023-06-30,RTKM,71.83
2023-06-30,2023-06-30,RTKMP,75.1
2023-06-30,2023-06-30,RTSB,1.874
2023-06-30,2023-06-30,RTSBP,1.185
2023-06-30,2023-06-30,RUAL,39.23
2023-06-30,2023-06-30,RUSI,63.7
2023-06-30,2023-06-30,RZSB,34.36
2023-06-30,2023-06-30,SAGO,2.85
2023-06-30,2023-06-30,SAGOP,2.862
2023-06-30,2023-06-30,SARE,0.2706
2023-06-30,2023-06-30,SAREP,0.2458
2023-06-30,2023-06-30,SBER,239.61
2023-06-30,2023-06-30,SBERP,236.96
2023-06-30,2023-06-30,SELG,50.39
2023-06-30,2023-06-30,SFIN,494.4
2023-06-30,2023-06-30,SFTL,154.1
2023-06-30,2023-06-30,SGZH,5.845
2023-06-30,2023-06-30,SIBN,527.95
2023-06-30,2023-06-30,SLEN,4.545
2023-06-30,2023-06-30,SMLT,3079
2023-06-30,2023-06-30,SNGS,28.44
2023-06-30,2023-06-30,SNGSP,41.79
2023-06-30,2023-06-30,SPBE,165.4
2023-06-30,2023-06-30,STSB,2.054
2023-06-30,2023-06-30,STSBP,2.1325
2023-06-30,2023-06-30,SVAV,813
2023-06-30,2023-06-30,SVET,31.45
2023-06-30,2023-06-30,TASB,1.4455
2023-06-30,2023-06-30,TASBP,0.769
2023-06-30,2023-06-30,TATN,505.7
2023-06-30,2023-06-30,TATNP,501.5
2023-06-30,2023-06-30,TCSG,3280
2023-06-30,2023-06-30,TGKA,0.009062
2023-06-30,2023-06-30,TGKB,0.005275
2023-06-30,2023-06-30,TGKBP,0.0108
2023-06-30,2023-06-30,TGKN,0.00929
2023-06-30,2023-06-30,TNSE,1830
2023-06-30,2023-06-30,TORS,0.633
2023-06-30,2023-06-30,TORSP,0.409
2023-06-30,2023-06-30,TRMK,168.88
2023-06-30,2023-06-30,TRNFP,141950
2023-06-30,2023-06-30,TTLK,0.727
2023-06-30,2023-06-30,TUZA,166.5
2023-06-30,2023-06-30,UCSS,955
2023-06-30,2023-06-30,UKUZ,1530
2023-06-30,2023-06-30,UNAC,0.7515
2023-06-30,2023-06-30,UNKL,10090
2023-06-30,2023-06-30,UPRO,1.793
2023-06-30,2023-06-30,URKZ,25700
2023-06-30,2023-06-30,USBN,0.1525
2023-06-30,2023-06-30,UTAR,9.15
2023-06-30,2023-06-30,VEON-RX,50.6
2023-06-30,2023-06-30,VGSB,7.54
2023-06-30,2023-06-30,VGSBP,5.745
2023-06-30,2023-06-30,VJGZ,1819
2023-06-30,2023-06-30,VJGZP,739
2023-06-30,2023-06-30,VKCO,613
2023-06-30,2023-06-30,VLHZ,203.6
2023-06-30,2023-06-30,VRSB,353.4
2023-06-30,2023-06-30,VRSBP,101.8
2023-06-30,2023-06-30,VSMO,49020
2023-06-30,2023-06-30,VSYD,9330
2023-06-30,2023-06-30,VSYDP,9380
2023-06-30,2023-06-30,VTBR,0.021685
2023-06-30,2023-06-30,WTCM,12.5
2023-06-30,2023-06-30,WTCMP,8.86
2023-06-30,2023-06-30,WUSH,227.97
2023-06-30,2023-06-30,YAKG,117.8
2023-06-30,2023-06-30,YKEN,0.458
2023-06-30,2023-06-30,YKENP,0.4155
2023-06-30,2023-06-30,YNDX,2439.6
2023-06-30,2023-06-30,YRSB,468
2023-06-30,2023-06-30,YRSBP,169
2023-06-30,2023-06-30,ZILL,3345
2023-06-30,2023-06-30,ZVEZ,6.41
2023-07-31,2023-07-31,ABRD,345.4
2023-07-31,2023-07-31,ACKO,3.58
2023-07-31,2023-07-31,AFKS,18.875
2023-07-31,2023-07-31,AFLT,45.63
2023-07-31,2023-07-31,AGRO,1114.2
2023-07-31,2023-07-31,AKRN,19530
2023-07-31,2023-07-31,ALRS,85.5
2023-07-31,2023-07-31,AMEZ,72.51
2023-07-31,2023-07-31,APTK,17.3
2023-07-31,2023-07-31,AQUA,732.5
2023-07-31,2023-07-31,ARSA,9.22
2023-07-31,2023-07-31,ASSB,2.419
2023-07-31,2023-07-31,AVAN,1155
2023-07-31,2023-07-31,BANE,1896.5
2023-07-31,2023-07-31,BANEP,1342.5
2023-07-31,2023-07-31,BELU,4863
2023-07-31,2023-07-31,BISVP,12.87
2023-07-31,2023-07-31,BLNG,30.8
2023-07-31,2023-07-31,BRZL,1383
2023-07-31,2023-07-31,BSPB,219.3
2023-07-31,2023-07-31,BSPBP,78.35
2023-07-31,2023-07-31,CARM,2.902
2023-07-31,2023-07-31,CBOM,7.256
2023-07-31,2023-07-31,CHGZ,53.2
2023-07-31,2023-07-31,CHKZ,13050
2023-07-31,2023-07-31,CHMF,1367.6
2023-07-31,2023-07-31,CHMK,7380
2023-07-31,2023-07-31,CIAN,767.2
2023-07-31,2023-07-31,CNTL,17.84
2023-07-31,2023-07-31,CNTLP,13.5
2023-07-31,2023-07-31,DIOD,14.59
2023-07-31,2023-07-31,DSKY,70.58
2023-07-31,2023-07-31,DVEC,1.82
2023-07-31,2023-07-31,DZRD,4795
2023-07-31,2023-07-31,DZRDP,3750
2023-07-31,2023-07-31,EELT,13.26
2023-07-31,2023-07-31,ELFV,0.6336
2023-07-31,2023-07-31,ELTZ,638.5
2023-07-31,2023-07-31,ENPG,538.2
2023-07-31,2023-07-31,ETLN,92.24
2023-07-31,2023-07-31,FEES,0.12224
2023-07-31,2023-07-31,FESH,88.1
2023-07-31,2023-07-31,FIVE,2119
2023-07-31,2023-07-31,FIXP,424.4
2023-07-31,2023-07-31,FLOT,98.6
2023-07-31,2023-07-31,GAZA,1038.5
2023-07-31,2023-07-31,GAZAP,567.5
2023-07-31,2023-07-31,GAZC,328
2023-07-31,2023-07-31,GAZP,174.33
2023-07-31,2023-07-31,GAZS,328
2023-07-31,2023-07-31,GAZT,88.5
2023-07-31,2023-07-31,GCHE,3433
2023-07-31,2023-07-31,GECO,34.182
2023-07-31,2023-07-31,GEMA,941
2023-07-31,2023-07-31,GEMC,860.4
2023-07-31,2023-07-31,GLTR,692.1
2023-07-31,2023-07-31,GMKN,16712
2023-07-31,2023-07-31,GTRK,134.05
2023-07-31,2023-07-31,HHRU,2495
2023-07-31,2023-07-31,HIMCP,31.09
2023-07-31,2023-07-31,HMSG,184
2023-07-31,2023-07-31,HYDR,0.8698
2023-07-31,2023-07-31,IGST,7008
2023-07-31,2023-07-31,IGSTP,5280
2023-07-31,2023-07-31,INGR,1982
2023-07-31,2023-07-31,IRAO,4.1605
2023-07-31,2023-07-31,IRKT,68.75
2023-07-31,2023-07-31,ISKJ,114.08
2023-07-31,2023-07-31,JNOS,30.25
2023-07-31,2023-07-31,JNOSP,18.06
2023-07-31,2023-07-31,KAZT,677
2023-07-31,2023-07-31,KAZTP,718.2
2023-07-31,2023-07-31,KBSB,525
2023-07-31,2023-07-31,KCHE,0.35
2023-07-31,2023-07-31,KCHEP,1.03
2023-07-31,2023-07-31,KGKC,62.8
2023-07-31,2023-07-31,KGKCP,60.6
2023-07-31,2023-07-31,KLSB,30.26
2023-07-31,2023-07-31,KMAZ,232.5
2023-07-31,2023-07-31,KMEZ,1602
2023-07-31,2023-07-31,KMTZ,318
2023-07-31,2023-07-31,KOGK,52800
2023-07-31,2023-07-31,KRKN,12950
2023-07-31,2023-07-31,KRKNP,13640
2023-07-31,2023-07-31,KRKOP,18.14
2023-07-31,2023-07-31,KROT,2254
2023-07-31,2023-07-31,KROTP,773
2023-07-31,2023-07-31,KRSB,17.62
2023-07-31,2023-07-31,KRSBP,17.52
2023-07-31,2023-07-31,KTSB,2.8
2023-07-31,2023-07-31,KTSBP,1.1
2023-07-31,2023-07-31,KUBE,338
2023-07-31,2023-07-31,KUZB,0.06349
2023-07-31,2023-07-31,KZOS,114.5
2023-07-31,2023-07-31,KZOSP,32.33
2023-07-31,2023-07-31,LENT,818
2023-07-31,2023-07-31,LIFE,8.22
2023-07-31,2023-07-31,LKOH,5938
2023-07-31,2023-07-31,LNZL,16190
2023-07-31,2023-07-31,LNZLP,3175
2023-07-31,2023-07-31,LPSB,27
2023-07-31,2023-07-31,LSNG,19.56
2023-07-31,2023-07-31,LSNGP,212.4
2023-07-31,2023-07-31,LSRG,774.6
2023-07-31,2023-07-31,LVHK,25.62
2023-07-31,2023-07-31,MAGE,6.63
2023-07-31,2023-07-31,MAGEP,4.78
2023-07-31,2023-07-31,MAGN,53.5
2023-07-31,2023-07-31,MDMG,706
2023-07-31,2023-07-31,MFGS,457.5
2023-07-31,2023-07-31,MFGSP,293.5
2023-07-31,2023-07-31,MGNT,5797.5
2023-07-31,2023-07-31,MGNZ,7440
2023-07-31,2023-07-31,MGTS,2000
2023-07-31,2023-07-31,MGTSP,1368
2023-07-31,2023-07-31,MISB,52.8
2023-07-31,2023-07-31,MISBP,57.6
2023-07-31,2023-07-31,MOEX,134
2023-07-31,2023-07-31,MRKC,0.5202
2023-07-31,2023-07-31,MRKK,24.38
2023-07-31,2023-07-31,MRKP,0.3636
2023-07-31,2023-07-31,MRKS,0.7275
2023-07-31,2023-07-31,MRKU,0.4686
2023-07-31,2023-07-31,MRKV,0.0609
2023-07-31,2023-07-31,MRKY,0.0646
2023-07-31,2023-07-31,MRKZ,0.05095
2023-07-31,2023-07-31,MRSB,0.667
2023-07-31,2023-07-31,MSNG,3.027
2023-07-31,2023-07-31,MSRS,1.354
2023-07-31,2023-07-31,MSTT,246.95
2023-07-31,2023-07-31,MTLR,216.64
2023-07-31,2023-07-31,MTLRP,226.55
2023-07-31,2023-07-31,MTSS,290.1
2023-07-31,2023-07-31,MVID,218.3
2023-07-31,2023-07-31,NAUK,383.6
2023-07-31,2023-07-31,NFAZ,447.5
2023-07-31,2023-07-31,NKHP,1149.5
2023-07-31,2023-07-31,NKNC,130.2
2023-07-31,2023-07-31,NKNCP,87.4
2023-07-31,2023-07-31,NKSH,55.9
2023-07-31,2023-07-31,NLMK,211.44
2023-07-31,2023-07-31,NMTP,10.275
2023-07-31,2023-07-31,NNSB,4110
2023-07-31,2023-07-31,NNSBP,1476
2023-07-31,2023-07-31,NSVZ,347.5
2023-07-31,2023-07-31,NVTK,1519.4
2023-07-31,2023-07-31,OGKB,0.6925
2023-07-31,2023-07-31,OKEY,37.33
2023-07-31,2023-07-31,OMZZP,11360
2023-07-31,2023-07-31,OZON,2434
2023-07-31,2023-07-31,PAZA,12400
2023-07-31,2023-07-31,PHOR,7548
2023-07-31,2023-07-31,PIKK,783.9
2023-07-31,2023-07-31,PLZL,11892
2023-07-31,2023-07-31,PMSB,180
2023-07-31,2023-07-31,PMSBP,200.4
2023-07-31,2023-07-31,POLY,557.3
2023-07-31,2023-07-31,POSI,2167.6
2023-07-31,2023-07-31,PRFN,6.964
2023-07-31,2023-07-31,PRMB,38400
2023-07-31,2023-07-31,QIWI,614.5
2023-07-31,2023-07-31,RASP,347.95
2023-07-31,2023-07-31,RBCM,4.618
2023-07-31,2023-07-31,RDRB,221
2023-07-31,2023-07-31,RENI,93.88
2023-07-31,2023-07-31,RGSS,0.25
2023-07-31,2023-07-31,RKKE,16380
2023-07-31,2023-07-31,RNFT,168.4
2023-07-31,2023-07-31,ROLO,0.8002
2023-07-31,2023-07-31,ROSB,107.4
2023-07-31,2023-07-31,ROSN,508.75
2023-07-31,2023-07-31,ROST,140.8
2023-07-31,2023-07-31,RTGZ,31500
2023-07-31,2023-07-31,RTKM,74.79
2023-07-31,2023-07-31,RTKMP,74.45
2023-07-31,2023-07-31,RTSB,3.42
2023-07-31,2023-07-31,RTSBP,1.574
2023-07-31,2023-07-31,RUAL,44.18
2023-07-31,2023-07-31,RUSI,86.7
2023-07-31,2023-07-31,RZSB,37.26
2023-07-31,2023-07-31,SAGO,3.4
2023-07-31,2023-07-31,SAGOP,3.456
2023-07-31,2023-07-31,SARE,0.4736
2023-07-31,2023-07-31,SAREP,0.2828
2023-07-31,2023-07-31,SBER,267.4
2023-07-31,2023-07-31,SBERP,265.29
2023-07-31,2023-07-31,SELG,73.1
2023-07-31,2023-07-31,SFIN,521.8
2023-07-31,2023-07-31,SFTL,234.5
2023-07-31,2023-07-31,SGZH,6.506
2023-07-31,2023-07-31,SIBN,574.25
2023-07-31,2023-07-31,SLEN,5.295
2023-07-31,2023-07-31,SMLT,3703.5
2023-07-31,2023-07-31,SNGS,29.785
2023-07-31,2023-07-31,SNGSP,46.795
2023-07-31,2023-07-31,SPBE,188.2
2023-07-31,2023-07-31,STSB,3.467
2023-07-31,2023-07-31,STSBP,2.5125
2023-07-31,2023-07-31,SVAV,897
2023-07-31,2023-07-31,SVET,33
2023-07-31,2023-07-31,TASB,1.6595
2023-07-31,2023-07-31,TASBP,0.8525
2023-07-31,2023-07-31,TATN,523.5
2023-07-31,2023-07-31,TATNP,515.5
2023-07-31,2023-07-31,TCSG,3546.5
2023-07-31,2023-07-31,TGKA,0.01111
2023-07-31,2023-07-31,TGKB,0.008905
2023-07-31,2023-07-31,TGKBP,0.01353
2023-07-31,2023-07-31,TGKN,0.01911
2023-07-31,2023-07-31,TNSE,2650
2023-07-31,2023-07-31,TORS,0.86
2023-07-31,2023-07-31,TORSP,0.505
2023-07-31,2023-07-31,TRMK,208.02
2023-07-31,2023-07-31,TRNFP,122400
2023-07-31,2023-07-31,TTLK,0.844
2023-07-31,2023-07-31,TUZA,183
2023-07-31,2023-07-31,UCSS,990
2023-07-31,2023-07-31,UKUZ,1824
2023-07-31,2023-07-31,UNAC,0.778
2023-07-31,2023-07-31,UNKL,10570
2023-07-31,2023-07-31,UPRO,2.137
2023-07-31,2023-07-31,URKZ,27850
2023-07-31,2023-07-31,USBN,0.164
2023-07-31,2023-07-31,UTAR,10.3
2023-07-31,2023-07-31,VEON-RX,53.05
2023-07-31,2023-07-31,VGSB,9.67
2023-07-31,2023-07-31,VGSBP,7.405
2023-07-31,2023-07-31,VJGZ,2158
2023-07-31,2023-07-31,VJGZP,841
2023-07-31,2023-07-31,VKCO,716.6
2023-07-31,2023-07-31,VLHZ,276.65
2023-07-31,2023-07-31,VRSB,576.8
2023-07-31,2023-07-31,VRSBP,157.2
2023-07-31,2023-07-31,VSMO,50480
2023-07-31,2023-07-31,VSYD,11200
2023-07-31,2023-07-31,VSYDP,10280
2023-07-31,2023-07-31,VTBR,0.025815
2023-07-31,2023-07-31,WTCM,13.8
2023-07-31,2023-07-31,WTCMP,9.84
2023-07-31,2023-07-31,WUSH,240
2023-07-31,2023-07-31,YAKG,134.2
2023-07-31,2023-07-31,YKEN,0.4865
2023-07-31,2023-07-31,YKENP,0.447
2023-07-31,2023-07-31,YNDX,2635
2023-07-31,2023-07-31,YRSB,760
2023-07-31,2023-07-31,YRSBP,222
2023-07-31,2023-07-31,ZILL,3600
2023-07-31,2023-07-31,ZVEZ,7.12
2023-08-31,2023-08-31,ABIO,112.9
2023-08-31,2023-08-31,ABRD,349.6
2023-08-31,2023-08-31,ACKO,3.58
2023-08-31,2023-08-31,AFKS,18.385
2023-08-31,2023-08-31,AFLT,44.02
2023-08-31,2023-08-31,AGRO,1242.4
2023-08-31,2023-08-31,AKRN,19200
2023-08-31,2023-08-31,ALRS,81.27
2023-08-31,2023-08-31,AMEZ,80.42
2023-08-31,2023-08-31,APTK,17.176
2023-08-31,2023-08-31,AQUA,995
2023-08-31,2023-08-31,ARSA,12.19
2023-08-31,2023-08-31,ASSB,4.794
2023-08-31,2023-08-31,AVAN,1218
2023-08-31,2023-08-31,BANE,1899
2023-08-31,2023-08-31,BANEP,1422
2023-08-31,2023-08-31,BELU,5944
2023-08-31,2023-08-31,BISVP,12.52
2023-08-31,2023-08-31,BLNG,35.555
2023-08-31,2023-08-31,BRZL,1474
2023-08-31,2023-08-31,BSPB,288.93
2023-08-31,2023-08-31,BSPBP,74.85
2023-08-31,2023-08-31,CARM,2.826
2023-08-31,2023-08-31,CBOM,7.092
2023-08-31,2023-08-31,CHGZ,54.4
2023-08-31,2023-08-31,CHKZ,21350
2023-08-31,2023-08-31,CHMF,1427.4
2023-08-31,2023-08-31,CHMK,12415
2023-08-31,2023-08-31,CIAN,882.8
2023-08-31,2023-08-31,CNTL,19.58
2023-08-31,2023-08-31,CNTLP,15.2
2023-08-31,2023-08-31,DIOD,21.1
2023-08-31,2023-08-31,DSKY,68.18
2023-08-31,2023-08-31,DVEC,2.877
2023-08-31,2023-08-31,DZRD,10020
2023-08-31,2023-08-31,DZRDP,5990
2023-08-31,2023-08-31,EELT,14.5
2023-08-31,2023-08-31,ELFV,0.756
2023-08-31,2023-08-31,ELTZ,730
2023-08-31,2023-08-31,ENPG,538
2023-08-31,2023-08-31,ETLN,89.52
2023-08-31,2023-08-31,FEES,0.13226
2023-08-31,2023-08-31,FESH,109.44
2023-08-31,2023-08-31,FIVE,2332.5
2023-08-31,2023-08-31,FIXP,427.5
2023-08-31,2023-08-31,FLOT,112.87
2023-08-31,2023-08-31,GAZA,1224.5
2023-08-31,2023-08-31,GAZAP,580
2023-08-31,2023-08-31,GAZC,328
2023-08-31,2023-08-31,GAZP,177.99
2023-08-31,2023-08-31,GAZS,328
2023-08-31,2023-08-31,GAZT,88.5
2023-08-31,2023-08-31,GCHE,4160
2023-08-31,2023-08-31,GECO,33.08
2023-08-31,2023-08-31,GEMA,1118
2023-08-31,2023-08-31,GEMC,956.3
2023-08-31,2023-08-31,GLTR,707.1
2023-08-31,2023-08-31,GMKN,16832
2023-08-31,2023-08-31,GTRK,332
2023-08-31,2023-08-31,HHRU,3750
2023-08-31,2023-08-31,HIMCP,43.4
2023-08-31,2023-08-31,HMSG,328
2023-08-31,2023-08-31,HYDR,0.9917
2023-08-31,2023-08-31,IGST,14200
2023-08-31,2023-08-31,IGSTP,11604
2023-08-31,2023-08-31,INGR,1767
2023-08-31,2023-08-31,IRAO,4.192
2023-08-31,2023-08-31,IRKT,111.8
2023-08-31,2023-08-31,JNOS,34.35
2023-08-31,2023-08-31,JNOSP,18.78
2023-08-31,2023-08-31,KAZT,665.6
2023-08-31,2023-08-31,KAZTP,706.6
2023-08-31,2023-08-31,KBSB,886
2023-08-31,2023-08-31,KCHE,1.4385
2023-08-31,2023-08-31,KCHEP,2.206
2023-08-31,2023-08-31,KGKC,85.8
2023-08-31,2023-08-31,KGKCP,60.8
2023-08-31,2023-08-31,KLSB,47.06
2023-08-31,2023-08-31,KMAZ,247.2
2023-08-31,2023-08-31,KMEZ,2998
2023-08-31,2023-08-31,KMTZ,395
2023-08-31,2023-08-31,KOGK,62200
2023-08-31,2023-08-31,KRKN,14850
2023-08-31,2023-08-31,KRKNP,14700
2023-08-31,2023-08-31,KRKOP,21.73
2023-08-31,2023-08-31,KROT,3404
2023-08-31,2023-08-31,KROTP,815
2023-08-31,2023-08-31,KRSB,23.43
2023-08-31,2023-08-31,KRSBP,22.8
2023-08-31,2023-08-31,KTSB,5.796
2023-08-31,2023-08-31,KTSBP,2.0515
2023-08-31,2023-08-31,KUBE,534.6
2023-08-31,2023-08-31,KUZB,0.07633
2023-08-31,2023-08-31,KZOS,113
2023-08-31,2023-08-31,KZOSP,33.3
2023-08-31,2023-08-31,LENT,783.5
2023-08-31,2023-08-31,LIFE,8.685
2023-08-31,2023-08-31,LKOH,6830
2023-08-31,2023-08-31,LNZL,16200
2023-08-31,2023-08-31,LNZLP,3150
2023-08-31,2023-08-31,LSNG,28.96
2023-08-31,2023-08-31,LSNGP,208.05
2023-08-31,2023-08-31,LSRG,748.2
2023-08-31,2023-08-31,LVHK,48.78
2023-08-31,2023-08-31,MAGE,8
2023-08-31,2023-08-31,MAGEP,5.87
2023-08-31,2023-08-31,MAGN,55.765
2023-08-31,2023-08-31,MDMG,945
2023-08-31,2023-08-31,MFGS,488.5
2023-08-31,2023-08-31,MFGSP,342
2023-08-31,2023-08-31,MGNT,6080
2023-08-31,2023-08-31,MGNZ,7440
2023-08-31,2023-08-31,MGTS,2320
2023-08-31,2023-08-31,MGTSP,1580
2023-08-31,2023-08-31,MISB,143.6
2023-08-31,2023-08-31,MISBP,123.3
2023-08-31,2023-08-31,MOEX,172.25
2023-08-31,2023-08-31,MRKC,0.6
2023-08-31,2023-08-31,MRKK,33.98
2023-08-31,2023-08-31,MRKP,0.3856
2023-08-31,2023-08-31,MRKS,0.893
2023-08-31,2023-08-31,MRKU,0.5458
2023-08-31,2023-08-31,MRKV,0.079
2023-08-31,2023-08-31,MRKY,0.09255
2023-08-31,2023-08-31,MRKZ,0.1212
2023-08-31,2023-08-31,MRSB,1.183
2023-08-31,2023-08-31,MSNG,3.0445
2023-08-31,2023-08-31,MSRS,1.4455
2023-08-31,2023-08-31,MSTT,309
2023-08-31,2023-08-31,MTLR,206.01
2023-08-31,2023-08-31,MTLRP,235.2
2023-08-31,2023-08-31,MTSS,284.1
2023-08-31,2023-08-31,MVID,196
2023-08-31,2023-08-31,NAUK,816
2023-08-31,2023-08-31,NFAZ,513.5
2023-08-31,2023-08-31,NKHP,1508.5
2023-08-31,2023-08-31,NKNC,132.85
2023-08-31,2023-08-31,NKNCP,87.56
2023-08-31,2023-08-31,NKSH,90
2023-08-31,2023-08-31,NLMK,204.3
2023-08-31,2023-08-31,NMTP,15.1
2023-08-31,2023-08-31,NNSB,8300
2023-08-31,2023-08-31,NNSBP,3330
2023-08-31,2023-08-31,NSVZ,728
2023-08-31,2023-08-31,NVTK,1684.8
2023-08-31,2023-08-31,OGKB,0.6772
2023-08-31,2023-08-31,OKEY,38.08
2023-08-31,2023-08-31,OMZZP,19740
2023-08-31,2023-08-31,OZON,2829
2023-08-31,2023-08-31,PAZA,21200
2023-08-31,2023-08-31,PHOR,7314
2023-08-31,2023-08-31,PIKK,827
2023-08-31,2023-08-31,PLZL,11671
2023-08-31,2023-08-31,PMSB,247.8
2023-08-31,2023-08-31,PMSBP,251.4
2023-08-31,2023-08-31,POLY,557.3
2023-08-31,2023-08-31,POSI,2343
2023-08-31,2023-08-31,PRFN,7.669
2023-08-31,2023-08-31,PRMB,39800
2023-08-31,2023-08-31,QIWI,664.5
2023-08-31,2023-08-31,RASP,364.5
2023-08-31,2023-08-31,RBCM,9.006
2023-08-31,2023-08-31,RDRB,231
2023-08-31,2023-08-31,RENI,112.36
2023-08-31,2023-08-31,RGSS,0.3542
2023-08-31,2023-08-31,RKKE,31300
2023-08-31,2023-08-31,RNFT,181.7
2023-08-31,2023-08-31,ROLO,1.08
2023-08-31,2023-08-31,ROSB,107
2023-08-31,2023-08-31,ROSN,556.15
2023-08-31,2023-08-31,ROST,253.6
2023-08-31,2023-08-31,RTGZ,37300
2023-08-31,2023-08-31,RTKM,75.88
2023-08-31,2023-08-31,RTKMP,72.15
2023-08-31,2023-08-31,RTSB,7.584
2023-08-31,2023-08-31,RTSBP,3.3
2023-08-31,2023-08-31,RUAL,42
2023-08-31,2023-08-31,RUSI,96.1
2023-08-31,2023-08-31,RZSB,44.98
2023-08-31,2023-08-31,SAGO,4.598
2023-08-31,2023-08-31,SAGOP,3.986
2023-08-31,2023-08-31,SARE,1.2404
2023-08-31,2023-08-31,SAREP,0.5646
2023-08-31,2023-08-31,SBER,264.85
2023-08-31,2023-08-31,SBERP,264.75
2023-08-31,2023-08-31,SELG,85.99
2023-08-31,2023-08-31,SFIN,544.4
2023-08-31,2023-08-31,SFTL,269.7
2023-08-31,2023-08-31,SGZH,5.917
2023-08-31,2023-08-31,SIBN,651.75
2023-08-31,2023-08-31,SLEN,7.065
2023-08-31,2023-08-31,SMLT,3805
2023-08-31,2023-08-31,SNGS,31.34
2023-08-31,2023-08-31,SNGSP,49.765
2023-08-31,2023-08-31,SPBE,181.4
2023-08-31,2023-08-31,STSB,4.378
2023-08-31,2023-08-31,STSBP,2.936
2023-08-31,2023-08-31,SVAV,971
2023-08-31,2023-08-31,SVET,42.1
2023-08-31,2023-08-31,TASB,3.1605
2023-08-31,2023-08-31,TASBP,1.7015
2023-08-31,2023-08-31,TATN,590.2
2023-08-31,2023-08-31,TATNP,584.6
2023-08-31,2023-08-31,TCSG,3670.5
2023-08-31,2023-08-31,TGKA,0.013044
2023-08-31,2023-08-31,TGKB,0.01433
2023-08-31,2023-08-31,TGKBP,0.01573
2023-08-31,2023-08-31,TGKN,0.02143
2023-08-31,2023-08-31,TNSE,6115
2023-08-31,2023-08-31,TORS,1.371
2023-08-31,2023-08-31,TORSP,0.75
2023-08-31,2023-08-31,TRMK,265.8
2023-08-31,2023-08-31,TRNFP,132850
2023-08-31,2023-08-31,TTLK,0.881
2023-08-31,2023-08-31,TUZA,193
2023-08-31,2023-08-31,UCSS,1045
2023-08-31,2023-08-31,UKUZ,2428
2023-08-31,2023-08-31,UNAC,1.9895
2023-08-31,2023-08-31,UNKL,11380
2023-08-31,2023-08-31,UPRO,2.379
2023-08-31,2023-08-31,URKZ,32550
2023-08-31,2023-08-31,USBN,0.201
2023-08-31,2023-08-31,UTAR,17.53
2023-08-31,2023-08-31,VEON-RX,48.35
2023-08-31,2023-08-31,VGSB,26.65
2023-08-31,2023-08-31,VGSBP,14.84
2023-08-31,2023-08-31,VJGZ,2630
2023-08-31,2023-08-31,VJGZP,1027
2023-08-31,2023-08-31,VKCO,746.6
2023-08-31,2023-08-31,VLHZ,368.4
2023-08-31,2023-08-31,VRSB,891
2023-08-31,2023-08-31,VRSBP,333
2023-08-31,2023-08-31,VSMO,52080
2023-08-31,2023-08-31,VSYD,23100
2023-08-31,2023-08-31,VSYDP,16460
2023-08-31,2023-08-31,VTBR,0.028825
2023-08-31,2023-08-31,WTCM,16.56
2023-08-31,2023-08-31,WTCMP,12.12
2023-08-31,2023-08-31,WUSH,241.64
2023-08-31,2023-08-31,YAKG,160
2023-08-31,2023-08-31,YKEN,1.11
2023-08-31,2023-08-31,YKENP,0.746
2023-08-31,2023-08-31,YNDX,2689
2023-08-31,2023-08-31,YRSB,1752
2023-08-31,2023-08-31,YRSBP,457.5
2023-08-31,2023-08-31,ZILL,4100
2023-08-31,2023-08-31,ZVEZ,15.27
2023-09-29,2023-09-29,ABIO,114.42
2023-09-29,2023-09-29,ABRD,324.6
2023-09-29,2023-09-29,ACKO,3.58
2023-09-29,2023-09-29,AFKS,17.18
2023-09-29,2023-09-29,AFLT,41.5
2023-09-29,2023-09-29,AGRO,1190.8
2023-09-29,2023-09-29,AKRN,19048
2023-09-29,2023-09-29,ALRS,73.81
2023-09-29,2023-09-29,AMEZ,102.28
2023-09-29,2023-09-29,APTK,17.05
2023-09-29,2023-09-29,AQUA,948.5
2023-09-29,2023-09-29,ARSA,10.7
2023-09-29,2023-09-29,ASSB,4.136
2023-09-29,2023-09-29,AVAN,1054
2023-09-29,2023-09-29,BANE,1966
2023-09-29,2023-09-29,BANEP,1447.5
2023-09-29,2023-09-29,BELU,5527
2023-09-29,2023-09-29,BISVP,14.92
2023-09-29,2023-09-29,BLNG,33.1
2023-09-29,2023-09-29,BRZL,1623
2023-09-29,2023-09-29,BSPB,289.98
2023-09-29,2023-09-29,BSPBP,61
2023-09-29,2023-09-29,CARM,2.6305
2023-09-29,2023-09-29,CBOM,7.04
2023-09-29,2023-09-29,CHGZ,82.2
2023-09-29,2023-09-29,CHKZ,20350
2023-09-29,2023-09-29,CHMF,1368.4
2023-09-29,2023-09-29,CHMK,11125
2023-09-29,2023-09-29,CIAN,746.2
2023-09-29,2023-09-29,CNTL,21.6
2023-09-29,2023-09-29,CNTLP,14.26
2023-09-29,2023-09-29,DIOD,20.12
2023-09-29,2023-09-29,DSKY,69.76
2023-09-29,2023-09-29,DVEC,4.822
2023-09-29,2023-09-29,DZRD,7700
2023-09-29,2023-09-29,DZRDP,5400
2023-09-29,2023-09-29,EELT,12.7
2023-09-29,2023-09-29,ELFV,0.7164
2023-09-29,2023-09-29,ELTZ,631.5
2023-09-29,2023-09-29,ENPG,522.2
2023-09-29,2023-09-29,ETLN,84.7
2023-09-29,2023-09-29,FEES,0.12528
2023-09-29,2023-09-29,FESH,103.7
2023-09-29,2023-09-29,FIVE,2234
2023-09-29,2023-09-29,FIXP,362.1
2023-09-29,2023-09-29,FLOT,120.92
2023-09-29,2023-09-29,GAZA,1145
2023-09-29,2023-09-29,GAZAP,600
2023-09-29,2023-09-29,GAZC,328
2023-09-29,2023-09-29,GAZP,167.09
2023-09-29,2023-09-29,GAZS,328
2023-09-29,2023-09-29,GAZT,88.5
2023-09-29,2023-09-29,GCHE,4175.5
2023-09-29,2023-09-29,GECO,46.8
2023-09-29,2023-09-29,GEMA,1109
2023-09-29,2023-09-29,GEMC,818.7
2023-09-29,2023-09-29,GLTR,659
2023-09-29,2023-09-29,GMKN,16188
2023-09-29,2023-09-29,GTRK,610
2023-09-29,2023-09-29,HHRU,3385
2023-09-29,2023-09-29,HIMCP,38.87
2023-09-29,2023-09-29,HMSG,246.5
2023-09-29,2023-09-29,HYDR,0.8734
2023-09-29,2023-09-29,IGST,12720
2023-09-29,2023-09-29,IGSTP,9742
2023-09-29,2023-09-29,INGR,1732
2023-09-29,2023-09-29,IRAO,4.2925
2023-09-29,2023-09-29,IRKT,117.6
2023-09-29,2023-09-29,JNOS,36.1
2023-09-29,2023-09-29,JNOSP,20
2023-09-29,2023-09-29,KAZT,753
2023-09-29,2023-09-29,KAZTP,813.6
2023-09-29,2023-09-29,KBSB,719
2023-09-29,2023-09-29,KCHE,1.1365
2023-09-29,2023-09-29,KCHEP,1.71
2023-09-29,2023-09-29,KGKC,68.8
2023-09-29,2023-09-29,KGKCP,51.6
2023-09-29,2023-09-29,KLSB,39.61
2023-09-29,2023-09-29,KMAZ,243.9
2023-09-29,2023-09-29,KMEZ,2423
2023-09-29,2023-09-29,KMTZ,324
2023-09-29,2023-09-29,KOGK,69600
2023-09-29,2023-09-29,KRKN,13850
2023-09-29,2023-09-29,KRKNP,14000
2023-09-29,2023-09-29,KRKOP,18.76
2023-09-29,2023-09-29,KROT,2911
2023-09-29,2023-09-29,KROTP,754
2023-09-29,2023-09-29,KRSB,20.15
2023-09-29,2023-09-29,KRSBP,20.02
2023-09-29,2023-09-29,KTSB,4.67
2023-09-29,2023-09-29,KTSBP,1.5545
2023-09-29,2023-09-29,KUBE,423.5
2023-09-29,2023-09-29,KUZB,0.06608
2023-09-29,2023-09-29,KZOS,120.9
2023-09-29,2023-09-29,KZOSP,32.76
2023-09-29,2023-09-29,LENT,731
2023-09-29,2023-09-29,LIFE,7.45
2023-09-29,2023-09-29,LKOH,6677
2023-09-29,2023-09-29,LNZL,18680
2023-09-29,2023-09-29,LNZLP,3275
2023-09-29,2023-09-29,LSNG,25.25
2023-09-29,2023-09-29,LSNGP,200.45
2023-09-29,2023-09-29,LSRG,705.4
2023-09-29,2023-09-29,LVHK,57.97
2023-09-29,2023-09-29,MAGE,7.06
2023-09-29,2023-09-29,MAGEP,4.98
2023-09-29,2023-09-29,MAGN,52.46
2023-09-29,2023-09-29,MDMG,842.9
2023-09-29,2023-09-29,MFGS,570
2023-09-29,2023-09-29,MFGSP,351
2023-09-29,2023-09-29,MGNT,5505
2023-09-29,2023-09-29,MGNZ,7440
2023-09-29,2023-09-29,MGTS,2115
2023-09-29,2023-09-29,MGTSP,1738
2023-09-29,2023-09-29,MISB,104.8
2023-09-29,2023-09-29,MISBP,101
2023-09-29,2023-09-29,MOEX,179.03
2023-09-29,2023-09-29,MRKC,0.5626
2023-09-29,2023-09-29,MRKK,30.02
2023-09-29,2023-09-29,MRKP,0.3459
2023-09-29,2023-09-29,MRKS,0.7975
2023-09-29,2023-09-29,MRKU,0.4524
2023-09-29,2023-09-29,MRKV,0.0672
2023-09-29,2023-09-29,MRKY,0.0976
2023-09-29,2023-09-29,MRKZ,0.0993
2023-09-29,2023-09-29,MRSB,0.991
2023-09-29,2023-09-29,MSNG,3.076
2023-09-29,2023-09-29,MSRS,1.3965
2023-09-29,2023-09-29,MSTT,281
2023-09-29,2023-09-29,MTLR,202.81
2023-09-29,2023-09-29,MTLRP,225.25
2023-09-29,2023-09-29,MTSS,275.05
2023-09-29,2023-09-29,MVID,186.2
2023-09-29,2023-09-29,NAUK,737.4
2023-09-29,2023-09-29,NFAZ,677
2023-09-29,2023-09-29,NKHP,1599.5
2023-09-29,2023-09-29,NKNC,129.15
2023-09-29,2023-09-29,NKNCP,84.3
2023-09-29,2023-09-29,NKSH,94.96
2023-09-29,2023-09-29,NLMK,209.42
2023-09-29,2023-09-29,NMTP,12.96
2023-09-29,2023-09-29,NNSB,6755
2023-09-29,2023-09-29,NNSBP,2455
2023-09-29,2023-09-29,NSVZ,673
2023-09-29,2023-09-29,NVTK,1666.2
2023-09-29,2023-09-29,OGKB,0.6105
2023-09-29,2023-09-29,OKEY,35.48
2023-09-29,2023-09-29,OMZZP,17045
2023-09-29,2023-09-29,OZON,2636
2023-09-29,2023-09-29,PAZA,18560
2023-09-29,2023-09-29,PHOR,6783
2023-09-29,2023-09-29,PIKK,742.4
2023-09-29,2023-09-29,PLZL,11418
2023-09-29,2023-09-29,PMSB,243.5
2023-09-29,2023-09-29,PMSBP,259
2023-09-29,2023-09-29,POLY,515.1
2023-09-29,2023-09-29,POSI,2371.4
2023-09-29,2023-09-29,PRFN,7.724
2023-09-29,2023-09-29,PRMB,40200
2023-09-29,2023-09-29,QIWI,639
2023-09-29,2023-09-29,RASP,353.45
2023-09-29,2023-09-29,RBCM,6.954
2023-09-29,2023-09-29,RDRB,200
2023-09-29,2023-09-29,RENI,109.2
2023-09-29,2023-09-29,RGSS,0.315
2023-09-29,2023-09-29,RKKE,31610
2023-09-29,2023-09-29,RNFT,159.8
2023-09-29,2023-09-29,ROLO,1.65
2023-09-29,2023-09-29,ROSB,101.4
2023-09-29,2023-09-29,ROSN,537
2023-09-29,2023-09-29,ROST,192.6
2023-09-29,2023-09-29,RTGZ,34800
2023-09-29,2023-09-29,RTKM,73.42
2023-09-29,2023-09-29,RTKMP,69.5
2023-09-29,2023-09-29,RTSB,6.002
2023-09-29,2023-09-29,RTSBP,2.8
2023-09-29,2023-09-29,RUAL,41.285
2023-09-29,2023-09-29,RUSI,82.6
2023-09-29,2023-09-29,RZSB,38.54
2023-09-29,2023-09-29,SAGO,3.94
2023-09-29,2023-09-29,SAGOP,3.34
2023-09-29,2023-09-29,SARE,0.892
2023-09-29,2023-09-29,SAREP,0.452
2023-09-29,2023-09-29,SBER,260.72
2023-09-29,2023-09-29,SBERP,260.41
2023-09-29,2023-09-29,SELG,79.44
2023-09-29,2023-09-29,SFIN,535.6
2023-09-29,2023-09-29,SGZH,5.116
2023-09-29,2023-09-29,SIBN,717.4
2023-09-29,2023-09-29,SLEN,7.365
2023-09-29,2023-09-29,SMLT,3845
2023-09-29,2023-09-29,SNGS,31.53
2023-09-29,2023-09-29,SNGSP,57.935
2023-09-29,2023-09-29,SOFL,216.02
2023-09-29,2023-09-29,SPBE,164.2
2023-09-29,2023-09-29,STSB,3.343
2023-09-29,2023-09-29,STSBP,2.613
2023-09-29,2023-09-29,SVAV,993
2023-09-29,2023-09-29,SVET,36.95
2023-09-29,2023-09-29,TASB,2.48
2023-09-29,2023-09-29,TASBP,1.366
2023-09-29,2023-09-29,TATN,625.4
2023-09-29,2023-09-29,TATNP,614.3
2023-09-29,2023-09-29,TCSG,3258.5
2023-09-29,2023-09-29,TGKA,0.010554
2023-09-29,2023-09-29,TGKB,0.01185
2023-09-29,2023-09-29,TGKBP,0.01532
2023-09-29,2023-09-29,TGKN,0.01831
2023-09-29,2023-09-29,TNSE,4600
2023-09-29,2023-09-29,TORS,1.037
2023-09-29,2023-09-29,TORSP,0.6475
2023-09-29,2023-09-29,TRMK,220.98
2023-09-29,2023-09-29,TRNFP,142100
2023-09-29,2023-09-29,TTLK,1.3165
2023-09-29,2023-09-29,TUZA,201
2023-09-29,2023-09-29,UCSS,890
2023-09-29,2023-09-29,UKUZ,1866
2023-09-29,2023-09-29,UNAC,2.031
2023-09-29,2023-09-29,UNKL,9930
2023-09-29,2023-09-29,UPRO,2.306
2023-09-29,2023-09-29,URKZ,34350
2023-09-29,2023-09-29,USBN,0.1969
2023-09-29,2023-09-29,UTAR,15.35
2023-09-29,2023-09-29,VEON-RX,50.4
2023-09-29,2023-09-29,VGSB,23.045
2023-09-29,2023-09-29,VGSBP,13.155
2023-09-29,2023-09-29,VJGZ,2599
2023-09-29,2023-09-29,VJGZP,1097
2023-09-29,2023-09-29,VKCO,665.2
2023-09-29,2023-09-29,VLHZ,320.75
2023-09-29,2023-09-29,VRSB,763.8
2023-09-29,2023-09-29,VRSBP,250.2
2023-09-29,2023-09-29,VSMO,43260
2023-09-29,2023-09-29,VSYD,21115
2023-09-29,2023-09-29,VSYDP,14660
2023-09-29,2023-09-29,VTBR,0.0257
2023-09-29,2023-09-29,WTCM,14.68
2023-09-29,2023-09-29,WTCMP,10.54
2023-09-29,2023-09-29,WUSH,214.13
2023-09-29,2023-09-29,YAKG,128.5
2023-09-29,2023-09-29,YKEN,1.1435
2023-09-29,2023-09-29,YKENP,0.645
2023-09-29,2023-09-29,YNDX,2402.2
2023-09-29,2023-09-29,YRSB,1302
2023-09-29,2023-09-29,YRSBP,358.5
2023-09-29,2023-09-29,ZILL,3590
2023-09-29,2023-09-29,ZVEZ,17.1
2023-09-30,2023-09-29,ABIO,114.42
2023-09-30,2023-09-29,ABRD,324.6
2023-09-30,2023-09-29,ACKO,3.58
2023-09-30,2023-09-29,AFKS,17.18
2023-09-30,2023-09-29,AFLT,41.5
2023-09-30,2023-09-29,AGRO,1190.8
2023-09-30,2023-09-29,AKRN,19048
2023-09-30,2023-09-29,ALRS,73.81
2023-09-30,2023-09-29,AMEZ,102.28
2023-09-30,2023-09-29,APTK,17.05
2023-09-30,2023-09-29,AQUA,948.5
2023-09-30,2023-09-29,ARSA,10.7
2023-09-30,2023-09-29,ASSB,4.136
2023-09-30,2023-09-29,AVAN,1054
2023-09-30,2023-09-29,BANE,1966
2023-09-30,2023-09-29,BANEP,1447.5
2023-09-30,2023-09-29,BELU,5527
2023-09-30,2023-09-29,BISVP,14.92
2023-09-30,2023-09-29,BLNG,33.1
2023-09-30,2023-09-29,BRZL,1623
2023-09-30,2023-09-29,BSPB,289.98
2023-09-30,2023-09-29,BSPBP,61
2023-09-30,2023-09-29,CARM,2.6305
2023-09-30,2023-09-29,CBOM,7.04
2023-09-30,2023-09-29,CHGZ,82.2
2023-09-30,2023-09-29,CHKZ,20350
2023-09-30,2023-09-29,CHMF,1368.4
2023-09-30,2023-09-29,CHMK,11125
2023-09-30,2023-09-29,CIAN,746.2
2023-09-30,2023-09-29,CNTL,21.6
2023-09-30,2023-09-29,CNTLP,14.26
2023-09-30,2023-09-29,DIOD,20.12
2023-09-30,2023-09-29,DSKY,69.76
2023-09-30,2023-09-29,DVEC,4.822
2023-09-30,2023-09-29,DZRD,7700
2023-09-30,2023-09-29,DZRDP,5400
2023-09-30,2023-09-29,EELT,12.7
2023-09-30,2023-09-29,ELFV,0.7164
2023-09-30,2023-09-29,ELTZ,631.5
2023-09-30,2023-09-29,ENPG,522.2
2023-09-30,2023-09-29,ETLN,84.7
2023-09-30,2023-09-29,FEES,0.12528
2023-09-30,2023-09-29,FESH,103.7
2023-09-30,2023-09-29,FIVE,2234
2023-09-30,2023-09-29,FIXP,362.1
2023-09-30,2023-09-29,FLOT,120.92
2023-09-30,2023-09-29,GAZA,1145
2023-09-30,2023-09-29,GAZAP,600
2023-09-30,2023-09-29,GAZC,328
2023-09-30,2023-09-29,GAZP,167.09
2023-09-30,2023-09-29,GAZS,328
2023-09-30,2023-09-29,GAZT,88.5
2023-09-30,2023-09-29,GCHE,4175.5
2023-09-30,2023-09-29,GECO,46.8
2023-09-30,2023-09-29,GEMA,1109
2023-09-30,2023-09-29,GEMC,818.7
2023-09-30,2023-09-29,GLTR,659
2023-09-30,2023-09-29,GMKN,16188
2023-09-30,2023-09-29,GTRK,610
2023-09-30,2023-09-29,HHRU,3385
2023-09-30,2023-09-29,HIMCP,38.87
2023-09-30,2023-09-29,HMSG,246.5
2023-09-30,2023-09-29,HYDR,0.8734
2023-09-30,2023-09-29,IGST,12720
2023-09-30,2023-09-29,IGSTP,9742
2023-09-30,2023-09-29,INGR,1732
2023-09-30,2023-09-29,IRAO,4.2925
2023-09-30,2023-09-29,IRKT,117.6
2023-09-30,2023-09-29,JNOS,36.1
2023-09-30,2023-09-29,JNOSP,20
2023-09-30,2023-09-29,KAZT,753
2023-09-30,2023-09-29,KAZTP,813.6
2023-09-30,2023-09-29,KBSB,719
2023-09-30,2023-09-29,KCHE,1.1365
2023-09-30,2023-09-29,KCHEP,1.71
2023-09-30,2023-09-29,KGKC,68.8
2023-09-30,2023-09-29,KGKCP,51.6
2023-09-30,2023-09-29,KLSB,39.61
2023-09-30,2023-09-29,KMAZ,243.9
2023-09-30,2023-09-29,KMEZ,2423
2023-09-30,2023-09-29,KMTZ,324
2023-09-30,2023-09-29,KOGK,69600
2023-09-30,2023-09-29,KRKN,13850
2023-09-30,2023-09-29,KRKNP,14000
2023-09-30,2023-09-29,KRKOP,18.76
2023-09-30,2023-09-29,KROT,2911
2023-09-30,2023-09-29,KROTP,754
2023-09-30,2023-09-29,KRSB,20.15
2023-09-30,2023-09-29,KRSBP,20.02
2023-09-30,2023-09-29,KTSB,4.67
2023-09-30,2023-09-29,KTSBP,1.5545
2023-09-30,2023-09-29,KUBE,423.5
2023-09-30,2023-09-29,KUZB,0.06608
2023-09-30,2023-09-29,KZOS,120.9
2023-09-30,2023-09-29,KZOSP,32.76
2023-09-30,2023-09-29,LENT,731
2023-09-30,2023-09-29,LIFE,7.45
2023-09-30,2023-09-29,LKOH,6677
2023-09-30,2023-09-29,LNZL,18680
2023-09-30,2023-09-29,LNZLP,3275
2023-09-30,2023-09-29,LSNG,25.25
2023-09-30,2023-09-29,LSNGP,200.45
2023-09-30,2023-09-29,LSRG,705.4
2023-09-30,2023-09-29,LVHK,57.97
2023-09-30,2023-09-29,MAGE,7.06
2023-09-30,2023-09-29,MAGEP,4.98
2023-09-30,2023-09-29,MAGN,52.46
2023-09-30,2023-09-29,MDMG,842.9
2023-09-30,2023-09-29,MFGS,570
2023-09-30,2023-09-29,MFGSP,351
2023-09-30,2023-09-29,MGNT,5505
2023-09-30,2023-09-29,MGNZ,7440
2023-09-30,2023-09-29,MGTS,2115
2023-09-30,2023-09-29,MGTSP,1738
2023-09-30,2023-09-29,MISB,104.8
2023-09-30,2023-09-29,MISBP,101
2023-09-30,2023-09-29,MOEX,179.03
2023-09-30,2023-09-29,MRKC,0.5626
2023-09-30,2023-09-29,MRKK,30.02
2023-09-30,2023-09-29,MRKP,0.3459
2023-09-30,2023-09-29,MRKS,0.7975
2023-09-30,2023-09-29,MRKU,0.4524
2023-09-30,2023-09-29,MRKV,0.0672
2023-09-30,2023-09-29,MRKY,0.0976
2023-09-30,2023-09-29,MRKZ,0.0993
2023-09-30,2023-09-29,MRSB,0.991
2023-09-30,2023-09-29,MSNG,3.076
2023-09-30,2023-09-29,MSRS,1.3965
2023-09-30,2023-09-29,MSTT,281
2023-09-30,2023-09-29,MTLR,202.81
2023-09-30,2023-09-29,MTLRP,225.25
2023-09-30,2023-09-29,MTSS,275.05
2023-09-30,2023-09-29,MVID,186.2
2023-09-30,2023-09-29,NAUK,737.4
2023-09-30,2023-09-29,NFAZ,677
2023-09-30,2023-09-29,NKHP,1599.5
2023-09-30,2023-09-29,NKNC,129.15
2023-09-30,2023-09-29,NKNCP,84.3
2023-09-30,2023-09-29,NKSH,94.96
2023-09-30,2023-09-29,NLMK,209.42
2023-09-30,2023-09-29,NMTP,12.96
2023-09-30,2023-09-29,NNSB,6755
2023-09-30,2023-09-29,NNSBP,2455
2023-09-30,2023-09-29,NSVZ,673
2023-09-30,2023-09-29,NVTK,1666.2
2023-09-30,2023-09-29,OGKB,0.6105
2023-09-30,2023-09-29,OKEY,35.48
2023-09-30,2023-09-29,OMZZP,17045
2023-09-30,2023-09-29,OZON,2636
2023-09-30,2023-09-29,PAZA,18560
2023-09-30,2023-09-29,PHOR,6783
2023-09-30,2023-09-29,PIKK,742.4
2023-09-30,2023-09-29,PLZL,11418
2023-09-30,2023-09-29,PMSB,243.5
2023-09-30,2023-09-29,PMSBP,259
2023-09-30,2023-09-29,POLY,515.1
2023-09-30,2023-09-29,POSI,2371.4
2023-09-30,2023-09-29,PRFN,7.724
2023-09-30,2023-09-29,PRMB,40200
2023-09-30,2023-09-29,QIWI,639
2023-09-30,2023-09-29,RASP,353.45
2023-09-30,2023-09-29,RBCM,6.954
2023-09-30,2023-09-29,RDRB,200
2023-09-30,2023-09-29,RENI,109.2
2023-09-30,2023-09-29,RGSS,0.315
2023-09-30,2023-09-29,RKKE,31610
2023-09-30,2023-09-29,RNFT,159.8
2023-09-30,2023-09-29,ROLO,1.65
2023-09-30,2023-09-29,ROSB,101.4
2023-09-30,2023-09-29,ROSN,537
2023-09-30,2023-09-29,ROST,192.6
2023-09-30,2023-09-29,RTGZ,34800
2023-09-30,2023-09-29,RTKM,73.42
2023-09-30,2023-09-29,RTKMP,69.5
2023-09-30,2023-09-29,RTSB,6.002
2023-09-30,2023-09-29,RTSBP,2.8
2023-09-30,2023-09-29,RUAL,41.285
2023-09-30,2023-09-29,RUSI,82.6
2023-09-30,2023-09-29,RZSB,38.54
2023-09-30,2023-09-29,SAGO,3.94
2023-09-30,2023-09-29,SAGOP,3.34
2023-09-30,2023-09-29,SARE,0.892
2023-09-30,2023-09-29,SAREP,0.452
2023-09-30,2023-09-29,SBER,260.72
2023-09-30,2023-09-29,SBERP,260.41
2023-09-30,2023-09-29,SELG,79.44
2023-09-30,2023-09-29,SFIN,535.6
2023-09-30,2023-09-29,SGZH,5.116
2023-09-30,2023-09-29,SIBN,717.4
2023-09-30,2023-09-29,SLEN,7.365
2023-09-30,2023-09-29,SMLT,3845
2023-09-30,2023-09-29,SNGS,31.53
2023-09-30,2023-09-29,SNGSP,57.935
2023-09-30,2023-09-29,SOFL,216.02
2023-09-30,2023-09-29,SPBE,164.2
2023-09-30,2023-09-29,STSB,3.343
2023-09-30,2023-09-29,STSBP,2.613
2023-09-30,2023-09-29,SVAV,993
2023-09-30,2023-09-29,SVET,36.95
2023-09-30,2023-09-29,TASB,2.48
2023-09-30,2023-09-29,TASBP,1.366
2023-09-30,2023-09-29,TATN,625.4
2023-09-30,2023-09-29,TATNP,614.3
2023-09-30,2023-09-29,TCSG,3258.5
2023-09-30,2023-09-29,TGKA,0.010554
2023-09-30,2023-09-29,TGKB,0.01185
2023-09-30,2023-09-29,TGKBP,0.01532
2023-09-30,2023-09-29,TGKN,0.01831
2023-09-30,2023-09-29,TNSE,4600
2023-09-30,2023-09-29,TORS,1.037
2023-09-30,2023-09-29,TORSP,0.6475
2023-09-30,2023-09-29,TRMK,220.98
2023-09-30,2023-09-29,TRNFP,142100
2023-09-30,2023-09-29,TTLK,1.3165
2023-09-30,2023-09-29,TUZA,201
2023-09-30,2023-09-29,UCSS,890
2023-09-30,2023-09-29,UKUZ,1866
2023-09-30,2023-09-29,UNAC,2.031
2023-09-30,2023-09-29,UNKL,9930
2023-09-30,2023-09-29,UPRO,2.306
2023-09-30,2023-09-29,URKZ,34350
2023-09-30,2023-09-29,USBN,0.1969
2023-09-30,2023-09-29,UTAR,15.35
2023-09-30,2023-09-29,VEON-RX,50.4
2023-09-30,2023-09-29,VGSB,23.045
2023-09-30,2023-09-29,VGSBP,13.155
2023-09-30,2023-09-29,VJGZ,2599
2023-09-30,2023-09-29,VJGZP,1097
2023-09-30,2023-09-29,VKCO,665.2
2023-09-30,2023-09-29,VLHZ,320.75
2023-09-30,2023-09-29,VRSB,763.8
2023-09-30,2023-09-29,VRSBP,250.2
2023-09-30,2023-09-29,VSMO,43260
2023-09-30,2023-09-29,VSYD,21115
2023-09-30,2023-09-29,VSYDP,14660
2023-09-30,2023-09-29,VTBR,0.0257
2023-09-30,2023-09-29,WTCM,14.68
2023-09-30,2023-09-29,WTCMP,10.54
2023-09-30,2023-09-29,WUSH,214.13
2023-09-30,2023-09-29,YAKG,128.5
2023-09-30,2023-09-29,YKEN,1.1435
2023-09-30,2023-09-29,YKENP,0.645
2023-09-30,2023-09-29,YNDX,2402.2
2023-09-30,2023-09-29,YRSB,1302
2023-09-30,2023-09-29,YRSBP,358.5
2023-09-30,2023-09-29,ZILL,3590
2023-09-30,2023-09-29,ZVEZ,17.1
2023-10-31,2023-10-31,ABIO,107.78
2023-10-31,2023-10-31,ABRD,291.2
2023-10-31,2023-10-31,ACKO,3.58
2023-10-31,2023-10-31,AFKS,17.045
2023-10-31,2023-10-31,AFLT,39.35
2023-10-31,2023-10-31,AGRO,1444
2023-10-31,2023-10-31,AKRN,18930
2023-10-31,2023-10-31,ALRS,69.98
2023-10-31,2023-10-31,AMEZ,91.17
2023-10-31,2023-10-31,APTK,15.41
2023-10-31,2023-10-31,AQUA,978.5
2023-10-31,2023-10-31,ARSA,10.9
2023-10-31,2023-10-31,ASSB,3.915
2023-10-31,2023-10-31,ASTR,488
2023-10-31,2023-10-31,AVAN,1150
2023-10-31,2023-10-31,BANE,2026.5
2023-10-31,2023-10-31,BANEP,1565
2023-10-31,2023-10-31,BELU,5609
2023-10-31,2023-10-31,BISVP,17.29
2023-10-31,2023-10-31,BLNG,32.21
2023-10-31,2023-10-31,BRZL,1600
2023-10-31,2023-10-31,BSPB,250.34
2023-10-31,2023-10-31,BSPBP,63.3
2023-10-31,2023-10-31,CARM,2.5765
2023-10-31,2023-10-31,CBOM,7.193
2023-10-31,2023-10-31,CHGZ,289.2
2023-10-31,2023-10-31,CHKZ,27800
2023-10-31,2023-10-31,CHMF,1354.8
2023-10-31,2023-10-31,CHMK,10300
2023-10-31,2023-10-31,CIAN,686
2023-10-31,2023-10-31,CNTL,19.88
2023-10-31,2023-10-31,CNTLP,13.18
2023-10-31,2023-10-31,DIOD,18.24
2023-10-31,2023-10-31,DSKY,71.4
2023-10-31,2023-10-31,DVEC,4.129
2023-10-31,2023-10-31,DZRD,7410
2023-10-31,2023-10-31,DZRDP,5070
2023-10-31,2023-10-31,EELT,13.7
2023-10-31,2023-10-31,ELFV,0.7738
2023-10-31,2023-10-31,ELTZ,559.5
2023-10-31,2023-10-31,ENPG,498.4
2023-10-31,2023-10-31,ETLN,82.48
2023-10-31,2023-10-31,FEES,0.13132
2023-10-31,2023-10-31,FESH,90.48
2023-10-31,2023-10-31,FIVE,2271.5
2023-10-31,2023-10-31,FIXP,364.6
2023-10-31,2023-10-31,FLOT,120.6
2023-10-31,2023-10-31,GAZA,1002
2023-10-31,2023-10-31,GAZAP,641
2023-10-31,2023-10-31,GAZC,328
2023-10-31,2023-10-31,GAZP,167.88
2023-10-31,2023-10-31,GAZS,328
2023-10-31,2023-10-31,GAZT,88.5
2023-10-31,2023-10-31,GCHE,4022
2023-10-31,2023-10-31,GECO,56
2023-10-31,2023-10-31,GEMA,1083.5
2023-10-31,2023-10-31,GEMC,816.6
2023-10-31,2023-10-31,GLTR,612.85
2023-10-31,2023-10-31,GMKN,17574
2023-10-31,2023-10-31,GTRK,559.85
2023-10-31,2023-10-31,HHRU,3745
2023-10-31,2023-10-31,HIMCP,38.07
2023-10-31,2023-10-31,HMSG,211
2023-10-31,2023-10-31,HYDR,0.8212
2023-10-31,2023-10-31,IGST,14520
2023-10-31,2023-10-31,IGSTP,11288
2023-10-31,2023-10-31,INGR,1749
2023-10-31,2023-10-31,IRAO,4.2805
2023-10-31,2023-10-31,IRKT,94.3
2023-10-31,2023-10-31,JNOS,31.2
2023-10-31,2023-10-31,JNOSP,18.38
2023-10-31,2023-10-31,KAZT,702
2023-10-31,2023-10-31,KAZTP,745.4
2023-10-31,2023-10-31,KBSB,750
2023-10-31,2023-10-31,KCHE,0.967
2023-10-31,2023-10-31,KCHEP,1.615
2023-10-31,2023-10-31,KGKC,65.2
2023-10-31,2023-10-31,KGKCP,51.6
2023-10-31,2023-10-31,KLSB,36.78
2023-10-31,2023-10-31,KMAZ,236.2
2023-10-31,2023-10-31,KMEZ,2285
2023-10-31,2023-10-31,KOGK,64800
2023-10-31,2023-10-31,KRKN,13950
2023-10-31,2023-10-31,KRKNP,13260
2023-10-31,2023-10-31,KRKOP,16.56
2023-10-31,2023-10-31,KROT,2748
2023-10-31,2023-10-31,KROTP,691
2023-10-31,2023-10-31,KRSB,20.2
2023-10-31,2023-10-31,KRSBP,18.28
2023-10-31,2023-10-31,KTSB,4.516
2023-10-31,2023-10-31,KTSBP,1.553
2023-10-31,2023-10-31,KUBE,414
2023-10-31,2023-10-31,KUZB,0.0626
2023-10-31,2023-10-31,KZOS,118.7
2023-10-31,2023-10-31,KZOSP,30.8
2023-10-31,2023-10-31,LENT,728
2023-10-31,2023-10-31,LIFE,7.22
2023-10-31,2023-10-31,LKOH,7150.5
2023-10-31,2023-10-31,LNZL,18810
2023-10-31,2023-10-31,LNZLP,3170
2023-10-31,2023-10-31,LSNG,26.65
2023-10-31,2023-10-31,LSNGP,207.2
2023-10-31,2023-10-31,LSRG,664.6
2023-10-31,2023-10-31,LVHK,42.81
2023-10-31,2023-10-31,MAGE,6.68
2023-10-31,2023-10-31,MAGEP,5.12
2023-10-31,2023-10-31,MAGN,51.86
2023-10-31,2023-10-31,MDMG,837.8
2023-10-31,2023-10-31,MFGS,578
2023-10-31,2023-10-31,MFGSP,374
2023-10-31,2023-10-31,MGNT,5818
2023-10-31,2023-10-31,MGNZ,7440
2023-10-31,2023-10-31,MGTS,2075
2023-10-31,2023-10-31,MGTSP,1622
2023-10-31,2023-10-31,MISB,108.2
2023-10-31,2023-10-31,MISBP,92.7
2023-10-31,2023-10-31,MOEX,189.71
2023-10-31,2023-10-31,MRKC,0.595
2023-10-31,2023-10-31,MRKK,29.84
2023-10-31,2023-10-31,MRKP,0.3412
2023-10-31,2023-10-31,MRKS,0.743
2023-10-31,2023-10-31,MRKU,0.4286
2023-10-31,2023-10-31,MRKV,0.0656
2023-10-31,2023-10-31,MRKY,0.0907
2023-10-31,2023-10-31,MRKZ,0.10185
2023-10-31,2023-10-31,MRSB,1.076
2023-10-31,2023-10-31,MSNG,3.151
2023-10-31,2023-10-31,MSRS,1.402
2023-10-31,2023-10-31,MSTT,266.25
2023-10-31,2023-10-31,MTLR,266.82
2023-10-31,2023-10-31,MTLRP,268.65
2023-10-31,2023-10-31,MTSS,271.75
2023-10-31,2023-10-31,MVID,190.2
2023-10-31,2023-10-31,NAUK,656.8
2023-10-31,2023-10-31,NFAZ,599
2023-10-31,2023-10-31,NKHP,1165
2023-10-31,2023-10-31,NKNC,121.75
2023-10-31,2023-10-31,NKNCP,80.34
2023-10-31,2023-10-31,NKSH,80.44
2023-10-31,2023-10-31,NLMK,189.76
2023-10-31,2023-10-31,NMTP,12.41
2023-10-31,2023-10-31,NNSB,7000
2023-10-31,2023-10-31,NNSBP,2475
2023-10-31,2023-10-31,NSVZ,556
2023-10-31,2023-10-31,NVTK,1661
2023-10-31,2023-10-31,OGKB,0.5885
2023-10-31,2023-10-31,OKEY,36.37
2023-10-31,2023-10-31,OMZZP,18525
2023-10-31,2023-10-31,OZON,2598
2023-10-31,2023-10-31,PAZA,19840
2023-10-31,2023-10-31,PHOR,6641
2023-10-31,2023-10-31,PIKK,707.5
2023-10-31,2023-10-31,PLZL,11323
2023-10-31,2023-10-31,PMSB,233.2
2023-10-31,2023-10-31,PMSBP,242.2
2023-10-31,2023-10-31,POLY,538.3
2023-10-31,2023-10-31,POSI,2124
2023-10-31,2023-10-31,PRFN,6.939
2023-10-31,2023-10-31,PRMB,37800
2023-10-31,2023-10-31,QIWI,628.5
2023-10-31,2023-10-31,RASP,348
2023-10-31,2023-10-31,RBCM,6.242
2023-10-31,2023-10-31,RDRB,205
2023-10-31,2023-10-31,RENI,94.98
2023-10-31,2023-10-31,RGSS,0.3072
2023-10-31,2023-10-31,RKKE,26620
2023-10-31,2023-10-31,RNFT,160
2023-10-31,2023-10-31,ROLO,1.7051
2023-10-31,2023-10-31,ROSB,98
2023-10-31,2023-10-31,ROSN,574.55
2023-10-31,2023-10-31,ROST,165
2023-10-31,2023-10-31,RTGZ,34700
2023-10-31,2023-10-31,RTKM,75.22
2023-10-31,2023-10-31,RTKMP,71.95
2023-10-31,2023-10-31,RTSB,6.37
2023-10-31,2023-10-31,RTSBP,2.835
2023-10-31,2023-10-31,RUAL,39.34
2023-10-31,2023-10-31,RUSI,137.8
2023-10-31,2023-10-31,RZSB,36.6
2023-10-31,2023-10-31,SAGO,4.112
2023-10-31,2023-10-31,SAGOP,3.286
2023-10-31,2023-10-31,SARE,0.8262
2023-10-31,2023-10-31,SAREP,0.4284
2023-10-31,2023-10-31,SBER,268.35
2023-10-31,2023-10-31,SBERP,267.93
2023-10-31,2023-10-31,SELG,77.26
2023-10-31,2023-10-31,SFIN,563
2023-10-31,2023-10-31,SGZH,4.81
2023-10-31,2023-10-31,SIBN,797.3
2023-10-31,2023-10-31,SLEN,6.205
2023-10-31,2023-10-31,SMLT,3960
2023-10-31,2023-10-31,SNGS,32.675
2023-10-31,2023-10-31,SNGSP,56.54
2023-10-31,2023-10-31,SOFL,162.42
2023-10-31,2023-10-31,SPBE,159
2023-10-31,2023-10-31,STSB,3.48
2023-10-31,2023-10-31,STSBP,2.5715
2023-10-31,2023-10-31,SVAV,943.5
2023-10-31,2023-10-31,SVET,33.7
2023-10-31,2023-10-31,TASB,2.6095
2023-10-31,2023-10-31,TASBP,1.3135
2023-10-31,2023-10-31,TATN,607.6
2023-10-31,2023-10-31,TATNP,599.5
2023-10-31,2023-10-31,TCSG,3416
2023-10-31,2023-10-31,TGKA,0.010482
2023-10-31,2023-10-31,TGKB,0.012405
2023-10-31,2023-10-31,TGKBP,0.0148
2023-10-31,2023-10-31,TGKN,0.01666
2023-10-31,2023-10-31,TNSE,5035
2023-10-31,2023-10-31,TORS,1.049
2023-10-31,2023-10-31,TORSP,0.6115
2023-10-31,2023-10-31,TRMK,219
2023-10-31,2023-10-31,TRNFP,141950
2023-10-31,2023-10-31,TTLK,1.2685
2023-10-31,2023-10-31,TUZA,216.5
2023-10-31,2023-10-31,UKUZ,2016
2023-10-31,2023-10-31,UNAC,1.753
2023-10-31,2023-10-31,UNKL,9800
2023-10-31,2023-10-31,UPRO,2.366
2023-10-31,2023-10-31,URKZ,31000
2023-10-31,2023-10-31,USBN,0.172
2023-10-31,2023-10-31,UTAR,16.86
2023-10-31,2023-10-31,VEON-RX,40.4
2023-10-31,2023-10-31,VGSB,19.895
2023-10-31,2023-10-31,VGSBP,14.235
2023-10-31,2023-10-31,VJGZ,2401
2023-10-31,2023-10-31,VJGZP,1172
2023-10-31,2023-10-31,VKCO,577.8
2023-10-31,2023-10-31,VLHZ,308
2023-10-31,2023-10-31,VRSB,756
2023-10-31,2023-10-31,VRSBP,260.8
2023-10-31,2023-10-31,VSMO,40200
2023-10-31,2023-10-31,VSYD,19700
2023-10-31,2023-10-31,VSYDP,14900
2023-10-31,2023-10-31,VTBR,0.025315
2023-10-31,2023-10-31,WTCM,14.34
2023-10-31,2023-10-31,WTCMP,10.7
2023-10-31,2023-10-31,WUSH,214.5
2023-10-31,2023-10-31,YAKG,124.15
2023-10-31,2023-10-31,YKEN,0.905
2023-10-31,2023-10-31,YKENP,0.7595
2023-10-31,2023-10-31,YNDX,2612
2023-10-31,2023-10-31,YRSB,1596
2023-10-31,2023-10-31,YRSBP,391
2023-10-31,2023-10-31,ZILL,3560
2023-10-31,2023-10-31,ZVEZ,14.31
2023-11-30,2023-11-30,ABIO,96.16
2023-11-30,2023-11-30,ABRD,276.4
2023-11-30,2023-11-30,ACKO,3.58
2023-11-30,2023-11-30,AFKS,16.126
2023-11-30,2023-11-30,AFLT,36.29
2023-11-30,2023-11-30,AGRO,1449
2023-11-30,2023-11-30,AKRN,18936
2023-11-30,2023-11-30,ALRS,65.18
2023-11-30,2023-11-30,AMEZ,73.29
2023-11-30,2023-11-30,APTK,13.594
2023-11-30,2023-11-30,AQUA,888
2023-11-30,2023-11-30,ARSA,12.84
2023-11-30,2023-11-30,ASSB,3.2
2023-11-30,2023-11-30,ASTR,481
2023-11-30,2023-11-30,AVAN,1026
2023-11-30,2023-11-30,BANE,2434.5
2023-11-30,2023-11-30,BANEP,1719
2023-11-30,2023-11-30,BELU,5354
2023-11-30,2023-11-30,BISVP,14.95
2023-11-30,2023-11-30,BLNG,26.805
2023-11-30,2023-11-30,BRZL,1410
2023-11-30,2023-11-30,BSPB,223.11
2023-11-30,2023-11-30,BSPBP,45.9
2023-11-30,2023-11-30,CARM,2.533
2023-11-30,2023-11-30,CBOM,7.767
2023-11-30,2023-11-30,CHGZ,142
2023-11-30,2023-11-30,CHKZ,22300
2023-11-30,2023-11-30,CHMF,1268.2
2023-11-30,2023-11-30,CHMK,10060
2023-11-30,2023-11-30,CIAN,636
2023-11-30,2023-11-30,CNTL,16.28
2023-11-30,2023-11-30,CNTLP,11.58
2023-11-30,2023-11-30,DIOD,15.95
2023-11-30,2023-11-30,DSKY,69.94
2023-11-30,2023-11-30,DVEC,3.28
2023-11-30,2023-11-30,DZRD,6535
2023-11-30,2023-11-30,DZRDP,4020
2023-11-30,2023-11-30,EELT,12.56
2023-11-30,2023-11-30,ELFV,0.6484
2023-11-30,2023-11-30,ENPG,447.6
2023-11-30,2023-11-30,ETLN,76.92
2023-11-30,2023-11-30,EUTR,245.5
2023-11-30,2023-11-30,FEES,0.11906
2023-11-30,2023-11-30,FESH,78.21
2023-11-30,2023-11-30,FIVE,2122.5
2023-11-30,2023-11-30,FIXP,306.2
2023-11-30,2023-11-30,FLOT,127.8
2023-11-30,2023-11-30,GAZA,831
2023-11-30,2023-11-30,GAZAP,518
2023-11-30,2023-11-30,GAZC,659
2023-11-30,2023-11-30,GAZP,163.23
2023-11-30,2023-11-30,GAZS,839
2023-11-30,2023-11-30,GAZT,1739
2023-11-30,2023-11-30,GCHE,3766
2023-11-30,2023-11-30,GECO,44.34
2023-11-30,2023-11-30,GEMA,1001.5
2023-11-30,2023-11-30,GEMC,788.3
2023-11-30,2023-11-30,GLTR,567.4
2023-11-30,2023-11-30,GMKN,16736
2023-11-30,2023-11-30,GTRK,404.65
2023-11-30,2023-11-30,HHRU,3481
2023-11-30,2023-11-30,HIMCP,31
2023-11-30,2023-11-30,HMSG,198
2023-11-30,2023-11-30,HNFG,516.3
2023-11-30,2023-11-30,HYDR,0.795
2023-11-30,2023-11-30,IGST,11700
2023-11-30,2023-11-30,IGSTP,8900
2023-11-30,2023-11-30,INGR,1763
2023-11-30,2023-11-30,IRAO,4.147
2023-11-30,2023-11-30,IRKT,55.3
2023-11-30,2023-11-30,JNOS,27.65
2023-11-30,2023-11-30,JNOSP,17.06
2023-11-30,2023-11-30,KAZT,689.6
2023-11-30,2023-11-30,KAZTP,687.5
2023-11-30,2023-11-30,KBSB,416
2023-11-30,2023-11-30,KCHE,0.645
2023-11-30,2023-11-30,KCHEP,1.14
2023-11-30,2023-11-30,KGKC,54.2
2023-11-30,2023-11-30,KGKCP,45
2023-11-30,2023-11-30,KLSB,30.8
2023-11-30,2023-11-30,KMAZ,196.7
2023-11-30,2023-11-30,KMEZ,1908
2023-11-30,2023-11-30,KOGK,57600
2023-11-30,2023-11-30,KRKN,11900
2023-11-30,2023-11-30,KRKNP,11940
2023-11-30,2023-11-30,KRKOP,14.5
2023-11-30,2023-11-30,KROT,2409
2023-11-30,2023-11-30,KROTP,594
2023-11-30,2023-11-30,KRSB,16.62
2023-11-30,2023-11-30,KRSBP,16.5
2023-11-30,2023-11-30,KTSB,3.37
2023-11-30,2023-11-30,KTSBP,1.045
2023-11-30,2023-11-30,KUBE,311.2
2023-11-30,2023-11-30,KUZB,0.05
2023-11-30,2023-11-30,KZOS,105.5
2023-11-30,2023-11-30,KZOSP,25.87
2023-11-30,2023-11-30,LENT,692
2023-11-30,2023-11-30,LIFE,5.04
2023-11-30,2023-11-30,LKOH,7239
2023-11-30,2023-11-30,LNZL,16450
2023-11-30,2023-11-30,LNZLP,2615
2023-11-30,2023-11-30,LSNG,21.23
2023-11-30,2023-11-30,LSNGP,189.95
2023-11-30,2023-11-30,LSRG,657.4
2023-11-30,2023-11-30,LVHK,40.75
2023-11-30,2023-11-30,MAGE,5.99
2023-11-30,2023-11-30,MAGEP,4.51
2023-11-30,2023-11-30,MAGN,50.71
2023-11-30,2023-11-30,MDMG,772
2023-11-30,2023-11-30,MFGS,489.5
2023-11-30,2023-11-30,MFGSP,331
2023-11-30,2023-11-30,MGNT,6354
2023-11-30,2023-11-30,MGNZ,7440
2023-11-30,2023-11-30,MGTS,1805
2023-11-30,2023-11-30,MGTSP,1418
2023-11-30,2023-11-30,MISB,65.9
2023-11-30,2023-11-30,MISBP,55.2
2023-11-30,2023-11-30,MOEX,199.69
2023-11-30,2023-11-30,MRKC,0.5904
2023-11-30,2023-11-30,MRKK,26.34
2023-11-30,2023-11-30,MRKP,0.3305
2023-11-30,2023-11-30,MRKS,0.6715
2023-11-30,2023-11-30,MRKU,0.3932
2023-11-30,2023-11-30,MRKV,0.05725
2023-11-30,2023-11-30,MRKY,0.0742
2023-11-30,2023-11-30,MRKZ,0.0937
2023-11-30,2023-11-30,MRSB,0.985
2023-11-30,2023-11-30,MSNG,2.907
2023-11-30,2023-11-30,MSRS,1.298
2023-11-30,2023-11-30,MSTT,209
2023-11-30,2023-11-30,MTLR,292.42
2023-11-30,2023-11-30,MTLRP,357.35
2023-11-30,2023-11-30,MTSS,254.45
2023-11-30,2023-11-30,MVID,174.5
2023-11-30,2023-11-30,NAUK,580
2023-11-30,2023-11-30,NFAZ,535
2023-11-30,2023-11-30,NKHP,910
2023-11-30,2023-11-30,NKNC,108.25
2023-11-30,2023-11-30,NKNCP,75.86
2023-11-30,2023-11-30,NKSH,78
2023-11-30,2023-11-30,NLMK,172.94
2023-11-30,2023-11-30,NMTP,10.86
2023-11-30,2023-11-30,NNSB,4795
2023-11-30,2023-11-30,NNSBP,1642
2023-11-30,2023-11-30,NSVZ,503
2023-11-30,2023-11-30,NVTK,1510
2023-11-30,2023-11-30,OGKB,0.5501
2023-11-30,2023-11-30,OKEY,33.3
2023-11-30,2023-11-30,OMZZP,14180
2023-11-30,2023-11-30,OZON,2828
2023-11-30,2023-11-30,PAZA,15260
2023-11-30,2023-11-30,PHOR,6732
2023-11-30,2023-11-30,PIKK,676.5
2023-11-30,2023-11-30,PLZL,10798
2023-11-30,2023-11-30,PMSB,187
2023-11-30,2023-11-30,PMSBP,194
2023-11-30,2023-11-30,POLY,475.8
2023-11-30,2023-11-30,POSI,2080.2
2023-11-30,2023-11-30,PRFN,5.77
2023-11-30,2023-11-30,PRMB,33400
2023-11-30,2023-11-30,QIWI,517
2023-11-30,2023-11-30,RASP,388.55
2023-11-30,2023-11-30,RBCM,8.3
2023-11-30,2023-11-30,RDRB,190
2023-11-30,2023-11-30,RENI,91
2023-11-30,2023-11-30,RGSS,0.2656
2023-11-30,2023-11-30,RKKE,23100
2023-11-30,2023-11-30,RNFT,150.2
2023-11-30,2023-11-30,ROLO,1.2188
2023-11-30,2023-11-30,ROSB,97.2
2023-11-30,2023-11-30,ROSN,584.3
2023-11-30,2023-11-30,ROST,150.8
2023-11-30,2023-11-30,RTGZ,32700
2023-11-30,2023-11-30,RTKM,81.58
2023-11-30,2023-11-30,RTKMP,75.95
2023-11-30,2023-11-30,RTSB,3.305
2023-11-30,2023-11-30,RTSBP,1.45
2023-11-30,2023-11-30,RUAL,36.65
2023-11-30,2023-11-30,RUSI,129.5
2023-11-30,2023-11-30,RZSB,34.72
2023-11-30,2023-11-30,SAGO,3.315
2023-11-30,2023-11-30,SAGOP,3.2
2023-11-30,2023-11-30,SARE,0.508
2023-11-30,2023-11-30,SAREP,0.3215
2023-11-30,2023-11-30,SBER,277.5
2023-11-30,2023-11-30,SBERP,276.95
2023-11-30,2023-11-30,SELG,66.95
2023-11-30,2023-11-30,SFIN,566.8
2023-11-30,2023-11-30,SGZH,4.167
2023-11-30,2023-11-30,SIBN,875.1
2023-11-30,2023-11-30,SLEN,5.285
2023-11-30,2023-11-30,SMLT,3927
2023-11-30,2023-11-30,SNGS,31.57
2023-11-30,2023-11-30,SNGSP,58.45
2023-11-30,2023-11-30,SOFL,143.76
2023-11-30,2023-11-30,SPBE,89
2023-11-30,2023-11-30,STSB,2.47
2023-11-30,2023-11-30,STSBP,2.086
2023-11-30,2023-11-30,SVAV,754
2023-11-30,2023-11-30,SVET,28
2023-11-30,2023-11-30,TASB,1.782
2023-11-30,2023-11-30,TASBP,1.006
2023-11-30,2023-11-30,TATN,638.8
2023-11-30,2023-11-30,TATNP,635.8
2023-11-30,2023-11-30,TCSG,3344
2023-11-30,2023-11-30,TGKA,0.009396
2023-11-30,2023-11-30,TGKB,0.01151
2023-11-30,2023-11-30,TGKBP,0.01256
2023-11-30,2023-11-30,TGKN,0.01238
2023-11-30,2023-11-30,TNSE,3285
2023-11-30,2023-11-30,TORS,0.758
2023-11-30,2023-11-30,TORSP,0.4895
2023-11-30,2023-11-30,TRMK,203.5
2023-11-30,2023-11-30,TRNFP,144150
2023-11-30,2023-11-30,TTLK,1.028
2023-11-30,2023-11-30,TUZA,196
2023-11-30,2023-11-30,UGLD,0.56
2023-11-30,2023-11-30,UKUZ,1678
2023-11-30,2023-11-30,UNAC,1.289
2023-11-30,2023-11-30,UNKL,8090
2023-11-30,2023-11-30,UPRO,2.025
2023-11-30,2023-11-30,URKZ,29000
2023-11-30,2023-11-30,USBN,0.161
2023-11-30,2023-11-30,UTAR,13.97
2023-11-30,2023-11-30,VEON-RX,35.45
2023-11-30,2023-11-30,VGSB,15.88
2023-11-30,2023-11-30,VGSBP,10.5
2023-11-30,2023-11-30,VJGZ,2126
2023-11-30,2023-11-30,VJGZP,1177
2023-11-30,2023-11-30,VKCO,613.4
2023-11-30,2023-11-30,VLHZ,255
2023-11-30,2023-11-30,VRSB,489.2
2023-11-30,2023-11-30,VRSBP,158.4
2023-11-30,2023-11-30,VSMO,34100
2023-11-30,2023-11-30,VSYD,16000
2023-11-30,2023-11-30,VSYDP,12500
2023-11-30,2023-11-30,VTBR,0.023885
2023-11-30,2023-11-30,WTCM,13.14
2023-11-30,2023-11-30,WTCMP,9.68
2023-11-30,2023-11-30,WUSH,224.15
2023-11-30,2023-11-30,YAKG,106.55
2023-11-30,2023-11-30,YKEN,0.7
2023-11-30,2023-11-30,YKENP,0.6675
2023-11-30,2023-11-30,YNDX,2523.4
2023-11-30,2023-11-30,YRSB,950
2023-11-30,2023-11-30,YRSBP,259
2023-11-30,2023-11-30,ZILL,3330
2023-11-30,2023-11-30,ZVEZ,10.74
2023-12-29,2023-12-29,ABIO,102
2023-12-29,2023-12-29,ABRD,263.4
2023-12-29,2023-12-29,ACKO,3.58
2023-12-29,2023-12-29,AFKS,16.339
2023-12-29,2023-12-29,AFLT,35.05
2023-12-29,2023-12-29,AGRO,1331.8
2023-12-29,2023-12-29,AKRN,18850
2023-12-29,2023-12-29,ALRS,69.5
2023-12-29,2023-12-29,AMEZ,65.85
2023-12-29,2023-12-29,APTK,14.22
2023-12-29,2023-12-29,AQUA,851.5
2023-12-29,2023-12-29,ARSA,11
2023-12-29,2023-12-29,ASSB,2.63
2023-12-29,2023-12-29,ASTR,501.5
2023-12-29,2023-12-29,AVAN,998
2023-12-29,2023-12-29,BANE,2173
2023-12-29,2023-12-29,BANEP,1736
2023-12-29,2023-12-29,BELU,5347
2023-12-29,2023-12-29,BISVP,14.98
2023-12-29,2023-12-29,BLNG,28.255
2023-12-29,2023-12-29,BRZL,1514
2023-12-29,2023-12-29,BSPB,214.24
2023-12-29,2023-12-29,BSPBP,48.55
2023-12-29,2023-12-29,CARM,2.26
2023-12-29,2023-12-29,CBOM,8.055
2023-12-29,2023-12-29,CHGZ,137
2023-12-29,2023-12-29,CHKZ,20850
2023-12-29,2023-12-29,CHMF,1407
2023-12-29,2023-12-29,CHMK,9310
2023-12-29,2023-12-29,CIAN,614
2023-12-29,2023-12-29,CNTL,14.92
2023-12-29,2023-12-29,CNTLP,10.7
2023-12-29,2023-12-29,DIOD,15.75
2023-12-29,2023-12-29,DSKY,56.84
2023-12-29,2023-12-29,DVEC,3.205
2023-12-29,2023-12-29,DZRD,3555
2023-12-29,2023-12-29,DZRDP,3580
2023-12-29,2023-12-29,EELT,12.92
2023-12-29,2023-12-29,ELFV,0.6656
2023-12-29,2023-12-29,ENPG,439.8
2023-12-29,2023-12-29,ETLN,83.22
2023-12-29,2023-12-29,EUTR,269
2023-12-29,2023-12-29,FEES,0.10868
2023-12-29,2023-12-29,FESH,77.8
2023-12-29,2023-12-29,FIVE,2204
2023-12-29,2023-12-29,FIXP,280.9
2023-12-29,2023-12-29,FLOT,145.86
2023-12-29,2023-12-29,GAZA,819.5
2023-12-29,2023-12-29,GAZAP,511
2023-12-29,2023-12-29,GAZC,659
2023-12-29,2023-12-29,GAZP,159.52
2023-12-29,2023-12-29,GAZS,839
2023-12-29,2023-12-29,GAZT,1739
2023-12-29,2023-12-29,GCHE,4097
2023-12-29,2023-12-29,GECO,43.81
2023-12-29,2023-12-29,GEMA,1002
2023-12-29,2023-12-29,GEMC,791.7
2023-12-29,2023-12-29,GLTR,627.5
2023-12-29,2023-12-29,GMKN,16172
2023-12-29,2023-12-29,GTRK,541
2023-12-29,2023-12-29,HHRU,2950
2023-12-29,2023-12-29,HIMCP,29.4
2023-12-29,2023-12-29,HNFG,544.5
2023-12-29,2023-12-29,HYDR,0.7113
2023-12-29,2023-12-29,IGST,11140
2023-12-29,2023-12-29,IGSTP,7620
2023-12-29,2023-12-29,INGR,1902
2023-12-29,2023-12-29,IRAO,3.966
2023-12-29,2023-12-29,IRKT,62
2023-12-29,2023-12-29,JNOS,30.6
2023-12-29,2023-12-29,JNOSP,15.78
2023-12-29,2023-12-29,KAZT,630.2
2023-12-29,2023-12-29,KAZTP,641.5
2023-12-29,2023-12-29,KBSB,480
2023-12-29,2023-12-29,KCHE,0.606
2023-12-29,2023-12-29,KCHEP,1.22
2023-12-29,2023-12-29,KGKC,55.6
2023-12-29,2023-12-29,KGKCP,43.4
2023-12-29,2023-12-29,KLSB,29.7
2023-12-29,2023-12-29,KMAZ,193.3
2023-12-29,2023-12-29,KMEZ,1546
2023-12-29,2023-12-29,KOGK,53800
2023-12-29,2023-12-29,KRKN,11300
2023-12-29,2023-12-29,KRKNP,11620
2023-12-29,2023-12-29,KRKOP,14.38
2023-12-29,2023-12-29,KROT,2389
2023-12-29,2023-12-29,KROTP,587
2023-12-29,2023-12-29,KRSB,16.5
2023-12-29,2023-12-29,KRSBP,16.38
2023-12-29,2023-12-29,KTSB,2.985
2023-12-29,2023-12-29,KTSBP,0.95
2023-12-29,2023-12-29,KUBE,270.4
2023-12-29,2023-12-29,KUZB,0.0474
2023-12-29,2023-12-29,KZOS,107.2
2023-12-29,2023-12-29,KZOSP,26.53
2023-12-29,2023-12-29,LENT,669.5
2023-12-29,2023-12-29,LIFE,5.125
2023-12-29,2023-12-29,LKOH,6739
2023-12-29,2023-12-29,LNZL,15800
2023-12-29,2023-12-29,LNZLP,2460
2023-12-29,2023-12-29,LSNG,18.84
2023-12-29,2023-12-29,LSNGP,187.95
2023-12-29,2023-12-29,LSRG,650
2023-12-29,2023-12-29,LVHK,37.8
2023-12-29,2023-12-29,MAGE,5.29
2023-12-29,2023-12-29,MAGEP,4.15
2023-12-29,2023-12-29,MAGN,52.165
2023-12-29,2023-12-29,MDMG,775.2
2023-12-29,2023-12-29,MFGS,416
2023-12-29,2023-12-29,MFGSP,291
2023-12-29,2023-12-29,MGKL,2.365
2023-12-29,2023-12-29,MGNT,7006
2023-12-29,2023-12-29,MGNZ,7440
2023-12-29,2023-12-29,MGTS,1610
2023-12-29,2023-12-29,MGTSP,1290
2023-12-29,2023-12-29,MISB,65.1
2023-12-29,2023-12-29,MISBP,55.3
2023-12-29,2023-12-29,MOEX,189.57
2023-12-29,2023-12-29,MRKC,0.5622
2023-12-29,2023-12-29,MRKK,24.32
2023-12-29,2023-12-29,MRKP,0.3102
2023-12-29,2023-12-29,MRKS,0.6945
2023-12-29,2023-12-29,MRKU,0.367
2023-12-29,2023-12-29,MRKV,0.05495
2023-12-29,2023-12-29,MRKY,0.0655
2023-12-29,2023-12-29,MRKZ,0.0899
2023-12-29,2023-12-29,MRSB,0.781
2023-12-29,2023-12-29,MSNG,3.0875
2023-12-29,2023-12-29,MSRS,1.2735
2023-12-29,2023-12-29,MSTT,205
2023-12-29,2023-12-29,MTLR,311
2023-12-29,2023-12-29,MTLRP,369.7
2023-12-29,2023-12-29,MTSS,248.45
2023-12-29,2023-12-29,MVID,163.3
2023-12-29,2023-12-29,NAUK,516
2023-12-29,2023-12-29,NFAZ,499.5
2023-12-29,2023-12-29,NKHP,996
2023-12-29,2023-12-29,NKNC,102.1
2023-12-29,2023-12-29,NKNCP,74
2023-12-29,2023-12-29,NKSH,73
2023-12-29,2023-12-29,NLMK,178.5
2023-12-29,2023-12-29,NMTP,11.47
2023-12-29,2023-12-29,NNSB,4590
2023-12-29,2023-12-29,NNSBP,1548
2023-12-29,2023-12-29,NSVZ,520
2023-12-29,2023-12-29,NVTK,1463.2
2023-12-29,2023-12-29,OGKB,0.5548
2023-12-29,2023-12-29,OKEY,29.84
2023-12-29,2023-12-29,OMZZP,13760
2023-12-29,2023-12-29,OZON,2804.5
2023-12-29,2023-12-29,PAZA,14280
2023-12-29,2023-12-29,PHOR,6587
2023-12-29,2023-12-29,PIKK,677
2023-12-29,2023-12-29,PLZL,10674.5
2023-12-29,2023-12-29,PMSB,183
2023-12-29,2023-12-29,PMSBP,195.2
2023-12-29,2023-12-29,POLY,506.1
2023-12-29,2023-12-29,POSI,1996.8
2023-12-29,2023-12-29,PRFN,5.892
2023-12-29,2023-12-29,PRMB,33800
2023-12-29,2023-12-29,QIWI,557
2023-12-29,2023-12-29,RASP,432.9
2023-12-29,2023-12-29,RBCM,7.566
2023-12-29,2023-12-29,RDRB,171
2023-12-29,2023-12-29,RENI,94
2023-12-29,2023-12-29,RGSS,0.2704
2023-12-29,2023-12-29,RKKE,24360
2023-12-29,2023-12-29,RNFT,132.5
2023-12-29,2023-12-29,ROLO,1.228
2023-12-29,2023-12-29,ROSB,102
2023-12-29,2023-12-29,ROSN,593.2
2023-12-29,2023-12-29,ROST,145.4
2023-12-29,2023-12-29,RTGZ,31500
2023-12-29,2023-12-29,RTKM,68.49
2023-12-29,2023-12-29,RTKMP,62.7
2023-12-29,2023-12-29,RTSB,3.59
2023-12-29,2023-12-29,RTSBP,1.332
2023-12-29,2023-12-29,RUAL,34.015
2023-12-29,2023-12-29,RUSI,110
2023-12-29,2023-12-29,RZSB,31.2
2023-12-29,2023-12-29,SAGO,3.015
2023-12-29,2023-12-29,SAGOP,3
2023-12-29,2023-12-29,SARE,0.518
2023-12-29,2023-12-29,SAREP,0.2805
2023-12-29,2023-12-29,SBER,270.82
2023-12-29,2023-12-29,SBERP,272.22
2023-12-29,2023-12-29,SELG,62.39
2023-12-29,2023-12-29,SFIN,536.2
2023-12-29,2023-12-29,SGZH,3.7
2023-12-29,2023-12-29,SIBN,847.65
2023-12-29,2023-12-29,SLEN,5.035
2023-12-29,2023-12-29,SMLT,3849.5
2023-12-29,2023-12-29,SNGS,26.885
2023-12-29,2023-12-29,SNGSP,55.35
2023-12-29,2023-12-29,SOFL,142.7
2023-12-29,2023-12-29,SPBE,77.1
2023-12-29,2023-12-29,STSB,2.11
2023-12-29,2023-12-29,STSBP,2.436
2023-12-29,2023-12-29,SVAV,793.5
2023-12-29,2023-12-29,SVCB,13.7
2023-12-29,2023-12-29,SVET,25
2023-12-29,2023-12-29,TASB,1.714
2023-12-29,2023-12-29,TASBP,0.94
2023-12-29,2023-12-29,TATN,710
2023-12-29,2023-12-29,TATNP,707.9
2023-12-29,2023-12-29,TCSG,3210.5
2023-12-29,2023-12-29,TGKA,0.008756
2023-12-29,2023-12-29,TGKB,0.00984
2023-12-29,2023-12-29,TGKBP,0.0124
2023-12-29,2023-12-29,TGKN,0.01144
2023-12-29,2023-12-29,TNSE,3365
2023-12-29,2023-12-29,TORS,0.658
2023-12-29,2023-12-29,TORSP,0.4355
2023-12-29,2023-12-29,TRMK,197.28
2023-12-29,2023-12-29,TRNFP,144500
2023-12-29,2023-12-29,TTLK,0.98
2023-12-29,2023-12-29,TUZA,191
2023-12-29,2023-12-29,UGLD,0.639
2023-12-29,2023-12-29,UKUZ,1606
2023-12-29,2023-12-29,UNAC,1.305
2023-12-29,2023-12-29,UNKL,7700
2023-12-29,2023-12-29,UPRO,1.987
2023-12-29,2023-12-29,URKZ,27300
2023-12-29,2023-12-29,USBN,0.1483
2023-12-29,2023-12-29,UTAR,12.41
2023-12-29,2023-12-29,VEON-RX,36
2023-12-29,2023-12-29,VGSB,14.1
2023-12-29,2023-12-29,VGSBP,9.98
2023-12-29,2023-12-29,VJGZ,2180
2023-12-29,2023-12-29,VJGZP,1120
2023-12-29,2023-12-29,VKCO,556.4
2023-12-29,2023-12-29,VLHZ,233.2
2023-12-29,2023-12-29,VRSB,511.2
2023-12-29,2023-12-29,VRSBP,151.8
2023-12-29,2023-12-29,VSMO,33000
2023-12-29,2023-12-29,VSYD,15550
2023-12-29,2023-12-29,VSYDP,12900
2023-12-29,2023-12-29,VTBR,0.02268
2023-12-29,2023-12-29,WTCM,12.2
2023-12-29,2023-12-29,WTCMP,9.38
2023-12-29,2023-12-29,WUSH,217.29
2023-12-29,2023-12-29,YAKG,88.3
2023-12-29,2023-12-29,YKEN,0.609
2023-12-29,2023-12-29,YKENP,0.61
2023-12-29,2023-12-29,YNDX,2540
2023-12-29,2023-12-29,YRSB,1074
2023-12-29,2023-12-29,YRSBP,256
2023-12-29,2023-12-29,ZILL,3040
2023-12-29,2023-12-29,ZVEZ,9.87
2023-12-31,2023-12-29,ABIO,102
2023-12-31,2023-12-29,ABRD,263.4
2023-12-31,2023-12-29,ACKO,3.58
2023-12-31,2023-12-29,AFKS,16.339
2023-12-31,2023-12-29,AFLT,35.05
2023-12-31,2023-12-29,AGRO,1331.8
2023-12-31,2023-12-29,AKRN,18850
2023-12-31,2023-12-29,ALRS,69.5
2023-12-31,2023-12-29,AMEZ,65.85
2023-12-31,2023-12-29,APTK,14.22
2023-12-31,2023-12-29,AQUA,851.5
2023-12-31,2023-12-29,ARSA,11
2023-12-31,2023-12-29,ASSB,2.63
2023-12-31,2023-12-29,ASTR,501.5
2023-12-31,2023-12-29,AVAN,998
2023-12-31,2023-12-29,BANE,2173
2023-12-31,2023-12-29,BANEP,1736
2023-12-31,2023-12-29,BELU,5347
2023-12-31,2023-12-29,BISVP,14.98
2023-12-31,2023-12-29,BLNG,28.255
2023-12-31,2023-12-29,BRZL,1514
2023-12-31,2023-12-29,BSPB,214.24
2023-12-31,2023-12-29,BSPBP,48.55
2023-12-31,2023-12-29,CARM,2.26
2023-12-31,2023-12-29,CBOM,8.055
2023-12-31,2023-12-29,CHGZ,137
2023-12-31,2023-12-29,CHKZ,20850
2023-12-31,2023-12-29,CHMF,1407
2023-12-31,2023-12-29,CHMK,9310
2023-12-31,2023-12-29,CIAN,614
2023-12-31,2023-12-29,CNTL,14.92
2023-12-31,2023-12-29,CNTLP,10.7
2023-12-31,2023-12-29,DIOD,15.75
2023-12-31,2023-12-29,DSKY,56.84
2023-12-31,2023-12-29,DVEC,3.205
2023-12-31,2023-12-29,DZRD,3555
2023-12-31,2023-12-29,DZRDP,3580
2023-12-31,2023-12-29,EELT,12.92
2023-12-31,2023-12-29,ELFV,0.6656
2023-12-31,2023-12-29,ENPG,439.8
2023-12-31,2023-12-29,ETLN,83.22
2023-12-31,2023-12-29,EUTR,269
2023-12-31,2023-12-29,FEES,0.10868
2023-12-31,2023-12-29,FESH,77.8
2023-12-31,2023-12-29,FIVE,2204
2023-12-31,2023-12-29,FIXP,280.9
2023-12-31,2023-12-29,FLOT,145.86
2023-12-31,2023-12-29,GAZA,819.5
2023-12-31,2023-12-29,GAZAP,511
2023-12-31,2023-12-29,GAZC,659
2023-12-31,2023-12-29,GAZP,159.52
2023-12-31,2023-12-29,GAZS,839
2023-12-31,2023-12-29,GAZT,1739
2023-12-31,2023-12-29,GCHE,4097
2023-12-31,2023-12-29,GECO,43.81
2023-12-31,2023-12-29,GEMA,1002
2023-12-31,2023-12-29,GEMC,791.7
2023-12-31,2023-12-29,GLTR,627.5
2023-12-31,2023-12-29,GMKN,16172
2023-12-31,2023-12-29,GTRK,541
2023-12-31,2023-12-29,HHRU,2950
2023-12-31,2023-12-29,HIMCP,29.4
2023-12-31,2023-12-29,HNFG,544.5
2023-12-31,2023-12-29,HYDR,0.7113
2023-12-31,2023-12-29,IGST,11140
2023-12-31,2023-12-29,IGSTP,7620
2023-12-31,2023-12-29,INGR,1902
2023-12-31,2023-12-29,IRAO,3.966
2023-12-31,2023-12-29,IRKT,62
2023-12-31,2023-12-29,JNOS,30.6
2023-12-31,2023-12-29,JNOSP,15.78
2023-12-31,2023-12-29,KAZT,630.2
2023-12-31,2023-12-29,KAZTP,641.5
2023-12-31,2023-12-29,KBSB,480
2023-12-31,2023-12-29,KCHE,0.606
2023-12-31,2023-12-29,KCHEP,1.22
2023-12-31,2023-12-29,KGKC,55.6
2023-12-31,2023-12-29,KGKCP,43.4
2023-12-31,2023-12-29,KLSB,29.7
2023-12-31,2023-12-29,KMAZ,193.3
2023-12-31,2023-12-29,KMEZ,1546
2023-12-31,2023-12-29,KOGK,53800
2023-12-31,2023-12-29,KRKN,11300
2023-12-31,2023-12-29,KRKNP,11620
2023-12-31,2023-12-29,KRKOP,14.38
2023-12-31,2023-12-29,KROT,2389
2023-12-31,2023-12-29,KROTP,587
2023-12-31,2023-12-29,KRSB,16.5
2023-12-31,2023-12-29,KRSBP,16.38
2023-12-31,2023-12-29,KTSB,2.985
2023-12-31,2023-12-29,KTSBP,0.95
2023-12-31,2023-12-29,KUBE,270.4
2023-12-31,2023-12-29,KUZB,0.0474
2023-12-31,2023-12-29,KZOS,107.2
2023-12-31,2023-12-29,KZOSP,26.53
2023-12-31,2023-12-29,LENT,669.5
2023-12-31,2023-12-29,LIFE,5.125
2023-12-31,2023-12-29,LKOH,6739
2023-12-31,2023-12-29,LNZL,15800
2023-12-31,2023-12-29,LNZLP,2460
2023-12-31,2023-12-29,LSNG,18.84
2023-12-31,2023-12-29,LSNGP,187.95
2023-12-31,2023-12-29,LSRG,650
2023-12-31,2023-12-29,LVHK,37.8
2023-12-31,2023-12-29,MAGE,5.29
2023-12-31,2023-12-29,MAGEP,4.15
2023-12-31,2023-12-29,MAGN,52.165
2023-12-31,2023-12-29,MDMG,775.2
2023-12-31,2023-12-29,MFGS,416
2023-12-31,2023-12-29,MFGSP,291
2023-12-31,2023-12-29,MGKL,2.365
2023-12-31,2023-12-29,MGNT,7006
2023-12-31,2023-12-29,MGNZ,7440
2023-12-31,2023-12-29,MGTS,1610
2023-12-31,2023-12-29,MGTSP,1290
2023-12-31,2023-12-29,MISB,65.1
2023-12-31,2023-12-29,MISBP,55.3
2023-12-31,2023-12-29,MOEX,189.57
2023-12-31,2023-12-29,MRKC,0.5622
2023-12-31,2023-12-29,MRKK,24.32
2023-12-31,2023-12-29,MRKP,0.3102
2023-12-31,2023-12-29,MRKS,0.6945
2023-12-31,2023-12-29,MRKU,0.367
2023-12-31,2023-12-29,MRKV,0.05495
2023-12-31,2023-12-29,MRKY,0.0655
2023-12-31,2023-12-29,MRKZ,0.0899
2023-12-31,2023-12-29,MRSB,0.781
2023-12-31,2023-12-29,MSNG,3.0875
2023-12-31,2023-12-29,MSRS,1.2735
2023-12-31,2023-12-29,MSTT,205
2023-12-31,2023-12-29,MTLR,311
2023-12-31,2023-12-29,MTLRP,369.7
2023-12-31,2023-12-29,MTSS,248.45
2023-12-31,2023-12-29,MVID,163.3
2023-12-31,2023-12-29,NAUK,516
2023-12-31,2023-12-29,NFAZ,499.5
2023-12-31,2023-12-29,NKHP,996
2023-12-31,2023-12-29,NKNC,102.1
2023-12-31,2023-12-29,NKNCP,74
2023-12-31,2023-12-29,NKSH,73
2023-12-31,2023-12-29,NLMK,178.5
2023-12-31,2023-12-29,NMTP,11.47
2023-12-31,2023-12-29,NNSB,4590
2023-12-31,2023-12-29,NNSBP,1548
2023-12-31,2023-12-29,NSVZ,520
2023-12-31,2023-12-29,NVTK,1463.2
2023-12-31,2023-12-29,OGKB,0.5548
2023-12-31,2023-12-29,OKEY,29.84
2023-12-31,2023-12-29,OMZZP,13760
2023-12-31,2023-12-29,OZON,2804.5
2023-12-31,2023-12-29,PAZA,14280
2023-12-31,2023-12-29,PHOR,6587
2023-12-31,2023-12-29,PIKK,677
2023-12-31,2023-12-29,PLZL,10674.5
2023-12-31,2023-12-29,PMSB,183
2023-12-31,2023-12-29,PMSBP,195.2
2023-12-31,2023-12-29,POLY,506.1
2023-12-31,2023-12-29,POSI,1996.8
2023-12-31,2023-12-29,PRFN,5.892
2023-12-31,2023-12-29,PRMB,33800
2023-12-31,2023-12-29,QIWI,557
2023-12-31,2023-12-29,RASP,432.9
2023-12-31,2023-12-29,RBCM,7.566
2023-12-31,2023-12-29,RDRB,171
2023-12-31,2023-12-29,RENI,94
2023-12-31,2023-12-29,RGSS,0.2704
2023-12-31,2023-12-29,RKKE,24360
2023-12-31,2023-12-29,RNFT,132.5
2023-12-31,2023-12-29,ROLO,1.228
2023-12-31,2023-12-29,ROSB,102
2023-12-31,2023-12-29,ROSN,593.2
2023-12-31,2023-12-29,ROST,145.4
2023-12-31,2023-12-29,RTGZ,31500
2023-12-31,2023-12-29,RTKM,68.49
2023-12-31,2023-12-29,RTKMP,62.7
2023-12-31,2023-12-29,RTSB,3.59
2023-12-31,2023-12-29,RTSBP,1.332
2023-12-31,2023-12-29,RUAL,34.015
2023-12-31,2023-12-29,RUSI,110
2023-12-31,2023-12-29,RZSB,31.2
2023-12-31,2023-12-29,SAGO,3.015
2023-12-31,2023-12-29,SAGOP,3
2023-12-31,2023-12-29,SARE,0.518
2023-12-31,2023-12-29,SAREP,0.2805
2023-12-31,2023-12-29,SBER,270.82
2023-12-31,2023-12-29,SBERP,272.22
2023-12-31,2023-12-29,SELG,62.39
2023-12-31,2023-12-29,SFIN,536.2
2023-12-31,2023-12-29,SGZH,3.7
2023-12-31,2023-12-29,SIBN,847.65
2023-12-31,2023-12-29,SLEN,5.035
2023-12-31,2023-12-29,SMLT,3849.5
2023-12-31,2023-12-29,SNGS,26.885
2023-12-31,2023-12-29,SNGSP,55.35
2023-12-31,2023-12-29,SOFL,142.7
2023-12-31,2023-12-29,SPBE,77.1
2023-12-31,2023-12-29,STSB,2.11
2023-12-31,2023-12-29,STSBP,2.436
2023-12-31,2023-12-29,SVAV,793.5
2023-12-31,2023-12-29,SVCB,13.7
2023-12-31,2023-12-29,SVET,25
2023-12-31,2023-12-29,TASB,1.714
2023-12-31,2023-12-29,TASBP,0.94
2023-12-31,2023-12-29,TATN,710
2023-12-31,2023-12-29,TATNP,707.9
2023-12-31,2023-12-29,TCSG,3210.5
2023-12-31,2023-12-29,TGKA,0.008756
2023-12-31,2023-12-29,TGKB,0.00984
2023-12-31,2023-12-29,TGKBP,0.0124
2023-12-31,2023-12-29,TGKN,0.01144
2023-12-31,2023-12-29,TNSE,3365
2023-12-31,2023-12-29,TORS,0.658
2023-12-31,2023-12-29,TORSP,0.4355
2023-12-31,2023-12-29,TRMK,197.28
2023-12-31,2023-12-29,TRNFP,144500
2023-12-31,2023-12-29,TTLK,0.98
2023-12-31,2023-12-29,TUZA,191
2023-12-31,2023-12-29,UGLD,0.639
2023-12-31,2023-12-29,UKUZ,1606
2023-12-31,2023-12-29,UNAC,1.305
2023-12-31,2023-12-29,UNKL,7700
2023-12-31,2023-12-29,UPRO,1.987
2023-12-31,2023-12-29,URKZ,27300
2023-12-31,2023-12-29,USBN,0.1483
2023-12-31,2023-12-29,UTAR,12.41
2023-12-31,2023-12-29,VEON-RX,36
2023-12-31,2023-12-29,VGSB,14.1
2023-12-31,2023-12-29,VGSBP,9.98
2023-12-31,2023-12-29,VJGZ,2180
2023-12-31,2023-12-29,VJGZP,1120
2023-12-31,2023-12-29,VKCO,556.4
2023-12-31,2023-12-29,VLHZ,233.2
2023-12-31,2023-12-29,VRSB,511.2
2023-12-31,2023-12-29,VRSBP,151.8
2023-12-31,2023-12-29,VSMO,33000
2023-12-31,2023-12-29,VSYD,15550
2023-12-31,2023-12-29,VSYDP,12900
2023-12-31,2023-12-29,VTBR,0.02268
2023-12-31,2023-12-29,WTCM,12.2
2023-12-31,2023-12-29,WTCMP,9.38
2023-12-31,2023-12-29,WUSH,217.29
2023-12-31,2023-12-29,YAKG,88.3
2023-12-31,2023-12-29,YKEN,0.609
2023-12-31,2023-12-29,YKENP,0.61
2023-12-31,2023-12-29,YNDX,2540
2023-12-31,2023-12-29,YRSB,1074
2023-12-31,2023-12-29,YRSBP,256
2023-12-31,2023-12-29,ZILL,3040
2023-12-31,2023-12-29,ZVEZ,9.87
2024-01-31,2024-01-31,ABIO,112
2024-01-31,2024-01-31,ABRD,288.6
2024-01-31,2024-01-31,ACKO,3.58
2024-01-31,2024-01-31,AFKS,17.2
2024-01-31,2024-01-31,AFLT,38.83
2024-01-31,2024-01-31,AGRO,1444.2
2024-01-31,2024-01-31,AKRN,18418
2024-01-31,2024-01-31,ALRS,71.47
2024-01-31,2024-01-31,AMEZ,74.94
2024-01-31,2024-01-31,APTK,15.59
2024-01-31,2024-01-31,AQUA,897
2024-01-31,2024-01-31,ARSA,12.57
2024-01-31,2024-01-31,ASSB,3.52
2024-01-31,2024-01-31,ASTR,563.3
2024-01-31,2024-01-31,AVAN,1030
2024-01-31,2024-01-31,BANE,2530
2024-01-31,2024-01-31,BANEP,2139
2024-01-31,2024-01-31,BELU,5737
2024-01-31,2024-01-31,BISVP,15.91
2024-01-31,2024-01-31,BLNG,31.195
2024-01-31,2024-01-31,BRZL,1570
2024-01-31,2024-01-31,BSPB,286.55
2024-01-31,2024-01-31,BSPBP,63.8
2024-01-31,2024-01-31,CARM,2.374
2024-01-31,2024-01-31,CBOM,7.836
2024-01-31,2024-01-31,CHGZ,169.6
2024-01-31,2024-01-31,CHKZ,28000
2024-01-31,2024-01-31,CHMF,1664
2024-01-31,2024-01-31,CHMK,10115
2024-01-31,2024-01-31,CIAN,731
2024-01-31,2024-01-31,CNTL,17.62
2024-01-31,2024-01-31,CNTLP,12.56
2024-01-31,2024-01-31,DIOD,18.57
2024-01-31,2024-01-31,DSKY,60.38
2024-01-31,2024-01-31,DVEC,3.899
2024-01-31,2024-01-31,DZRD,6015
2024-01-31,2024-01-31,DZRDP,4230
2024-01-31,2024-01-31,EELT,17.02
2024-01-31,2024-01-31,ELFV,0.7246
2024-01-31,2024-01-31,ENPG,470.2
2024-01-31,2024-01-31,ETLN,87.62
2024-01-31,2024-01-31,EUTR,321.95
2024-01-31,2024-01-31,FEES,0.1274
2024-01-31,2024-01-31,FESH,87.51
2024-01-31,2024-01-31,FIVE,2379
2024-01-31,2024-01-31,FIXP,322.8
2024-01-31,2024-01-31,FLOT,142.04
2024-01-31,2024-01-31,GAZA,974
2024-01-31,2024-01-31,GAZAP,574
2024-01-31,2024-01-31,GAZC,659
2024-01-31,2024-01-31,GAZP,166.33
2024-01-31,2024-01-31,GAZS,839
2024-01-31,2024-01-31,GAZT,1739
2024-01-31,2024-01-31,GCHE,4278
2024-01-31,2024-01-31,GECO,49.105
2024-01-31,2024-01-31,GEMA,1218.5
2024-01-31,2024-01-31,GEMC,791.7
2024-01-31,2024-01-31,GLTR,689.3
2024-01-31,2024-01-31,GMKN,15946
2024-01-31,2024-01-31,GTRK,614.95
2024-01-31,2024-01-31,HHRU,3248
2024-01-31,2024-01-31,HIMCP,37.08
2024-01-31,2024-01-31,HNFG,598.3
2024-01-31,2024-01-31,HYDR,0.7827
2024-01-31,2024-01-31,IGST,13630
2024-01-31,2024-01-31,IGSTP,9520
2024-01-31,2024-01-31,INGR,1816
2024-01-31,2024-01-31,IRAO,4.084
2024-01-31,2024-01-31,IRKT,89.3
2024-01-31,2024-01-31,JNOS,31.9
2024-01-31,2024-01-31,JNOSP,17.72
2024-01-31,2024-01-31,KAZT,708.6
2024-01-31,2024-01-31,KAZTP,752.5
2024-01-31,2024-01-31,KBSB,683.5
2024-01-31,2024-01-31,KCHE,0.883
2024-01-31,2024-01-31,KCHEP,1.67
2024-01-31,2024-01-31,KGKC,60.2
2024-01-31,2024-01-31,KGKCP,49.8
2024-01-31,2024-01-31,KLSB,36.27
2024-01-31,2024-01-31,KMAZ,196.4
2024-01-31,2024-01-31,KMEZ,2134
2024-01-31,2024-01-31,KOGK,60000
2024-01-31,2024-01-31,KRKN,13200
2024-01-31,2024-01-31,KRKNP,12600
2024-01-31,2024-01-31,KRKOP,16.56
2024-01-31,2024-01-31,KROT,2815
2024-01-31,2024-01-31,KROTP,672
2024-01-31,2024-01-31,KRSB,19.38
2024-01-31,2024-01-31,KRSBP,19.54
2024-01-31,2024-01-31,KTSB,4.485
2024-01-31,2024-01-31,KTSBP,1.515
2024-01-31,2024-01-31,KUBE,467.4
2024-01-31,2024-01-31,KUZB,0.0585
2024-01-31,2024-01-31,KZOS,111.3
2024-01-31,2024-01-31,KZOSP,29.26
2024-01-31,2024-01-31,LENT,748
2024-01-31,2024-01-31,LKOH,7090.5
2024-01-31,2024-01-31,LNZL,16470
2024-01-31,2024-01-31,LNZLP,2690
2024-01-31,2024-01-31,LSNG,24.21
2024-01-31,2024-01-31,LSNGP,206.35
2024-01-31,2024-01-31,LSRG,733
2024-01-31,2024-01-31,LVHK,47.45
2024-01-31,2024-01-31,MAGE,5.96
2024-01-31,2024-01-31,MAGEP,4.09
2024-01-31,2024-01-31,MAGN,58.345
2024-01-31,2024-01-31,MDMG,879.9
2024-01-31,2024-01-31,MFGS,508.5
2024-01-31,2024-01-31,MFGSP,323.5
2024-01-31,2024-01-31,MGKL,2.5
2024-01-31,2024-01-31,MGNT,7039.5
2024-01-31,2024-01-31,MGNZ,7440
2024-01-31,2024-01-31,MGTS,1820
2024-01-31,2024-01-31,MGTSP,1508
2024-01-31,2024-01-31,MISB,103.4
2024-01-31,2024-01-31,MISBP,97.8
2024-01-31,2024-01-31,MOEX,202.82
2024-01-31,2024-01-31,MRKC,0.615
2024-01-31,2024-01-31,MRKK,29.18
2024-01-31,2024-01-31,MRKP,0.337
2024-01-31,2024-01-31,MRKS,0.909
2024-01-31,2024-01-31,MRKU,0.4326
2024-01-31,2024-01-31,MRKV,0.06735
2024-01-31,2024-01-31,MRKY,0.10355
2024-01-31,2024-01-31,MRKZ,0.1087
2024-01-31,2024-01-31,MRSB,1.053
2024-01-31,2024-01-31,MSNG,3.2715
2024-01-31,2024-01-31,MSRS,1.3575
2024-01-31,2024-01-31,MSTT,237
2024-01-31,2024-01-31,MTLR,319.88
2024-01-31,2024-01-31,MTLRP,404
2024-01-31,2024-01-31,MTSS,274.8
2024-01-31,2024-01-31,MVID,197.9
2024-01-31,2024-01-31,NAUK,670
2024-01-31,2024-01-31,NFAZ,575
2024-01-31,2024-01-31,NKHP,1184
2024-01-31,2024-01-31,NKNC,119.25
2024-01-31,2024-01-31,NKNCP,82.6
2024-01-31,2024-01-31,NKSH,86.6
2024-01-31,2024-01-31,NLMK,200.14
2024-01-31,2024-01-31,NMTP,12.55
2024-01-31,2024-01-31,NNSB,5880
2024-01-31,2024-01-31,NNSBP,2108
2024-01-31,2024-01-31,NSVZ,577
2024-01-31,2024-01-31,NVTK,1439
2024-01-31,2024-01-31,OGKB,0.5837
2024-01-31,2024-01-31,OKEY,33.67
2024-01-31,2024-01-31,OMZZP,14640
2024-01-31,2024-01-31,OZON,2909.5
2024-01-31,2024-01-31,PAZA,16600
2024-01-31,2024-01-31,PHOR,6765
2024-01-31,2024-01-31,PIKK,738.1
2024-01-31,2024-01-31,PLZL,11413
2024-01-31,2024-01-31,PMSB,223.9
2024-01-31,2024-01-31,PMSBP,233
2024-01-31,2024-01-31,POLY,474.4
2024-01-31,2024-01-31,POSI,2227.2
2024-01-31,2024-01-31,PRFN,6.536
2024-01-31,2024-01-31,PRMB,36800
2024-01-31,2024-01-31,QIWI,478
2024-01-31,2024-01-31,RASP,423.85
2024-01-31,2024-01-31,RBCM,8.778
2024-01-31,2024-01-31,RDRB,197
2024-01-31,2024-01-31,RENI,98.3
2024-01-31,2024-01-31,RGSS,0.3526
2024-01-31,2024-01-31,RKKE,26870
2024-01-31,2024-01-31,RNFT,152.1
2024-01-31,2024-01-31,ROLO,1.3006
2024-01-31,2024-01-31,ROSB,101.8
2024-01-31,2024-01-31,ROSN,575
2024-01-31,2024-01-31,ROST,169.8
2024-01-31,2024-01-31,RTGZ,31800
2024-01-31,2024-01-31,RTKM,76.8
2024-01-31,2024-01-31,RTKMP,68.4
2024-01-31,2024-01-31,RTSB,5.575
2024-01-31,2024-01-31,RTSBP,2.28
2024-01-31,2024-01-31,RUAL,35.285
2024-01-31,2024-01-31,RUSI,132.8
2024-01-31,2024-01-31,RZSB,37.28
2024-01-31,2024-01-31,SAGO,3.8
2024-01-31,2024-01-31,SAGOP,3.475
2024-01-31,2024-01-31,SARE,0.763
2024-01-31,2024-01-31,SAREP,0.391
2024-01-31,2024-01-31,SBER,276
2024-01-31,2024-01-31,SBERP,276.07
2024-01-31,2024-01-31,SELG,69.93
2024-01-31,2024-01-31,SFIN,857.2
2024-01-31,2024-01-31,SGZH,4.178
2024-01-31,2024-01-31,SIBN,817.5
2024-01-31,2024-01-31,SLEN,6.02
2024-01-31,2024-01-31,SMLT,3902
2024-01-31,2024-01-31,SNGS,29.145
2024-01-31,2024-01-31,SNGSP,56.55
2024-01-31,2024-01-31,SOFL,164.9
2024-01-31,2024-01-31,SPBE,94.2
2024-01-31,2024-01-31,STSB,3.285
2024-01-31,2024-01-31,STSBP,2.848
2024-01-31,2024-01-31,SVAV,910.5
2024-01-31,2024-01-31,SVCB,15.465
2024-01-31,2024-01-31,SVET,31.5
2024-01-31,2024-01-31,TASB,2.582
2024-01-31,2024-01-31,TASBP,1.23
2024-01-31,2024-01-31,TATN,703.5
2024-01-31,2024-01-31,TATNP,702
2024-01-31,2024-01-31,TCSG,3183
2024-01-31,2024-01-31,TGKA,0.009872
2024-01-31,2024-01-31,TGKB,0.013625
2024-01-31,2024-01-31,TGKBP,0.01571
2024-01-31,2024-01-31,TGKN,0.0152
2024-01-31,2024-01-31,TNSE,4575
2024-01-31,2024-01-31,TORS,1.014
2024-01-31,2024-01-31,TORSP,0.534
2024-01-31,2024-01-31,TRMK,226.78
2024-01-31,2024-01-31,TRNFP,157700
2024-01-31,2024-01-31,TTLK,1.135
2024-01-31,2024-01-31,TUZA,217.5
2024-01-31,2024-01-31,UGLD,0.663
2024-01-31,2024-01-31,UKUZ,1728
2024-01-31,2024-01-31,UNAC,1.6345
2024-01-31,2024-01-31,UNKL,8860
2024-01-31,2024-01-31,UPRO,2.17
2024-01-31,2024-01-31,URKZ,31100
2024-01-31,2024-01-31,USBN,0.1689
2024-01-31,2024-01-31,UTAR,15.58
2024-01-31,2024-01-31,VEON-RX,45.2
2024-01-31,2024-01-31,VGSB,18.84
2024-01-31,2024-01-31,VGSBP,11.96
2024-01-31,2024-01-31,VJGZ,2364
2024-01-31,2024-01-31,VJGZP,1177
2024-01-31,2024-01-31,VKCO,695.4
2024-01-31,2024-01-31,VLHZ,297.2
2024-01-31,2024-01-31,VRSB,742
2024-01-31,2024-01-31,VRSBP,230.2
2024-01-31,2024-01-31,VSMO,41820
2024-01-31,2024-01-31,VSYD,20250
2024-01-31,2024-01-31,VSYDP,13420
2024-01-31,2024-01-31,VTBR,0.024575
2024-01-31,2024-01-31,WTCM,13.72
2024-01-31,2024-01-31,WTCMP,10.48
2024-01-31,2024-01-31,WUSH,246.83
2024-01-31,2024-01-31,YAKG,104.05
2024-01-31,2024-01-31,YKEN,0.85
2024-01-31,2024-01-31,YKENP,0.6755
2024-01-31,2024-01-31,YNDX,3026
2024-01-31,2024-01-31,YRSB,1450
2024-01-31,2024-01-31,YRSBP,330
2024-01-31,2024-01-31,ZILL,3270
2024-01-31,2024-01-31,ZVEZ,13.62
2024-02-29,2024-02-29,ABIO,105.48
2024-02-29,2024-02-29,ABRD,264.4
2024-02-29,2024-02-29,ACKO,3.58
2024-02-29,2024-02-29,AFKS,18.46
2024-02-29,2024-02-29,AFLT,38.54
2024-02-29,2024-02-29,AGRO,1408
2024-02-29,2024-02-29,AKRN,18050
2024-02-29,2024-02-29,ALRS,71.32
2024-02-29,2024-02-29,AMEZ,70.02
2024-02-29,2024-02-29,APTK,14.65
2024-02-29,2024-02-29,AQUA,900
2024-02-29,2024-02-29,ARSA,12.91
2024-02-29,2024-02-29,ASSB,2.85
2024-02-29,2024-02-29,ASTR,567
2024-02-29,2024-02-29,AVAN,958
2024-02-29,2024-02-29,BANE,2816
2024-02-29,2024-02-29,BANEP,2060
2024-02-29,2024-02-29,BELU,5633
2024-02-29,2024-02-29,BISVP,15.42
2024-02-29,2024-02-29,BLNG,28.175
2024-02-29,2024-02-29,BRZL,1484
2024-02-29,2024-02-29,BSPB,298.81
2024-02-29,2024-02-29,BSPBP,61.9
2024-02-29,2024-02-29,CARM,2.3345
2024-02-29,2024-02-29,CBOM,8.127
2024-02-29,2024-02-29,CHGZ,157
2024-02-29,2024-02-29,CHKZ,24350
2024-02-29,2024-02-29,CHMF,1651.6
2024-02-29,2024-02-29,CHMK,9175
2024-02-29,2024-02-29,CIAN,700
2024-02-29,2024-02-29,CNTL,16.96
2024-02-29,2024-02-29,CNTLP,11.74
2024-02-29,2024-02-29,DELI,280
2024-02-29,2024-02-29,DIAS,5860.5
2024-02-29,2024-02-29,DIOD,17.91
2024-02-29,2024-02-29,DSKY,51.46
2024-02-29,2024-02-29,DVEC,3.405
2024-02-29,2024-02-29,DZRD,5870
2024-02-29,2024-02-29,DZRDP,3980
2024-02-29,2024-02-29,EELT,19.6
2024-02-29,2024-02-29,ELFV,0.6702
2024-02-29,2024-02-29,ENPG,435.8
2024-02-29,2024-02-29,ETLN,97.5
2024-02-29,2024-02-29,EUTR,250.75
2024-02-29,2024-02-29,FEES,0.12002
2024-02-29,2024-02-29,FESH,87.75
2024-02-29,2024-02-29,FIVE,2609
2024-02-29,2024-02-29,FIXP,309.4
2024-02-29,2024-02-29,FLOT,136.22
2024-02-29,2024-02-29,GAZC,659
2024-02-29,2024-02-29,GAZP,161.82
2024-02-29,2024-02-29,GAZS,839
2024-02-29,2024-02-29,GAZT,1739
2024-02-29,2024-02-29,GCHE,4505
2024-02-29,2024-02-29,GECO,43.7
2024-02-29,2024-02-29,GEMA,203.75
2024-02-29,2024-02-29,GEMC,939.6
2024-02-29,2024-02-29,GLTR,706.5
2024-02-29,2024-02-29,GMKN,14568
2024-02-29,2024-02-29,GTRK,486
2024-02-29,2024-02-29,HHRU,3397
2024-02-29,2024-02-29,HIMCP,35.08
2024-02-29,2024-02-29,HNFG,650
2024-02-29,2024-02-29,HYDR,0.7588
2024-02-29,2024-02-29,IGST,12640
2024-02-29,2024-02-29,IGSTP,8590
2024-02-29,2024-02-29,INGR,1794
2024-02-29,2024-02-29,IRAO,4.076
2024-02-29,2024-02-29,IRKT,77.85
2024-02-29,2024-02-29,JNOS,29.55
2024-02-29,2024-02-29,JNOSP,17.1
2024-02-29,2024-02-29,KAZT,682.4
2024-02-29,2024-02-29,KAZTP,723
2024-02-29,2024-02-29,KBSB,576
2024-02-29,2024-02-29,KCHE,0.806
2024-02-29,2024-02-29,KCHEP,1.495
2024-02-29,2024-02-29,KGKC,54
2024-02-29,2024-02-29,KGKCP,51.8
2024-02-29,2024-02-29,KLSB,32.66
2024-02-29,2024-02-29,KLVZ,8.484
2024-02-29,2024-02-29,KMAZ,188.5
2024-02-29,2024-02-29,KMEZ,1980
2024-02-29,2024-02-29,KOGK,57200
2024-02-29,2024-02-29,KRKN,12700
2024-02-29,2024-02-29,KRKNP,12220
2024-02-29,2024-02-29,KRKOP,15.94
2024-02-29,2024-02-29,KROT,2599
2024-02-29,2024-02-29,KROTP,619
2024-02-29,2024-02-29,KRSB,18.66
2024-02-29,2024-02-29,KRSBP,18.68
2024-02-29,2024-02-29,KTSB,3.945
2024-02-29,2024-02-29,KTSBP,1.26
2024-02-29,2024-02-29,KUBE,394.6
2024-02-29,2024-02-29,KUZB,0.06095
2024-02-29,2024-02-29,KZOS,106.4
2024-02-29,2024-02-29,KZOSP,26.88
2024-02-29,2024-02-29,LENT,754.5
2024-02-29,2024-02-29,LKOH,7378
2024-02-29,2024-02-29,LNZL,15660
2024-02-29,2024-02-29,LNZLP,2600
2024-02-29,2024-02-29,LSNG,23.29
2024-02-29,2024-02-29,LSNGP,200.8
2024-02-29,2024-02-29,LSRG,983.4
2024-02-29,2024-02-29,LVHK,42.4
2024-02-29,2024-02-29,MAGE,5.69
2024-02-29,2024-02-29,MAGEP,4.08
2024-02-29,2024-02-29,MAGN,54.855
2024-02-29,2024-02-29,MDMG,978.4
2024-02-29,2024-02-29,MFGS,480
2024-02-29,2024-02-29,MFGSP,298.5
2024-02-29,2024-02-29,MGKL,2.4865
2024-02-29,2024-02-29,MGNT,7651.5
2024-02-29,2024-02-29,MGNZ,7440
2024-02-29,2024-02-29,MGTS,1745
2024-02-29,2024-02-29,MGTSP,1376
2024-02-29,2024-02-29,MISB,91.8
2024-02-29,2024-02-29,MISBP,77.5
2024-02-29,2024-02-29,MOEX,199.59
2024-02-29,2024-02-29,MRKC,0.5646
2024-02-29,2024-02-29,MRKK,27.9
2024-02-29,2024-02-29,MRKP,0.3324
2024-02-29,2024-02-29,MRKS,0.9165
2024-02-29,2024-02-29,MRKU,0.4094
2024-02-29,2024-02-29,MRKV,0.06505
2024-02-29,2024-02-29,MRKY,0.101
2024-02-29,2024-02-29,MRKZ,0.10395
2024-02-29,2024-02-29,MRSB,0.927
2024-02-29,2024-02-29,MSNG,3.41
2024-02-29,2024-02-29,MSRS,1.2725
2024-02-29,2024-02-29,MSTT,218.65
2024-02-29,2024-02-29,MTLR,271.44
2024-02-29,2024-02-29,MTLRP,319.3
2024-02-29,2024-02-29,MTSS,290.9
2024-02-29,2024-02-29,MVID,203.6
2024-02-29,2024-02-29,NAUK,690.5
2024-02-29,2024-02-29,NFAZ,512
2024-02-29,2024-02-29,NKHP,1082.5
2024-02-29,2024-02-29,NKNC,108.5
2024-02-29,2024-02-29,NKNCP,78.28
2024-02-29,2024-02-29,NKSH,79.05
2024-02-29,2024-02-29,NLMK,200.34
2024-02-29,2024-02-29,NMTP,12.73
2024-02-29,2024-02-29,NNSB,5290
2024-02-29,2024-02-29,NNSBP,1812
2024-02-29,2024-02-29,NSVZ,589.5
2024-02-29,2024-02-29,NVTK,1349.6
2024-02-29,2024-02-29,OGKB,0.555
2024-02-29,2024-02-29,OKEY,29.9
2024-02-29,2024-02-29,OMZZP,13420
2024-02-29,2024-02-29,OZON,3216
2024-02-29,2024-02-29,PHOR,6755
2024-02-29,2024-02-29,PIKK,877.5
2024-02-29,2024-02-29,PLZL,11014
2024-02-29,2024-02-29,PMSB,214.5
2024-02-29,2024-02-29,PMSBP,218.4
2024-02-29,2024-02-29,POLY,354
2024-02-29,2024-02-29,POSI,2278
2024-02-29,2024-02-29,PRFN,6.304
2024-02-29,2024-02-29,PRMB,36400
2024-02-29,2024-02-29,QIWI,206.5
2024-02-29,2024-02-29,RASP,376.5
2024-02-29,2024-02-29,RBCM,8.47
2024-02-29,2024-02-29,RDRB,187
2024-02-29,2024-02-29,RENI,101.8
2024-02-29,2024-02-29,RGSS,0.3626
2024-02-29,2024-02-29,RKKE,24800
2024-02-29,2024-02-29,RNFT,153.4
2024-02-29,2024-02-29,ROLO,1.1992
2024-02-29,2024-02-29,ROSB,103.2
2024-02-29,2024-02-29,ROSN,578
2024-02-29,2024-02-29,ROST,152.2
2024-02-29,2024-02-29,RTGZ,31600
2024-02-29,2024-02-29,RTKM,91.25
2024-02-29,2024-02-29,RTKMP,77.5
2024-02-29,2024-02-29,RTSB,4.625
2024-02-29,2024-02-29,RTSBP,1.908
2024-02-29,2024-02-29,RUAL,34.805
2024-02-29,2024-02-29,RUSI,124.1
2024-02-29,2024-02-29,RZSB,36.64
2024-02-29,2024-02-29,SAGO,3.405
2024-02-29,2024-02-29,SAGOP,3.24
2024-02-29,2024-02-29,SARE,0.642
2024-02-29,2024-02-29,SAREP,0.322
2024-02-29,2024-02-29,SBER,292.19
2024-02-29,2024-02-29,SBERP,292.2
2024-02-29,2024-02-29,SELG,63.15
2024-02-29,2024-02-29,SFIN,1544.4
2024-02-29,2024-02-29,SGZH,3.941
2024-02-29,2024-02-29,SIBN,800.5
2024-02-29,2024-02-29,SLEN,5.42
2024-02-29,2024-02-29,SMLT,3718
2024-02-29,2024-02-29,SNGS,29.405
2024-02-29,2024-02-29,SNGSP,61.97
2024-02-29,2024-02-29,SOFL,163.56
2024-02-29,2024-02-29,SPBE,87.9
2024-02-29,2024-02-29,STSB,3.075
2024-02-29,2024-02-29,STSBP,2.778
2024-02-29,2024-02-29,SVAV,853.5
2024-02-29,2024-02-29,SVCB,18.475
2024-02-29,2024-02-29,SVET,29.05
2024-02-29,2024-02-29,TASB,2.202
2024-02-29,2024-02-29,TASBP,1.13
2024-02-29,2024-02-29,TATN,718.8
2024-02-29,2024-02-29,TATNP,709.4
2024-02-29,2024-02-29,TCSG,3056.5
2024-02-29,2024-02-29,TGKA,0.009388
2024-02-29,2024-02-29,TGKB,0.01304
2024-02-29,2024-02-29,TGKBP,0.01554
2024-02-29,2024-02-29,TGKN,0.015
2024-02-29,2024-02-29,TNSE,3650
2024-02-29,2024-02-29,TORS,0.894
2024-02-29,2024-02-29,TORSP,0.501
2024-02-29,2024-02-29,TRMK,219.86
2024-02-29,2024-02-29,TRNFP,1608
2024-02-29,2024-02-29,TTLK,1.0625
2024-02-29,2024-02-29,TUZA,261
2024-02-29,2024-02-29,UGLD,0.7632
2024-02-29,2024-02-29,UKUZ,1694
2024-02-29,2024-02-29,UNAC,1.481
2024-02-29,2024-02-29,UNKL,8270
2024-02-29,2024-02-29,UPRO,2.174
2024-02-29,2024-02-29,URKZ,31000
2024-02-29,2024-02-29,USBN,0.2136
2024-02-29,2024-02-29,UTAR,14.43
2024-02-29,2024-02-29,VEON-RX,39.75
2024-02-29,2024-02-29,VGSB,16.6
2024-02-29,2024-02-29,VGSBP,11.2
2024-02-29,2024-02-29,VJGZ,2318
2024-02-29,2024-02-29,VJGZP,1150
2024-02-29,2024-02-29,VKCO,652.6
2024-02-29,2024-02-29,VLHZ,289.2
2024-02-29,2024-02-29,VRSB,669.5
2024-02-29,2024-02-29,VRSBP,200.2
2024-02-29,2024-02-29,VSMO,38120
2024-02-29,2024-02-29,VSYD,18200
2024-02-29,2024-02-29,VSYDP,12740
2024-02-29,2024-02-29,VTBR,0.023425
2024-02-29,2024-02-29,WTCM,16.38
2024-02-29,2024-02-29,WTCMP,11.92
2024-02-29,2024-02-29,WUSH,268.2
2024-02-29,2024-02-29,YAKG,97
2024-02-29,2024-02-29,YKEN,0.874
2024-02-29,2024-02-29,YKENP,0.637
2024-02-29,2024-02-29,YNDX,3383
2024-02-29,2024-02-29,YRSB,1210
2024-02-29,2024-02-29,YRSBP,288.5
2024-02-29,2024-02-29,ZILL,3185
2024-02-29,2024-02-29,ZVEZ,13.04
2024-03-29,2024-03-29,ABIO,110.3
2024-03-29,2024-03-29,ABRD,254.2
2024-03-29,2024-03-29,ACKO,3.58
2024-03-29,2024-03-29,AFKS,22.557
2024-03-29,2024-03-29,AFLT,45.48
2024-03-29,2024-03-29,AGRO,1422.6
2024-03-29,2024-03-29,AKRN,17362
2024-03-29,2024-03-29,ALRS,78.72
2024-03-29,2024-03-29,AMEZ,68.64
2024-03-29,2024-03-29,APTK,14.462
2024-03-29,2024-03-29,AQUA,926.5
2024-03-29,2024-03-29,ARSA,13.55
2024-03-29,2024-03-29,ASSB,2.865
2024-03-29,2024-03-29,ASTR,694.9
2024-03-29,2024-03-29,AVAN,922
2024-03-29,2024-03-29,BANE,3163
2024-03-29,2024-03-29,BANEP,2249.5
2024-03-29,2024-03-29,BELU,5869
2024-03-29,2024-03-29,BISVP,15.24
2024-03-29,2024-03-29,BLNG,26.885
2024-03-29,2024-03-29,BRZL,1591
2024-03-29,2024-03-29,BSPB,309.68
2024-03-29,2024-03-29,BSPBP,58.15
2024-03-29,2024-03-29,CARM,2.6425
2024-03-29,2024-03-29,CBOM,7.681
2024-03-29,2024-03-29,CHGZ,148
2024-03-29,2024-03-29,CHKZ,25800
2024-03-29,2024-03-29,CHMF,1877.8
2024-03-29,2024-03-29,CHMK,8815
2024-03-29,2024-03-29,CIAN,846.6
2024-03-29,2024-03-29,CNTL,16.54
2024-03-29,2024-03-29,CNTLP,11.54
2024-03-29,2024-03-29,DELI,315.4
2024-03-29,2024-03-29,DIAS,6142.5
2024-03-29,2024-03-29,DIOD,16.7
2024-03-29,2024-03-29,DVEC,3.337
2024-03-29,2024-03-29,DZRD,5585
2024-03-29,2024-03-29,DZRDP,4000
2024-03-29,2024-03-29,EELT,20.28
2024-03-29,2024-03-29,ELFV,0.6456
2024-03-29,2024-03-29,ENPG,427.8
2024-03-29,2024-03-29,ETLN,91
2024-03-29,2024-03-29,EUTR,242
2024-03-29,2024-03-29,FEES,0.11736
2024-03-29,2024-03-29,FESH,94.46
2024-03-29,2024-03-29,FIVE,3091
2024-03-29,2024-03-29,FIXP,295.8
2024-03-29,2024-03-29,FLOT,127.78
2024-03-29,2024-03-29,GAZC,659
2024-03-29,2024-03-29,GAZP,157.22
2024-03-29,2024-03-29,GAZS,839
2024-03-29,2024-03-29,GAZT,1739
2024-03-29,2024-03-29,GCHE,5198.5
2024-03-29,2024-03-29,GECO,46.45
2024-03-29,2024-03-29,GEMA,174.6
2024-03-29,2024-03-29,GEMC,939.9
2024-03-29,2024-03-29,GLTR,685.45
2024-03-29,2024-03-29,GMKN,15110
2024-03-29,2024-03-29,GTRK,447.9
2024-03-29,2024-03-29,HHRU,4226
2024-03-29,2024-03-29,HIMCP,33.48
2024-03-29,2024-03-29,HNFG,714
2024-03-29,2024-03-29,HYDR,0.7162
2024-03-29,2024-03-29,IGST,12080
2024-03-29,2024-03-29,IGSTP,8800
2024-03-29,2024-03-29,INGR,1857
2024-03-29,2024-03-29,IRAO,4.0765
2024-03-29,2024-03-29,IRKT,71.15
2024-03-29,2024-03-29,JNOS,27.5
2024-03-29,2024-03-29,JNOSP,16.12
2024-03-29,2024-03-29,KAZT,661.2
2024-03-29,2024-03-29,KAZTP,697.5
2024-03-29,2024-03-29,KBSB,698
2024-03-29,2024-03-29,KCHE,0.796
2024-03-29,2024-03-29,KCHEP,1.565
2024-03-29,2024-03-29,KGKC,53.6
2024-03-29,2024-03-29,KGKCP,50.2
2024-03-29,2024-03-29,KLSB,31.66
2024-03-29,2024-03-29,KLVZ,8.012
2024-03-29,2024-03-29,KMAZ,177.2
2024-03-29,2024-03-29,KMEZ,1796
2024-03-29,2024-03-29,KOGK,53200
2024-03-29,2024-03-29,KRKN,12750
2024-03-29,2024-03-29,KRKNP,12120
2024-03-29,2024-03-29,KRKOP,15.48
2024-03-29,2024-03-29,KROT,2460
2024-03-29,2024-03-29,KROTP,595
2024-03-29,2024-03-29,KRSB,20
2024-03-29,2024-03-29,KRSBP,19.86
2024-03-29,2024-03-29,KUBE,397
2024-03-29,2024-03-29,KUZB,0.0615
2024-03-29,2024-03-29,KZOS,104.3
2024-03-29,2024-03-29,KZOSP,26.64
2024-03-29,2024-03-29,LEAS,950
2024-03-29,2024-03-29,LENT,869
2024-03-29,2024-03-29,LKOH,7551
2024-03-29,2024-03-29,LNZL,15580
2024-03-29,2024-03-29,LNZLP,2575
2024-03-29,2024-03-29,LSNG,22.65
2024-03-29,2024-03-29,LSNGP,195.35
2024-03-29,2024-03-29,LSRG,970
2024-03-29,2024-03-29,LVHK,41.55
2024-03-29,2024-03-29,MAGE,5.39
2024-03-29,2024-03-29,MAGEP,4
2024-03-29,2024-03-29,MAGN,56.27
2024-03-29,2024-03-29,MDMG,990
2024-03-29,2024-03-29,MFGS,451
2024-03-29,2024-03-29,MFGSP,295
2024-03-29,2024-03-29,MGKL,2.5015
2024-03-29,2024-03-29,MGNT,7896
2024-03-29,2024-03-29,MGNZ,7440
2024-03-29,2024-03-29,MGTS,1695
2024-03-29,2024-03-29,MGTSP,1326
2024-03-29,2024-03-29,MISB,93.9
2024-03-29,2024-03-29,MISBP,87.1
2024-03-29,2024-03-29,MOEX,222.72
2024-03-29,2024-03-29,MRKC,0.581
2024-03-29,2024-03-29,MRKK,27.54
2024-03-29,2024-03-29,MRKP,0.3431
2024-03-29,2024-03-29,MRKS,0.8055
2024-03-29,2024-03-29,MRKU,0.4104
2024-03-29,2024-03-29,MRKV,0.06475
2024-03-29,2024-03-29,MRKY,0.0932
2024-03-29,2024-03-29,MRKZ,0.1001
2024-03-29,2024-03-29,MRSB,0.933
2024-03-29,2024-03-29,MSNG,3.329
2024-03-29,2024-03-29,MSRS,1.365
2024-03-29,2024-03-29,MSTT,208.6
2024-03-29,2024-03-29,MTLR,277.04
2024-03-29,2024-03-29,MTLRP,306.55
2024-03-29,2024-03-29,MTSS,297.8
2024-03-29,2024-03-29,MVID,197.5
2024-03-29,2024-03-29,NAUK,635.5
2024-03-29,2024-03-29,NFAZ,550
2024-03-29,2024-03-29,NKHP,1010
2024-03-29,2024-03-29,NKNC,102.6
2024-03-29,2024-03-29,NKNCP,76.08
2024-03-29,2024-03-29,NKSH,78.3
2024-03-29,2024-03-29,NLMK,221.4
2024-03-29,2024-03-29,NMTP,12.175
2024-03-29,2024-03-29,NNSB,5390
2024-03-29,2024-03-29,NNSBP,1934
2024-03-29,2024-03-29,NSVZ,526.5
2024-03-29,2024-03-29,NVTK,1312.6
2024-03-29,2024-03-29,OGKB,0.5514
2024-03-29,2024-03-29,OKEY,30.46
2024-03-29,2024-03-29,OMZZP,19760
2024-03-29,2024-03-29,OZON,3789
2024-03-29,2024-03-29,PHOR,6625
2024-03-29,2024-03-29,PIKK,888.8
2024-03-29,2024-03-29,PLZL,11985
2024-03-29,2024-03-29,PMSB,222.8
2024-03-29,2024-03-29,PMSBP,235.8
2024-03-29,2024-03-29,POLY,309.1
2024-03-29,2024-03-29,POSI,2760.4
2024-03-29,2024-03-29,PRFN,6.004
2024-03-29,2024-03-29,PRMB,41200
2024-03-29,2024-03-29,QIWI,209
2024-03-29,2024-03-29,RASP,396.45
2024-03-29,2024-03-29,RBCM,13.61
2024-03-29,2024-03-29,RDRB,204
2024-03-29,2024-03-29,RENI,100.24
2024-03-29,2024-03-29,RGSS,0.3134
2024-03-29,2024-03-29,RKKE,25600
2024-03-29,2024-03-29,RNFT,196.8
2024-03-29,2024-03-29,ROLO,1.1764
2024-03-29,2024-03-29,ROSB,118.8
2024-03-29,2024-03-29,ROSN,565.75
2024-03-29,2024-03-29,ROST,172.4
2024-03-29,2024-03-29,RTGZ,31200
2024-03-29,2024-03-29,RTKM,102
2024-03-29,2024-03-29,RTKMP,86.2
2024-03-29,2024-03-29,RTSB,5.135
2024-03-29,2024-03-29,RTSBP,2.332
2024-03-29,2024-03-29,RUAL,33.98
2024-03-29,2024-03-29,RUSI,128.7
2024-03-29,2024-03-29,RZSB,40.18
2024-03-29,2024-03-29,SAGO,3.825
2024-03-29,2024-03-29,SAGOP,3.72
2024-03-29,2024-03-29,SARE,0.656
2024-03-29,2024-03-29,SAREP,0.317
2024-03-29,2024-03-29,SBER,298.72
2024-03-29,2024-03-29,SBERP,299.03
2024-03-29,2024-03-29,SELG,73.34
2024-03-29,2024-03-29,SFIN,1870
2024-03-29,2024-03-29,SGZH,3.732
2024-03-29,2024-03-29,SIBN,741.8
2024-03-29,2024-03-29,SLEN,5.1
2024-03-29,2024-03-29,SMLT,3576.5
2024-03-29,2024-03-29,SNGS,29.88
2024-03-29,2024-03-29,SNGSP,67
2024-03-29,2024-03-29,SOFL,166.28
2024-03-29,2024-03-29,SPBE,89
2024-03-29,2024-03-29,STSB,3.33
2024-03-29,2024-03-29,STSBP,2.902
2024-03-29,2024-03-29,SVAV,843
2024-03-29,2024-03-29,SVCB,19.35
2024-03-29,2024-03-29,SVET,27.7
2024-03-29,2024-03-29,TASB,2.46
2024-03-29,2024-03-29,TASBP,1.362
2024-03-29,2024-03-29,TATN,694.3
2024-03-29,2024-03-29,TATNP,694.1
2024-03-29,2024-03-29,TCSG,3163
2024-03-29,2024-03-29,TGKA,0.00911
2024-03-29,2024-03-29,TGKB,0.0131
2024-03-29,2024-03-29,TGKBP,0.0184
2024-03-29,2024-03-29,TGKN,0.01393
2024-03-29,2024-03-29,TNSE,3560
2024-03-29,2024-03-29,TORS,0.916
2024-03-29,2024-03-29,TORSP,0.52
2024-03-29,2024-03-29,TRMK,216.4
2024-03-29,2024-03-29,TRNFP,1645.5
2024-03-29,2024-03-29,TTLK,1.0625
2024-03-29,2024-03-29,TUZA,294.5
2024-03-29,2024-03-29,UGLD,0.876
2024-03-29,2024-03-29,UKUZ,1684
2024-03-29,2024-03-29,UNAC,1.3485
2024-03-29,2024-03-29,UNKL,8200
2024-03-29,2024-03-29,UPRO,2.07
2024-03-29,2024-03-29,URKZ,30400
2024-03-29,2024-03-29,USBN,0.1899
2024-03-29,2024-03-29,UTAR,15.72
2024-03-29,2024-03-29,VEON-RX,41
2024-03-29,2024-03-29,VGSB,20.7
2024-03-29,2024-03-29,VGSBP,13.54
2024-03-29,2024-03-29,VJGZ,2848
2024-03-29,2024-03-29,VJGZP,1514
2024-03-29,2024-03-29,VKCO,609.8
2024-03-29,2024-03-29,VLHZ,288.6
2024-03-29,2024-03-29,VRSB,660
2024-03-29,2024-03-29,VRSBP,218
2024-03-29,2024-03-29,VSMO,36460
2024-03-29,2024-03-29,VSYD,19400
2024-03-29,2024-03-29,VSYDP,13100
2024-03-29,2024-03-29,VTBR,0.022925
2024-03-29,2024-03-29,WTCM,16.3
2024-03-29,2024-03-29,WTCMP,11.54
2024-03-29,2024-03-29,WUSH,323.5
2024-03-29,2024-03-29,YAKG,91.7
2024-03-29,2024-03-29,YKEN,0.788
2024-03-29,2024-03-29,YKENP,0.598
2024-03-29,2024-03-29,YNDX,3994
2024-03-29,2024-03-29,YRSB,1220
2024-03-29,2024-03-29,YRSBP,289.5
2024-03-29,2024-03-29,ZILL,3205
2024-03-29,2024-03-29,ZVEZ,12.85
2024-03-31,2024-03-29,ABIO,110.3
2024-03-31,2024-03-29,ABRD,254.2
2024-03-31,2024-03-29,ACKO,3.58
2024-03-31,2024-03-29,AFKS,22.557
2024-03-31,2024-03-29,AFLT,45.48
2024-03-31,2024-03-29,AGRO,1422.6
2024-03-31,2024-03-29,AKRN,17362
2024-03-31,2024-03-29,ALRS,78.72
2024-03-31,2024-03-29,AMEZ,68.64
2024-03-31,2024-03-29,APTK,14.462
2024-03-31,2024-03-29,AQUA,926.5
2024-03-31,2024-03-29,ARSA,13.55
2024-03-31,2024-03-29,ASSB,2.865
2024-03-31,2024-03-29,ASTR,694.9
2024-03-31,2024-03-29,AVAN,922
2024-03-31,2024-03-29,BANE,3163
2024-03-31,2024-03-29,BANEP,2249.5
2024-03-31,2024-03-29,BELU,5869
2024-03-31,2024-03-29,BISVP,15.24
2024-03-31,2024-03-29,BLNG,26.885
2024-03-31,2024-03-29,BRZL,1591
2024-03-31,2024-03-29,BSPB,309.68
2024-03-31,2024-03-29,BSPBP,58.15
2024-03-31,2024-03-29,CARM,2.6425
2024-03-31,2024-03-29,CBOM,7.681
2024-03-31,2024-03-29,CHGZ,148
2024-03-31,2024-03-29,CHKZ,25800
2024-03-31,2024-03-29,CHMF,1877.8
2024-03-31,2024-03-29,CHMK,8815
2024-03-31,2024-03-29,CIAN,846.6
2024-03-31,2024-03-29,CNTL,16.54
2024-03-31,2024-03-29,CNTLP,11.54
2024-03-31,2024-03-29,DELI,315.4
2024-03-31,2024-03-29,DIAS,6142.5
2024-03-31,2024-03-29,DIOD,16.7
2024-03-31,2024-03-29,DVEC,3.337
2024-03-31,2024-03-29,DZRD,5585
2024-03-31,2024-03-29,DZRDP,4000
2024-03-31,2024-03-29,EELT,20.28
2024-03-31,2024-03-29,ELFV,0.6456
2024-03-31,2024-03-29,ENPG,427.8
2024-03-31,2024-03-29,ETLN,91
2024-03-31,2024-03-29,EUTR,242
2024-03-31,2024-03-29,FEES,0.11736
2024-03-31,2024-03-29,FESH,94.46
2024-03-31,2024-03-29,FIVE,3091
2024-03-31,2024-03-29,FIXP,295.8
2024-03-31,2024-03-29,FLOT,127.78
2024-03-31,2024-03-29,GAZC,659
2024-03-31,2024-03-29,GAZP,157.22
2024-03-31,2024-03-29,GAZS,839
2024-03-31,2024-03-29,GAZT,1739
2024-03-31,2024-03-29,GCHE,5198.5
2024-03-31,2024-03-29,GECO,46.45
2024-03-31,2024-03-29,GEMA,174.6
2024-03-31,2024-03-29,GEMC,939.9
2024-03-31,2024-03-29,GLTR,685.45
2024-03-31,2024-03-29,GMKN,15110
2024-03-31,2024-03-29,GTRK,447.9
2024-03-31,2024-03-29,HHRU,4226
2024-03-31,2024-03-29,HIMCP,33.48
2024-03-31,2024-03-29,HNFG,714
2024-03-31,2024-03-29,HYDR,0.7162
2024-03-31,2024-03-29,IGST,12080
2024-03-31,2024-03-29,IGSTP,8800
2024-03-31,2024-03-29,INGR,1857
2024-03-31,2024-03-29,IRAO,4.0765
2024-03-31,2024-03-29,IRKT,71.15
2024-03-31,2024-03-29,JNOS,27.5
2024-03-31,2024-03-29,JNOSP,16.12
2024-03-31,2024-03-29,KAZT,661.2
2024-03-31,2024-03-29,KAZTP,697.5
2024-03-31,2024-03-29,KBSB,698
2024-03-31,2024-03-29,KCHE,0.796
2024-03-31,2024-03-29,KCHEP,1.565
2024-03-31,2024-03-29,KGKC,53.6
2024-03-31,2024-03-29,KGKCP,50.2
2024-03-31,2024-03-29,KLSB,31.66
2024-03-31,2024-03-29,KLVZ,8.012
2024-03-31,2024-03-29,KMAZ,177.2
2024-03-31,2024-03-29,KMEZ,1796
2024-03-31,2024-03-29,KOGK,53200
2024-03-31,2024-03-29,KRKN,12750
2024-03-31,2024-03-29,KRKNP,12120
2024-03-31,2024-03-29,KRKOP,15.48
2024-03-31,2024-03-29,KROT,2460
2024-03-31,2024-03-29,KROTP,595
2024-03-31,2024-03-29,KRSB,20
2024-03-31,2024-03-29,KRSBP,19.86
2024-03-31,2024-03-29,KUBE,397
2024-03-31,2024-03-29,KUZB,0.0615
2024-03-31,2024-03-29,KZOS,104.3
2024-03-31,2024-03-29,KZOSP,26.64
2024-03-31,2024-03-29,LEAS,950
2024-03-31,2024-03-29,LENT,869
2024-03-31,2024-03-29,LKOH,7551
2024-03-31,2024-03-29,LNZL,15580
2024-03-31,2024-03-29,LNZLP,2575
2024-03-31,2024-03-29,LSNG,22.65
2024-03-31,2024-03-29,LSNGP,195.35
2024-03-31,2024-03-29,LSRG,970
2024-03-31,2024-03-29,LVHK,41.55
2024-03-31,2024-03-29,MAGE,5.39
2024-03-31,2024-03-29,MAGEP,4
2024-03-31,2024-03-29,MAGN,56.27
2024-03-31,2024-03-29,MDMG,990
2024-03-31,2024-03-29,MFGS,451
2024-03-31,2024-03-29,MFGSP,295
2024-03-31,2024-03-29,MGKL,2.5015
2024-03-31,2024-03-29,MGNT,7896
2024-03-31,2024-03-29,MGNZ,7440
2024-03-31,2024-03-29,MGTS,1695
2024-03-31,2024-03-29,MGTSP,1326
2024-03-31,2024-03-29,MISB,93.9
2024-03-31,2024-03-29,MISBP,87.1
2024-03-31,2024-03-29,MOEX,222.72
2024-03-31,2024-03-29,MRKC,0.581
2024-03-31,2024-03-29,MRKK,27.54
2024-03-31,2024-03-29,MRKP,0.3431
2024-03-31,2024-03-29,MRKS,0.8055
2024-03-31,2024-03-29,MRKU,0.4104
2024-03-31,2024-03-29,MRKV,0.06475
2024-03-31,2024-03-29,MRKY,0.0932
2024-03-31,2024-03-29,MRKZ,0.1001
2024-03-31,2024-03-29,MRSB,0.933
2024-03-31,2024-03-29,MSNG,3.329
2024-03-31,2024-03-29,MSRS,1.365
2024-03-31,2024-03-29,MSTT,208.6
2024-03-31,2024-03-29,MTLR,277.04
2024-03-31,2024-03-29,MTLRP,306.55
2024-03-31,2024-03-29,MTSS,297.8
2024-03-31,2024-03-29,MVID,197.5
2024-03-31,2024-03-29,NAUK,635.5
2024-03-31,2024-03-29,NFAZ,550
2024-03-31,2024-03-29,NKHP,1010
2024-03-31,2024-03-29,NKNC,102.6
2024-03-31,2024-03-29,NKNCP,76.08
2024-03-31,2024-03-29,NKSH,78.3
2024-03-31,2024-03-29,NLMK,221.4
2024-03-31,2024-03-29,NMTP,12.175
2024-03-31,2024-03-29,NNSB,5390
2024-03-31,2024-03-29,NNSBP,1934
2024-03-31,2024-03-29,NSVZ,526.5
2024-03-31,2024-03-29,NVTK,1312.6
2024-03-31,2024-03-29,OGKB,0.5514
2024-03-31,2024-03-29,OKEY,30.46
2024-03-31,2024-03-29,OMZZP,19760
2024-03-31,2024-03-29,OZON,3789
2024-03-31,2024-03-29,PHOR,6625
2024-03-31,2024-03-29,PIKK,888.8
2024-03-31,2024-03-29,PLZL,11985
2024-03-31,2024-03-29,PMSB,222.8
2024-03-31,2024-03-29,PMSBP,235.8
2024-03-31,2024-03-29,POLY,309.1
2024-03-31,2024-03-29,POSI,2760.4
2024-03-31,2024-03-29,PRFN,6.004
2024-03-31,2024-03-29,PRMB,41200
2024-03-31,2024-03-29,QIWI,209
2024-03-31,2024-03-29,RASP,396.45
2024-03-31,2024-03-29,RBCM,13.61
2024-03-31,2024-03-29,RDRB,204
2024-03-31,2024-03-29,RENI,100.24
2024-03-31,2024-03-29,RGSS,0.3134
2024-03-31,2024-03-29,RKKE,25600
2024-03-31,2024-03-29,RNFT,196.8
2024-03-31,2024-03-29,ROLO,1.1764
2024-03-31,2024-03-29,ROSB,118.8
2024-03-31,2024-03-29,ROSN,565.75
2024-03-31,2024-03-29,ROST,172.4
2024-03-31,2024-03-29,RTGZ,31200
2024-03-31,2024-03-29,RTKM,102
2024-03-31,2024-03-29,RTKMP,86.2
2024-03-31,2024-03-29,RTSB,5.135
2024-03-31,2024-03-29,RTSBP,2.332
2024-03-31,2024-03-29,RUAL,33.98
2024-03-31,2024-03-29,RUSI,128.7
2024-03-31,2024-03-29,RZSB,40.18
2024-03-31,2024-03-29,SAGO,3.825
2024-03-31,2024-03-29,SAGOP,3.72
2024-03-31,2024-03-29,SARE,0.656
2024-03-31,2024-03-29,SAREP,0.317
2024-03-31,2024-03-29,SBER,298.72
2024-03-31,2024-03-29,SBERP,299.03
2024-03-31,2024-03-29,SELG,73.34
2024-03-31,2024-03-29,SFIN,1870
2024-03-31,2024-03-29,SGZH,3.732
2024-03-31,2024-03-29,SIBN,741.8
2024-03-31,2024-03-29,SLEN,5.1
2024-03-31,2024-03-29,SMLT,3576.5
2024-03-31,2024-03-29,SNGS,29.88
2024-03-31,2024-03-29,SNGSP,67
2024-03-31,2024-03-29,SOFL,166.28
2024-03-31,2024-03-29,SPBE,89
2024-03-31,2024-03-29,STSB,3.33
2024-03-31,2024-03-29,STSBP,2.902
2024-03-31,2024-03-29,SVAV,843
2024-03-31,2024-03-29,SVCB,19.35
2024-03-31,2024-03-29,SVET,27.7
2024-03-31,2024-03-29,TASB,2.46
2024-03-31,2024-03-29,TASBP,1.362
2024-03-31,2024-03-29,TATN,694.3
2024-03-31,2024-03-29,TATNP,694.1
2024-03-31,2024-03-29,TCSG,3163
2024-03-31,2024-03-29,TGKA,0.00911
2024-03-31,2024-03-29,TGKB,0.0131
2024-03-31,2024-03-29,TGKBP,0.0184
2024-03-31,2024-03-29,TGKN,0.01393
2024-03-31,2024-03-29,TNSE,3560
2024-03-31,2024-03-29,TORS,0.916
2024-03-31,2024-03-29,TORSP,0.52
2024-03-31,2024-03-29,TRMK,216.4
2024-03-31,2024-03-29,TRNFP,1645.5
2024-03-31,2024-03-29,TTLK,1.0625
2024-03-31,2024-03-29,TUZA,294.5
2024-03-31,2024-03-29,UGLD,0.876
2024-03-31,2024-03-29,UKUZ,1684
2024-03-31,2024-03-29,UNAC,1.3485
2024-03-31,2024-03-29,UNKL,8200
2024-03-31,2024-03-29,UPRO,2.07
2024-03-31,2024-03-29,URKZ,30400
2024-03-31,2024-03-29,USBN,0.1899
2024-03-31,2024-03-29,UTAR,15.72
2024-03-31,2024-03-29,VEON-RX,41
2024-03-31,2024-03-29,VGSB,20.7
2024-03-31,2024-03-29,VGSBP,13.54
2024-03-31,2024-03-29,VJGZ,2848
2024-03-31,2024-03-29,VJGZP,1514
2024-03-31,2024-03-29,VKCO,609.8
2024-03-31,2024-03-29,VLHZ,288.6
2024-03-31,2024-03-29,VRSB,660
2024-03-31,2024-03-29,VRSBP,218
2024-03-31,2024-03-29,VSMO,36460
2024-03-31,2024-03-29,VSYD,19400
2024-03-31,2024-03-29,VSYDP,13100
2024-03-31,2024-03-29,VTBR,0.022925
2024-03-31,2024-03-29,WTCM,16.3
2024-03-31,2024-03-29,WTCMP,11.54
2024-03-31,2024-03-29,WUSH,323.5
2024-03-31,2024-03-29,YAKG,91.7
2024-03-31,2024-03-29,YKEN,0.788
2024-03-31,2024-03-29,YKENP,0.598
2024-03-31,2024-03-29,YNDX,3994
2024-03-31,2024-03-29,YRSB,1220
2024-03-31,2024-03-29,YRSBP,289.5
2024-03-31,2024-03-29,ZILL,3205
2024-03-31,2024-03-29,ZVEZ,12.85
2024-04-27,2024-04-27,ABIO,112.18
2024-04-27,2024-04-27,ABRD,297.4
2024-04-27,2024-04-27,ACKO,3.58
2024-04-27,2024-04-27,AFKS,25.785
2024-04-27,2024-04-27,AFLT,51.46
2024-04-27,2024-04-27,AGRO,1585
2024-04-27,2024-04-27,AKRN,16978
2024-04-27,2024-04-27,ALRS,76.71
2024-04-27,2024-04-27,AMEZ,68.7
2024-04-27,2024-04-27,APTK,13.9
2024-04-27,2024-04-27,AQUA,893.5
2024-04-27,2024-04-27,ARSA,14.86
2024-04-27,2024-04-27,ASSB,3
2024-04-27,2024-04-27,ASTR,617.95
2024-04-27,2024-04-27,AVAN,964
2024-04-27,2024-04-27,BANE,3394
2024-04-27,2024-04-27,BANEP,2299
2024-04-27,2024-04-27,BELU,5891
2024-04-27,2024-04-27,BISVP,14.44
2024-04-27,2024-04-27,BLNG,28.935
2024-04-27,2024-04-27,BRZL,2540
2024-04-27,2024-04-27,BSPB,336.33
2024-04-27,2024-04-27,BSPBP,58
2024-04-27,2024-04-27,CARM,2.494
2024-04-27,2024-04-27,CBOM,7.429
2024-04-27,2024-04-27,CHGZ,145.8
2024-04-27,2024-04-27,CHKZ,26000
2024-04-27,2024-04-27,CHMF,1887.6
2024-04-27,2024-04-27,CHMK,8710
2024-04-27,2024-04-27,CIAN,981.8
2024-04-27,2024-04-27,CNTL,17.7
2024-04-27,2024-04-27,CNTLP,11.58
2024-04-27,2024-04-27,DELI,332.5
2024-04-27,2024-04-27,DIAS,6187
2024-04-27,2024-04-27,DIOD,16.63
2024-04-27,2024-04-27,DVEC,3.416
2024-04-27,2024-04-27,DZRD,5545
2024-04-27,2024-04-27,DZRDP,3880
2024-04-27,2024-04-27,EELT,19.64
2024-04-27,2024-04-27,ELFV,0.6212
2024-04-27,2024-04-27,ENPG,479.4
2024-04-27,2024-04-27,ETLN,107.62
2024-04-27,2024-04-27,EUTR,230.7
2024-04-27,2024-04-27,FEES,0.12382
2024-04-27,2024-04-27,FESH,85.3
2024-04-27,2024-04-27,FIVE,2792.5
2024-04-27,2024-04-27,FIXP,305.6
2024-04-27,2024-04-27,FLOT,133.3
2024-04-27,2024-04-27,GAZC,659
2024-04-27,2024-04-27,GAZP,164.06
2024-04-27,2024-04-27,GAZS,839
2024-04-27,2024-04-27,GAZT,1739
2024-04-27,2024-04-27,GCHE,5042
2024-04-27,2024-04-27,GECO,47.12
2024-04-27,2024-04-27,GEMA,195
2024-04-27,2024-04-27,GEMC,938.2
2024-04-27,2024-04-27,GLTR,813.3
2024-04-27,2024-04-27,GMKN,156.04
2024-04-27,2024-04-27,GTRK,475.3
2024-04-27,2024-04-27,HHRU,4918
2024-04-27,2024-04-27,HIMCP,32.2
2024-04-27,2024-04-27,HNFG,758.4
2024-04-27,2024-04-27,HYDR,0.721
2024-04-27,2024-04-27,IGST,11440
2024-04-27,2024-04-27,IGSTP,8370
2024-04-27,2024-04-27,INGR,1809
2024-04-27,2024-04-27,IRAO,4.247
2024-04-27,2024-04-27,IRKT,70.35
2024-04-27,2024-04-27,JNOS,27.6
2024-04-27,2024-04-27,JNOSP,17.22
2024-04-27,2024-04-27,KAZT,607.8
2024-04-27,2024-04-27,KAZTP,677.5
2024-04-27,2024-04-27,KBSB,604
2024-04-27,2024-04-27,KCHE,0.784
2024-04-27,2024-04-27,KCHEP,1.44
2024-04-27,2024-04-27,KGKC,53.6
2024-04-27,2024-04-27,KGKCP,55
2024-04-27,2024-04-27,KLSB,32.29
2024-04-27,2024-04-27,KLVZ,8.027
2024-04-27,2024-04-27,KMAZ,183.5
2024-04-27,2024-04-27,KMEZ,1738
2024-04-27,2024-04-27,KOGK,52000
2024-04-27,2024-04-27,KRKN,12800
2024-04-27,2024-04-27,KRKNP,11740
2024-04-27,2024-04-27,KRKOP,15.7
2024-04-27,2024-04-27,KROT,2784
2024-04-27,2024-04-27,KROTP,945
2024-04-27,2024-04-27,KRSB,19.7
2024-04-27,2024-04-27,KRSBP,19.68
2024-04-27,2024-04-27,KUBE,390
2024-04-27,2024-04-27,KUZB,0.0609
2024-04-27,2024-04-27,KZOS,117.5
2024-04-27,2024-04-27,KZOSP,27.69
2024-04-27,2024-04-27,LEAS,1047
2024-04-27,2024-04-27,LENT,1142
2024-04-27,2024-04-27,LKOH,8002.5
2024-04-27,2024-04-27,LNZL,16670
2024-04-27,2024-04-27,LNZLP,2885
2024-04-27,2024-04-27,LSNG,22.39
2024-04-27,2024-04-27,LSNGP,202.35
2024-04-27,2024-04-27,LSRG,1121
2024-04-27,2024-04-27,LVHK,45.05
2024-04-27,2024-04-27,MAGE,5.4
2024-04-27,2024-04-27,MAGEP,3.94
2024-04-27,2024-04-27,MAGN,54.715
2024-04-27,2024-04-27,MBNK,2604
2024-04-27,2024-04-27,MDMG,1128.6
2024-04-27,2024-04-27,MFGS,510
2024-04-27,2024-04-27,MFGSP,351
2024-04-27,2024-04-27,MGKL,2.97
2024-04-27,2024-04-27,MGNT,8235
2024-04-27,2024-04-27,MGNZ,7440
2024-04-27,2024-04-27,MGTS,1715
2024-04-27,2024-04-27,MGTSP,1438
2024-04-27,2024-04-27,MISB,84.2
2024-04-27,2024-04-27,MISBP,79.7
2024-04-27,2024-04-27,MOEX,232.09
2024-04-27,2024-04-27,MRKC,0.622
2024-04-27,2024-04-27,MRKK,26.86
2024-04-27,2024-04-27,MRKP,0.3664
2024-04-27,2024-04-27,MRKS,0.802
2024-04-27,2024-04-27,MRKU,0.506
2024-04-27,2024-04-27,MRKV,0.072
2024-04-27,2024-04-27,MRKY,0.0947
2024-04-27,2024-04-27,MRKZ,0.1008
2024-04-27,2024-04-27,MRSB,0.941
2024-04-27,2024-04-27,MSNG,3.4
2024-04-27,2024-04-27,MSRS,1.42
2024-04-27,2024-04-27,MSTT,213.7
2024-04-27,2024-04-27,MTLR,264.44
2024-04-27,2024-04-27,MTLRP,277.3
2024-04-27,2024-04-27,MTSS,312.4
2024-04-27,2024-04-27,MVID,210.7
2024-04-27,2024-04-27,NAUK,720.5
2024-04-27,2024-04-27,NFAZ,520.5
2024-04-27,2024-04-27,NKHP,1044
2024-04-27,2024-04-27,NKNC,107.15
2024-04-27,2024-04-27,NKNCP,79.28
2024-04-27,2024-04-27,NKSH,77.4
2024-04-27,2024-04-27,NLMK,232.9
2024-04-27,2024-04-27,NMTP,12.2
2024-04-27,2024-04-27,NNSB,5210
2024-04-27,2024-04-27,NNSBP,1898
2024-04-27,2024-04-27,NSVZ,576
2024-04-27,2024-04-27,NVTK,1229
2024-04-27,2024-04-27,OGKB,0.5571
2024-04-27,2024-04-27,OKEY,33.08
2024-04-27,2024-04-27,OMZZP,19900
2024-04-27,2024-04-27,OZON,4256.5
2024-04-27,2024-04-27,PHOR,6610
2024-04-27,2024-04-27,PIKK,857.4
2024-04-27,2024-04-27,PLZL,13712.5
2024-04-27,2024-04-27,PMSB,281.7
2024-04-27,2024-04-27,PMSBP,290.2
2024-04-27,2024-04-27,POLY,317.4
2024-04-27,2024-04-27,POSI,2955
2024-04-27,2024-04-27,PRFN,6.298
2024-04-27,2024-04-27,PRMB,42800
2024-04-27,2024-04-27,QIWI,181.5
2024-04-27,2024-04-27,RASP,397.1
2024-04-27,2024-04-27,RBCM,22.65
2024-04-27,2024-04-27,RDRB,203
2024-04-27,2024-04-27,RENI,107.14
2024-04-27,2024-04-27,RGSS,0.3152
2024-04-27,2024-04-27,RKKE,28180
2024-04-27,2024-04-27,RNFT,225.3
2024-04-27,2024-04-27,ROLO,1.2356
2024-04-27,2024-04-27,ROSB,127.2
2024-04-27,2024-04-27,ROSN,581.2
2024-04-27,2024-04-27,ROST,166.2
2024-04-27,2024-04-27,RTGZ,36300
2024-04-27,2024-04-27,RTKM,97.35
2024-04-27,2024-04-27,RTKMP,87.05
2024-04-27,2024-04-27,RTSB,5.285
2024-04-27,2024-04-27,RTSBP,2.478
2024-04-27,2024-04-27,RUAL,43.84
2024-04-27,2024-04-27,RUSI,124
2024-04-27,2024-04-27,RZSB,42.72
2024-04-27,2024-04-27,SAGO,4.36
2024-04-27,2024-04-27,SAGOP,4.35
2024-04-27,2024-04-27,SARE,0.676
2024-04-27,2024-04-27,SAREP,0.397
2024-04-27,2024-04-27,SBER,308.98
2024-04-27,2024-04-27,SBERP,309.6
2024-04-27,2024-04-27,SELG,74.39
2024-04-27,2024-04-27,SFIN,1615
2024-04-27,2024-04-27,SGZH,3.81
2024-04-27,2024-04-27,SIBN,749.25
2024-04-27,2024-04-27,SLEN,5.085
2024-04-27,2024-04-27,SMLT,3713
2024-04-27,2024-04-27,SNGS,34.47
2024-04-27,2024-04-27,SNGSP,67.185
2024-04-27,2024-04-27,SOFL,171.2
2024-04-27,2024-04-27,SPBE,104.5
2024-04-27,2024-04-27,STSB,3.36
2024-04-27,2024-04-27,STSBP,2.97
2024-04-27,2024-04-27,SVAV,842
2024-04-27,2024-04-27,SVCB,19.14
2024-04-27,2024-04-27,SVET,27.25
2024-04-27,2024-04-27,TASB,2.53
2024-04-27,2024-04-27,TASBP,1.34
2024-04-27,2024-04-27,TATN,720.5
2024-04-27,2024-04-27,TATNP,719.9
2024-04-27,2024-04-27,TCSG,3086
2024-04-27,2024-04-27,TGKA,0.00968
2024-04-27,2024-04-27,TGKB,0.01371
2024-04-27,2024-04-27,TGKBP,0.01971
2024-04-27,2024-04-27,TGKN,0.01599
2024-04-27,2024-04-27,TNSE,3465
2024-04-27,2024-04-27,TORS,0.896
2024-04-27,2024-04-27,TORSP,0.476
2024-04-27,2024-04-27,TRMK,220.22
2024-04-27,2024-04-27,TRNFP,1598
2024-04-27,2024-04-27,TTLK,1.081
2024-04-27,2024-04-27,TUZA,329.5
2024-04-27,2024-04-27,UGLD,0.964
2024-04-27,2024-04-27,UKUZ,1636
2024-04-27,2024-04-27,UNAC,1.224
2024-04-27,2024-04-27,UNKL,7770
2024-04-27,2024-04-27,UPRO,2.202
2024-04-27,2024-04-27,URKZ,29900
2024-04-27,2024-04-27,USBN,0.235
2024-04-27,2024-04-27,UTAR,15.46
2024-04-27,2024-04-27,VEON-RX,38.65
2024-04-27,2024-04-27,VGSB,19.56
2024-04-27,2024-04-27,VGSBP,12.72
2024-04-27,2024-04-27,VJGZ,3958
2024-04-27,2024-04-27,VJGZP,2830
2024-04-27,2024-04-27,VKCO,587.2
2024-04-27,2024-04-27,VLHZ,281.4
2024-04-27,2024-04-27,VRSB,646.5
2024-04-27,2024-04-27,VRSBP,202
2024-04-27,2024-04-27,VSMO,39820
2024-04-27,2024-04-27,VSYD,19350
2024-04-27,2024-04-27,VSYDP,13040
2024-04-27,2024-04-27,VTBR,0.023305
2024-04-27,2024-04-27,WTCM,17.8
2024-04-27,2024-04-27,WTCMP,12.74
2024-04-27,2024-04-27,WUSH,315.38
2024-04-27,2024-04-27,YAKG,95.7
2024-04-27,2024-04-27,YKEN,0.768
2024-04-27,2024-04-27,YKENP,0.583
2024-04-27,2024-04-27,YNDX,4160.2
2024-04-27,2024-04-27,YRSB,1196
2024-04-27,2024-04-27,YRSBP,282.5
2024-04-27,2024-04-27,ZAYM,234.5
2024-04-27,2024-04-27,ZILL,3980
2024-04-27,2024-04-27,ZVEZ,12.88
2024-04-30,2024-04-30,ABIO,111.94
2024-04-30,2024-04-30,ABRD,296.2
2024-04-30,2024-04-30,ACKO,3.58
2024-04-30,2024-04-30,AFKS,25.745
2024-04-30,2024-04-30,AFLT,51.59
2024-04-30,2024-04-30,AGRO,1552.2
2024-04-30,2024-04-30,AKRN,16800
2024-04-30,2024-04-30,ALRS,77.4
2024-04-30,2024-04-30,AMEZ,69.22
2024-04-30,2024-04-30,APTK,14.076
2024-04-30,2024-04-30,AQUA,892
2024-04-30,2024-04-30,ARSA,15.51
2024-04-30,2024-04-30,ASSB,3
2024-04-30,2024-04-30,ASTR,613.7
2024-04-30,2024-04-30,AVAN,964
2024-04-30,2024-04-30,BANE,3385.5
2024-04-30,2024-04-30,BANEP,2285
2024-04-30,2024-04-30,BELU,5922
2024-04-30,2024-04-30,BISVP,14.54
2024-04-30,2024-04-30,BLNG,29.25
2024-04-30,2024-04-30,BRZL,2470
2024-04-30,2024-04-30,BSPB,341.89
2024-04-30,2024-04-30,BSPBP,57.25
2024-04-30,2024-04-30,CARM,2.49
2024-04-30,2024-04-30,CBOM,7.454
2024-04-30,2024-04-30,CHGZ,161.6
2024-04-30,2024-04-30,CHKZ,26400
2024-04-30,2024-04-30,CHMF,1927.6
2024-04-30,2024-04-30,CHMK,8770
2024-04-30,2024-04-30,CIAN,964.4
2024-04-30,2024-04-30,CNTL,17.4
2024-04-30,2024-04-30,CNTLP,11.68
2024-04-30,2024-04-30,DELI,325.5
2024-04-30,2024-04-30,DIAS,6246.5
2024-04-30,2024-04-30,DIOD,16.61
2024-04-30,2024-04-30,DVEC,3.44
2024-04-30,2024-04-30,DZRD,5505
2024-04-30,2024-04-30,DZRDP,3900
2024-04-30,2024-04-30,EELT,19.72
2024-04-30,2024-04-30,ELFV,0.631
2024-04-30,2024-04-30,ENPG,480.8
2024-04-30,2024-04-30,ETLN,105.8
2024-04-30,2024-04-30,EUTR,235.15
2024-04-30,2024-04-30,FEES,0.13106
2024-04-30,2024-04-30,FESH,85.54
2024-04-30,2024-04-30,FIVE,2792.5
2024-04-30,2024-04-30,FIXP,305.4
2024-04-30,2024-04-30,FLOT,133.76
2024-04-30,2024-04-30,GAZC,659
2024-04-30,2024-04-30,GAZP,163.22
2024-04-30,2024-04-30,GAZS,839
2024-04-30,2024-04-30,GAZT,1739
2024-04-30,2024-04-30,GCHE,4958
2024-04-30,2024-04-30,GECO,47.16
2024-04-30,2024-04-30,GEMA,187.9
2024-04-30,2024-04-30,GEMC,935
2024-04-30,2024-04-30,GLTR,791.05
2024-04-30,2024-04-30,GMKN,153.9
2024-04-30,2024-04-30,GTRK,574.5
2024-04-30,2024-04-30,HHRU,5159
2024-04-30,2024-04-30,HIMCP,32.46
2024-04-30,2024-04-30,HNFG,756.6
2024-04-30,2024-04-30,HYDR,0.7274
2024-04-30,2024-04-30,IGST,11620
2024-04-30,2024-04-30,IGSTP,8410
2024-04-30,2024-04-30,INGR,1824
2024-04-30,2024-04-30,IRAO,4.2775
2024-04-30,2024-04-30,IRKT,71.25
2024-04-30,2024-04-30,JNOS,28.1
2024-04-30,2024-04-30,JNOSP,17.28
2024-04-30,2024-04-30,KAZT,612
2024-04-30,2024-04-30,KAZTP,679
2024-04-30,2024-04-30,KBSB,595.5
2024-04-30,2024-04-30,KCHE,0.778
2024-04-30,2024-04-30,KCHEP,1.44
2024-04-30,2024-04-30,KGKC,54.4
2024-04-30,2024-04-30,KGKCP,56.6
2024-04-30,2024-04-30,KLSB,32.76
2024-04-30,2024-04-30,KLVZ,8.023
2024-04-30,2024-04-30,KMAZ,180.7
2024-04-30,2024-04-30,KMEZ,1756
2024-04-30,2024-04-30,KOGK,53000
2024-04-30,2024-04-30,KRKN,12550
2024-04-30,2024-04-30,KRKNP,11820
2024-04-30,2024-04-30,KRKOP,15.72
2024-04-30,2024-04-30,KROT,2856
2024-04-30,2024-04-30,KROTP,901
2024-04-30,2024-04-30,KRSB,19.8
2024-04-30,2024-04-30,KRSBP,19.34
2024-04-30,2024-04-30,KUBE,396.6
2024-04-30,2024-04-30,KUZB,0.0608
2024-04-30,2024-04-30,KZOS,117.5
2024-04-30,2024-04-30,KZOSP,27.87
2024-04-30,2024-04-30,LEAS,1040.6
2024-04-30,2024-04-30,LENT,1137.5
2024-04-30,2024-04-30,LKOH,8085.5
2024-04-30,2024-04-30,LNZL,16370
2024-04-30,2024-04-30,LNZLP,2925
2024-04-30,2024-04-30,LSNG,22.35
2024-04-30,2024-04-30,LSNGP,201.55
2024-04-30,2024-04-30,LSRG,1139.6
2024-04-30,2024-04-30,LVHK,45.05
2024-04-30,2024-04-30,MAGE,5.42
2024-04-30,2024-04-30,MAGEP,3.96
2024-04-30,2024-04-30,MAGN,54.97
2024-04-30,2024-04-30,MBNK,2608
2024-04-30,2024-04-30,MDMG,1107
2024-04-30,2024-04-30,MFGS,508
2024-04-30,2024-04-30,MFGSP,359.5
2024-04-30,2024-04-30,MGKL,2.945
2024-04-30,2024-04-30,MGNT,8405
2024-04-30,2024-04-30,MGNZ,7440
2024-04-30,2024-04-30,MGTS,1715
2024-04-30,2024-04-30,MGTSP,1420
2024-04-30,2024-04-30,MISB,84.8
2024-04-30,2024-04-30,MISBP,80.3
2024-04-30,2024-04-30,MOEX,236.2
2024-04-30,2024-04-30,MRKC,0.6274
2024-04-30,2024-04-30,MRKK,26.78
2024-04-30,2024-04-30,MRKP,0.3701
2024-04-30,2024-04-30,MRKS,0.812
2024-04-30,2024-04-30,MRKU,0.541
2024-04-30,2024-04-30,MRKV,0.0724
2024-04-30,2024-04-30,MRKY,0.0962
2024-04-30,2024-04-30,MRKZ,0.1011
2024-04-30,2024-04-30,MRSB,0.939
2024-04-30,2024-04-30,MSNG,3.3455
2024-04-30,2024-04-30,MSRS,1.4255
2024-04-30,2024-04-30,MSTT,219
2024-04-30,2024-04-30,MTLR,252.57
2024-04-30,2024-04-30,MTLRP,272.95
2024-04-30,2024-04-30,MTSS,309.95
2024-04-30,2024-04-30,MVID,207.1
2024-04-30,2024-04-30,NAUK,714.5
2024-04-30,2024-04-30,NFAZ,532
2024-04-30,2024-04-30,NKHP,1070
2024-04-30,2024-04-30,NKNC,104.85
2024-04-30,2024-04-30,NKNCP,79.82
2024-04-30,2024-04-30,NKSH,75.5
2024-04-30,2024-04-30,NLMK,241.74
2024-04-30,2024-04-30,NMTP,12.225
2024-04-30,2024-04-30,NNSB,5300
2024-04-30,2024-04-30,NNSBP,1918
2024-04-30,2024-04-30,NSVZ,584
2024-04-30,2024-04-30,NVTK,1235.2
2024-04-30,2024-04-30,OGKB,0.5622
2024-04-30,2024-04-30,OKEY,32.64
2024-04-30,2024-04-30,OMZZP,24000
2024-04-30,2024-04-30,OZON,4364
2024-04-30,2024-04-30,PHOR,6610
2024-04-30,2024-04-30,PIKK,861
2024-04-30,2024-04-30,PLZL,13226
2024-04-30,2024-04-30,PMSB,286.5
2024-04-30,2024-04-30,PMSBP,292.8
2024-04-30,2024-04-30,POLY,316.1
2024-04-30,2024-04-30,POSI,3038.8
2024-04-30,2024-04-30,PRFN,6.36
2024-04-30,2024-04-30,PRMB,42800
2024-04-30,2024-04-30,QIWI,180.5
2024-04-30,2024-04-30,RASP,397.55
2024-04-30,2024-04-30,RBCM,22.082
2024-04-30,2024-04-30,RDRB,208
2024-04-30,2024-04-30,RENI,108.06
2024-04-30,2024-04-30,RGSS,0.3166
2024-04-30,2024-04-30,RKKE,27500
2024-04-30,2024-04-30,RNFT,206.3
2024-04-30,2024-04-30,ROLO,1.2372
2024-04-30,2024-04-30,ROSB,127.2
2024-04-30,2024-04-30,ROSN,582
2024-04-30,2024-04-30,ROST,166.6
2024-04-30,2024-04-30,RTGZ,36600
2024-04-30,2024-04-30,RTKM,96.76
2024-04-30,2024-04-30,RTKMP,86.8
2024-04-30,2024-04-30,RTSB,5.26
2024-04-30,2024-04-30,RTSBP,2.456
2024-04-30,2024-04-30,RUAL,43.53
2024-04-30,2024-04-30,RUSI,127.3
2024-04-30,2024-04-30,RZSB,44.2
2024-04-30,2024-04-30,SAGO,4.145
2024-04-30,2024-04-30,SAGOP,4.125
2024-04-30,2024-04-30,SARE,0.663
2024-04-30,2024-04-30,SAREP,0.4095
2024-04-30,2024-04-30,SBER,308.24
2024-04-30,2024-04-30,SBERP,308.87
2024-04-30,2024-04-30,SELG,74.19
2024-04-30,2024-04-30,SFIN,1581.6
2024-04-30,2024-04-30,SGZH,3.84
2024-04-30,2024-04-30,SIBN,748.55
2024-04-30,2024-04-30,SLEN,5.19
2024-04-30,2024-04-30,SMLT,3709.5
2024-04-30,2024-04-30,SNGS,35.005
2024-04-30,2024-04-30,SNGSP,67.415
2024-04-30,2024-04-30,SOFL,180.24
2024-04-30,2024-04-30,SPBE,105.5
2024-04-30,2024-04-30,STSB,3.415
2024-04-30,2024-04-30,STSBP,2.974
2024-04-30,2024-04-30,SVAV,833
2024-04-30,2024-04-30,SVCB,19.05
2024-04-30,2024-04-30,SVET,27.1
2024-04-30,2024-04-30,TASB,2.48
2024-04-30,2024-04-30,TASBP,1.294
2024-04-30,2024-04-30,TATN,718.3
2024-04-30,2024-04-30,TATNP,718.2
2024-04-30,2024-04-30,TCSG,3084
2024-04-30,2024-04-30,TGKA,0.010154
2024-04-30,2024-04-30,TGKB,0.01404
2024-04-30,2024-04-30,TGKBP,0.01997
2024-04-30,2024-04-30,TGKN,0.01645
2024-04-30,2024-04-30,TNSE,3500
2024-04-30,2024-04-30,TORS,0.926
2024-04-30,2024-04-30,TORSP,0.493
2024-04-30,2024-04-30,TRMK,226.14
2024-04-30,2024-04-30,TRNFP,1597.5
2024-04-30,2024-04-30,TTLK,1.087
2024-04-30,2024-04-30,TUZA,341.5
2024-04-30,2024-04-30,UGLD,0.95
2024-04-30,2024-04-30,UKUZ,1620
2024-04-30,2024-04-30,UNAC,1.186
2024-04-30,2024-04-30,UNKL,7770
2024-04-30,2024-04-30,UPRO,2.195
2024-04-30,2024-04-30,URKZ,29900
2024-04-30,2024-04-30,USBN,0.2345
2024-04-30,2024-04-30,UTAR,16.69
2024-04-30,2024-04-30,VEON-RX,39.1
2024-04-30,2024-04-30,VGSB,19.88
2024-04-30,2024-04-30,VGSBP,12.78
2024-04-30,2024-04-30,VJGZ,3940
2024-04-30,2024-04-30,VJGZP,2868
2024-04-30,2024-04-30,VKCO,577.8
2024-04-30,2024-04-30,VLHZ,282.4
2024-04-30,2024-04-30,VRSB,652
2024-04-30,2024-04-30,VRSBP,204.8
2024-04-30,2024-04-30,VSMO,39680
2024-04-30,2024-04-30,VSYD,18800
2024-04-30,2024-04-30,VSYDP,13340
2024-04-30,2024-04-30,VTBR,0.023365
2024-04-30,2024-04-30,WTCM,17.52
2024-04-30,2024-04-30,WTCMP,12.42
2024-04-30,2024-04-30,WUSH,305.86
2024-04-30,2024-04-30,YAKG,94.55
2024-04-30,2024-04-30,YKEN,0.779
2024-04-30,2024-04-30,YKENP,0.59
2024-04-30,2024-04-30,YNDX,4149.6
2024-04-30,2024-04-30,YRSB,1210
2024-04-30,2024-04-30,YRSBP,283.5
2024-04-30,2024-04-30,ZAYM,232
2024-04-30,2024-04-30,ZILL,3900
2024-04-30,2024-04-30,ZVEZ,12.85
2024-05-31,2024-05-31,ABIO,88.4
2024-05-31,2024-05-31,ABRD,262.4
2024-05-31,2024-05-31,ACKO,3.58
2024-05-31,2024-05-31,AFKS,24.538
2024-05-31,2024-05-31,AFLT,55.23
2024-05-31,2024-05-31,AGRO,1388
2024-05-31,2024-05-31,AKRN,16190
2024-05-31,2024-05-31,ALRS,74.98
2024-05-31,2024-05-31,AMEZ,57.5
2024-05-31,2024-05-31,APTK,12.3
2024-05-31,2024-05-31,AQUA,827
2024-05-31,2024-05-31,ARSA,13.63
2024-05-31,2024-05-31,ASSB,2.555
2024-05-31,2024-05-31,ASTR,573.15
2024-05-31,2024-05-31,AVAN,843
2024-05-31,2024-05-31,BANE,3114
2024-05-31,2024-05-31,BANEP,1934
2024-05-31,2024-05-31,BELU,5595
2024-05-31,2024-05-31,BISVP,12.79
2024-05-31,2024-05-31,BLNG,24.06
2024-05-31,2024-05-31,BRZL,2264
2024-05-31,2024-05-31,BSPB,340.89
2024-05-31,2024-05-31,BSPBP,46.45
2024-05-31,2024-05-31,CARM,2.0245
2024-05-31,2024-05-31,CBOM,7.037
2024-05-31,2024-05-31,CHGZ,133
2024-05-31,2024-05-31,CHKZ,27100
2024-05-31,2024-05-31,CHMF,1778
2024-05-31,2024-05-31,CHMK,7300
2024-05-31,2024-05-31,CIAN,810
2024-05-31,2024-05-31,CNTL,15.04
2024-05-31,2024-05-31,CNTLP,10.32
2024-05-31,2024-05-31,DELI,300.4
2024-05-31,2024-05-31,DIAS,5782.5
2024-05-31,2024-05-31,DIOD,15.11
2024-05-31,2024-05-31,DVEC,2.85
2024-05-31,2024-05-31,DZRD,4610
2024-05-31,2024-05-31,DZRDP,3150
2024-05-31,2024-05-31,EELT,18.4
2024-05-31,2024-05-31,ELFV,0.5598
2024-05-31,2024-05-31,ENPG,433.65
2024-05-31,2024-05-31,ETLN,84.56
2024-05-31,2024-05-31,EUTR,176.05
2024-05-31,2024-05-31,FEES,0.1011
2024-05-31,2024-05-31,FESH,68.04
2024-05-31,2024-05-31,FIVE,2792.5
2024-05-31,2024-05-31,FIXP,264.6
2024-05-31,2024-05-31,FLOT,123.99
2024-05-31,2024-05-31,GAZC,659
2024-05-31,2024-05-31,GAZP,126.46
2024-05-31,2024-05-31,GAZS,839
2024-05-31,2024-05-31,GAZT,1739
2024-05-31,2024-05-31,GCHE,4569
2024-05-31,2024-05-31,GECO,38.92
2024-05-31,2024-05-31,GEMA,166.15
2024-05-31,2024-05-31,GEMC,745
2024-05-31,2024-05-31,GLTR,704.6
2024-05-31,2024-05-31,GMKN,139.98
2024-05-31,2024-05-31,GTRK,371.7
2024-05-31,2024-05-31,HHRU,4722
2024-05-31,2024-05-31,HIMCP,26.3
2024-05-31,2024-05-31,HNFG,679.5
2024-05-31,2024-05-31,HYDR,0.6317
2024-05-31,2024-05-31,IGST,10060
2024-05-31,2024-05-31,IGSTP,7740
2024-05-31,2024-05-31,INGR,1760
2024-05-31,2024-05-31,IRAO,4.0595
2024-05-31,2024-05-31,IRKT,52.2
2024-05-31,2024-05-31,JNOS,22.5
2024-05-31,2024-05-31,JNOSP,14.46
2024-05-31,2024-05-31,KAZT,565
2024-05-31,2024-05-31,KAZTP,570
2024-05-31,2024-05-31,KBSB,498
2024-05-31,2024-05-31,KCHE,0.607
2024-05-31,2024-05-31,KCHEP,1.185
2024-05-31,2024-05-31,KGKC,47.4
2024-05-31,2024-05-31,KGKCP,52
2024-05-31,2024-05-31,KLSB,26.87
2024-05-31,2024-05-31,KLVZ,6.45
2024-05-31,2024-05-31,KMAZ,148
2024-05-31,2024-05-31,KMEZ,1514
2024-05-31,2024-05-31,KOGK,49200
2024-05-31,2024-05-31,KRKN,11500
2024-05-31,2024-05-31,KRKNP,10180
2024-05-31,2024-05-31,KRKOP,13.52
2024-05-31,2024-05-31,KROT,2426
2024-05-31,2024-05-31,KROTP,689
2024-05-31,2024-05-31,KRSB,16.16
2024-05-31,2024-05-31,KRSBP,16.76
2024-05-31,2024-05-31,KUBE,321.2
2024-05-31,2024-05-31,KUZB,0.05435
2024-05-31,2024-05-31,KZOS,99
2024-05-31,2024-05-31,KZOSP,23.59
2024-05-31,2024-05-31,LEAS,969.3
2024-05-31,2024-05-31,LENT,1088
2024-05-31,2024-05-31,LKOH,7355.5
2024-05-31,2024-05-31,LNZL,15550
2024-05-31,2024-05-31,LNZLP,2630
2024-05-31,2024-05-31,LSNG,19
2024-05-31,2024-05-31,LSNGP,217.5
2024-05-31,2024-05-31,LSRG,779.4
2024-05-31,2024-05-31,LVHK,52.1
2024-05-31,2024-05-31,MAGE,4.52
2024-05-31,2024-05-31,MAGEP,3.45
2024-05-31,2024-05-31,MAGN,55.455
2024-05-31,2024-05-31,MBNK,2401
2024-05-31,2024-05-31,MDMG,1072
2024-05-31,2024-05-31,MFGS,430
2024-05-31,2024-05-31,MFGSP,306
2024-05-31,2024-05-31,MGKL,2.5575
2024-05-31,2024-05-31,MGNT,7072
2024-05-31,2024-05-31,MGNZ,7440
2024-05-31,2024-05-31,MGTS,1520
2024-05-31,2024-05-31,MGTSP,1148
2024-05-31,2024-05-31,MISB,63
2024-05-31,2024-05-31,MISBP,64.7
2024-05-31,2024-05-31,MOEX,239.66
2024-05-31,2024-05-31,MRKC,0.5468
2024-05-31,2024-05-31,MRKK,22.96
2024-05-31,2024-05-31,MRKP,0.3335
2024-05-31,2024-05-31,MRKS,0.6805
2024-05-31,2024-05-31,MRKU,0.635
2024-05-31,2024-05-31,MRKV,0.06705
2024-05-31,2024-05-31,MRKY,0.07735
2024-05-31,2024-05-31,MRKZ,0.0848
2024-05-31,2024-05-31,MRSB,0.929
2024-05-31,2024-05-31,MSNG,3.05
2024-05-31,2024-05-31,MSRS,1.2825
2024-05-31,2024-05-31,MSTT,172.65
2024-05-31,2024-05-31,MTLR,215.73
2024-05-31,2024-05-31,MTLRP,220.55
2024-05-31,2024-05-31,MTSS,282.95
2024-05-31,2024-05-31,MVID,166.9
2024-05-31,2024-05-31,NAUK,566
2024-05-31,2024-05-31,NFAZ,458
2024-05-31,2024-05-31,NKHP,860
2024-05-31,2024-05-31,NKNC,92.85
2024-05-31,2024-05-31,NKNCP,73.24
2024-05-31,2024-05-31,NKSH,66
2024-05-31,2024-05-31,NLMK,195.96
2024-05-31,2024-05-31,NMTP,9.725
2024-05-31,2024-05-31,NNSB,4290
2024-05-31,2024-05-31,NNSBP,1500
2024-05-31,2024-05-31,NSVZ,450
2024-05-31,2024-05-31,NVTK,1084
2024-05-31,2024-05-31,OGKB,0.4781
2024-05-31,2024-05-31,OKEY,28.2
2024-05-31,2024-05-31,OMZZP,17800
2024-05-31,2024-05-31,OZON,4154.5
2024-05-31,2024-05-31,PHOR,5934
2024-05-31,2024-05-31,PIKK,838
2024-05-31,2024-05-31,PLZL,12280
2024-05-31,2024-05-31,PMSB,224
2024-05-31,2024-05-31,PMSBP,232.6
2024-05-31,2024-05-31,POLY,246.9
2024-05-31,2024-05-31,POSI,2822.4
2024-05-31,2024-05-31,PRFN,5.064
2024-05-31,2024-05-31,PRMB,33200
2024-05-31,2024-05-31,QIWI,169
2024-05-31,2024-05-31,RASP,388.7
2024-05-31,2024-05-31,RBCM,18.2
2024-05-31,2024-05-31,RDRB,164
2024-05-31,2024-05-31,RENI,100.32
2024-05-31,2024-05-31,RGSS,0.274
2024-05-31,2024-05-31,RKKE,22790
2024-05-31,2024-05-31,RNFT,198.8
2024-05-31,2024-05-31,ROLO,1.002
2024-05-31,2024-05-31,ROSB,113.2
2024-05-31,2024-05-31,ROSN,556.65
2024-05-31,2024-05-31,ROST,155
2024-05-31,2024-05-31,RTGZ,45000
2024-05-31,2024-05-31,RTKM,91.71
2024-05-31,2024-05-31,RTKMP,77.2
2024-05-31,2024-05-31,RTSB,4.035
2024-05-31,2024-05-31,RTSBP,2.012
2024-05-31,2024-05-31,RUAL,42.915
2024-05-31,2024-05-31,RUSI,111.1
2024-05-31,2024-05-31,RZSB,42
2024-05-31,2024-05-31,SAGO,3.51
2024-05-31,2024-05-31,SAGOP,3.695
2024-05-31,2024-05-31,SARE,0.53
2024-05-31,2024-05-31,SAREP,0.2905
2024-05-31,2024-05-31,SBER,313.11
2024-05-31,2024-05-31,SBERP,312.99
2024-05-31,2024-05-31,SELG,65.53
2024-05-31,2024-05-31,SFIN,1290
2024-05-31,2024-05-31,SGZH,2.791
2024-05-31,2024-05-31,SIBN,676.15
2024-05-31,2024-05-31,SLEN,4.325
2024-05-31,2024-05-31,SMLT,3116
2024-05-31,2024-05-31,SNGS,28.58
2024-05-31,2024-05-31,SNGSP,68.455
2024-05-31,2024-05-31,SOFL,164.02
2024-05-31,2024-05-31,SPBE,109.1
2024-05-31,2024-05-31,STSB,2.975
2024-05-31,2024-05-31,STSBP,2.876
2024-05-31,2024-05-31,SVAV,906
2024-05-31,2024-05-31,SVCB,17.06
2024-05-31,2024-05-31,SVET,24.9
2024-05-31,2024-05-31,SVETP,49.85
2024-05-31,2024-05-31,TASB,1.87
2024-05-31,2024-05-31,TASBP,1.056
2024-05-31,2024-05-31,TATN,688.5
2024-05-31,2024-05-31,TATNP,680.8
2024-05-31,2024-05-31,TCSG,2810
2024-05-31,2024-05-31,TGKA,0.007952
2024-05-31,2024-05-31,TGKB,0.01116
2024-05-31,2024-05-31,TGKBP,0.01628
2024-05-31,2024-05-31,TGKN,0.01371
2024-05-31,2024-05-31,TNSE,2965
2024-05-31,2024-05-31,TORS,0.898
2024-05-31,2024-05-31,TORSP,0.475
2024-05-31,2024-05-31,TRMK,183.88
2024-05-31,2024-05-31,TRNFP,1589
2024-05-31,2024-05-31,TTLK,0.8665
2024-05-31,2024-05-31,TUZA,347
2024-05-31,2024-05-31,UGLD,0.9365
2024-05-31,2024-05-31,UKUZ,1338
2024-05-31,2024-05-31,UNAC,0.782
2024-05-31,2024-05-31,UNKL,6240
2024-05-31,2024-05-31,UPRO,1.915
2024-05-31,2024-05-31,URKZ,28500
2024-05-31,2024-05-31,USBN,0.2587
2024-05-31,2024-05-31,UTAR,16.1
2024-05-31,2024-05-31,VEON-RX,33.45
2024-05-31,2024-05-31,VGSB,15.36
2024-05-31,2024-05-31,VGSBP,10.18
2024-05-31,2024-05-31,VJGZ,3514
2024-05-31,2024-05-31,VJGZP,2428
2024-05-31,2024-05-31,VKCO,555.4
2024-05-31,2024-05-31,VLHZ,232
2024-05-31,2024-05-31,VRSB,515.5
2024-05-31,2024-05-31,VRSBP,167.2
2024-05-31,2024-05-31,VSMO,34980
2024-05-31,2024-05-31,VSYD,15900
2024-05-31,2024-05-31,VSYDP,11080
2024-05-31,2024-05-31,VTBR,0.019765
2024-05-31,2024-05-31,WTCM,15.54
2024-05-31,2024-05-31,WTCMP,10.76
2024-05-31,2024-05-31,WUSH,271.74
2024-05-31,2024-05-31,YAKG,78.7
2024-05-31,2024-05-31,YKEN,0.637
2024-05-31,2024-05-31,YKENP,0.508
2024-05-31,2024-05-31,YNDX,3996.8
2024-05-31,2024-05-31,YRSB,974
2024-05-31,2024-05-31,YRSBP,240
2024-05-31,2024-05-31,ZAYM,190.1
2024-05-31,2024-05-31,ZILL,3345
2024-05-31,2024-05-31,ZVEZ,10.41
2024-06-28,2024-06-28,ABIO,93.12
2024-06-28,2024-06-28,ABRD,265.8
2024-06-28,2024-06-28,ACKO,3.58
2024-06-28,2024-06-28,AFKS,23.749
2024-06-28,2024-06-28,AFLT,62.72
2024-06-28,2024-06-28,AGRO,1420.8
2024-06-28,2024-06-28,AKRN,15650
2024-06-28,2024-06-28,ALRS,70.83
2024-06-28,2024-06-28,AMEZ,70.42
2024-06-28,2024-06-28,APTK,11.99
2024-06-28,2024-06-28,AQUA,842
2024-06-28,2024-06-28,ARSA,14.47
2024-06-28,2024-06-28,ASSB,2.45
2024-06-28,2024-06-28,ASTR,582.2
2024-06-28,2024-06-28,AVAN,747
2024-06-28,2024-06-28,BANE,3165.5
2024-06-28,2024-06-28,BANEP,2024.5
2024-06-28,2024-06-28,BELU,5701
2024-06-28,2024-06-28,BISVP,12.63
2024-06-28,2024-06-28,BLNG,23.18
2024-06-28,2024-06-28,BRZL,1964
2024-06-28,2024-06-28,BSPB,385.97
2024-06-28,2024-06-28,BSPBP,56.2
2024-06-28,2024-06-28,CARM,2.22
2024-06-28,2024-06-28,CBOM,7.692
2024-06-28,2024-06-28,CHGZ,125.4
2024-06-28,2024-06-28,CHKZ,27100
2024-06-28,2024-06-28,CHMF,1549.8
2024-06-28,2024-06-28,CHMK,7370
2024-06-28,2024-06-28,CIAN,826.8
2024-06-28,2024-06-28,CNTL,14.54
2024-06-28,2024-06-28,CNTLP,10.26
2024-06-28,2024-06-28,DELI,310.1
2024-06-28,2024-06-28,DIAS,5630.5
2024-06-28,2024-06-28,DIOD,14.9
2024-06-28,2024-06-28,DVEC,2.909
2024-06-28,2024-06-28,DZRD,4460
2024-06-28,2024-06-28,DZRDP,3250
2024-06-28,2024-06-28,EELT,19.46
2024-06-28,2024-06-28,ELFV,0.6064
2024-06-28,2024-06-28,ELMT,0.202
2024-06-28,2024-06-28,ENPG,426.8
2024-06-28,2024-06-28,ETLN,82
2024-06-28,2024-06-28,EUTR,162.35
2024-06-28,2024-06-28,FEES,0.10502
2024-06-28,2024-06-28,FESH,70.22
2024-06-28,2024-06-28,FIVE,2792.5
2024-06-28,2024-06-28,FIXP,266
2024-06-28,2024-06-28,FLOT,121.25
2024-06-28,2024-06-28,GAZC,659
2024-06-28,2024-06-28,GAZP,115.94
2024-06-28,2024-06-28,GAZS,839
2024-06-28,2024-06-28,GAZT,1739
2024-06-28,2024-06-28,GCHE,4658.5
2024-06-28,2024-06-28,GECO,40.15
2024-06-28,2024-06-28,GEMA,151.25
2024-06-28,2024-06-28,GEMC,724.5
2024-06-28,2024-06-28,GLTR,638.1
2024-06-28,2024-06-28,GMKN,129.92
2024-06-28,2024-06-28,GTRK,371.1
2024-06-28,2024-06-28,HHRU,4900
2024-06-28,2024-06-28,HIMCP,26.24
2024-06-28,2024-06-28,HNFG,699
2024-06-28,2024-06-28,HYDR,0.6721
2024-06-28,2024-06-28,IGST,10100
2024-06-28,2024-06-28,IGSTP,7030
2024-06-28,2024-06-28,INGR,1749
2024-06-28,2024-06-28,IRAO,3.925
2024-06-28,2024-06-28,IRKT,59.2
2024-06-28,2024-06-28,IVAT,289.9
2024-06-28,2024-06-28,JNOS,21.85
2024-06-28,2024-06-28,JNOSP,13.92
2024-06-28,2024-06-28,KAZT,575.2
2024-06-28,2024-06-28,KAZTP,583.5
2024-06-28,2024-06-28,KBSB,476
2024-06-28,2024-06-28,KCHE,0.608
2024-06-28,2024-06-28,KCHEP,1.085
2024-06-28,2024-06-28,KGKC,48
2024-06-28,2024-06-28,KGKCP,54.8
2024-06-28,2024-06-28,KLSB,26.85
2024-06-28,2024-06-28,KLVZ,6.77
2024-06-28,2024-06-28,KMAZ,150.8
2024-06-28,2024-06-28,KMEZ,1532
2024-06-28,2024-06-28,KOGK,48200
2024-06-28,2024-06-28,KRKN,11100
2024-06-28,2024-06-28,KRKNP,10340
2024-06-28,2024-06-28,KRKOP,13.32
2024-06-28,2024-06-28,KROT,2312
2024-06-28,2024-06-28,KROTP,728
2024-06-28,2024-06-28,KRSB,15.3
2024-06-28,2024-06-28,KRSBP,15.16
2024-06-28,2024-06-28,KUBE,313
2024-06-28,2024-06-28,KUZB,0.04805
2024-06-28,2024-06-28,KZOS,103.3
2024-06-28,2024-06-28,KZOSP,24.94
2024-06-28,2024-06-28,LEAS,911.8
2024-06-28,2024-06-28,LENT,1154.5
2024-06-28,2024-06-28,LKOH,7211
2024-06-28,2024-06-28,LNZL,13980
2024-06-28,2024-06-28,LNZLP,2500
2024-06-28,2024-06-28,LSNG,18.74
2024-06-28,2024-06-28,LSNGP,221.05
2024-06-28,2024-06-28,LSRG,737.2
2024-06-28,2024-06-28,LVHK,44.3
2024-06-28,2024-06-28,MAGE,4.3
2024-06-28,2024-06-28,MAGEP,3.3
2024-06-28,2024-06-28,MAGN,55.24
2024-06-28,2024-06-28,MBNK,2208.5
2024-06-28,2024-06-28,MDMG,831.6
2024-06-28,2024-06-28,MFGS,414.5
2024-06-28,2024-06-28,MFGSP,294.5
2024-06-28,2024-06-28,MGKL,2.439
2024-06-28,2024-06-28,MGNT,6369
2024-06-28,2024-06-28,MGNZ,7440
2024-06-28,2024-06-28,MGTS,1455
2024-06-28,2024-06-28,MGTSP,1104
2024-06-28,2024-06-28,MISB,63
2024-06-28,2024-06-28,MISBP,61
2024-06-28,2024-06-28,MOEX,229.1
2024-06-28,2024-06-28,MRKC,0.577
2024-06-28,2024-06-28,MRKK,22.76
2024-06-28,2024-06-28,MRKP,0.2929
2024-06-28,2024-06-28,MRKS,0.6675
2024-06-28,2024-06-28,MRKU,0.458
2024-06-28,2024-06-28,MRKV,0.0684
2024-06-28,2024-06-28,MRKY,0.07295
2024-06-28,2024-06-28,MRKZ,0.07915
2024-06-28,2024-06-28,MRSB,0.841
2024-06-28,2024-06-28,MSNG,3.1355
2024-06-28,2024-06-28,MSRS,1.284
2024-06-28,2024-06-28,MSTT,190.7
2024-06-28,2024-06-28,MTLR,218.2
2024-06-28,2024-06-28,MTLRP,246
2024-06-28,2024-06-28,MTSS,290.9
2024-06-28,2024-06-28,MVID,166
2024-06-28,2024-06-28,NAUK,595
2024-06-28,2024-06-28,NFAZ,438.5
2024-06-28,2024-06-28,NKHP,886
2024-06-28,2024-06-28,NKNC,93.9
2024-06-28,2024-06-28,NKNCP,73.12
2024-06-28,2024-06-28,NKSH,60.85
2024-06-28,2024-06-28,NLMK,176.92
2024-06-28,2024-06-28,NMTP,9.85
2024-06-28,2024-06-28,NNSB,4780
2024-06-28,2024-06-28,NNSBP,1520
2024-06-28,2024-06-28,NSVZ,463
2024-06-28,2024-06-28,NVTK,1091.8
2024-06-28,2024-06-28,OGKB,0.4657
2024-06-28,2024-06-28,OKEY,28.83
2024-06-28,2024-06-28,OMZZP,16320
2024-06-28,2024-06-28,OZON,4308
2024-06-28,2024-06-28,PHOR,5869
2024-06-28,2024-06-28,PIKK,899.9
2024-06-28,2024-06-28,PLZL,12098
2024-06-28,2024-06-28,PMSB,213.6
2024-06-28,2024-06-28,PMSBP,220
2024-06-28,2024-06-28,POLY,215.5
2024-06-28,2024-06-28,POSI,3063
2024-06-28,2024-06-28,PRFN,5.286
2024-06-28,2024-06-28,PRMB,32400
2024-06-28,2024-06-28,QIWI,175.2
2024-06-28,2024-06-28,RASP,355.5
2024-06-28,2024-06-28,RBCM,17.4
2024-06-28,2024-06-28,RDRB,171.5
2024-06-28,2024-06-28,RENI,98.16
2024-06-28,2024-06-28,RGSS,0.272
2024-06-28,2024-06-28,RKKE,22860
2024-06-28,2024-06-28,RNFT,196
2024-06-28,2024-06-28,ROLO,0.969
2024-06-28,2024-06-28,ROSB,105.6
2024-06-28,2024-06-28,ROSN,565.25
2024-06-28,2024-06-28,ROST,149
2024-06-28,2024-06-28,RTGZ,37600
2024-06-28,2024-06-28,RTKM,91
2024-06-28,2024-06-28,RTKMP,78.65
2024-06-28,2024-06-28,RTSB,3.93
2024-06-28,2024-06-28,RTSBP,2.1
2024-06-28,2024-06-28,RUAL,42.285
2024-06-28,2024-06-28,RUSI,98.8
2024-06-28,2024-06-28,RZSB,34.26
2024-06-28,2024-06-28,SAGO,3.27
2024-06-28,2024-06-28,SAGOP,3.395
2024-06-28,2024-06-28,SARE,0.585
2024-06-28,2024-06-28,SAREP,0.2905
2024-06-28,2024-06-28,SBER,327.15
2024-06-28,2024-06-28,SBERP,327.93
2024-06-28,2024-06-28,SELG,62.23
2024-06-28,2024-06-28,SFIN,1309
2024-06-28,2024-06-28,SGZH,2.908
2024-06-28,2024-06-28,SIBN,693.3
2024-06-28,2024-06-28,SLEN,4.29
2024-06-28,2024-06-28,SMLT,3045
2024-06-28,2024-06-28,SNGS,29.48
2024-06-28,2024-06-28,SNGSP,67.175
2024-06-28,2024-06-28,SOFL,144.8
2024-06-28,2024-06-28,SPBE,132.8
2024-06-28,2024-06-28,STSB,3.02
2024-06-28,2024-06-28,STSBP,3.014
2024-06-28,2024-06-28,SVAV,981
2024-06-28,2024-06-28,SVCB,16.9
2024-06-28,2024-06-28,SVET,23.5
2024-06-28,2024-06-28,SVETP,55.6
2024-06-28,2024-06-28,TASB,2.154
2024-06-28,2024-06-28,TASBP,1.118
2024-06-28,2024-06-28,TATN,699.9
2024-06-28,2024-06-28,TATNP,683.4
2024-06-28,2024-06-28,TCSG,2968.5
2024-06-28,2024-06-28,TGKA,0.00807
2024-06-28,2024-06-28,TGKB,0.011065
2024-06-28,2024-06-28,TGKBP,0.01734
2024-06-28,2024-06-28,TGKN,0.01102
2024-06-28,2024-06-28,TNSE,3010
2024-06-28,2024-06-28,TORS,0.822
2024-06-28,2024-06-28,TORSP,0.463
2024-06-28,2024-06-28,TRMK,198.8
2024-06-28,2024-06-28,TRNFP,1621.5
2024-06-28,2024-06-28,TTLK,0.871
2024-06-28,2024-06-28,TUZA,280
2024-06-28,2024-06-28,UGLD,0.8241
2024-06-28,2024-06-28,UKUZ,1466
2024-06-28,2024-06-28,UNAC,0.761
2024-06-28,2024-06-28,UNKL,5840
2024-06-28,2024-06-28,UPRO,1.916
2024-06-28,2024-06-28,URKZ,27500
2024-06-28,2024-06-28,USBN,0.2059
2024-06-28,2024-06-28,UTAR,15.7
2024-06-28,2024-06-28,VEON-RX,33.5
2024-06-28,2024-06-28,VGSB,15.66
2024-06-28,2024-06-28,VGSBP,9.16
2024-06-28,2024-06-28,VJGZ,2760
2024-06-28,2024-06-28,VJGZP,1879
2024-06-28,2024-06-28,VKCO,502.6
2024-06-28,2024-06-28,VLHZ,236.8
2024-06-28,2024-06-28,VRSB,543
2024-06-28,2024-06-28,VRSBP,151.2
2024-06-28,2024-06-28,VSMO,33360
2024-06-28,2024-06-28,VSYD,15600
2024-06-28,2024-06-28,VSYDP,10460
2024-06-28,2024-06-28,VTBR,0.02114
2024-06-28,2024-06-28,WTCM,15.02
2024-06-28,2024-06-28,WTCMP,10.4
2024-06-28,2024-06-28,WUSH,293.06
2024-06-28,2024-06-28,YAKG,75.3
2024-06-28,2024-06-28,YKEN,0.606
2024-06-28,2024-06-28,YKENP,0.49
2024-06-28,2024-06-28,YNDX,4073.2
2024-06-28,2024-06-28,YRSB,890
2024-06-28,2024-06-28,YRSBP,230.5
2024-06-28,2024-06-28,ZAYM,199.5
2024-06-28,2024-06-28,ZILL,3305
2024-06-28,2024-06-28,ZVEZ,10.1
2024-06-30,2024-06-28,ABIO,93.12
2024-06-30,2024-06-28,ABRD,265.8
2024-06-30,2024-06-28,ACKO,3.58
2024-06-30,2024-06-28,AFKS,23.749
2024-06-30,2024-06-28,AFLT,62.72
2024-06-30,2024-06-28,AGRO,1420.8
2024-06-30,2024-06-28,AKRN,15650
2024-06-30,2024-06-28,ALRS,70.83
2024-06-30,2024-06-28,AMEZ,70.42
2024-06-30,2024-06-28,APTK,11.99
2024-06-30,2024-06-28,AQUA,842
2024-06-30,2024-06-28,ARSA,14.47
2024-06-30,2024-06-28,ASSB,2.45
2024-06-30,2024-06-28,ASTR,582.2
2024-06-30,2024-06-28,AVAN,747
2024-06-30,2024-06-28,BANE,3165.5
2024-06-30,2024-06-28,BANEP,2024.5
2024-06-30,2024-06-28,BELU,5701
2024-06-30,2024-06-28,BISVP,12.63
2024-06-30,2024-06-28,BLNG,23.18
2024-06-30,2024-06-28,BRZL,1964
2024-06-30,2024-06-28,BSPB,385.97
2024-06-30,2024-06-28,BSPBP,56.2
2024-06-30,2024-06-28,CARM,2.22
2024-06-30,2024-06-28,CBOM,7.692
2024-06-30,2024-06-28,CHGZ,125.4
2024-06-30,2024-06-28,CHKZ,27100
2024-06-30,2024-06-28,CHMF,1549.8
2024-06-30,2024-06-28,CHMK,7370
2024-06-30,2024-06-28,CIAN,826.8
2024-06-30,2024-06-28,CNTL,14.54
2024-06-30,2024-06-28,CNTLP,10.26
2024-06-30,2024-06-28,DELI,310.1
2024-06-30,2024-06-28,DIAS,5630.5
2024-06-30,2024-06-28,DIOD,14.9
2024-06-30,2024-06-28,DVEC,2.909
2024-06-30,2024-06-28,DZRD,4460
2024-06-30,2024-06-28,DZRDP,3250
2024-06-30,2024-06-28,EELT,19.46
2024-06-30,2024-06-28,ELFV,0.6064
2024-06-30,2024-06-28,ELMT,0.202
2024-06-30,2024-06-28,ENPG,426.8
2024-06-30,2024-06-28,ETLN,82
2024-06-30,2024-06-28,EUTR,162.35
2024-06-30,2024-06-28,FEES,0.10502
2024-06-30,2024-06-28,FESH,70.22
2024-06-30,2024-06-28,FIVE,2792.5
2024-06-30,2024-06-28,FIXP,266
2024-06-30,2024-06-28,FLOT,121.25
2024-06-30,2024-06-28,GAZC,659
2024-06-30,2024-06-28,GAZP,115.94
2024-06-30,2024-06-28,GAZS,839
2024-06-30,2024-06-28,GAZT,1739
2024-06-30,2024-06-28,GCHE,4658.5
2024-06-30,2024-06-28,GECO,40.15
2024-06-30,2024-06-28,GEMA,151.25
2024-06-30,2024-06-28,GEMC,724.5
2024-06-30,2024-06-28,GLTR,638.1
2024-06-30,2024-06-28,GMKN,129.92
2024-06-30,2024-06-28,GTRK,371.1
2024-06-30,2024-06-28,HHRU,4900
2024-06-30,2024-06-28,HIMCP,26.24
2024-06-30,2024-06-28,HNFG,699
2024-06-30,2024-06-28,HYDR,0.6721
2024-06-30,2024-06-28,IGST,10100
2024-06-30,2024-06-28,IGSTP,7030
2024-06-30,2024-06-28,INGR,1749
2024-06-30,2024-06-28,IRAO,3.925
2024-06-30,2024-06-28,IRKT,59.2
2024-06-30,2024-06-28,IVAT,289.9
2024-06-30,2024-06-28,JNOS,21.85
2024-06-30,2024-06-28,JNOSP,13.92
2024-06-30,2024-06-28,KAZT,575.2
2024-06-30,2024-06-28,KAZTP,583.5
2024-06-30,2024-06-28,KBSB,476
2024-06-30,2024-06-28,KCHE,0.608
2024-06-30,2024-06-28,KCHEP,1.085
2024-06-30,2024-06-28,KGKC,48
2024-06-30,2024-06-28,KGKCP,54.8
2024-06-30,2024-06-28,KLSB,26.85
2024-06-30,2024-06-28,KLVZ,6.77
2024-06-30,2024-06-28,KMAZ,150.8
2024-06-30,2024-06-28,KMEZ,1532
2024-06-30,2024-06-28,KOGK,48200
2024-06-30,2024-06-28,KRKN,11100
2024-06-30,2024-06-28,KRKNP,10340
2024-06-30,2024-06-28,KRKOP,13.32
2024-06-30,2024-06-28,KROT,2312
2024-06-30,2024-06-28,KROTP,728
2024-06-30,2024-06-28,KRSB,15.3
2024-06-30,2024-06-28,KRSBP,15.16
2024-06-30,2024-06-28,KUBE,313
2024-06-30,2024-06-28,KUZB,0.04805
2024-06-30,2024-06-28,KZOS,103.3
2024-06-30,2024-06-28,KZOSP,24.94
2024-06-30,2024-06-28,LEAS,911.8
2024-06-30,2024-06-28,LENT,1154.5
2024-06-30,2024-06-28,LKOH,7211
2024-06-30,2024-06-28,LNZL,13980
2024-06-30,2024-06-28,LNZLP,2500
2024-06-30,2024-06-28,LSNG,18.74
2024-06-30,2024-06-28,LSNGP,221.05
2024-06-30,2024-06-28,LSRG,737.2
2024-06-30,2024-06-28,LVHK,44.3
2024-06-30,2024-06-28,MAGE,4.3
2024-06-30,2024-06-28,MAGEP,3.3
2024-06-30,2024-06-28,MAGN,55.24
2024-06-30,2024-06-28,MBNK,2208.5
2024-06-30,2024-06-28,MDMG,831.6
2024-06-30,2024-06-28,MFGS,414.5
2024-06-30,2024-06-28,MFGSP,294.5
2024-06-30,2024-06-28,MGKL,2.439
2024-06-30,2024-06-28,MGNT,6369
2024-06-30,2024-06-28,MGNZ,7440
2024-06-30,2024-06-28,MGTS,1455
2024-06-30,2024-06-28,MGTSP,1104
2024-06-30,2024-06-28,MISB,63
2024-06-30,2024-06-28,MISBP,61
2024-06-30,2024-06-28,MOEX,229.1
2024-06-30,2024-06-28,MRKC,0.577
2024-06-30,2024-06-28,MRKK,22.76
2024-06-30,2024-06-28,MRKP,0.2929
2024-06-30,2024-06-28,MRKS,0.6675
2024-06-30,2024-06-28,MRKU,0.458
2024-06-30,2024-06-28,MRKV,0.0684
2024-06-30,2024-06-28,MRKY,0.07295
2024-06-30,2024-06-28,MRKZ,0.07915
2024-06-30,2024-06-28,MRSB,0.841
2024-06-30,2024-06-28,MSNG,3.1355
2024-06-30,2024-06-28,MSRS,1.284
2024-06-30,2024-06-28,MSTT,190.7
2024-06-30,2024-06-28,MTLR,218.2
2024-06-30,2024-06-28,MTLRP,246
2024-06-30,2024-06-28,MTSS,290.9
2024-06-30,2024-06-28,MVID,166
2024-06-30,2024-06-28,NAUK,595
2024-06-30,2024-06-28,NFAZ,438.5
2024-06-30,2024-06-28,NKHP,886
2024-06-30,2024-06-28,NKNC,93.9
2024-06-30,2024-06-28,NKNCP,73.12
2024-06-30,2024-06-28,NKSH,60.85
2024-06-30,2024-06-28,NLMK,176.92
2024-06-30,2024-06-28,NMTP,9.85
2024-06-30,2024-06-28,NNSB,4780
2024-06-30,2024-06-28,NNSBP,1520
2024-06-30,2024-06-28,NSVZ,463
2024-06-30,2024-06-28,NVTK,1091.8
2024-06-30,2024-06-28,OGKB,0.4657
2024-06-30,2024-06-28,OKEY,28.83
2024-06-30,2024-06-28,OMZZP,16320
2024-06-30,2024-06-28,OZON,4308
2024-06-30,2024-06-28,PHOR,5869
2024-06-30,2024-06-28,PIKK,899.9
2024-06-30,2024-06-28,PLZL,12098
2024-06-30,2024-06-28,PMSB,213.6
2024-06-30,2024-06-28,PMSBP,220
2024-06-30,2024-06-28,POLY,215.5
2024-06-30,2024-06-28,POSI,3063
2024-06-30,2024-06-28,PRFN,5.286
2024-06-30,2024-06-28,PRMB,32400
2024-06-30,2024-06-28,QIWI,175.2
2024-06-30,2024-06-28,RASP,355.5
2024-06-30,2024-06-28,RBCM,17.4
2024-06-30,2024-06-28,RDRB,171.5
2024-06-30,2024-06-28,RENI,98.16
2024-06-30,2024-06-28,RGSS,0.272
2024-06-30,2024-06-28,RKKE,22860
2024-06-30,2024-06-28,RNFT,196
2024-06-30,2024-06-28,ROLO,0.969
2024-06-30,2024-06-28,ROSB,105.6
2024-06-30,2024-06-28,ROSN,565.25
2024-06-30,2024-06-28,ROST,149
2024-06-30,2024-06-28,RTGZ,37600
2024-06-30,2024-06-28,RTKM,91
2024-06-30,2024-06-28,RTKMP,78.65
2024-06-30,2024-06-28,RTSB,3.93
2024-06-30,2024-06-28,RTSBP,2.1
2024-06-30,2024-06-28,RUAL,42.285
2024-06-30,2024-06-28,RUSI,98.8
2024-06-30,2024-06-28,RZSB,34.26
2024-06-30,2024-06-28,SAGO,3.27
2024-06-30,2024-06-28,SAGOP,3.395
2024-06-30,2024-06-28,SARE,0.585
2024-06-30,2024-06-28,SAREP,0.2905
2024-06-30,2024-06-28,SBER,327.15
2024-06-30,2024-06-28,SBERP,327.93
2024-06-30,2024-06-28,SELG,62.23
2024-06-30,2024-06-28,SFIN,1309
2024-06-30,2024-06-28,SGZH,2.908
2024-06-30,2024-06-28,SIBN,693.3
2024-06-30,2024-06-28,SLEN,4.29
2024-06-30,2024-06-28,SMLT,3045
2024-06-30,2024-06-28,SNGS,29.48
2024-06-30,2024-06-28,SNGSP,67.175
2024-06-30,2024-06-28,SOFL,144.8
2024-06-30,2024-06-28,SPBE,132.8
2024-06-30,2024-06-28,STSB,3.02
2024-06-30,2024-06-28,STSBP,3.014
2024-06-30,2024-06-28,SVAV,981
2024-06-30,2024-06-28,SVCB,16.9
2024-06-30,2024-06-28,SVET,23.5
2024-06-30,2024-06-28,SVETP,55.6
2024-06-30,2024-06-28,TASB,2.154
2024-06-30,2024-06-28,TASBP,1.118
2024-06-30,2024-06-28,TATN,699.9
2024-06-30,2024-06-28,TATNP,683.4
2024-06-30,2024-06-28,TCSG,2968.5
2024-06-30,2024-06-28,TGKA,0.00807
2024-06-30,2024-06-28,TGKB,0.011065
2024-06-30,2024-06-28,TGKBP,0.01734
2024-06-30,2024-06-28,TGKN,0.01102
2024-06-30,2024-06-28,TNSE,3010
2024-06-30,2024-06-28,TORS,0.822
2024-06-30,2024-06-28,TORSP,0.463
2024-06-30,2024-06-28,TRMK,198.8
2024-06-30,2024-06-28,TRNFP,1621.5
2024-06-30,2024-06-28,TTLK,0.871
2024-06-30,2024-06-28,TUZA,280
2024-06-30,2024-06-28,UGLD,0.8241
2024-06-30,2024-06-28,UKUZ,1466
2024-06-30,2024-06-28,UNAC,0.761
2024-06-30,2024-06-28,UNKL,5840
2024-06-30,2024-06-28,UPRO,1.916
2024-06-30,2024-06-28,URKZ,27500
2024-06-30,2024-06-28,USBN,0.2059
2024-06-30,2024-06-28,UTAR,15.7
2024-06-30,2024-06-28,VEON-RX,33.5
2024-06-30,2024-06-28,VGSB,15.66
2024-06-30,2024-06-28,VGSBP,9.16
2024-06-30,2024-06-28,VJGZ,2760
2024-06-30,2024-06-28,VJGZP,1879
2024-06-30,2024-06-28,VKCO,502.6
2024-06-30,2024-06-28,VLHZ,236.8
2024-06-30,2024-06-28,VRSB,543
2024-06-30,2024-06-28,VRSBP,151.2
2024-06-30,2024-06-28,VSMO,33360
2024-06-30,2024-06-28,VSYD,15600
2024-06-30,2024-06-28,VSYDP,10460
2024-06-30,2024-06-28,VTBR,0.02114
2024-06-30,2024-06-28,WTCM,15.02
2024-06-30,2024-06-28,WTCMP,10.4
2024-06-30,2024-06-28,WUSH,293.06
2024-06-30,2024-06-28,YAKG,75.3
2024-06-30,2024-06-28,YKEN,0.606
2024-06-30,2024-06-28,YKENP,0.49
2024-06-30,2024-06-28,YNDX,4073.2
2024-06-30,2024-06-28,YRSB,890
2024-06-30,2024-06-28,YRSBP,230.5
2024-06-30,2024-06-28,ZAYM,199.5
2024-06-30,2024-06-28,ZILL,3305
2024-06-30,2024-06-28,ZVEZ,10.1
2024-07-31,2024-07-31,ABIO,85.66
2024-07-31,2024-07-31,ABRD,230.4
2024-07-31,2024-07-31,ACKO,3.58
2024-07-31,2024-07-31,AFKS,21.36
2024-07-31,2024-07-31,AFLT,55
2024-07-31,2024-07-31,AGRO,1309.6
2024-07-31,2024-07-31,AKRN,15200
2024-07-31,2024-07-31,ALRS,60.98
2024-07-31,2024-07-31,AMEZ,78.5
2024-07-31,2024-07-31,APRI,10.1
2024-07-31,2024-07-31,APTK,11.464
2024-07-31,2024-07-31,AQUA,785
2024-07-31,2024-07-31,ARSA,14.93
2024-07-31,2024-07-31,ASSB,2.495
2024-07-31,2024-07-31,ASTR,564.9
2024-07-31,2024-07-31,AVAN,728
2024-07-31,2024-07-31,BANE,2756
2024-07-31,2024-07-31,BANEP,1607.5
2024-07-31,2024-07-31,BELU,5106
2024-07-31,2024-07-31,BISVP,10.89
2024-07-31,2024-07-31,BRZL,2180
2024-07-31,2024-07-31,BSPB,377.04
2024-07-31,2024-07-31,BSPBP,51
2024-07-31,2024-07-31,CARM,2.02
2024-07-31,2024-07-31,CBOM,6.798
2024-07-31,2024-07-31,CHGZ,112.8
2024-07-31,2024-07-31,CHKZ,23500
2024-07-31,2024-07-31,CHMF,1423.4
2024-07-31,2024-07-31,CHMK,6785
2024-07-31,2024-07-31,CIAN,780.2
2024-07-31,2024-07-31,CNTL,12.36
2024-07-31,2024-07-31,CNTLP,9.14
2024-07-31,2024-07-31,DELI,272.7
2024-07-31,2024-07-31,DIAS,4900
2024-07-31,2024-07-31,DIOD,13.87
2024-07-31,2024-07-31,DVEC,2.547
2024-07-31,2024-07-31,DZRD,4135
2024-07-31,2024-07-31,DZRDP,2990
2024-07-31,2024-07-31,EELT,16.08
2024-07-31,2024-07-31,ELFV,0.5526
2024-07-31,2024-07-31,ELMT,0.18198
2024-07-31,2024-07-31,ENPG,393.2
2024-07-31,2024-07-31,ETLN,76.84
2024-07-31,2024-07-31,EUTR,111.4
2024-07-31,2024-07-31,FEES,0.1001
2024-07-31,2024-07-31,FESH,67.48
2024-07-31,2024-07-31,FIVE,2792.5
2024-07-31,2024-07-31,FIXP,224.4
2024-07-31,2024-07-31,FLOT,105.6
2024-07-31,2024-07-31,GAZC,659
2024-07-31,2024-07-31,GAZP,133.31
2024-07-31,2024-07-31,GAZS,839
2024-07-31,2024-07-31,GAZT,1739
2024-07-31,2024-07-31,GCHE,4400.5
2024-07-31,2024-07-31,GECO,34.65
2024-07-31,2024-07-31,GEMA,149
2024-07-31,2024-07-31,GEMC,741.7
2024-07-31,2024-07-31,GLTR,595
2024-07-31,2024-07-31,GMKN,130.16
2024-07-31,2024-07-31,HHRU,4397
2024-07-31,2024-07-31,HIMCP,26.36
2024-07-31,2024-07-31,HNFG,662.7
2024-07-31,2024-07-31,HYDR,0.6064
2024-07-31,2024-07-31,IGST,9420
2024-07-31,2024-07-31,IGSTP,6070
2024-07-31,2024-07-31,INGR,1516
2024-07-31,2024-07-31,IRAO,3.859
2024-07-31,2024-07-31,IRKT,53.75
2024-07-31,2024-07-31,IVAT,238
2024-07-31,2024-07-31,JNOS,21.6
2024-07-31,2024-07-31,JNOSP,13.56
2024-07-31,2024-07-31,KAZT,530.2
2024-07-31,2024-07-31,KAZTP,550.5
2024-07-31,2024-07-31,KBSB,437
2024-07-31,2024-07-31,KCHE,0.626
2024-07-31,2024-07-31,KCHEP,1.065
2024-07-31,2024-07-31,KGKC,46.2
2024-07-31,2024-07-31,KGKCP,53.2
2024-07-31,2024-07-31,KLSB,24.75
2024-07-31,2024-07-31,KLVZ,6.288
2024-07-31,2024-07-31,KMAZ,141.9
2024-07-31,2024-07-31,KMEZ,1396
2024-07-31,2024-07-31,KOGK,44000
2024-07-31,2024-07-31,KRKN,10300
2024-07-31,2024-07-31,KRKNP,10000
2024-07-31,2024-07-31,KRKOP,13.14
2024-07-31,2024-07-31,KROT,2135
2024-07-31,2024-07-31,KROTP,712
2024-07-31,2024-07-31,KRSB,15.44
2024-07-31,2024-07-31,KRSBP,15.84
2024-07-31,2024-07-31,KUBE,258
2024-07-31,2024-07-31,KUZB,0.0448
2024-07-31,2024-07-31,KZOS,95.1
2024-07-31,2024-07-31,KZOSP,23.46
2024-07-31,2024-07-31,LEAS,862.7
2024-07-31,2024-07-31,LENT,1150
2024-07-31,2024-07-31,LKOH,6759.5
2024-07-31,2024-07-31,LNZL,13270
2024-07-31,2024-07-31,LNZLP,2250
2024-07-31,2024-07-31,LSNG,16.72
2024-07-31,2024-07-31,LSNGP,210.3
2024-07-31,2024-07-31,LSRG,732.8
2024-07-31,2024-07-31,LVHK,38.2
2024-07-31,2024-07-31,MAGE,3.98
2024-07-31,2024-07-31,MAGEP,3.04
2024-07-31,2024-07-31,MAGN,50.845
2024-07-31,2024-07-31,MBNK,1917.5
2024-07-31,2024-07-31,MDMG,871.7
2024-07-31,2024-07-31,MFGS,400.5
2024-07-31,2024-07-31,MFGSP,260.5
2024-07-31,2024-07-31,MGKL,2.5
2024-07-31,2024-07-31,MGNT,5750.5
2024-07-31,2024-07-31,MGNZ,7440
2024-07-31,2024-07-31,MGTS,1350
2024-07-31,2024-07-31,MGTSP,984
2024-07-31,2024-07-31,MISB,61.2
2024-07-31,2024-07-31,MISBP,61.5
2024-07-31,2024-07-31,MOEX,231.71
2024-07-31,2024-07-31,MRKC,0.455
2024-07-31,2024-07-31,MRKK,20.52
2024-07-31,2024-07-31,MRKP,0.2966
2024-07-31,2024-07-31,MRKS,0.5975
2024-07-31,2024-07-31,MRKU,0.4242
2024-07-31,2024-07-31,MRKV,0.0642
2024-07-31,2024-07-31,MRKY,0.06825
2024-07-31,2024-07-31,MRKZ,0.07945
2024-07-31,2024-07-31,MRSB,0.869
2024-07-31,2024-07-31,MSNG,2.551
2024-07-31,2024-07-31,MSRS,1.163
2024-07-31,2024-07-31,MSTT,166.35
2024-07-31,2024-07-31,MTLR,173
2024-07-31,2024-07-31,MTLRP,179.45
2024-07-31,2024-07-31,MTSS,229.95
2024-07-31,2024-07-31,MVID,145.5
2024-07-31,2024-07-31,NAUK,516
2024-07-31,2024-07-31,NFAZ,351.5
2024-07-31,2024-07-31,NKHP,840
2024-07-31,2024-07-31,NKNC,89.55
2024-07-31,2024-07-31,NKNCP,70
2024-07-31,2024-07-31,NKSH,55.25
2024-07-31,2024-07-31,NLMK,165.9
2024-07-31,2024-07-31,NMTP,8.99
2024-07-31,2024-07-31,NNSB,4470
2024-07-31,2024-07-31,NNSBP,1506
2024-07-31,2024-07-31,NSVZ,406.5
2024-07-31,2024-07-31,NVTK,1043.6
2024-07-31,2024-07-31,OGKB,0.4481
2024-07-31,2024-07-31,OKEY,26.18
2024-07-31,2024-07-31,OMZZP,15640
2024-07-31,2024-07-31,OZON,3860
2024-07-31,2024-07-31,PHOR,5618
2024-07-31,2024-07-31,PIKK,761
2024-07-31,2024-07-31,PLZL,12929.5
2024-07-31,2024-07-31,PMSB,229.8
2024-07-31,2024-07-31,PMSBP,280.2
2024-07-31,2024-07-31,POLY,218.6
2024-07-31,2024-07-31,POSI,2954
2024-07-31,2024-07-31,PRFN,4.58
2024-07-31,2024-07-31,PRMB,32400
2024-07-31,2024-07-31,PRMD,415.1
2024-07-31,2024-07-31,QIWI,263.4
2024-07-31,2024-07-31,RASP,264.2
2024-07-31,2024-07-31,RDRB,166.5
2024-07-31,2024-07-31,RENI,88.9
2024-07-31,2024-07-31,RGSS,0.261
2024-07-31,2024-07-31,RKKE,20680
2024-07-31,2024-07-31,RNFT,169.8
2024-07-31,2024-07-31,ROLO,0.8286
2024-07-31,2024-07-31,ROSB,100.6
2024-07-31,2024-07-31,ROSN,515.95
2024-07-31,2024-07-31,ROST,140.2
2024-07-31,2024-07-31,RTGZ,37200
2024-07-31,2024-07-31,RTKM,83.09
2024-07-31,2024-07-31,RTKMP,73.15
2024-07-31,2024-07-31,RTSB,3.64
2024-07-31,2024-07-31,RTSBP,1.812
2024-07-31,2024-07-31,RUAL,34.805
2024-07-31,2024-07-31,RUSI,88
2024-07-31,2024-07-31,RZSB,34.98
2024-07-31,2024-07-31,SAGO,3.265
2024-07-31,2024-07-31,SAGOP,3.2
2024-07-31,2024-07-31,SARE,0.527
2024-07-31,2024-07-31,SAREP,0.292
2024-07-31,2024-07-31,SBER,289.3
2024-07-31,2024-07-31,SBERP,289.2
2024-07-31,2024-07-31,SELG,58.69
2024-07-31,2024-07-31,SFIN,1473
2024-07-31,2024-07-31,SGZH,2.308
2024-07-31,2024-07-31,SIBN,684.85
2024-07-31,2024-07-31,SLEN,4.24
2024-07-31,2024-07-31,SMLT,2769
2024-07-31,2024-07-31,SNGS,27.89
2024-07-31,2024-07-31,SNGSP,49.55
2024-07-31,2024-07-31,SOFL,145.2
2024-07-31,2024-07-31,SPBE,142.9
2024-07-31,2024-07-31,STSB,2.705
2024-07-31,2024-07-31,STSBP,2.992
2024-07-31,2024-07-31,SVAV,835.5
2024-07-31,2024-07-31,SVCB,14.855
2024-07-31,2024-07-31,SVET,21.8
2024-07-31,2024-07-31,SVETP,45.5
2024-07-31,2024-07-31,TASB,1.766
2024-07-31,2024-07-31,TASBP,0.928
2024-07-31,2024-07-31,TATN,638.8
2024-07-31,2024-07-31,TATNP,625.7
2024-07-31,2024-07-31,TCSG,2635
2024-07-31,2024-07-31,TGKA,0.00746
2024-07-31,2024-07-31,TGKB,0.01076
2024-07-31,2024-07-31,TGKBP,0.01678
2024-07-31,2024-07-31,TGKN,0.0105
2024-07-31,2024-07-31,TNSE,2800
2024-07-31,2024-07-31,TORS,0.784
2024-07-31,2024-07-31,TORSP,0.48
2024-07-31,2024-07-31,TRMK,167.7
2024-07-31,2024-07-31,TRNFP,1390
2024-07-31,2024-07-31,TTLK,0.8095
2024-07-31,2024-07-31,TUZA,239
2024-07-31,2024-07-31,UGLD,0.8388
2024-07-31,2024-07-31,UKUZ,1316
2024-07-31,2024-07-31,UNAC,0.7685
2024-07-31,2024-07-31,UNKL,5240
2024-07-31,2024-07-31,UPRO,1.813
2024-07-31,2024-07-31,URKZ,27300
2024-07-31,2024-07-31,USBN,0.1801
2024-07-31,2024-07-31,UTAR,15.06
2024-07-31,2024-07-31,VEON-RX,31.5
2024-07-31,2024-07-31,VGSB,15.06
2024-07-31,2024-07-31,VGSBP,9.34
2024-07-31,2024-07-31,VJGZ,3354
2024-07-31,2024-07-31,VJGZP,2472
2024-07-31,2024-07-31,VKCO,457.8
2024-07-31,2024-07-31,VLHZ,227.4
2024-07-31,2024-07-31,VRSB,504.5
2024-07-31,2024-07-31,VRSBP,153.8
2024-07-31,2024-07-31,VSEH,177.9
2024-07-31,2024-07-31,VSMO,29500
2024-07-31,2024-07-31,VSYD,15100
2024-07-31,2024-07-31,VSYDP,10780
2024-07-31,2024-07-31,VTBR,97.82
2024-07-31,2024-07-31,WTCM,15.1
2024-07-31,2024-07-31,WTCMP,10
2024-07-31,2024-07-31,WUSH,241.1
2024-07-31,2024-07-31,YAKG,77.2
2024-07-31,2024-07-31,YDEX,3892
2024-07-31,2024-07-31,YKEN,0.501
2024-07-31,2024-07-31,YKENP,0.456
2024-07-31,2024-07-31,YRSB,926
2024-07-31,2024-07-31,YRSBP,226.5
2024-07-31,2024-07-31,ZAYM,169.9
2024-07-31,2024-07-31,ZILL,3305
2024-07-31,2024-07-31,ZVEZ,8.72
2024-08-30,2024-08-30,ABIO,77.1
2024-08-30,2024-08-30,ABRD,200.8
2024-08-30,2024-08-30,ACKO,3.58
2024-08-30,2024-08-30,AFKS,16.049
2024-08-30,2024-08-30,AFLT,47.12
2024-08-30,2024-08-30,AGRO,1217.4
2024-08-30,2024-08-30,AKRN,15078
2024-08-30,2024-08-30,ALRS,49.43
2024-08-30,2024-08-30,AMEZ,137.1
2024-08-30,2024-08-30,APRI,9.839
2024-08-30,2024-08-30,APTK,10.4
2024-08-30,2024-08-30,AQUA,626.5
2024-08-30,2024-08-30,ARSA,12.69
2024-08-30,2024-08-30,ASSB,2.37
2024-08-30,2024-08-30,ASTR,531.4
2024-08-30,2024-08-30,AVAN,741
2024-08-30,2024-08-30,BANE,2058
2024-08-30,2024-08-30,BANEP,1289
2024-08-30,2024-08-30,BELU,601
2024-08-30,2024-08-30,BISVP,9.18
2024-08-30,2024-08-30,BRZL,1740
2024-08-30,2024-08-30,BSPB,349.3
2024-08-30,2024-08-30,BSPBP,50.5
2024-08-30,2024-08-30,CARM,1.6975
2024-08-30,2024-08-30,CBOM,6.541
2024-08-30,2024-08-30,CHGZ,99
2024-08-30,2024-08-30,CHKZ,21750
2024-08-30,2024-08-30,CHMF,1225
2024-08-30,2024-08-30,CHMK,6600
2024-08-30,2024-08-30,CIAN,603.6
2024-08-30,2024-08-30,CNTL,10.88
2024-08-30,2024-08-30,CNTLP,8.42
2024-08-30,2024-08-30,DELI,225.7
2024-08-30,2024-08-30,DIAS,4938.5
2024-08-30,2024-08-30,DIOD,11.5
2024-08-30,2024-08-30,DVEC,2.538
2024-08-30,2024-08-30,DZRD,3865
2024-08-30,2024-08-30,DZRDP,2920
2024-08-30,2024-08-30,EELT,13.16
2024-08-30,2024-08-30,ELFV,0.5626
2024-08-30,2024-08-30,ELMT,0.1781
2024-08-30,2024-08-30,ENPG,329.85
2024-08-30,2024-08-30,ETLN,68.26
2024-08-30,2024-08-30,EUTR,110.55
2024-08-30,2024-08-30,FEES,0.08924
2024-08-30,2024-08-30,FESH,42.52
2024-08-30,2024-08-30,FIVE,2792.5
2024-08-30,2024-08-30,FIXP,173.8
2024-08-30,2024-08-30,FLOT,90.51
2024-08-30,2024-08-30,GAZC,659
2024-08-30,2024-08-30,GAZP,122.97
2024-08-30,2024-08-30,GAZS,839
2024-08-30,2024-08-30,GAZT,1739
2024-08-30,2024-08-30,GCHE,4256
2024-08-30,2024-08-30,GECO,28.6
2024-08-30,2024-08-30,GEMA,143.4
2024-08-30,2024-08-30,GEMC,663.2
2024-08-30,2024-08-30,GLTR,459
2024-08-30,2024-08-30,GMKN,108.58
2024-08-30,2024-08-30,HHRU,3905
2024-08-30,2024-08-30,HIMCP,20.54
2024-08-30,2024-08-30,HNFG,601.5
2024-08-30,2024-08-30,HYDR,0.5178
2024-08-30,2024-08-30,IGST,8540
2024-08-30,2024-08-30,IGSTP,5680
2024-08-30,2024-08-30,INGR,1586
2024-08-30,2024-08-30,IRAO,3.695
2024-08-30,2024-08-30,IRKT,46.5
2024-08-30,2024-08-30,IVAT,208.9
2024-08-30,2024-08-30,JNOS,19.75
2024-08-30,2024-08-30,JNOSP,12.34
2024-08-30,2024-08-30,KAZT,470
2024-08-30,2024-08-30,KAZTP,486
2024-08-30,2024-08-30,KBSB,436.5
2024-08-30,2024-08-30,KCHE,0.59
2024-08-30,2024-08-30,KCHEP,1.06
2024-08-30,2024-08-30,KGKC,44.2
2024-08-30,2024-08-30,KGKCP,50
2024-08-30,2024-08-30,KLSB,24.37
2024-08-30,2024-08-30,KLVZ,4.598
2024-08-30,2024-08-30,KMAZ,114.7
2024-08-30,2024-08-30,KMEZ,1184
2024-08-30,2024-08-30,KOGK,39600
2024-08-30,2024-08-30,KRKN,9500
2024-08-30,2024-08-30,KRKNP,9000
2024-08-30,2024-08-30,KRKOP,13.34
2024-08-30,2024-08-30,KROT,1921
2024-08-30,2024-08-30,KROTP,597
2024-08-30,2024-08-30,KRSB,14.08
2024-08-30,2024-08-30,KRSBP,14.38
2024-08-30,2024-08-30,KUBE,217.2
2024-08-30,2024-08-30,KUZB,0.0378
2024-08-30,2024-08-30,KZOS,89.2
2024-08-30,2024-08-30,KZOSP,20.48
2024-08-30,2024-08-30,LEAS,650
2024-08-30,2024-08-30,LENT,1027.5
2024-08-30,2024-08-30,LKOH,6145
2024-08-30,2024-08-30,LNZL,12630
2024-08-30,2024-08-30,LNZLP,1960
2024-08-30,2024-08-30,LSNG,14.82
2024-08-30,2024-08-30,LSNGP,185.1
2024-08-30,2024-08-30,LSRG,649.8
2024-08-30,2024-08-30,LVHK,37
2024-08-30,2024-08-30,MAGE,3.57
2024-08-30,2024-08-30,MAGEP,2.91
2024-08-30,2024-08-30,MAGN,43.035
2024-08-30,2024-08-30,MBNK,1620
2024-08-30,2024-08-30,MDMG,825.2
2024-08-30,2024-08-30,MFGS,396
2024-08-30,2024-08-30,MFGSP,243.5
2024-08-30,2024-08-30,MGKL,2.48
2024-08-30,2024-08-30,MGNT,4720
2024-08-30,2024-08-30,MGNZ,7440
2024-08-30,2024-08-30,MGTS,1300
2024-08-30,2024-08-30,MGTSP,980
2024-08-30,2024-08-30,MISB,60.4
2024-08-30,2024-08-30,MISBP,59.8
2024-08-30,2024-08-30,MOEX,202
2024-08-30,2024-08-30,MRKC,0.3732
2024-08-30,2024-08-30,MRKK,17.38
2024-08-30,2024-08-30,MRKP,0.2909
2024-08-30,2024-08-30,MRKS,0.5595
2024-08-30,2024-08-30,MRKU,0.3934
2024-08-30,2024-08-30,MRKV,0.0591
2024-08-30,2024-08-30,MRKY,0.06255
2024-08-30,2024-08-30,MRKZ,0.0635
2024-08-30,2024-08-30,MRSB,0.78
2024-08-30,2024-08-30,MSNG,2.2635
2024-08-30,2024-08-30,MSRS,1.147
2024-08-30,2024-08-30,MSTT,142.85
2024-08-30,2024-08-30,MTLR,106.95
2024-08-30,2024-08-30,MTLRP,110.9
2024-08-30,2024-08-30,MTSS,191.7
2024-08-30,2024-08-30,MVID,96.2
2024-08-30,2024-08-30,NAUK,490
2024-08-30,2024-08-30,NFAZ,302.5
2024-08-30,2024-08-30,NKHP,755
2024-08-30,2024-08-30,NKNC,86.1
2024-08-30,2024-08-30,NKNCP,69.88
2024-08-30,2024-08-30,NKSH,46.15
2024-08-30,2024-08-30,NLMK,132.74
2024-08-30,2024-08-30,NMTP,7.975
2024-08-30,2024-08-30,NNSB,3960
2024-08-30,2024-08-30,NNSBP,1420
2024-08-30,2024-08-30,NSVZ,342.5
2024-08-30,2024-08-30,NVTK,977.2
2024-08-30,2024-08-30,OGKB,0.3449
2024-08-30,2024-08-30,OKEY,23.46
2024-08-30,2024-08-30,OMZZP,13860
2024-08-30,2024-08-30,OZON,3011
2024-08-30,2024-08-30,PHOR,4997
2024-08-30,2024-08-30,PIKK,676.6
2024-08-30,2024-08-30,PLZL,12000
2024-08-30,2024-08-30,PMSB,225.5
2024-08-30,2024-08-30,PMSBP,235.6
2024-08-30,2024-08-30,POLY,238.3
2024-08-30,2024-08-30,POSI,2534.2
2024-08-30,2024-08-30,PRFN,5.296
2024-08-30,2024-08-30,PRMB,30000
2024-08-30,2024-08-30,PRMD,361.1
2024-08-30,2024-08-30,QIWI,174.8
2024-08-30,2024-08-30,RASP,264.55
2024-08-30,2024-08-30,RDRB,145
2024-08-30,2024-08-30,RENI,91.6
2024-08-30,2024-08-30,RGSS,0.274
2024-08-30,2024-08-30,RKKE,18850
2024-08-30,2024-08-30,RNFT,158.6
2024-08-30,2024-08-30,ROLO,0.6888
2024-08-30,2024-08-30,ROSB,117.2
2024-08-30,2024-08-30,ROSN,475.85
2024-08-30,2024-08-30,ROST,128.4
2024-08-30,2024-08-30,RTGZ,33100
2024-08-30,2024-08-30,RTKM,76.35
2024-08-30,2024-08-30,RTKMP,70.45
2024-08-30,2024-08-30,RTSB,3.305
2024-08-30,2024-08-30,RTSBP,1.762
2024-08-30,2024-08-30,RUAL,31.36
2024-08-30,2024-08-30,RUSI,77.4
2024-08-30,2024-08-30,RZSB,31.94
2024-08-30,2024-08-30,SAGO,3.02
2024-08-30,2024-08-30,SAGOP,3.015
2024-08-30,2024-08-30,SARE,0.432
2024-08-30,2024-08-30,SAREP,0.263
2024-08-30,2024-08-30,SBER,254.45
2024-08-30,2024-08-30,SBERP,253.94
2024-08-30,2024-08-30,SELG,49.37
2024-08-30,2024-08-30,SFIN,1161.2
2024-08-30,2024-08-30,SGZH,1.138
2024-08-30,2024-08-30,SIBN,656.2
2024-08-30,2024-08-30,SLEN,3.42
2024-08-30,2024-08-30,SMLT,1926.5
2024-08-30,2024-08-30,SNGS,23.095
2024-08-30,2024-08-30,SNGSP,48.265
2024-08-30,2024-08-30,SOFL,147.52
2024-08-30,2024-08-30,SPBE,108.8
2024-08-30,2024-08-30,STSB,2.715
2024-08-30,2024-08-30,STSBP,2.97
2024-08-30,2024-08-30,SVAV,692
2024-08-30,2024-08-30,SVCB,12.99
2024-08-30,2024-08-30,SVET,18.85
2024-08-30,2024-08-30,SVETP,36.9
2024-08-30,2024-08-30,TASB,1.548
2024-08-30,2024-08-30,TASBP,0.824
2024-08-30,2024-08-30,TATN,590
2024-08-30,2024-08-30,TATNP,587.4
2024-08-30,2024-08-30,TCSG,2397
2024-08-30,2024-08-30,TGKA,0.006944
2024-08-30,2024-08-30,TGKB,0.008205
2024-08-30,2024-08-30,TGKBP,0.0157
2024-08-30,2024-08-30,TGKN,0.01021
2024-08-30,2024-08-30,TNSE,2290
2024-08-30,2024-08-30,TORS,0.678
2024-08-30,2024-08-30,TORSP,0.421
2024-08-30,2024-08-30,TRMK,103.66
2024-08-30,2024-08-30,TRNFP,1258
2024-08-30,2024-08-30,TTLK,0.721
2024-08-30,2024-08-30,TUZA,225
2024-08-30,2024-08-30,UGLD,0.6409
2024-08-30,2024-08-30,UKUZ,1242
2024-08-30,2024-08-30,UNAC,0.615
2024-08-30,2024-08-30,UNKL,4880
2024-08-30,2024-08-30,UPRO,1.709
2024-08-30,2024-08-30,URKZ,26050
2024-08-30,2024-08-30,USBN,0.1713
2024-08-30,2024-08-30,UTAR,11.93
2024-08-30,2024-08-30,VEON-RX,26.25
2024-08-30,2024-08-30,VGSB,14.14
2024-08-30,2024-08-30,VGSBP,9.72
2024-08-30,2024-08-30,VJGZ,2500
2024-08-30,2024-08-30,VJGZP,1980
2024-08-30,2024-08-30,VKCO,346.4
2024-08-30,2024-08-30,VLHZ,218
2024-08-30,2024-08-30,VRSB,482.5
2024-08-30,2024-08-30,VRSBP,147.2
2024-08-30,2024-08-30,VSEH,153.35
2024-08-30,2024-08-30,VSMO,26400
2024-08-30,2024-08-30,VSYD,14350
2024-08-30,2024-08-30,VSYDP,8260
2024-08-30,2024-08-30,VTBR,91.48
2024-08-30,2024-08-30,WTCM,13.92
2024-08-30,2024-08-30,WTCMP,10.06
2024-08-30,2024-08-30,WUSH,200.29
2024-08-30,2024-08-30,YAKG,63.95
2024-08-30,2024-08-30,YDEX,3765.5
2024-08-30,2024-08-30,YKEN,0.464
2024-08-30,2024-08-30,YKENP,0.418
2024-08-30,2024-08-30,YRSB,850
2024-08-30,2024-08-30,YRSBP,211.5
2024-08-30,2024-08-30,ZAYM,163
2024-08-30,2024-08-30,ZILL,2975
2024-08-30,2024-08-30,ZVEZ,8.07
2024-08-31,2024-08-30,ABIO,77.1
2024-08-31,2024-08-30,ABRD,200.8
2024-08-31,2024-08-30,ACKO,3.58
2024-08-31,2024-08-30,AFKS,16.049
2024-08-31,2024-08-30,AFLT,47.12
2024-08-31,2024-08-30,AGRO,1217.4
2024-08-31,2024-08-30,AKRN,15078
2024-08-31,2024-08-30,ALRS,49.43
2024-08-31,2024-08-30,AMEZ,137.1
2024-08-31,2024-08-30,APRI,9.839
2024-08-31,2024-08-30,APTK,10.4
2024-08-31,2024-08-30,AQUA,626.5
2024-08-31,2024-08-30,ARSA,12.69
2024-08-31,2024-08-30,ASSB,2.37
2024-08-31,2024-08-30,ASTR,531.4
2024-08-31,2024-08-30,AVAN,741
2024-08-31,2024-08-30,BANE,2058
2024-08-31,2024-08-30,BANEP,1289
2024-08-31,2024-08-30,BELU,601
2024-08-31,2024-08-30,BISVP,9.18
2024-08-31,2024-08-30,BRZL,1740
2024-08-31,2024-08-30,BSPB,349.3
2024-08-31,2024-08-30,BSPBP,50.5
2024-08-31,2024-08-30,CARM,1.6975
2024-08-31,2024-08-30,CBOM,6.541
2024-08-31,2024-08-30,CHGZ,99
2024-08-31,2024-08-30,CHKZ,21750
2024-08-31,2024-08-30,CHMF,1225
2024-08-31,2024-08-30,CHMK,6600
2024-08-31,2024-08-30,CIAN,603.6
2024-08-31,2024-08-30,CNTL,10.88
2024-08-31,2024-08-30,CNTLP,8.42
2024-08-31,2024-08-30,DELI,225.7
2024-08-31,2024-08-30,DIAS,4938.5
2024-08-31,2024-08-30,DIOD,11.5
2024-08-31,2024-08-30,DVEC,2.538
2024-08-31,2024-08-30,DZRD,3865
2024-08-31,2024-08-30,DZRDP,2920
2024-08-31,2024-08-30,EELT,13.16
2024-08-31,2024-08-30,ELFV,0.5626
2024-08-31,2024-08-30,ELMT,0.1781
2024-08-31,2024-08-30,ENPG,329.85
2024-08-31,2024-08-30,ETLN,68.26
2024-08-31,2024-08-30,EUTR,110.55
2024-08-31,2024-08-30,FEES,0.08924
2024-08-31,2024-08-30,FESH,42.52
2024-08-31,2024-08-30,FIVE,2792.5
2024-08-31,2024-08-30,FIXP,173.8
2024-08-31,2024-08-30,FLOT,90.51
2024-08-31,2024-08-30,GAZC,659
2024-08-31,2024-08-30,GAZP,122.97
2024-08-31,2024-08-30,GAZS,839
2024-08-31,2024-08-30,GAZT,1739
2024-08-31,2024-08-30,GCHE,4256
2024-08-31,2024-08-30,GECO,28.6
2024-08-31,2024-08-30,GEMA,143.4
2024-08-31,2024-08-30,GEMC,663.2
2024-08-31,2024-08-30,GLTR,459
2024-08-31,2024-08-30,GMKN,108.58
2024-08-31,2024-08-30,HHRU,3905
2024-08-31,2024-08-30,HIMCP,20.54
2024-08-31,2024-08-30,HNFG,601.5
2024-08-31,2024-08-30,HYDR,0.5178
2024-08-31,2024-08-30,IGST,8540
2024-08-31,2024-08-30,IGSTP,5680
2024-08-31,2024-08-30,INGR,1586
2024-08-31,2024-08-30,IRAO,3.695
2024-08-31,2024-08-30,IRKT,46.5
2024-08-31,2024-08-30,IVAT,208.9
2024-08-31,2024-08-30,JNOS,19.75
2024-08-31,2024-08-30,JNOSP,12.34
2024-08-31,2024-08-30,KAZT,470
2024-08-31,2024-08-30,KAZTP,486
2024-08-31,2024-08-30,KBSB,436.5
2024-08-31,2024-08-30,KCHE,0.59
2024-08-31,2024-08-30,KCHEP,1.06
2024-08-31,2024-08-30,KGKC,44.2
2024-08-31,2024-08-30,KGKCP,50
2024-08-31,2024-08-30,KLSB,24.37
2024-08-31,2024-08-30,KLVZ,4.598
2024-08-31,2024-08-30,KMAZ,114.7
2024-08-31,2024-08-30,KMEZ,1184
2024-08-31,2024-08-30,KOGK,39600
2024-08-31,2024-08-30,KRKN,9500
2024-08-31,2024-08-30,KRKNP,9000
2024-08-31,2024-08-30,KRKOP,13.34
2024-08-31,2024-08-30,KROT,1921
2024-08-31,2024-08-30,KROTP,597
2024-08-31,2024-08-30,KRSB,14.08
2024-08-31,2024-08-30,KRSBP,14.38
2024-08-31,2024-08-30,KUBE,217.2
2024-08-31,2024-08-30,KUZB,0.0378
2024-08-31,2024-08-30,KZOS,89.2
2024-08-31,2024-08-30,KZOSP,20.48
2024-08-31,2024-08-30,LEAS,650
2024-08-31,2024-08-30,LENT,1027.5
2024-08-31,2024-08-30,LKOH,6145
2024-08-31,2024-08-30,LNZL,12630
2024-08-31,2024-08-30,LNZLP,1960
2024-08-31,2024-08-30,LSNG,14.82
2024-08-31,2024-08-30,LSNGP,185.1
2024-08-31,2024-08-30,LSRG,649.8
2024-08-31,2024-08-30,LVHK,37
2024-08-31,2024-08-30,MAGE,3.57
2024-08-31,2024-08-30,MAGEP,2.91
2024-08-31,2024-08-30,MAGN,43.035
2024-08-31,2024-08-30,MBNK,1620
2024-08-31,2024-08-30,MDMG,825.2
2024-08-31,2024-08-30,MFGS,396
2024-08-31,2024-08-30,MFGSP,243.5
2024-08-31,2024-08-30,MGKL,2.48
2024-08-31,2024-08-30,MGNT,4720
2024-08-31,2024-08-30,MGNZ,7440
2024-08-31,2024-08-30,MGTS,1300
2024-08-31,2024-08-30,MGTSP,980
2024-08-31,2024-08-30,MISB,60.4
2024-08-31,2024-08-30,MISBP,59.8
2024-08-31,2024-08-30,MOEX,202
2024-08-31,2024-08-30,MRKC,0.3732
2024-08-31,2024-08-30,MRKK,17.38
2024-08-31,2024-08-30,MRKP,0.2909
2024-08-31,2024-08-30,MRKS,0.5595
2024-08-31,2024-08-30,MRKU,0.3934
2024-08-31,2024-08-30,MRKV,0.0591
2024-08-31,2024-08-30,MRKY,0.06255
2024-08-31,2024-08-30,MRKZ,0.0635
2024-08-31,2024-08-30,MRSB,0.78
2024-08-31,2024-08-30,MSNG,2.2635
2024-08-31,2024-08-30,MSRS,1.147
2024-08-31,2024-08-30,MSTT,142.85
2024-08-31,2024-08-30,MTLR,106.95
2024-08-31,2024-08-30,MTLRP,110.9
2024-08-31,2024-08-30,MTSS,191.7
2024-08-31,2024-08-30,MVID,96.2
2024-08-31,2024-08-30,NAUK,490
2024-08-31,2024-08-30,NFAZ,302.5
2024-08-31,2024-08-30,NKHP,755
2024-08-31,2024-08-30,NKNC,86.1
2024-08-31,2024-08-30,NKNCP,69.88
2024-08-31,2024-08-30,NKSH,46.15
2024-08-31,2024-08-30,NLMK,132.74
2024-08-31,2024-08-30,NMTP,7.975
2024-08-31,2024-08-30,NNSB,3960
2024-08-31,2024-08-30,NNSBP,1420
2024-08-31,2024-08-30,NSVZ,342.5
2024-08-31,2024-08-30,NVTK,977.2
2024-08-31,2024-08-30,OGKB,0.3449
2024-08-31,2024-08-30,OKEY,23.46
2024-08-31,2024-08-30,OMZZP,13860
2024-08-31,2024-08-30,OZON,3011
2024-08-31,2024-08-30,PHOR,4997
2024-08-31,2024-08-30,PIKK,676.6
2024-08-31,2024-08-30,PLZL,12000
2024-08-31,2024-08-30,PMSB,225.5
2024-08-31,2024-08-30,PMSBP,235.6
2024-08-31,2024-08-30,POLY,238.3
2024-08-31,2024-08-30,POSI,2534.2
2024-08-31,2024-08-30,PRFN,5.296
2024-08-31,2024-08-30,PRMB,30000
2024-08-31,2024-08-30,PRMD,361.1
2024-08-31,2024-08-30,QIWI,174.8
2024-08-31,2024-08-30,RASP,264.55
2024-08-31,2024-08-30,RDRB,145
2024-08-31,2024-08-30,RENI,91.6
2024-08-31,2024-08-30,RGSS,0.274
2024-08-31,2024-08-30,RKKE,18850
2024-08-31,2024-08-30,RNFT,158.6
2024-08-31,2024-08-30,ROLO,0.6888
2024-08-31,2024-08-30,ROSB,117.2
2024-08-31,2024-08-30,ROSN,475.85
2024-08-31,2024-08-30,ROST,128.4
2024-08-31,2024-08-30,RTGZ,33100
2024-08-31,2024-08-30,RTKM,76.35
2024-08-31,2024-08-30,RTKMP,70.45
2024-08-31,2024-08-30,RTSB,3.305
2024-08-31,2024-08-30,RTSBP,1.762
2024-08-31,2024-08-30,RUAL,31.36
2024-08-31,2024-08-30,RUSI,77.4
2024-08-31,2024-08-30,RZSB,31.94
2024-08-31,2024-08-30,SAGO,3.02
2024-08-31,2024-08-30,SAGOP,3.015
2024-08-31,2024-08-30,SARE,0.432
2024-08-31,2024-08-30,SAREP,0.263
2024-08-31,2024-08-30,SBER,254.45
2024-08-31,2024-08-30,SBERP,253.94
2024-08-31,2024-08-30,SELG,49.37
2024-08-31,2024-08-30,SFIN,1161.2
2024-08-31,2024-08-30,SGZH,1.138
2024-08-31,2024-08-30,SIBN,656.2
2024-08-31,2024-08-30,SLEN,3.42
2024-08-31,2024-08-30,SMLT,1926.5
2024-08-31,2024-08-30,SNGS,23.095
2024-08-31,2024-08-30,SNGSP,48.265
2024-08-31,2024-08-30,SOFL,147.52
2024-08-31,2024-08-30,SPBE,108.8
2024-08-31,2024-08-30,STSB,2.715
2024-08-31,2024-08-30,STSBP,2.97
2024-08-31,2024-08-30,SVAV,692
2024-08-31,2024-08-30,SVCB,12.99
2024-08-31,2024-08-30,SVET,18.85
2024-08-31,2024-08-30,SVETP,36.9
2024-08-31,2024-08-30,TASB,1.548
2024-08-31,2024-08-30,TASBP,0.824
2024-08-31,2024-08-30,TATN,590
2024-08-31,2024-08-30,TATNP,587.4
2024-08-31,2024-08-30,TCSG,2397
2024-08-31,2024-08-30,TGKA,0.006944
2024-08-31,2024-08-30,TGKB,0.008205
2024-08-31,2024-08-30,TGKBP,0.0157
2024-08-31,2024-08-30,TGKN,0.01021
2024-08-31,2024-08-30,TNSE,2290
2024-08-31,2024-08-30,TORS,0.678
2024-08-31,2024-08-30,TORSP,0.421
2024-08-31,2024-08-30,TRMK,103.66
2024-08-31,2024-08-30,TRNFP,1258
2024-08-31,2024-08-30,TTLK,0.721
2024-08-31,2024-08-30,TUZA,225
2024-08-31,2024-08-30,UGLD,0.6409
2024-08-31,2024-08-30,UKUZ,1242
2024-08-31,2024-08-30,UNAC,0.615
2024-08-31,2024-08-30,UNKL,4880
2024-08-31,2024-08-30,UPRO,1.709
2024-08-31,2024-08-30,URKZ,26050
2024-08-31,2024-08-30,USBN,0.1713
2024-08-31,2024-08-30,UTAR,11.93
2024-08-31,2024-08-30,VEON-RX,26.25
2024-08-31,2024-08-30,VGSB,14.14
2024-08-31,2024-08-30,VGSBP,9.72
2024-08-31,2024-08-30,VJGZ,2500
2024-08-31,2024-08-30,VJGZP,1980
2024-08-31,2024-08-30,VKCO,346.4
2024-08-31,2024-08-30,VLHZ,218
2024-08-31,2024-08-30,VRSB,482.5
2024-08-31,2024-08-30,VRSBP,147.2
2024-08-31,2024-08-30,VSEH,153.35
2024-08-31,2024-08-30,VSMO,26400
2024-08-31,2024-08-30,VSYD,14350
2024-08-31,2024-08-30,VSYDP,8260
2024-08-31,2024-08-30,VTBR,91.48
2024-08-31,2024-08-30,WTCM,13.92
2024-08-31,2024-08-30,WTCMP,10.06
2024-08-31,2024-08-30,WUSH,200.29
2024-08-31,2024-08-30,YAKG,63.95
2024-08-31,2024-08-30,YDEX,3765.5
2024-08-31,2024-08-30,YKEN,0.464
2024-08-31,2024-08-30,YKENP,0.418
2024-08-31,2024-08-30,YRSB,850
2024-08-31,2024-08-30,YRSBP,211.5
2024-08-31,2024-08-30,ZAYM,163
2024-08-31,2024-08-30,ZILL,2975
2024-08-31,2024-08-30,ZVEZ,8.07
2024-09-30,2024-09-30,ABIO,100.16
2024-09-30,2024-09-30,ABRD,212
2024-09-30,2024-09-30,ACKO,3.58
2024-09-30,2024-09-30,AFKS,16.091
2024-09-30,2024-09-30,AFLT,54.05
2024-09-30,2024-09-30,AGRO,1253
2024-09-30,2024-09-30,AKRN,16008
2024-09-30,2024-09-30,ALRS,54.09
2024-09-30,2024-09-30,AMEZ,93
2024-09-30,2024-09-30,APRI,10.166
2024-09-30,2024-09-30,APTK,11.772
2024-09-30,2024-09-30,AQUA,652.5
2024-09-30,2024-09-30,ARSA,12.3
2024-09-30,2024-09-30,ASSB,2.315
2024-09-30,2024-09-30,ASTR,561.35
2024-09-30,2024-09-30,AVAN,811
2024-09-30,2024-09-30,BANE,2466.5
2024-09-30,2024-09-30,BANEP,1319.5
2024-09-30,2024-09-30,BELU,676
2024-09-30,2024-09-30,BISVP,10.06
2024-09-30,2024-09-30,BRZL,1969
2024-09-30,2024-09-30,BSPB,379.47
2024-09-30,2024-09-30,BSPBP,53.95
2024-09-30,2024-09-30,CARM,2.3925
2024-09-30,2024-09-30,CBOM,6.496
2024-09-30,2024-09-30,CHGZ,113.8
2024-09-30,2024-09-30,CHKZ,25100
2024-09-30,2024-09-30,CHMF,1257.6
2024-09-30,2024-09-30,CHMK,6320
2024-09-30,2024-09-30,CIAN,660
2024-09-30,2024-09-30,CNTL,11.86
2024-09-30,2024-09-30,CNTLP,8.58
2024-09-30,2024-09-30,DELI,224.35
2024-09-30,2024-09-30,DIAS,5289
2024-09-30,2024-09-30,DIOD,11.82
2024-09-30,2024-09-30,DVEC,2.753
2024-09-30,2024-09-30,DZRD,4140
2024-09-30,2024-09-30,DZRDP,2950
2024-09-30,2024-09-30,EELT,14.4
2024-09-30,2024-09-30,ELFV,0.5784
2024-09-30,2024-09-30,ELMT,0.17744
2024-09-30,2024-09-30,ENPG,337.75
2024-09-30,2024-09-30,ETLN,68.78
2024-09-30,2024-09-30,EUTR,146.75
2024-09-30,2024-09-30,FEES,0.08552
2024-09-30,2024-09-30,FESH,49.73
2024-09-30,2024-09-30,FIVE,2792.5
2024-09-30,2024-09-30,FIXP,197
2024-09-30,2024-09-30,FLOT,98
2024-09-30,2024-09-30,GAZC,659
2024-09-30,2024-09-30,GAZP,138.19
2024-09-30,2024-09-30,GAZS,839
2024-09-30,2024-09-30,GAZT,1739
2024-09-30,2024-09-30,GCHE,4445
2024-09-30,2024-09-30,GECO,33.83
2024-09-30,2024-09-30,GEMA,150.3
2024-09-30,2024-09-30,GEMC,646.1
2024-09-30,2024-09-30,GLTR,486.25
2024-09-30,2024-09-30,GMKN,113.04
2024-09-30,2024-09-30,HEAD,4498
2024-09-30,2024-09-30,HIMCP,24
2024-09-30,2024-09-30,HNFG,659.9
2024-09-30,2024-09-30,HYDR,0.54
2024-09-30,2024-09-30,IGST,8480
2024-09-30,2024-09-30,IGSTP,5890
2024-09-30,2024-09-30,INGR,1526
2024-09-30,2024-09-30,IRAO,3.818
2024-09-30,2024-09-30,IRKT,54
2024-09-30,2024-09-30,IVAT,221.15
2024-09-30,2024-09-30,JNOS,20
2024-09-30,2024-09-30,JNOSP,13.08
2024-09-30,2024-09-30,KAZT,513.4
2024-09-30,2024-09-30,KAZTP,555
2024-09-30,2024-09-30,KBSB,475.5
2024-09-30,2024-09-30,KCHE,0.608
2024-09-30,2024-09-30,KCHEP,1.065
2024-09-30,2024-09-30,KGKC,46
2024-09-30,2024-09-30,KGKCP,51
2024-09-30,2024-09-30,KLSB,25.63
2024-09-30,2024-09-30,KLVZ,4.994
2024-09-30,2024-09-30,KMAZ,127.4
2024-09-30,2024-09-30,KMEZ,1350
2024-09-30,2024-09-30,KOGK,42200
2024-09-30,2024-09-30,KRKN,10550
2024-09-30,2024-09-30,KRKNP,9120
2024-09-30,2024-09-30,KRKOP,13
2024-09-30,2024-09-30,KROT,2037
2024-09-30,2024-09-30,KROTP,622
2024-09-30,2024-09-30,KRSB,13.88
2024-09-30,2024-09-30,KRSBP,13.76
2024-09-30,2024-09-30,KUBE,203
2024-09-30,2024-09-30,KUZB,0.0391
2024-09-30,2024-09-30,KZOS,88.5
2024-09-30,2024-09-30,KZOSP,21.38
2024-09-30,2024-09-30,LEAS,675
2024-09-30,2024-09-30,LENT,1119
2024-09-30,2024-09-30,LKOH,6874
2024-09-30,2024-09-30,LNZL,12150
2024-09-30,2024-09-30,LNZLP,1955
2024-09-30,2024-09-30,LSNG,15.3
2024-09-30,2024-09-30,LSNGP,194.8
2024-09-30,2024-09-30,LSRG,698
2024-09-30,2024-09-30,LVHK,37.85
2024-09-30,2024-09-30,MAGE,3.78
2024-09-30,2024-09-30,MAGEP,2.83
2024-09-30,2024-09-30,MAGN,45.015
2024-09-30,2024-09-30,MBNK,1704
2024-09-30,2024-09-30,MDMG,901.3
2024-09-30,2024-09-30,MFGS,399.5
2024-09-30,2024-09-30,MFGSP,250
2024-09-30,2024-09-30,MGKL,2.418
2024-09-30,2024-09-30,MGNT,5667
2024-09-30,2024-09-30,MGNZ,7440
2024-09-30,2024-09-30,MGTS,1360
2024-09-30,2024-09-30,MGTSP,1020
2024-09-30,2024-09-30,MISB,59.2
2024-09-30,2024-09-30,MISBP,58.4
2024-09-30,2024-09-30,MOEX,217.26
2024-09-30,2024-09-30,MRKC,0.39
2024-09-30,2024-09-30,MRKK,20.4
2024-09-30,2024-09-30,MRKP,0.3285
2024-09-30,2024-09-30,MRKS,0.582
2024-09-30,2024-09-30,MRKU,0.4064
2024-09-30,2024-09-30,MRKV,0.06355
2024-09-30,2024-09-30,MRKY,0.06385
2024-09-30,2024-09-30,MRKZ,0.0679
2024-09-30,2024-09-30,MRSB,0.729
2024-09-30,2024-09-30,MSNG,2.44
2024-09-30,2024-09-30,MSRS,1.2175
2024-09-30,2024-09-30,MSTT,176
2024-09-30,2024-09-30,MTLR,120.06
2024-09-30,2024-09-30,MTLRP,124.85
2024-09-30,2024-09-30,MTSS,206.6
2024-09-30,2024-09-30,MVID,111.6
2024-09-30,2024-09-30,NAUK,494.5
2024-09-30,2024-09-30,NFAZ,359
2024-09-30,2024-09-30,NKHP,816
2024-09-30,2024-09-30,NKNC,91.65
2024-09-30,2024-09-30,NKNCP,70.56
2024-09-30,2024-09-30,NKSH,57.25
2024-09-30,2024-09-30,NLMK,141.88
2024-09-30,2024-09-30,NMTP,8.76
2024-09-30,2024-09-30,NNSB,4980
2024-09-30,2024-09-30,NNSBP,1410
2024-09-30,2024-09-30,NSVZ,355
2024-09-30,2024-09-30,NVTK,1004.2
2024-09-30,2024-09-30,OGKB,0.3555
2024-09-30,2024-09-30,OKEY,25
2024-09-30,2024-09-30,OMZZP,15660
2024-09-30,2024-09-30,OZON,3298
2024-09-30,2024-09-30,PHOR,5349
2024-09-30,2024-09-30,PIKK,648.2
2024-09-30,2024-09-30,PLZL,13189.5
2024-09-30,2024-09-30,PMSB,244.6
2024-09-30,2024-09-30,PMSBP,292.2
2024-09-30,2024-09-30,POLY,270
2024-09-30,2024-09-30,POSI,2634.4
2024-09-30,2024-09-30,PRFN,5.842
2024-09-30,2024-09-30,PRMB,30000
2024-09-30,2024-09-30,PRMD,382.5
2024-09-30,2024-09-30,QIWI,186.2
2024-09-30,2024-09-30,RASP,295.1
2024-09-30,2024-09-30,RDRB,156
2024-09-30,2024-09-30,RENI,98
2024-09-30,2024-09-30,RGSS,0.2652
2024-09-30,2024-09-30,RKKE,19720
2024-09-30,2024-09-30,RNFT,161
2024-09-30,2024-09-30,ROLO,0.7364
2024-09-30,2024-09-30,ROSB,124.4
2024-09-30,2024-09-30,ROSN,507.4
2024-09-30,2024-09-30,ROST,131.4
2024-09-30,2024-09-30,RTGZ,35000
2024-09-30,2024-09-30,RTKM,75.83
2024-09-30,2024-09-30,RTKMP,69.9
2024-09-30,2024-09-30,RTSB,3.015
2024-09-30,2024-09-30,RTSBP,2.092
2024-09-30,2024-09-30,RUAL,34.14
2024-09-30,2024-09-30,RUSI,86.7
2024-09-30,2024-09-30,RZSB,32.62
2024-09-30,2024-09-30,SAGO,2.985
2024-09-30,2024-09-30,SAGOP,3.025
2024-09-30,2024-09-30,SARE,0.518
2024-09-30,2024-09-30,SAREP,0.279
2024-09-30,2024-09-30,SBER,268.49
2024-09-30,2024-09-30,SBERP,268.18
2024-09-30,2024-09-30,SELG,57.75
2024-09-30,2024-09-30,SFIN,1302.8
2024-09-30,2024-09-30,SGZH,1.535
2024-09-30,2024-09-30,SIBN,701.9
2024-09-30,2024-09-30,SLEN,3.9
2024-09-30,2024-09-30,SMLT,1909
2024-09-30,2024-09-30,SNGS,24.835
2024-09-30,2024-09-30,SNGSP,54.66
2024-09-30,2024-09-30,SOFL,139.12
2024-09-30,2024-09-30,SPBE,126.2
2024-09-30,2024-09-30,STSB,2.925
2024-09-30,2024-09-30,STSBP,3.016
2024-09-30,2024-09-30,SVAV,822
2024-09-30,2024-09-30,SVCB,13.99
2024-09-30,2024-09-30,SVET,21.1
2024-09-30,2024-09-30,SVETP,30.65
2024-09-30,2024-09-30,TASB,1.586
2024-09-30,2024-09-30,TASBP,0.862
2024-09-30,2024-09-30,TATN,641.4
2024-09-30,2024-09-30,TATNP,639.6
2024-09-30,2024-09-30,TCSG,2623.5
2024-09-30,2024-09-30,TGKA,0.00748
2024-09-30,2024-09-30,TGKB,0.00879
2024-09-30,2024-09-30,TGKBP,0.01538
2024-09-30,2024-09-30,TGKN,0.01187
2024-09-30,2024-09-30,TNSE,2455
2024-09-30,2024-09-30,TORS,0.728
2024-09-30,2024-09-30,TORSP,0.441
2024-09-30,2024-09-30,TRMK,117.8
2024-09-30,2024-09-30,TRNFP,1379
2024-09-30,2024-09-30,TTLK,0.7315
2024-09-30,2024-09-30,TUZA,259
2024-09-30,2024-09-30,UGLD,0.7488
2024-09-30,2024-09-30,UKUZ,1232
2024-09-30,2024-09-30,UNAC,0.763
2024-09-30,2024-09-30,UNKL,5300
2024-09-30,2024-09-30,UPRO,1.711
2024-09-30,2024-09-30,URKZ,26400
2024-09-30,2024-09-30,USBN,0.1671
2024-09-30,2024-09-30,UTAR,13.55
2024-09-30,2024-09-30,VEON-RX,27.75
2024-09-30,2024-09-30,VGSB,13.32
2024-09-30,2024-09-30,VGSBP,10.12
2024-09-30,2024-09-30,VJGZ,2645
2024-09-30,2024-09-30,VJGZP,1945
2024-09-30,2024-09-30,VKCO,349.8
2024-09-30,2024-09-30,VLHZ,218.4
2024-09-30,2024-09-30,VRSB,505.5
2024-09-30,2024-09-30,VRSBP,156.6
2024-09-30,2024-09-30,VSEH,128.95
2024-09-30,2024-09-30,VSMO,26920
2024-09-30,2024-09-30,VSYD,14150
2024-09-30,2024-09-30,VSYDP,10220
2024-09-30,2024-09-30,VTBR,89.03
2024-09-30,2024-09-30,WTCM,13.9
2024-09-30,2024-09-30,WTCMP,9.46
2024-09-30,2024-09-30,WUSH,204.1
2024-09-30,2024-09-30,YAKG,68.5
2024-09-30,2024-09-30,YDEX,4007.5
2024-09-30,2024-09-30,YKEN,0.529
2024-09-30,2024-09-30,YKENP,0.464
2024-09-30,2024-09-30,YRSB,860
2024-09-30,2024-09-30,YRSBP,198
2024-09-30,2024-09-30,ZAYM,179.9
2024-09-30,2024-09-30,ZILL,3180
2024-09-30,2024-09-30,ZVEZ,8.54
2024-10-31,2024-10-31,ABIO,80.76
2024-10-31,2024-10-31,ABRD,186.6
2024-10-31,2024-10-31,ACKO,3.58
2024-10-31,2024-10-31,AFKS,12.569
2024-10-31,2024-10-31,AFLT,54.22
2024-10-31,2024-10-31,AGRO,1135.2
2024-10-31,2024-10-31,AKRN,17000
2024-10-31,2024-10-31,ALRS,47.24
2024-10-31,2024-10-31,AMEZ,77.58
2024-10-31,2024-10-31,APRI,10.076
2024-10-31,2024-10-31,APTK,10.172
2024-10-31,2024-10-31,AQUA,568.5
2024-10-31,2024-10-31,ARSA,11.67
2024-10-31,2024-10-31,ASSB,1.83
2024-10-31,2024-10-31,ASTR,499.1
2024-10-31,2024-10-31,AVAN,830
2024-10-31,2024-10-31,BANE,2220.5
2024-10-31,2024-10-31,BANEP,1200
2024-10-31,2024-10-31,BELU,606
2024-10-31,2024-10-31,BISVP,9.1
2024-10-31,2024-10-31,BRZL,1918
2024-10-31,2024-10-31,BSPB,335.18
2024-10-31,2024-10-31,BSPBP,59.2
2024-10-31,2024-10-31,CARM,1.74
2024-10-31,2024-10-31,CBOM,5.843
2024-10-31,2024-10-31,CHGZ,86.6
2024-10-31,2024-10-31,CHKZ,22600
2024-10-31,2024-10-31,CHMF,1085.6
2024-10-31,2024-10-31,CHMK,5435
2024-10-31,2024-10-31,CIAN,547
2024-10-31,2024-10-31,CNTL,10.32
2024-10-31,2024-10-31,CNTLP,7.6
2024-10-31,2024-10-31,DATA,124.74
2024-10-31,2024-10-31,DELI,195.25
2024-10-31,2024-10-31,DIAS,4536.5
2024-10-31,2024-10-31,DIOD,10.91
2024-10-31,2024-10-31,DVEC,2.403
2024-10-31,2024-10-31,DZRD,3815
2024-10-31,2024-10-31,DZRDP,2530
2024-10-31,2024-10-31,EELT,12.16
2024-10-31,2024-10-31,ELFV,0.545
2024-10-31,2024-10-31,ELMT,0.16402
2024-10-31,2024-10-31,ENPG,308.95
2024-10-31,2024-10-31,ETLN,59.26
2024-10-31,2024-10-31,EUTR,108.25
2024-10-31,2024-10-31,FEES,0.07334
2024-10-31,2024-10-31,FESH,43.28
2024-10-31,2024-10-31,FIVE,2792.5
2024-10-31,2024-10-31,FIXP,167
2024-10-31,2024-10-31,FLOT,90.62
2024-10-31,2024-10-31,GAZC,659
2024-10-31,2024-10-31,GAZP,123.44
2024-10-31,2024-10-31,GAZS,839
2024-10-31,2024-10-31,GAZT,1739
2024-10-31,2024-10-31,GCHE,4180
2024-10-31,2024-10-31,GECO,29.09
2024-10-31,2024-10-31,GEMA,136.1
2024-10-31,2024-10-31,GEMC,666
2024-10-31,2024-10-31,GLTR,519.25
2024-10-31,2024-10-31,GMKN,99
2024-10-31,2024-10-31,HEAD,4190
2024-10-31,2024-10-31,HIMCP,19.94
2024-10-31,2024-10-31,HNFG,560.6
2024-10-31,2024-10-31,HYDR,0.5021
2024-10-31,2024-10-31,IGST,6240
2024-10-31,2024-10-31,IGSTP,4560
2024-10-31,2024-10-31,INGR,1533
2024-10-31,2024-10-31,IRAO,3.7805
2024-10-31,2024-10-31,IRKT,28.4
2024-10-31,2024-10-31,IVAT,199.8
2024-10-31,2024-10-31,JNOS,17.9
2024-10-31,2024-10-31,JNOSP,11.68
2024-10-31,2024-10-31,KAZT,429.4
2024-10-31,2024-10-31,KAZTP,456.5
2024-10-31,2024-10-31,KBSB,397.5
2024-10-31,2024-10-31,KCHE,0.522
2024-10-31,2024-10-31,KCHEP,0.835
2024-10-31,2024-10-31,KGKC,44.4
2024-10-31,2024-10-31,KGKCP,51.6
2024-10-31,2024-10-31,KLSB,21.81
2024-10-31,2024-10-31,KLVZ,4.18
2024-10-31,2024-10-31,KMAZ,109.3
2024-10-31,2024-10-31,KMEZ,1130
2024-10-31,2024-10-31,KOGK,38600
2024-10-31,2024-10-31,KRKN,9200
2024-10-31,2024-10-31,KRKNP,8520
2024-10-31,2024-10-31,KRKOP,13.3
2024-10-31,2024-10-31,KROT,1794
2024-10-31,2024-10-31,KROTP,477
2024-10-31,2024-10-31,KRSB,12
2024-10-31,2024-10-31,KRSBP,11.64
2024-10-31,2024-10-31,KUBE,125
2024-10-31,2024-10-31,KUZB,0.0344
2024-10-31,2024-10-31,KZOS,76
2024-10-31,2024-10-31,KZOSP,19.09
2024-10-31,2024-10-31,LEAS,588.2
2024-10-31,2024-10-31,LENT,992
2024-10-31,2024-10-31,LKOH,6794.5
2024-10-31,2024-10-31,LMBZ,424.9
2024-10-31,2024-10-31,LNZL,11580
2024-10-31,2024-10-31,LNZLP,1820
2024-10-31,2024-10-31,LSNG,12.56
2024-10-31,2024-10-31,LSNGP,191.7
2024-10-31,2024-10-31,LSRG,702.2
2024-10-31,2024-10-31,LVHK,34.75
2024-10-31,2024-10-31,MAGE,3.35
2024-10-31,2024-10-31,MAGEP,2.47
2024-10-31,2024-10-31,MAGN,35.66
2024-10-31,2024-10-31,MBNK,1385
2024-10-31,2024-10-31,MDMG,853.6
2024-10-31,2024-10-31,MFGS,379
2024-10-31,2024-10-31,MFGSP,249
2024-10-31,2024-10-31,MGKL,2.1105
2024-10-31,2024-10-31,MGNT,4486
2024-10-31,2024-10-31,MGNZ,7440
2024-10-31,2024-10-31,MGTS,1220
2024-10-31,2024-10-31,MGTSP,910
2024-10-31,2024-10-31,MISB,47.9
2024-10-31,2024-10-31,MISBP,46.9
2024-10-31,2024-10-31,MOEX,187.66
2024-10-31,2024-10-31,MRKC,0.4032
2024-10-31,2024-10-31,MRKK,16.3
2024-10-31,2024-10-31,MRKP,0.312
2024-10-31,2024-10-31,MRKS,0.5315
2024-10-31,2024-10-31,MRKU,0.3656
2024-10-31,2024-10-31,MRKV,0.0592
2024-10-31,2024-10-31,MRKY,0.0574
2024-10-31,2024-10-31,MRKZ,0.0548
2024-10-31,2024-10-31,MRSB,0.834
2024-10-31,2024-10-31,MSNG,2.1645
2024-10-31,2024-10-31,MSRS,1.1155
2024-10-31,2024-10-31,MSTT,163.05
2024-10-31,2024-10-31,MTLR,98.2
2024-10-31,2024-10-31,MTLRP,99.6
2024-10-31,2024-10-31,MTSS,182.35
2024-10-31,2024-10-31,MVID,93.5
2024-10-31,2024-10-31,NAUK,411.5
2024-10-31,2024-10-31,NFAZ,283
2024-10-31,2024-10-31,NKHP,690
2024-10-31,2024-10-31,NKNC,82.5
2024-10-31,2024-10-31,NKNCP,65.94
2024-10-31,2024-10-31,NKSH,51.4
2024-10-31,2024-10-31,NLMK,118.08
2024-10-31,2024-10-31,NMTP,8.165
2024-10-31,2024-10-31,NNSB,3990
2024-10-31,2024-10-31,NNSBP,1262
2024-10-31,2024-10-31,NSVZ,312.5
2024-10-31,2024-10-31,NVTK,843.8
2024-10-31,2024-10-31,OGKB,0.3328
2024-10-31,2024-10-31,OKEY,23.51
2024-10-31,2024-10-31,OMZZP,12440
2024-10-31,2024-10-31,OZON,2659.5
2024-10-31,2024-10-31,OZPH,29.7
2024-10-31,2024-10-31,PHOR,4915
2024-10-31,2024-10-31,PIKK,492.9
2024-10-31,2024-10-31,PLZL,14715.5
2024-10-31,2024-10-31,PMSB,233.5
2024-10-31,2024-10-31,PMSBP,255.8
2024-10-31,2024-10-31,POSI,2286.4
2024-10-31,2024-10-31,PRFN,4.816
2024-10-31,2024-10-31,PRMB,28400
2024-10-31,2024-10-31,PRMD,343.7
2024-10-31,2024-10-31,QIWI,213.6
2024-10-31,2024-10-31,RASP,260.65
2024-10-31,2024-10-31,RDRB,142.5
2024-10-31,2024-10-31,RENI,97
2024-10-31,2024-10-31,RGSS,0.2176
2024-10-31,2024-10-31,RKKE,17560
2024-10-31,2024-10-31,RNFT,135.8
2024-10-31,2024-10-31,ROLO,0.6194
2024-10-31,2024-10-31,ROSB,126.6
2024-10-31,2024-10-31,ROSN,434.1
2024-10-31,2024-10-31,ROST,133.2
2024-10-31,2024-10-31,RTGZ,43200
2024-10-31,2024-10-31,RTKM,59.26
2024-10-31,2024-10-31,RTKMP,56.5
2024-10-31,2024-10-31,RTSB,2.485
2024-10-31,2024-10-31,RTSBP,1.384
2024-10-31,2024-10-31,RUAL,34.94
2024-10-31,2024-10-31,RUSI,71.5
2024-10-31,2024-10-31,RZSB,27.04
2024-10-31,2024-10-31,SAGO,2.715
2024-10-31,2024-10-31,SAGOP,2.615
2024-10-31,2024-10-31,SARE,0.408
2024-10-31,2024-10-31,SAREP,0.2325
2024-10-31,2024-10-31,SBER,237.9
2024-10-31,2024-10-31,SBERP,238.12
2024-10-31,2024-10-31,SELG,45.4
2024-10-31,2024-10-31,SFIN,1281.8
2024-10-31,2024-10-31,SGZH,1.616
2024-10-31,2024-10-31,SIBN,559.6
2024-10-31,2024-10-31,SLEN,3.43
2024-10-31,2024-10-31,SMLT,1336
2024-10-31,2024-10-31,SNGS,22.575
2024-10-31,2024-10-31,SNGSP,55.03
2024-10-31,2024-10-31,SOFL,120.04
2024-10-31,2024-10-31,SPBE,112.3
2024-10-31,2024-10-31,STSB,3.09
2024-10-31,2024-10-31,STSBP,3.21
2024-10-31,2024-10-31,SVAV,716
2024-10-31,2024-10-31,SVCB,12.31
2024-10-31,2024-10-31,SVET,17.1
2024-10-31,2024-10-31,SVETP,20.75
2024-10-31,2024-10-31,TASB,1.392
2024-10-31,2024-10-31,TASBP,0.746
2024-10-31,2024-10-31,TATN,536
2024-10-31,2024-10-31,TATNP,535.6
2024-10-31,2024-10-31,TCSG,2327.5
2024-10-31,2024-10-31,TGKA,0.006666
2024-10-31,2024-10-31,TGKB,0.006895
2024-10-31,2024-10-31,TGKBP,0.01227
2024-10-31,2024-10-31,TGKN,0.0076
2024-10-31,2024-10-31,TNSE,2140
2024-10-31,2024-10-31,TORS,0.632
2024-10-31,2024-10-31,TORSP,0.413
2024-10-31,2024-10-31,TRMK,101.5
2024-10-31,2024-10-31,TRNFP,1242.5
2024-10-31,2024-10-31,TTLK,0.632
2024-10-31,2024-10-31,TUZA,232
2024-10-31,2024-10-31,UGLD,0.6365
2024-10-31,2024-10-31,UKUZ,1200
2024-10-31,2024-10-31,UNAC,0.667
2024-10-31,2024-10-31,UNKL,6140
2024-10-31,2024-10-31,UPRO,1.583
2024-10-31,2024-10-31,URKZ,26500
2024-10-31,2024-10-31,USBN,0.1541
2024-10-31,2024-10-31,UTAR,12.58
2024-10-31,2024-10-31,VEON-RX,25.55
2024-10-31,2024-10-31,VGSB,11.6
2024-10-31,2024-10-31,VGSBP,9.24
2024-10-31,2024-10-31,VJGZ,2110
2024-10-31,2024-10-31,VJGZP,1635
2024-10-31,2024-10-31,VKCO,288
2024-10-31,2024-10-31,VLHZ,150.2
2024-10-31,2024-10-31,VRSB,438
2024-10-31,2024-10-31,VRSBP,130.2
2024-10-31,2024-10-31,VSEH,99.7
2024-10-31,2024-10-31,VSMO,22920
2024-10-31,2024-10-31,VSYD,12800
2024-10-31,2024-10-31,VSYDP,9220
2024-10-31,2024-10-31,VTBR,75.25
2024-10-31,2024-10-31,WTCM,13.54
2024-10-31,2024-10-31,WTCMP,8.96
2024-10-31,2024-10-31,WUSH,161.74
2024-10-31,2024-10-31,YAKG,59.1
2024-10-31,2024-10-31,YDEX,3666.5
2024-10-31,2024-10-31,YKEN,0.464
2024-10-31,2024-10-31,YKENP,0.432
2024-10-31,2024-10-31,YRSB,764
2024-10-31,2024-10-31,YRSBP,177.5
2024-10-31,2024-10-31,ZAYM,143.8
2024-10-31,2024-10-31,ZILL,3040
2024-10-31,2024-10-31,ZVEZ,7.8
2024-11-29,2024-11-29,ABIO,77.6
2024-11-29,2024-11-29,ABRD,166.2
2024-11-29,2024-11-29,ACKO,3.58
2024-11-29,2024-11-29,AFKS,12.597
2024-11-29,2024-11-29,AFLT,52.15
2024-11-29,2024-11-29,AGRO,1107.8
2024-11-29,2024-11-29,AKRN,17048
2024-11-29,2024-11-29,ALRS,49.54
2024-11-29,2024-11-29,AMEZ,67.35
2024-11-29,2024-11-29,APRI,10.07
2024-11-29,2024-11-29,APTK,10.4
2024-11-29,2024-11-29,AQUA,608.5
2024-11-29,2024-11-29,ARSA,10.63
2024-11-29,2024-11-29,ASSB,1.505
2024-11-29,2024-11-29,ASTR,448.4
2024-11-29,2024-11-29,AVAN,784
2024-11-29,2024-11-29,BANE,2054.5
2024-11-29,2024-11-29,BANEP,1157.5
2024-11-29,2024-11-29,BELU,592
2024-11-29,2024-11-29,BISVP,8.61
2024-11-29,2024-11-29,BRZL,1740
2024-11-29,2024-11-29,BSPB,318.31
2024-11-29,2024-11-29,BSPBP,50.45
2024-11-29,2024-11-29,CARM,1.5765
2024-11-29,2024-11-29,CBOM,7.59
2024-11-29,2024-11-29,CHGZ,83.6
2024-11-29,2024-11-29,CHKZ,17250
2024-11-29,2024-11-29,CHMF,1123.2
2024-11-29,2024-11-29,CHMK,5010
2024-11-29,2024-11-29,CIAN,528.8
2024-11-29,2024-11-29,CNTL,10.66
2024-11-29,2024-11-29,CNTLP,6.82
2024-11-29,2024-11-29,DATA,115.5
2024-11-29,2024-11-29,DELI,181.55
2024-11-29,2024-11-29,DIAS,3600
2024-11-29,2024-11-29,DIOD,9.42
2024-11-29,2024-11-29,DVEC,2.11
2024-11-29,2024-11-29,DZRD,3995
2024-11-29,2024-11-29,DZRDP,2840
2024-11-29,2024-11-29,EELT,12.12
2024-11-29,2024-11-29,ELFV,0.4768
2024-11-29,2024-11-29,ELMT,0.14385
2024-11-29,2024-11-29,ENPG,291.15
2024-11-29,2024-11-29,ETLN,52
2024-11-29,2024-11-29,EUTR,96.75
2024-11-29,2024-11-29,FEES,0.07108
2024-11-29,2024-11-29,FESH,44.83
2024-11-29,2024-11-29,FIXP,176
2024-11-29,2024-11-29,FLOT,86.59
2024-11-29,2024-11-29,GAZC,659
2024-11-29,2024-11-29,GAZP,124.29
2024-11-29,2024-11-29,GAZS,839
2024-11-29,2024-11-29,GAZT,1739
2024-11-29,2024-11-29,GCHE,3856
2024-11-29,2024-11-29,GECO,26.47
2024-11-29,2024-11-29,GEMA,128.4
2024-11-29,2024-11-29,GEMC,709.5
2024-11-29,2024-11-29,GMKN,112.96
2024-11-29,2024-11-29,GTRK,222.6
2024-11-29,2024-11-29,HEAD,4159
2024-11-29,2024-11-29,HIMCP,18.6
2024-11-29,2024-11-29,HNFG,537.1
2024-11-29,2024-11-29,HYDR,0.4856
2024-11-29,2024-11-29,IGST,6000
2024-11-29,2024-11-29,IGSTP,4270
2024-11-29,2024-11-29,INGR,1670
2024-11-29,2024-11-29,IRAO,3.821
2024-11-29,2024-11-29,IRKT,24.8
2024-11-29,2024-11-29,IVAT,194.6
2024-11-29,2024-11-29,JNOS,17.7
2024-11-29,2024-11-29,JNOSP,10.86
2024-11-29,2024-11-29,KAZT,425.4
2024-11-29,2024-11-29,KAZTP,430.5
2024-11-29,2024-11-29,KBSB,370
2024-11-29,2024-11-29,KCHE,0.502
2024-11-29,2024-11-29,KCHEP,0.765
2024-11-29,2024-11-29,KGKC,44.8
2024-11-29,2024-11-29,KGKCP,48.2
2024-11-29,2024-11-29,KLSB,18.9
2024-11-29,2024-11-29,KLVZ,4.11
2024-11-29,2024-11-29,KMAZ,104.1
2024-11-29,2024-11-29,KMEZ,1092
2024-11-29,2024-11-29,KOGK,35800
2024-11-29,2024-11-29,KRKN,8950
2024-11-29,2024-11-29,KRKNP,7680
2024-11-29,2024-11-29,KRKOP,12.06
2024-11-29,2024-11-29,KROT,1400
2024-11-29,2024-11-29,KROTP,415
2024-11-29,2024-11-29,KRSB,13
2024-11-29,2024-11-29,KRSBP,13.06
2024-11-29,2024-11-29,KUBE,153.4
2024-11-29,2024-11-29,KUZB,0.03005
2024-11-29,2024-11-29,KZOS,71.6
2024-11-29,2024-11-29,KZOSP,19.64
2024-11-29,2024-11-29,LEAS,616.1
2024-11-29,2024-11-29,LENT,1010
2024-11-29,2024-11-29,LKOH,6860.5
2024-11-29,2024-11-29,LMBZ,427.9
2024-11-29,2024-11-29,LNZL,11940
2024-11-29,2024-11-29,LNZLP,1650
2024-11-29,2024-11-29,LSNG,11.78
2024-11-29,2024-11-29,LSNGP,187.85
2024-11-29,2024-11-29,LSRG,729
2024-11-29,2024-11-29,LVHK,28.35
2024-11-29,2024-11-29,MAGE,2.95
2024-11-29,2024-11-29,MAGEP,2.13
2024-11-29,2024-11-29,MAGN,32.98
2024-11-29,2024-11-29,MBNK,1232
2024-11-29,2024-11-29,MDMG,853.9
2024-11-29,2024-11-29,MFGS,348.5
2024-11-29,2024-11-29,MFGSP,235.5
2024-11-29,2024-11-29,MGKL,1.937
2024-11-29,2024-11-29,MGNT,4529.5
2024-11-29,2024-11-29,MGNZ,7440
2024-11-29,2024-11-29,MGTS,1035
2024-11-29,2024-11-29,MGTSP,826
2024-11-29,2024-11-29,MISB,43.1
2024-11-29,2024-11-29,MISBP,42.9
2024-11-29,2024-11-29,MOEX,184.88
2024-11-29,2024-11-29,MRKC,0.446
2024-11-29,2024-11-29,MRKK,16.1
2024-11-29,2024-11-29,MRKP,0.3307
2024-11-29,2024-11-29,MRKS,0.449
2024-11-29,2024-11-29,MRKU,0.3018
2024-11-29,2024-11-29,MRKV,0.0607
2024-11-29,2024-11-29,MRKY,0.05015
2024-11-29,2024-11-29,MRKZ,0.047
2024-11-29,2024-11-29,MRSB,0.846
2024-11-29,2024-11-29,MSNG,2.1025
2024-11-29,2024-11-29,MSRS,1.082
2024-11-29,2024-11-29,MSTT,129.6
2024-11-29,2024-11-29,MTLR,85.45
2024-11-29,2024-11-29,MTLRP,87.5
2024-11-29,2024-11-29,MTSS,181.65
2024-11-29,2024-11-29,MVID,86.7
2024-11-29,2024-11-29,NAUK,405.5
2024-11-29,2024-11-29,NFAZ,265
2024-11-29,2024-11-29,NKHP,600
2024-11-29,2024-11-29,NKNC,79.8
2024-11-29,2024-11-29,NKNCP,66.1
2024-11-29,2024-11-29,NKSH,43.2
2024-11-29,2024-11-29,NLMK,124.56
2024-11-29,2024-11-29,NMTP,8.11
2024-11-29,2024-11-29,NNSB,3290
2024-11-29,2024-11-29,NNSBP,1174
2024-11-29,2024-11-29,NSVZ,283
2024-11-29,2024-11-29,NVTK,835.6
2024-11-29,2024-11-29,OGKB,0.2945
2024-11-29,2024-11-29,OKEY,23.03
2024-11-29,2024-11-29,OMZZP,9900
2024-11-29,2024-11-29,OZON,2934
2024-11-29,2024-11-29,OZPH,27.4
2024-11-29,2024-11-29,PHOR,5584
2024-11-29,2024-11-29,PIKK,419.4
2024-11-29,2024-11-29,PLZL,14124.5
2024-11-29,2024-11-29,PMSB,248.4
2024-11-29,2024-11-29,PMSBP,252.8
2024-11-29,2024-11-29,POSI,1880.4
2024-11-29,2024-11-29,PRFN,4.14
2024-11-29,2024-11-29,PRMB,26400
2024-11-29,2024-11-29,PRMD,308.3
2024-11-29,2024-11-29,QIWI,184.4
2024-11-29,2024-11-29,RASP,270.35
2024-11-29,2024-11-29,RDRB,124
2024-11-29,2024-11-29,RENI,99.2
2024-11-29,2024-11-29,RGSS,0.1984
2024-11-29,2024-11-29,RKKE,15610
2024-11-29,2024-11-29,RNFT,107.15
2024-11-29,2024-11-29,ROLO,0.5452
2024-11-29,2024-11-29,ROSB,122.4
2024-11-29,2024-11-29,ROSN,478
2024-11-29,2024-11-29,ROST,120
2024-11-29,2024-11-29,RTGZ,42900
2024-11-29,2024-11-29,RTKM,54.36
2024-11-29,2024-11-29,RTKMP,50.25
2024-11-29,2024-11-29,RTSB,2.14
2024-11-29,2024-11-29,RTSBP,1.262
2024-11-29,2024-11-29,RUAL,34.665
2024-11-29,2024-11-29,RUSI,61.8
2024-11-29,2024-11-29,RZSB,27.76
2024-11-29,2024-11-29,SAGO,2.825
2024-11-29,2024-11-29,SAGOP,2.915
2024-11-29,2024-11-29,SARE,0.345
2024-11-29,2024-11-29,SAREP,0.205
2024-11-29,2024-11-29,SBER,236.49
2024-11-29,2024-11-29,SBERP,236.23
2024-11-29,2024-11-29,SELG,37.12
2024-11-29,2024-11-29,SFIN,1342.4
2024-11-29,2024-11-29,SGZH,1.479
2024-11-29,2024-11-29,SIBN,556.2
2024-11-29,2024-11-29,SLEN,3.23
2024-11-29,2024-11-29,SMLT,1017
2024-11-29,2024-11-29,SNGS,23.965
2024-11-29,2024-11-29,SNGSP,57.165
2024-11-29,2024-11-29,SOFL,111.1
2024-11-29,2024-11-29,SPBE,114.8
2024-11-29,2024-11-29,STSB,3.035
2024-11-29,2024-11-29,STSBP,3.45
2024-11-29,2024-11-29,SVAV,682.5
2024-11-29,2024-11-29,SVCB,12.755
2024-11-29,2024-11-29,SVET,17.05
2024-11-29,2024-11-29,SVETP,18.4
2024-11-29,2024-11-29,T,2387.8
2024-11-29,2024-11-29,TASB,1.16
2024-11-29,2024-11-29,TASBP,0.668
2024-11-29,2024-11-29,TATN,544.9
2024-11-29,2024-11-29,TATNP,542.7
2024-11-29,2024-11-29,TGKA,0.006198
2024-11-29,2024-11-29,TGKB,0.0059
2024-11-29,2024-11-29,TGKBP,0.0104
2024-11-29,2024-11-29,TGKN,0.0075
2024-11-29,2024-11-29,TNSE,2050
2024-11-29,2024-11-29,TORS,0.54
2024-11-29,2024-11-29,TORSP,0.426
2024-11-29,2024-11-29,TRMK,100.3
2024-11-29,2024-11-29,TRNFP,1016
2024-11-29,2024-11-29,TTLK,0.612
2024-11-29,2024-11-29,TUZA,196
2024-11-29,2024-11-29,UGLD,0.6552
2024-11-29,2024-11-29,UKUZ,1040
2024-11-29,2024-11-29,UNAC,0.619
2024-11-29,2024-11-29,UNKL,5210
2024-11-29,2024-11-29,UPRO,1.663
2024-11-29,2024-11-29,URKZ,25400
2024-11-29,2024-11-29,USBN,0.1583
2024-11-29,2024-11-29,UTAR,14.19
2024-11-29,2024-11-29,VEON-RX,26.75
2024-11-29,2024-11-29,VGSB,10.04
2024-11-29,2024-11-29,VGSBP,8.56
2024-11-29,2024-11-29,VJGZ,2150
2024-11-29,2024-11-29,VJGZP,1570
2024-11-29,2024-11-29,VKCO,275.2
2024-11-29,2024-11-29,VLHZ,173
2024-11-29,2024-11-29,VRSB,362.5
2024-11-29,2024-11-29,VRSBP,133
2024-11-29,2024-11-29,VSEH,85.7
2024-11-29,2024-11-29,VSMO,22560
2024-11-29,2024-11-29,VSYD,10850
2024-11-29,2024-11-29,VSYDP,7800
2024-11-29,2024-11-29,VTBR,69.5
2024-11-29,2024-11-29,WTCM,12.56
2024-11-29,2024-11-29,WTCMP,9.5
2024-11-29,2024-11-29,WUSH,140.34
2024-11-29,2024-11-29,YAKG,53.4
2024-11-29,2024-11-29,YDEX,3320
2024-11-29,2024-11-29,YKEN,0.438
2024-11-29,2024-11-29,YKENP,0.42
2024-11-29,2024-11-29,YRSB,648
2024-11-29,2024-11-29,YRSBP,168
2024-11-29,2024-11-29,ZAYM,133.7
2024-11-29,2024-11-29,ZILL,2990
2024-11-29,2024-11-29,ZVEZ,6.85
2024-11-30,2024-11-29,ABIO,77.6
2024-11-30,2024-11-29,ABRD,166.2
2024-11-30,2024-11-29,ACKO,3.58
2024-11-30,2024-11-29,AFKS,12.597
2024-11-30,2024-11-29,AFLT,52.15
2024-11-30,2024-11-29,AGRO,1107.8
2024-11-30,2024-11-29,AKRN,17048
2024-11-30,2024-11-29,ALRS,49.54
2024-11-30,2024-11-29,AMEZ,67.35
2024-11-30,2024-11-29,APRI,10.07
2024-11-30,2024-11-29,APTK,10.4
2024-11-30,2024-11-29,AQUA,608.5
2024-11-30,2024-11-29,ARSA,10.63
2024-11-30,2024-11-29,ASSB,1.505
2024-11-30,2024-11-29,ASTR,448.4
2024-11-30,2024-11-29,AVAN,784
2024-11-30,2024-11-29,BANE,2054.5
2024-11-30,2024-11-29,BANEP,1157.5
2024-11-30,2024-11-29,BELU,592
2024-11-30,2024-11-29,BISVP,8.61
2024-11-30,2024-11-29,BRZL,1740
2024-11-30,2024-11-29,BSPB,318.31
2024-11-30,2024-11-29,BSPBP,50.45
2024-11-30,2024-11-29,CARM,1.5765
2024-11-30,2024-11-29,CBOM,7.59
2024-11-30,2024-11-29,CHGZ,83.6
2024-11-30,2024-11-29,CHKZ,17250
2024-11-30,2024-11-29,CHMF,1123.2
2024-11-30,2024-11-29,CHMK,5010
2024-11-30,2024-11-29,CIAN,528.8
2024-11-30,2024-11-29,CNTL,10.66
2024-11-30,2024-11-29,CNTLP,6.82
2024-11-30,2024-11-29,DATA,115.5
2024-11-30,2024-11-29,DELI,181.55
2024-11-30,2024-11-29,DIAS,3600
2024-11-30,2024-11-29,DIOD,9.42
2024-11-30,2024-11-29,DVEC,2.11
2024-11-30,2024-11-29,DZRD,3995
2024-11-30,2024-11-29,DZRDP,2840
2024-11-30,2024-11-29,EELT,12.12
2024-11-30,2024-11-29,ELFV,0.4768
2024-11-30,2024-11-29,ELMT,0.14385
2024-11-30,2024-11-29,ENPG,291.15
2024-11-30,2024-11-29,ETLN,52
2024-11-30,2024-11-29,EUTR,96.75
2024-11-30,2024-11-29,FEES,0.07108
2024-11-30,2024-11-29,FESH,44.83
2024-11-30,2024-11-29,FIXP,176
2024-11-30,2024-11-29,FLOT,86.59
2024-11-30,2024-11-29,GAZC,659
2024-11-30,2024-11-29,GAZP,124.29
2024-11-30,2024-11-29,GAZS,839
2024-11-30,2024-11-29,GAZT,1739
2024-11-30,2024-11-29,GCHE,3856
2024-11-30,2024-11-29,GECO,26.47
2024-11-30,2024-11-29,GEMA,128.4
2024-11-30,2024-11-29,GEMC,709.5
2024-11-30,2024-11-29,GMKN,112.96
2024-11-30,2024-11-29,GTRK,222.6
2024-11-30,2024-11-29,HEAD,4159
2024-11-30,2024-11-29,HIMCP,18.6
2024-11-30,2024-11-29,HNFG,537.1
2024-11-30,2024-11-29,HYDR,0.4856
2024-11-30,2024-11-29,IGST,6000
2024-11-30,2024-11-29,IGSTP,4270
2024-11-30,2024-11-29,INGR,1670
2024-11-30,2024-11-29,IRAO,3.821
2024-11-30,2024-11-29,IRKT,24.8
2024-11-30,2024-11-29,IVAT,194.6
2024-11-30,2024-11-29,JNOS,17.7
2024-11-30,2024-11-29,JNOSP,10.86
2024-11-30,2024-11-29,KAZT,425.4
2024-11-30,2024-11-29,KAZTP,430.5
2024-11-30,2024-11-29,KBSB,370
2024-11-30,2024-11-29,KCHE,0.502
2024-11-30,2024-11-29,KCHEP,0.765
2024-11-30,2024-11-29,KGKC,44.8
2024-11-30,2024-11-29,KGKCP,48.2
2024-11-30,2024-11-29,KLSB,18.9
2024-11-30,2024-11-29,KLVZ,4.11
2024-11-30,2024-11-29,KMAZ,104.1
2024-11-30,2024-11-29,KMEZ,1092
2024-11-30,2024-11-29,KOGK,35800
2024-11-30,2024-11-29,KRKN,8950
2024-11-30,2024-11-29,KRKNP,7680
2024-11-30,2024-11-29,KRKOP,12.06
2024-11-30,2024-11-29,KROT,1400
2024-11-30,2024-11-29,KROTP,415
2024-11-30,2024-11-29,KRSB,13
2024-11-30,2024-11-29,KRSBP,13.06
2024-11-30,2024-11-29,KUBE,153.4
2024-11-30,2024-11-29,KUZB,0.03005
2024-11-30,2024-11-29,KZOS,71.6
2024-11-30,2024-11-29,KZOSP,19.64
2024-11-30,2024-11-29,LEAS,616.1
2024-11-30,2024-11-29,LENT,1010
2024-11-30,2024-11-29,LKOH,6860.5
2024-11-30,2024-11-29,LMBZ,427.9
2024-11-30,2024-11-29,LNZL,11940
2024-11-30,2024-11-29,LNZLP,1650
2024-11-30,2024-11-29,LSNG,11.78
2024-11-30,2024-11-29,LSNGP,187.85
2024-11-30,2024-11-29,LSRG,729
2024-11-30,2024-11-29,LVHK,28.35
2024-11-30,2024-11-29,MAGE,2.95
2024-11-30,2024-11-29,MAGEP,2.13
2024-11-30,2024-11-29,MAGN,32.98
2024-11-30,2024-11-29,MBNK,1232
2024-11-30,2024-11-29,MDMG,853.9
2024-11-30,2024-11-29,MFGS,348.5
2024-11-30,2024-11-29,MFGSP,235.5
2024-11-30,2024-11-29,MGKL,1.937
2024-11-30,2024-11-29,MGNT,4529.5
2024-11-30,2024-11-29,MGNZ,7440
2024-11-30,2024-11-29,MGTS,1035
2024-11-30,2024-11-29,MGTSP,826
2024-11-30,2024-11-29,MISB,43.1
2024-11-30,2024-11-29,MISBP,42.9
2024-11-30,2024-11-29,MOEX,184.88
2024-11-30,2024-11-29,MRKC,0.446
2024-11-30,2024-11-29,MRKK,16.1
2024-11-30,2024-11-29,MRKP,0.3307
2024-11-30,2024-11-29,MRKS,0.449
2024-11-30,2024-11-29,MRKU,0.3018
2024-11-30,2024-11-29,MRKV,0.0607
2024-11-30,2024-11-29,MRKY,0.05015
2024-11-30,2024-11-29,MRKZ,0.047
2024-11-30,2024-11-29,MRSB,0.846
2024-11-30,2024-11-29,MSNG,2.1025
2024-11-30,2024-11-29,MSRS,1.082
2024-11-30,2024-11-29,MSTT,129.6
2024-11-30,2024-11-29,MTLR,85.45
2024-11-30,2024-11-29,MTLRP,87.5
2024-11-30,2024-11-29,MTSS,181.65
2024-11-30,2024-11-29,MVID,86.7
2024-11-30,2024-11-29,NAUK,405.5
2024-11-30,2024-11-29,NFAZ,265
2024-11-30,2024-11-29,NKHP,600
2024-11-30,2024-11-29,NKNC,79.8
2024-11-30,2024-11-29,NKNCP,66.1
2024-11-30,2024-11-29,NKSH,43.2
2024-11-30,2024-11-29,NLMK,124.56
2024-11-30,2024-11-29,NMTP,8.11
2024-11-30,2024-11-29,NNSB,3290
2024-11-30,2024-11-29,NNSBP,1174
2024-11-30,2024-11-29,NSVZ,283
2024-11-30,2024-11-29,NVTK,835.6
2024-11-30,2024-11-29,OGKB,0.2945
2024-11-30,2024-11-29,OKEY,23.03
2024-11-30,2024-11-29,OMZZP,9900
2024-11-30,2024-11-29,OZON,2934
2024-11-30,2024-11-29,OZPH,27.4
2024-11-30,2024-11-29,PHOR,5584
2024-11-30,2024-11-29,PIKK,419.4
2024-11-30,2024-11-29,PLZL,14124.5
2024-11-30,2024-11-29,PMSB,248.4
2024-11-30,2024-11-29,PMSBP,252.8
2024-11-30,2024-11-29,POSI,1880.4
2024-11-30,2024-11-29,PRFN,4.14
2024-11-30,2024-11-29,PRMB,26400
2024-11-30,2024-11-29,PRMD,308.3
2024-11-30,2024-11-29,QIWI,184.4
2024-11-30,2024-11-29,RASP,270.35
2024-11-30,2024-11-29,RDRB,124
2024-11-30,2024-11-29,RENI,99.2
2024-11-30,2024-11-29,RGSS,0.1984
2024-11-30,2024-11-29,RKKE,15610
2024-11-30,2024-11-29,RNFT,107.15
2024-11-30,2024-11-29,ROLO,0.5452
2024-11-30,2024-11-29,ROSB,122.4
2024-11-30,2024-11-29,ROSN,478
2024-11-30,2024-11-29,ROST,120
2024-11-30,2024-11-29,RTGZ,42900
2024-11-30,2024-11-29,RTKM,54.36
2024-11-30,2024-11-29,RTKMP,50.25
2024-11-30,2024-11-29,RTSB,2.14
2024-11-30,2024-11-29,RTSBP,1.262
2024-11-30,2024-11-29,RUAL,34.665
2024-11-30,2024-11-29,RUSI,61.8
2024-11-30,2024-11-29,RZSB,27.76
2024-11-30,2024-11-29,SAGO,2.825
2024-11-30,2024-11-29,SAGOP,2.915
2024-11-30,2024-11-29,SARE,0.345
2024-11-30,2024-11-29,SAREP,0.205
2024-11-30,2024-11-29,SBER,236.49
2024-11-30,2024-11-29,SBERP,236.23
2024-11-30,2024-11-29,SELG,37.12
2024-11-30,2024-11-29,SFIN,1342.4
2024-11-30,2024-11-29,SGZH,1.479
2024-11-30,2024-11-29,SIBN,556.2
2024-11-30,2024-11-29,SLEN,3.23
2024-11-30,2024-11-29,SMLT,1017
2024-11-30,2024-11-29,SNGS,23.965
2024-11-30,2024-11-29,SNGSP,57.165
2024-11-30,2024-11-29,SOFL,111.1
2024-11-30,2024-11-29,SPBE,114.8
2024-11-30,2024-11-29,STSB,3.035
2024-11-30,2024-11-29,STSBP,3.45
2024-11-30,2024-11-29,SVAV,682.5
2024-11-30,2024-11-29,SVCB,12.755
2024-11-30,2024-11-29,SVET,17.05
2024-11-30,2024-11-29,SVETP,18.4
2024-11-30,2024-11-29,T,2387.8
2024-11-30,2024-11-29,TASB,1.16
2024-11-30,2024-11-29,TASBP,0.668
2024-11-30,2024-11-29,TATN,544.9
2024-11-30,2024-11-29,TATNP,542.7
2024-11-30,2024-11-29,TGKA,0.006198
2024-11-30,2024-11-29,TGKB,0.0059
2024-11-30,2024-11-29,TGKBP,0.0104
2024-11-30,2024-11-29,TGKN,0.0075
2024-11-30,2024-11-29,TNSE,2050
2024-11-30,2024-11-29,TORS,0.54
2024-11-30,2024-11-29,TORSP,0.426
2024-11-30,2024-11-29,TRMK,100.3
2024-11-30,2024-11-29,TRNFP,1016
2024-11-30,2024-11-29,TTLK,0.612
2024-11-30,2024-11-29,TUZA,196
2024-11-30,2024-11-29,UGLD,0.6552
2024-11-30,2024-11-29,UKUZ,1040
2024-11-30,2024-11-29,UNAC,0.619
2024-11-30,2024-11-29,UNKL,5210
2024-11-30,2024-11-29,UPRO,1.663
2024-11-30,2024-11-29,URKZ,25400
2024-11-30,2024-11-29,USBN,0.1583
2024-11-30,2024-11-29,UTAR,14.19
2024-11-30,2024-11-29,VEON-RX,26.75
2024-11-30,2024-11-29,VGSB,10.04
2024-11-30,2024-11-29,VGSBP,8.56
2024-11-30,2024-11-29,VJGZ,2150
2024-11-30,2024-11-29,VJGZP,1570
2024-11-30,2024-11-29,VKCO,275.2
2024-11-30,2024-11-29,VLHZ,173
2024-11-30,2024-11-29,VRSB,362.5
2024-11-30,2024-11-29,VRSBP,133
2024-11-30,2024-11-29,VSEH,85.7
2024-11-30,2024-11-29,VSMO,22560
2024-11-30,2024-11-29,VSYD,10850
2024-11-30,2024-11-29,VSYDP,7800
2024-11-30,2024-11-29,VTBR,69.5
2024-11-30,2024-11-29,WTCM,12.56
2024-11-30,2024-11-29,WTCMP,9.5
2024-11-30,2024-11-29,WUSH,140.34
2024-11-30,2024-11-29,YAKG,53.4
2024-11-30,2024-11-29,YDEX,3320
2024-11-30,2024-11-29,YKEN,0.438
2024-11-30,2024-11-29,YKENP,0.42
2024-11-30,2024-11-29,YRSB,648
2024-11-30,2024-11-29,YRSBP,168
2024-11-30,2024-11-29,ZAYM,133.7
2024-11-30,2024-11-29,ZILL,2990
2024-11-30,2024-11-29,ZVEZ,6.85
2024-12-28,2024-12-28,ABIO,80.48
2024-12-28,2024-12-28,ABRD,171.4
2024-12-28,2024-12-28,ACKO,3.58
2024-12-28,2024-12-28,AFKS,14.738
2024-12-28,2024-12-28,AFLT,58.38
2024-12-28,2024-12-28,AGRO,1085.2
2024-12-28,2024-12-28,AKRN,17700
2024-12-28,2024-12-28,ALRS,56.42
2024-12-28,2024-12-28,AMEZ,67.2
2024-12-28,2024-12-28,APRI,10.586
2024-12-28,2024-12-28,APTK,10.65
2024-12-28,2024-12-28,AQUA,591.5
2024-12-28,2024-12-28,ARSA,10.59
2024-12-28,2024-12-28,ASSB,1.56
2024-12-28,2024-12-28,ASTR,460.85
2024-12-28,2024-12-28,AVAN,645
2024-12-28,2024-12-28,BANE,2427.5
2024-12-28,2024-12-28,BANEP,1247.5
2024-12-28,2024-12-28,BELU,501
2024-12-28,2024-12-28,BISVP,9.18
2024-12-28,2024-12-28,BLNG,14.33
2024-12-28,2024-12-28,BRZL,1876
2024-12-28,2024-12-28,BSPB,357.98
2024-12-28,2024-12-28,BSPBP,51.5
2024-12-28,2024-12-28,CARM,1.44
2024-12-28,2024-12-28,CBOM,9.943
2024-12-28,2024-12-28,CHGZ,81.8
2024-12-28,2024-12-28,CHKZ,17000
2024-12-28,2024-12-28,CHMF,1232.2
2024-12-28,2024-12-28,CHMK,5905
2024-12-28,2024-12-28,CIAN,511.2
2024-12-28,2024-12-28,CNTL,10.42
2024-12-28,2024-12-28,CNTLP,7.3
2024-12-28,2024-12-28,DATA,131.98
2024-12-28,2024-12-28,DELI,205.7
2024-12-28,2024-12-28,DIAS,4096
2024-12-28,2024-12-28,DIOD,9.92
2024-12-28,2024-12-28,DSKY,51.02
2024-12-28,2024-12-28,DVEC,2.11
2024-12-28,2024-12-28,DZRD,4000
2024-12-28,2024-12-28,DZRDP,2760
2024-12-28,2024-12-28,EELT,12.04
2024-12-28,2024-12-28,ELFV,0.5038
2024-12-28,2024-12-28,ELMT,0.1361
2024-12-28,2024-12-28,ENPG,334.3
2024-12-28,2024-12-28,ETLN,51.9
2024-12-28,2024-12-28,EUTR,108.6
2024-12-28,2024-12-28,FEES,0.07498
2024-12-28,2024-12-28,FESH,55.79
2024-12-28,2024-12-28,FIXP,168.8
2024-12-28,2024-12-28,FLOT,93.75
2024-12-28,2024-12-28,GAZA,632
2024-12-28,2024-12-28,GAZAP,359
2024-12-28,2024-12-28,GAZC,659
2024-12-28,2024-12-28,GAZP,129.6
2024-12-28,2024-12-28,GAZS,839
2024-12-28,2024-12-28,GAZT,1739
2024-12-28,2024-12-28,GCHE,4248
2024-12-28,2024-12-28,GECO,25.9
2024-12-28,2024-12-28,GEMA,126.2
2024-12-28,2024-12-28,GEMC,735
2024-12-28,2024-12-28,GMKN,113.8
2024-12-28,2024-12-28,GTRK,211.1
2024-12-28,2024-12-28,HEAD,3636
2024-12-28,2024-12-28,HIMCP,20.9
2024-12-28,2024-12-28,HNFG,586.9
2024-12-28,2024-12-28,HYDR,0.5052
2024-12-28,2024-12-28,IGST,6720
2024-12-28,2024-12-28,IGSTP,4690
2024-12-28,2024-12-28,INGR,1790
2024-12-28,2024-12-28,IRAO,3.675
2024-12-28,2024-12-28,IRKT,26.05
2024-12-28,2024-12-28,IVAT,195
2024-12-28,2024-12-28,JNOS,18.3
2024-12-28,2024-12-28,JNOSP,11.04
2024-12-28,2024-12-28,KAZT,453
2024-12-28,2024-12-28,KAZTP,455.5
2024-12-28,2024-12-28,KBSB,404.5
2024-12-28,2024-12-28,KCHE,0.473
2024-12-28,2024-12-28,KCHEP,0.8
2024-12-28,2024-12-28,KGKC,43.2
2024-12-28,2024-12-28,KGKCP,48.6
2024-12-28,2024-12-28,KLSB,20.35
2024-12-28,2024-12-28,KLVZ,3.7
2024-12-28,2024-12-28,KMAZ,104.5
2024-12-28,2024-12-28,KMEZ,1082
2024-12-28,2024-12-28,KOGK,35600
2024-12-28,2024-12-28,KRKN,9050
2024-12-28,2024-12-28,KRKNP,7680
2024-12-28,2024-12-28,KRKOP,12.88
2024-12-28,2024-12-28,KROT,1514
2024-12-28,2024-12-28,KROTP,484
2024-12-28,2024-12-28,KRSB,15.02
2024-12-28,2024-12-28,KRSBP,15.04
2024-12-28,2024-12-28,KUZB,0.0367
2024-12-28,2024-12-28,KZOS,77.9
2024-12-28,2024-12-28,KZOSP,20.23
2024-12-28,2024-12-28,LEAS,686.9
2024-12-28,2024-12-28,LENT,1174
2024-12-28,2024-12-28,LIFE,3.18
2024-12-28,2024-12-28,LKOH,6998
2024-12-28,2024-12-28,LMBZ,404.9
2024-12-28,2024-12-28,LNZL,15210
2024-12-28,2024-12-28,LNZLP,1710
2024-12-28,2024-12-28,LPSB,62.45
2024-12-28,2024-12-28,LSNG,13.32
2024-12-28,2024-12-28,LSNGP,211.15
2024-12-28,2024-12-28,LSRG,802
2024-12-28,2024-12-28,LVHK,33.35
2024-12-28,2024-12-28,MAGE,3.01
2024-12-28,2024-12-28,MAGEP,2.19
2024-12-28,2024-12-28,MAGN,36.585
2024-12-28,2024-12-28,MBNK,1272
2024-12-28,2024-12-28,MDMG,882.5
2024-12-28,2024-12-28,MFGS,359
2024-12-28,2024-12-28,MFGSP,252
2024-12-28,2024-12-28,MGKL,2.379
2024-12-28,2024-12-28,MGNT,5009
2024-12-28,2024-12-28,MGNZ,7440
2024-12-28,2024-12-28,MGTS,1185
2024-12-28,2024-12-28,MGTSP,828
2024-12-28,2024-12-28,MISB,42.6
2024-12-28,2024-12-28,MISBP,39.8
2024-12-28,2024-12-28,MOEX,192.61
2024-12-28,2024-12-28,MRKC,0.4682
2024-12-28,2024-12-28,MRKK,15.32
2024-12-28,2024-12-28,MRKP,0.3406
2024-12-28,2024-12-28,MRKS,0.559
2024-12-28,2024-12-28,MRKU,0.3274
2024-12-28,2024-12-28,MRKV,0.06345
2024-12-28,2024-12-28,MRKY,0.0556
2024-12-28,2024-12-28,MRKZ,0.05085
2024-12-28,2024-12-28,MRSB,0.7
2024-12-28,2024-12-28,MSNG,2.2895
2024-12-28,2024-12-28,MSRS,1.15
2024-12-28,2024-12-28,MSTT,138.5
2024-12-28,2024-12-28,MTLR,94.81
2024-12-28,2024-12-28,MTLRP,114.45
2024-12-28,2024-12-28,MTSS,202
2024-12-28,2024-12-28,MVID,90.2
2024-12-28,2024-12-28,NAUK,392
2024-12-28,2024-12-28,NFAZ,285
2024-12-28,2024-12-28,NKHP,575
2024-12-28,2024-12-28,NKNC,88.75
2024-12-28,2024-12-28,NKNCP,68.48
2024-12-28,2024-12-28,NKSH,42.9
2024-12-28,2024-12-28,NLMK,139.62
2024-12-28,2024-12-28,NMTP,8.94
2024-12-28,2024-12-28,NNSB,3310
2024-12-28,2024-12-28,NNSBP,1098
2024-12-28,2024-12-28,NSVZ,271.5
2024-12-28,2024-12-28,NVTK,951.8
2024-12-28,2024-12-28,OGKB,0.328
2024-12-28,2024-12-28,OKEY,30.09
2024-12-28,2024-12-28,OMZZP,9000
2024-12-28,2024-12-28,OZON,3124.5
2024-12-28,2024-12-28,OZPH,34.9
2024-12-28,2024-12-28,PAZA,8480
2024-12-28,2024-12-28,PHOR,6350
2024-12-28,2024-12-28,PIKK,481.2
2024-12-28,2024-12-28,PLZL,13926
2024-12-28,2024-12-28,PMSB,267.6
2024-12-28,2024-12-28,PMSBP,280
2024-12-28,2024-12-28,POSI,1938.6
2024-12-28,2024-12-28,PRFN,4.052
2024-12-28,2024-12-28,PRMB,26600
2024-12-28,2024-12-28,PRMD,326.6
2024-12-28,2024-12-28,QIWI,180.2
2024-12-28,2024-12-28,RASP,252.05
2024-12-28,2024-12-28,RBCM,10.325
2024-12-28,2024-12-28,RDRB,129.5
2024-12-28,2024-12-28,RENI,107.36
2024-12-28,2024-12-28,RGSS,0.209
2024-12-28,2024-12-28,RKKE,14900
2024-12-28,2024-12-28,RNFT,111.15
2024-12-28,2024-12-28,ROLO,0.556
2024-12-28,2024-12-28,ROSB,122.4
2024-12-28,2024-12-28,ROSN,596
2024-12-28,2024-12-28,ROST,119.4
2024-12-28,2024-12-28,RTGZ,45000
2024-12-28,2024-12-28,RTKM,61.62
2024-12-28,2024-12-28,RTKMP,53.45
2024-12-28,2024-12-28,RTSB,2.3
2024-12-28,2024-12-28,RTSBP,1.164
2024-12-28,2024-12-28,RUAL,35.295
2024-12-28,2024-12-28,RUSI,59.2
2024-12-28,2024-12-28,RZSB,28.4
2024-12-28,2024-12-28,SAGO,2.945
2024-12-28,2024-12-28,SAGOP,2.825
2024-12-28,2024-12-28,SARE,0.363
2024-12-28,2024-12-28,SAREP,0.2275
2024-12-28,2024-12-28,SBER,272.83
2024-12-28,2024-12-28,SBERP,273.5
2024-12-28,2024-12-28,SELG,40.79
2024-12-28,2024-12-28,SFIN,1341.2
2024-12-28,2024-12-28,SGZH,1.288
2024-12-28,2024-12-28,SIBN,631.15
2024-12-28,2024-12-28,SLEN,3.2
2024-12-28,2024-12-28,SMLT,993
2024-12-28,2024-12-28,SNGS,24.115
2024-12-28,2024-12-28,SNGSP,59.105
2024-12-28,2024-12-28,SOFL,117.26
2024-12-28,2024-12-28,SPBE,120.5
2024-12-28,2024-12-28,STSB,3.36
2024-12-28,2024-12-28,STSBP,3.72
2024-12-28,2024-12-28,SVAV,674
2024-12-28,2024-12-28,SVCB,13.78
2024-12-28,2024-12-28,SVET,16.6
2024-12-28,2024-12-28,SVETP,22.1
2024-12-28,2024-12-28,T,2662.8
2024-12-28,2024-12-28,TASB,1.266
2024-12-28,2024-12-28,TASBP,0.736
2024-12-28,2024-12-28,TATN,652.4
2024-12-28,2024-12-28,TATNP,647.5
2024-12-28,2024-12-28,TGKA,0.007434
2024-12-28,2024-12-28,TGKB,0.00594
2024-12-28,2024-12-28,TGKBP,0.01052
2024-12-28,2024-12-28,TGKN,0.00675
2024-12-28,2024-12-28,TNSE,2310
2024-12-28,2024-12-28,TORS,0.556
2024-12-28,2024-12-28,TORSP,0.426
2024-12-28,2024-12-28,TRMK,100
2024-12-28,2024-12-28,TRNFP,1232
2024-12-28,2024-12-28,TTLK,0.7095
2024-12-28,2024-12-28,TUZA,193.5
2024-12-28,2024-12-28,UGLD,0.7375
2024-12-28,2024-12-28,UKUZ,1062
2024-12-28,2024-12-28,UNAC,0.63
2024-12-28,2024-12-28,UNKL,5300
2024-12-28,2024-12-28,UPRO,1.752
2024-12-28,2024-12-28,URKZ,31000
2024-12-28,2024-12-28,USBN,0.1558
2024-12-28,2024-12-28,UTAR,13.01
2024-12-28,2024-12-28,UWGN,45.6
2024-12-28,2024-12-28,VEON-RX,40.95
2024-12-28,2024-12-28,VGSB,9.98
2024-12-28,2024-12-28,VGSBP,8.72
2024-12-28,2024-12-28,VJGZ,2290
2024-12-28,2024-12-28,VJGZP,1660
2024-12-28,2024-12-28,VKCO,295.2
2024-12-28,2024-12-28,VLHZ,191
2024-12-28,2024-12-28,VRSB,382
2024-12-28,2024-12-28,VRSBP,127
2024-12-28,2024-12-28,VSEH,82.7
2024-12-28,2024-12-28,VSMO,22460
2024-12-28,2024-12-28,VSYD,10800
2024-12-28,2024-12-28,VSYDP,7650
2024-12-28,2024-12-28,VTBR,78.09
2024-12-28,2024-12-28,WTCM,13.72
2024-12-28,2024-12-28,WTCMP,10.3
2024-12-28,2024-12-28,WUSH,174.7
2024-12-28,2024-12-28,YAKG,54.4
2024-12-28,2024-12-28,YDEX,3928.5
2024-12-28,2024-12-28,YKEN,0.46
2024-12-28,2024-12-28,YKENP,0.41
2024-12-28,2024-12-28,YRSB,694
2024-12-28,2024-12-28,YRSBP,169
2024-12-28,2024-12-28,ZAYM,132.3
2024-12-28,2024-12-28,ZILL,3250
2024-12-28,2024-12-28,ZVEZ,7.16
2024-12-31,2024-12-30,ABIO,83.28
2024-12-31,2024-12-30,ABRD,174.4
2024-12-31,2024-12-30,ACKO,3.58
2024-12-31,2024-12-30,AFKS,15.594
2024-12-31,2024-12-30,AFLT,59.06
2024-12-31,2024-12-30,AGRO,1085.2
2024-12-31,2024-12-30,AKRN,17770
2024-12-31,2024-12-30,ALRS,57.86
2024-12-31,2024-12-30,AMEZ,68.6
2024-12-31,2024-12-30,APRI,10.57
2024-12-31,2024-12-30,APTK,11.5
2024-12-31,2024-12-30,AQUA,607
2024-12-31,2024-12-30,ARSA,10.63
2024-12-31,2024-12-30,ASSB,1.595
2024-12-31,2024-12-30,ASTR,469.5
2024-12-31,2024-12-30,AVAN,666
2024-12-31,2024-12-30,BANE,2579.5
2024-12-31,2024-12-30,BANEP,1314.5
2024-12-31,2024-12-30,BELU,512
2024-12-31,2024-12-30,BISVP,9.28
2024-12-31,2024-12-30,BLNG,15.16
2024-12-31,2024-12-30,BRZL,1903
2024-12-31,2024-12-30,BSPB,369.2
2024-12-31,2024-12-30,BSPBP,52.1
2024-12-31,2024-12-30,CARM,1.463
2024-12-31,2024-12-30,CBOM,10.247
2024-12-31,2024-12-30,CHGZ,82.4
2024-12-31,2024-12-30,CHKZ,17950
2024-12-31,2024-12-30,CHMF,1337.4
2024-12-31,2024-12-30,CHMK,6060
2024-12-31,2024-12-30,CIAN,527.4
2024-12-31,2024-12-30,CNTL,10.6
2024-12-31,2024-12-30,CNTLP,7.38
2024-12-31,2024-12-30,DATA,134.44
2024-12-31,2024-12-30,DELI,219
2024-12-31,2024-12-30,DIAS,4260
2024-12-31,2024-12-30,DIOD,10.7
2024-12-31,2024-12-30,DSKY,51.02
2024-12-31,2024-12-30,DVEC,2.15
2024-12-31,2024-12-30,DZRD,4040
2024-12-31,2024-12-30,DZRDP,2810
2024-12-31,2024-12-30,EELT,12.6
2024-12-31,2024-12-30,ELFV,0.5184
2024-12-31,2024-12-30,ELMT,0.1436
2024-12-31,2024-12-30,ENPG,348.2
2024-12-31,2024-12-30,ETLN,54.82
2024-12-31,2024-12-30,EUTR,119
2024-12-31,2024-12-30,FEES,0.07732
2024-12-31,2024-12-30,FESH,62.4
2024-12-31,2024-12-30,FIXP,171.4
2024-12-31,2024-12-30,FLOT,99.28
2024-12-31,2024-12-30,GAZA,638
2024-12-31,2024-12-30,GAZAP,371
2024-12-31,2024-12-30,GAZC,659
2024-12-31,2024-12-30,GAZP,133.12
2024-12-31,2024-12-30,GAZS,839
2024-12-31,2024-12-30,GAZT,1739
2024-12-31,2024-12-30,GCHE,4267
2024-12-31,2024-12-30,GECO,26.86
2024-12-31,2024-12-30,GEMA,129.9
2024-12-31,2024-12-30,GEMC,757.1
2024-12-31,2024-12-30,GMKN,115.5
2024-12-31,2024-12-30,GTRK,219.5
2024-12-31,2024-12-30,HEAD,3710
2024-12-31,2024-12-30,HIMCP,22.12
2024-12-31,2024-12-30,HNFG,611.6
2024-12-31,2024-12-30,HYDR,0.5206
2024-12-31,2024-12-30,IGST,6960
2024-12-31,2024-12-30,IGSTP,4790
2024-12-31,2024-12-30,INGR,1790
2024-12-31,2024-12-30,IRAO,3.729
2024-12-31,2024-12-30,IRKT,27.3
2024-12-31,2024-12-30,IVAT,198.9
2024-12-31,2024-12-30,JNOS,18.8
2024-12-31,2024-12-30,JNOSP,11.28
2024-12-31,2024-12-30,KAZT,459
2024-12-31,2024-12-30,KAZTP,460
2024-12-31,2024-12-30,KBSB,412.5
2024-12-31,2024-12-30,KCHE,0.484
2024-12-31,2024-12-30,KCHEP,0.815
2024-12-31,2024-12-30,KGKC,44
2024-12-31,2024-12-30,KGKCP,49.8
2024-12-31,2024-12-30,KLSB,21.02
2024-12-31,2024-12-30,KLVZ,3.788
2024-12-31,2024-12-30,KMAZ,113.3
2024-12-31,2024-12-30,KMEZ,1104
2024-12-31,2024-12-30,KOGK,36600
2024-12-31,2024-12-30,KRKN,9100
2024-12-31,2024-12-30,KRKNP,7740
2024-12-31,2024-12-30,KRKOP,13.12
2024-12-31,2024-12-30,KROT,1533
2024-12-31,2024-12-30,KROTP,500
2024-12-31,2024-12-30,KRSB,15.4
2024-12-31,2024-12-30,KRSBP,15.72
2024-12-31,2024-12-30,KUZB,0.0369
2024-12-31,2024-12-30,KZOS,79.4
2024-12-31,2024-12-30,KZOSP,20.41
2024-12-31,2024-12-30,LEAS,714
2024-12-31,2024-12-30,LENT,1195
2024-12-31,2024-12-30,LIFE,3.42
2024-12-31,2024-12-30,LKOH,7235
2024-12-31,2024-12-30,LMBZ,407.9
2024-12-31,2024-12-30,LNZL,15230
2024-12-31,2024-12-30,LNZLP,1710
2024-12-31,2024-12-30,LPSB,63.15
2024-12-31,2024-12-30,LSNG,13.65
2024-12-31,2024-12-30,LSNGP,214.15
2024-12-31,2024-12-30,LSRG,835.4
2024-12-31,2024-12-30,LVHK,34.1
2024-12-31,2024-12-30,MAGE,3.06
2024-12-31,2024-12-30,MAGEP,2.25
2024-12-31,2024-12-30,MAGN,39.195
2024-12-31,2024-12-30,MBNK,1311.5
2024-12-31,2024-12-30,MDMG,899.1
2024-12-31,2024-12-30,MFGS,379
2024-12-31,2024-12-30,MFGSP,255.5
2024-12-31,2024-12-30,MGKL,2.378
2024-12-31,2024-12-30,MGNT,5092
2024-12-31,2024-12-30,MGNZ,7440
2024-12-31,2024-12-30,MGTS,1175
2024-12-31,2024-12-30,MGTSP,838
2024-12-31,2024-12-30,MISB,43.2
2024-12-31,2024-12-30,MISBP,40.7
2024-12-31,2024-12-30,MOEX,199.22
2024-12-31,2024-12-30,MRKC,0.477
2024-12-31,2024-12-30,MRKK,16.14
2024-12-31,2024-12-30,MRKP,0.3457
2024-12-31,2024-12-30,MRKS,0.5675
2024-12-31,2024-12-30,MRKU,0.3436
2024-12-31,2024-12-30,MRKV,0.0644
2024-12-31,2024-12-30,MRKY,0.05845
2024-12-31,2024-12-30,MRKZ,0.05505
2024-12-31,2024-12-30,MRSB,0.698
2024-12-31,2024-12-30,MSNG,2.3585
2024-12-31,2024-12-30,MSRS,1.1635
2024-12-31,2024-12-30,MSTT,143
2024-12-31,2024-12-30,MTLR,108.29
2024-12-31,2024-12-30,MTLRP,126.75
2024-12-31,2024-12-30,MTSS,210.65
2024-12-31,2024-12-30,MVID,94
2024-12-31,2024-12-30,NAUK,398.5
2024-12-31,2024-12-30,NFAZ,296
2024-12-31,2024-12-30,NKHP,589.5
2024-12-31,2024-12-30,NKNC,90
2024-12-31,2024-12-30,NKNCP,70
2024-12-31,2024-12-30,NKSH,43.3
2024-12-31,2024-12-30,NLMK,147.78
2024-12-31,2024-12-30,NMTP,9.175
2024-12-31,2024-12-30,NNSB,3430
2024-12-31,2024-12-30,NNSBP,1130
2024-12-31,2024-12-30,NSVZ,279.5
2024-12-31,2024-12-30,NVTK,996
2024-12-31,2024-12-30,OGKB,0.3475
2024-12-31,2024-12-30,OKEY,32.42
2024-12-31,2024-12-30,OMZZP,9280
2024-12-31,2024-12-30,OZON,3301
2024-12-31,2024-12-30,OZPH,41.47
2024-12-31,2024-12-30,PAZA,8500
2024-12-31,2024-12-30,PHOR,6386
2024-12-31,2024-12-30,PIKK,507.8
2024-12-31,2024-12-30,PLZL,13981
2024-12-31,2024-12-30,PMSB,271.3
2024-12-31,2024-12-30,PMSBP,289.8
2024-12-31,2024-12-30,POSI,2046.8
2024-12-31,2024-12-30,PRFN,4.174
2024-12-31,2024-12-30,PRMB,27000
2024-12-31,2024-12-30,PRMD,355.25
2024-12-31,2024-12-30,QIWI,183.8
2024-12-31,2024-12-30,RASP,262.7
2024-12-31,2024-12-30,RBCM,10.71
2024-12-31,2024-12-30,RDRB,133.5
2024-12-31,2024-12-30,RENI,110.5
2024-12-31,2024-12-30,RGSS,0.2138
2024-12-31,2024-12-30,RKKE,15420
2024-12-31,2024-12-30,RNFT,119.85
2024-12-31,2024-12-30,ROLO,0.5792
2024-12-31,2024-12-30,ROSB,122.4
2024-12-31,2024-12-30,ROSN,606.05
2024-12-31,2024-12-30,ROST,122.6
2024-12-31,2024-12-30,RTGZ,46500
2024-12-31,2024-12-30,RTKM,65.18
2024-12-31,2024-12-30,RTKMP,56.45
2024-12-31,2024-12-30,RTSB,2.37
2024-12-31,2024-12-30,RTSBP,1.19
2024-12-31,2024-12-30,RUAL,36.925
2024-12-31,2024-12-30,RUSI,61.2
2024-12-31,2024-12-30,RZSB,29.24
2024-12-31,2024-12-30,SAGO,3.05
2024-12-31,2024-12-30,SAGOP,2.865
2024-12-31,2024-12-30,SARE,0.378
2024-12-31,2024-12-30,SAREP,0.237
2024-12-31,2024-12-30,SBER,279.43
2024-12-31,2024-12-30,SBERP,279.59
2024-12-31,2024-12-30,SELG,41.65
2024-12-31,2024-12-30,SFIN,1372
2024-12-31,2024-12-30,SGZH,1.287
2024-12-31,2024-12-30,SIBN,657.7
2024-12-31,2024-12-30,SLEN,3.295
2024-12-31,2024-12-30,SMLT,1040
2024-12-31,2024-12-30,SNGS,24.98
2024-12-31,2024-12-30,SNGSP,60.49
2024-12-31,2024-12-30,SOFL,118.94
2024-12-31,2024-12-30,SPBE,127.5
2024-12-31,2024-12-30,STSB,3.37
2024-12-31,2024-12-30,STSBP,3.76
2024-12-31,2024-12-30,SVAV,698
2024-12-31,2024-12-30,SVCB,14.185
2024-12-31,2024-12-30,SVET,17.2
2024-12-31,2024-12-30,SVETP,22.55
2024-12-31,2024-12-30,T,2752.2
2024-12-31,2024-12-30,TASB,1.268
2024-12-31,2024-12-30,TASBP,0.746
2024-12-31,2024-12-30,TATN,688.9
2024-12-31,2024-12-30,TATNP,680.3
2024-12-31,2024-12-30,TGKA,0.007688
2024-12-31,2024-12-30,TGKB,0.006525
2024-12-31,2024-12-30,TGKBP,0.01109
2024-12-31,2024-12-30,TGKN,0.00709
2024-12-31,2024-12-30,TNSE,2315
2024-12-31,2024-12-30,TORS,0.578
2024-12-31,2024-12-30,TORSP,0.444
2024-12-31,2024-12-30,TRMK,102.84
2024-12-31,2024-12-30,TRNFP,1230.5
2024-12-31,2024-12-30,TTLK,0.725
2024-12-31,2024-12-30,TUZA,199.5
2024-12-31,2024-12-30,UGLD,0.7478
2024-12-31,2024-12-30,UKUZ,1074
2024-12-31,2024-12-30,UNAC,0.6755
2024-12-31,2024-12-30,UNKL,5340
2024-12-31,2024-12-30,UPRO,1.827
2024-12-31,2024-12-30,URKZ,31000
2024-12-31,2024-12-30,USBN,0.1583
2024-12-31,2024-12-30,UTAR,13.58
2024-12-31,2024-12-30,UWGN,46.9
2024-12-31,2024-12-30,VEON-RX,42.35
2024-12-31,2024-12-30,VGSB,10.42
2024-12-31,2024-12-30,VGSBP,8.72
2024-12-31,2024-12-30,VJGZ,2510
2024-12-31,2024-12-30,VJGZP,1675
2024-12-31,2024-12-30,VKCO,312.4
2024-12-31,2024-12-30,VLHZ,197
2024-12-31,2024-12-30,VRSB,391.5
2024-12-31,2024-12-30,VRSBP,131
2024-12-31,2024-12-30,VSEH,84.8
2024-12-31,2024-12-30,VSMO,23920
2024-12-31,2024-12-30,VSYD,10900
2024-12-31,2024-12-30,VSYDP,7850
2024-12-31,2024-12-30,VTBR,80.03
2024-12-31,2024-12-30,WTCM,13.92
2024-12-31,2024-12-30,WTCMP,10.4
2024-12-31,2024-12-30,WUSH,173.74
2024-12-31,2024-12-30,YAKG,56.15
2024-12-31,2024-12-30,YDEX,3994
2024-12-31,2024-12-30,YKEN,0.477
2024-12-31,2024-12-30,YKENP,0.419
2024-12-31,2024-12-30,YRSB,694
2024-12-31,2024-12-30,YRSBP,168.5
2024-12-31,2024-12-30,ZAYM,138.3
2024-12-31,2024-12-30,ZILL,3245
2024-12-31,2024-12-30,ZVEZ,7.5
2025-01-31,2025-01-31,ABIO,89.54
2025-01-31,2025-01-31,ABRD,191.2
2025-01-31,2025-01-31,ACKO,3.58
2025-01-31,2025-01-31,AFKS,14.475
2025-01-31,2025-01-31,AFLT,63.86
2025-01-31,2025-01-31,AGRO,1085.2
2025-01-31,2025-01-31,AKRN,17666
2025-01-31,2025-01-31,ALRS,56.86
2025-01-31,2025-01-31,AMEZ,69.45
2025-01-31,2025-01-31,APRI,13.98
2025-01-31,2025-01-31,APTK,11.692
2025-01-31,2025-01-31,AQUA,683
2025-01-31,2025-01-31,ARSA,11.82
2025-01-31,2025-01-31,ASSB,1.91
2025-01-31,2025-01-31,ASTR,525.3
2025-01-31,2025-01-31,AVAN,751
2025-01-31,2025-01-31,BANE,2543
2025-01-31,2025-01-31,BANEP,1337
2025-01-31,2025-01-31,BELU,516
2025-01-31,2025-01-31,BISVP,10.33
2025-01-31,2025-01-31,BLNG,16.85
2025-01-31,2025-01-31,BRZL,2077
2025-01-31,2025-01-31,BSPB,373.4
2025-01-31,2025-01-31,BSPBP,60.35
2025-01-31,2025-01-31,CARM,1.715
2025-01-31,2025-01-31,CBOM,8.906
2025-01-31,2025-01-31,CHGZ,93.8
2025-01-31,2025-01-31,CHKZ,19300
2025-01-31,2025-01-31,CHMF,1211.8
2025-01-31,2025-01-31,CHMK,7045
2025-01-31,2025-01-31,CIAN,541
2025-01-31,2025-01-31,CNTL,11.32
2025-01-31,2025-01-31,CNTLP,7.64
2025-01-31,2025-01-31,DATA,160.96
2025-01-31,2025-01-31,DELI,210.5
2025-01-31,2025-01-31,DIAS,4430.5
2025-01-31,2025-01-31,DIOD,11.09
2025-01-31,2025-01-31,DSKY,51.02
2025-01-31,2025-01-31,DVEC,2.372
2025-01-31,2025-01-31,DZRD,4565
2025-01-31,2025-01-31,DZRDP,2870
2025-01-31,2025-01-31,EELT,13.76
2025-01-31,2025-01-31,ELFV,0.5484
2025-01-31,2025-01-31,ELMT,0.1637
2025-01-31,2025-01-31,ENPG,369.5
2025-01-31,2025-01-31,ETLN,67.64
2025-01-31,2025-01-31,EUTR,113.4
2025-01-31,2025-01-31,FEES,0.07898
2025-01-31,2025-01-31,FESH,61.27
2025-01-31,2025-01-31,FIXP,185.3
2025-01-31,2025-01-31,FLOT,87.47
2025-01-31,2025-01-31,GAZA,725
2025-01-31,2025-01-31,GAZAP,408
2025-01-31,2025-01-31,GAZC,659
2025-01-31,2025-01-31,GAZP,140.84
2025-01-31,2025-01-31,GAZS,839
2025-01-31,2025-01-31,GAZT,1739
2025-01-31,2025-01-31,GCHE,4580
2025-01-31,2025-01-31,GECO,30.32
2025-01-31,2025-01-31,GEMA,135.2
2025-01-31,2025-01-31,GEMC,832
2025-01-31,2025-01-31,GMKN,121.18
2025-01-31,2025-01-31,GTRK,249.2
2025-01-31,2025-01-31,HEAD,3664
2025-01-31,2025-01-31,HIMCP,24.58
2025-01-31,2025-01-31,HNFG,691.4
2025-01-31,2025-01-31,HYDR,0.5697
2025-01-31,2025-01-31,IGST,7620
2025-01-31,2025-01-31,IGSTP,5440
2025-01-31,2025-01-31,INGR,1754
2025-01-31,2025-01-31,IRAO,3.699
2025-01-31,2025-01-31,IRKT,27.6
2025-01-31,2025-01-31,IVAT,226.75
2025-01-31,2025-01-31,JNOS,20.1
2025-01-31,2025-01-31,JNOSP,12.2
2025-01-31,2025-01-31,KAZT,516.2
2025-01-31,2025-01-31,KAZTP,511.5
2025-01-31,2025-01-31,KBSB,536.5
2025-01-31,2025-01-31,KCHE,0.536
2025-01-31,2025-01-31,KCHEP,0.95
2025-01-31,2025-01-31,KGKC,47.6
2025-01-31,2025-01-31,KGKCP,53.6
2025-01-31,2025-01-31,KLSB,24.87
2025-01-31,2025-01-31,KLVZ,4.102
2025-01-31,2025-01-31,KMAZ,126.1
2025-01-31,2025-01-31,KMEZ,1256
2025-01-31,2025-01-31,KOGK,40400
2025-01-31,2025-01-31,KRKN,9250
2025-01-31,2025-01-31,KRKNP,8200
2025-01-31,2025-01-31,KRKOP,13.92
2025-01-31,2025-01-31,KROT,1685
2025-01-31,2025-01-31,KROTP,562
2025-01-31,2025-01-31,KRSB,16.14
2025-01-31,2025-01-31,KRSBP,16.24
2025-01-31,2025-01-31,KUZB,0.038
2025-01-31,2025-01-31,KZOS,88
2025-01-31,2025-01-31,KZOSP,21.63
2025-01-31,2025-01-31,LEAS,732.4
2025-01-31,2025-01-31,LENT,1319
2025-01-31,2025-01-31,LIFE,4.28
2025-01-31,2025-01-31,LKOH,7171
2025-01-31,2025-01-31,LMBZ,423
2025-01-31,2025-01-31,LNZL,14730
2025-01-31,2025-01-31,LNZLP,1790
2025-01-31,2025-01-31,LPSB,76.15
2025-01-31,2025-01-31,LSNG,14.95
2025-01-31,2025-01-31,LSNGP,216.95
2025-01-31,2025-01-31,LSRG,861.6
2025-01-31,2025-01-31,LVHK,33.45
2025-01-31,2025-01-31,MAGE,3.61
2025-01-31,2025-01-31,MAGEP,2.69
2025-01-31,2025-01-31,MAGN,35.09
2025-01-31,2025-01-31,MBNK,1418
2025-01-31,2025-01-31,MDMG,1021
2025-01-31,2025-01-31,MFGS,398.5
2025-01-31,2025-01-31,MFGSP,266.5
2025-01-31,2025-01-31,MGKL,2.5495
2025-01-31,2025-01-31,MGNT,4665.5
2025-01-31,2025-01-31,MGNZ,7440
2025-01-31,2025-01-31,MGTS,1310
2025-01-31,2025-01-31,MGTSP,876
2025-01-31,2025-01-31,MISB,62.5
2025-01-31,2025-01-31,MISBP,56
2025-01-31,2025-01-31,MOEX,205.01
2025-01-31,2025-01-31,MRKC,0.496
2025-01-31,2025-01-31,MRKK,17.84
2025-01-31,2025-01-31,MRKP,0.3695
2025-01-31,2025-01-31,MRKS,0.583
2025-01-31,2025-01-31,MRKU,0.4088
2025-01-31,2025-01-31,MRKV,0.0679
2025-01-31,2025-01-31,MRKY,0.06875
2025-01-31,2025-01-31,MRKZ,0.0666
2025-01-31,2025-01-31,MRSB,0.772
2025-01-31,2025-01-31,MSNG,2.4105
2025-01-31,2025-01-31,MSRS,1.2635
2025-01-31,2025-01-31,MSTT,151.3
2025-01-31,2025-01-31,MTLR,112.59
2025-01-31,2025-01-31,MTLRP,113.3
2025-01-31,2025-01-31,MTSS,228
2025-01-31,2025-01-31,MVID,104
2025-01-31,2025-01-31,NAUK,435.5
2025-01-31,2025-01-31,NFAZ,311
2025-01-31,2025-01-31,NKHP,696
2025-01-31,2025-01-31,NKNC,101.85
2025-01-31,2025-01-31,NKNCP,79.72
2025-01-31,2025-01-31,NKSH,47.2
2025-01-31,2025-01-31,NLMK,146
2025-01-31,2025-01-31,NMTP,9.585
2025-01-31,2025-01-31,NNSB,4250
2025-01-31,2025-01-31,NNSBP,1498
2025-01-31,2025-01-31,NSVZ,339
2025-01-31,2025-01-31,NVTK,1082
2025-01-31,2025-01-31,OGKB,0.3586
2025-01-31,2025-01-31,OKEY,27.59
2025-01-31,2025-01-31,OMZZP,10960
2025-01-31,2025-01-31,OZON,3514
2025-01-31,2025-01-31,OZPH,42.57
2025-01-31,2025-01-31,PAZA,9440
2025-01-31,2025-01-31,PHOR,7038
2025-01-31,2025-01-31,PIKK,694.1
2025-01-31,2025-01-31,PLZL,17170
2025-01-31,2025-01-31,PMSB,256.7
2025-01-31,2025-01-31,PMSBP,276.2
2025-01-31,2025-01-31,POSI,1866
2025-01-31,2025-01-31,PRFN,4.864
2025-01-31,2025-01-31,PRMB,29200
2025-01-31,2025-01-31,PRMD,401.75
2025-01-31,2025-01-31,QIWI,198.4
2025-01-31,2025-01-31,RASP,305.3
2025-01-31,2025-01-31,RBCM,11.24
2025-01-31,2025-01-31,RDRB,156
2025-01-31,2025-01-31,RENI,118.94
2025-01-31,2025-01-31,RGSS,0.2438
2025-01-31,2025-01-31,RKKE,20000
2025-01-31,2025-01-31,RNFT,160
2025-01-31,2025-01-31,ROLO,0.6508
2025-01-31,2025-01-31,ROSN,526.8
2025-01-31,2025-01-31,ROST,131
2025-01-31,2025-01-31,RTGZ,49400
2025-01-31,2025-01-31,RTKM,65.64
2025-01-31,2025-01-31,RTKMP,60.5
2025-01-31,2025-01-31,RTSB,3.99
2025-01-31,2025-01-31,RTSBP,1.646
2025-01-31,2025-01-31,RUAL,35.28
2025-01-31,2025-01-31,RUSI,68.1
2025-01-31,2025-01-31,RZSB,30.92
2025-01-31,2025-01-31,SAGO,3.145
2025-01-31,2025-01-31,SAGOP,3.08
2025-01-31,2025-01-31,SARE,0.548
2025-01-31,2025-01-31,SAREP,0.283
2025-01-31,2025-01-31,SBER,280.73
2025-01-31,2025-01-31,SBERP,280.4
2025-01-31,2025-01-31,SELG,42.59
2025-01-31,2025-01-31,SFIN,1354.2
2025-01-31,2025-01-31,SGZH,1.377
2025-01-31,2025-01-31,SIBN,618
2025-01-31,2025-01-31,SLEN,3.985
2025-01-31,2025-01-31,SMLT,1307
2025-01-31,2025-01-31,SNGS,27.725
2025-01-31,2025-01-31,SNGSP,58.425
2025-01-31,2025-01-31,SOFL,118.26
2025-01-31,2025-01-31,SPBE,152.9
2025-01-31,2025-01-31,STSB,3.55
2025-01-31,2025-01-31,STSBP,4.125
2025-01-31,2025-01-31,SVAV,781
2025-01-31,2025-01-31,SVCB,14.97
2025-01-31,2025-01-31,SVET,18.7
2025-01-31,2025-01-31,SVETP,22.1
2025-01-31,2025-01-31,T,3041.8
2025-01-31,2025-01-31,TASB,1.792
2025-01-31,2025-01-31,TASBP,0.988
2025-01-31,2025-01-31,TATN,683.9
2025-01-31,2025-01-31,TATNP,667
2025-01-31,2025-01-31,TGKA,0.007432
2025-01-31,2025-01-31,TGKB,0.00803
2025-01-31,2025-01-31,TGKBP,0.01265
2025-01-31,2025-01-31,TGKN,0.00853
2025-01-31,2025-01-31,TNSE,2685
2025-01-31,2025-01-31,TORS,0.65
2025-01-31,2025-01-31,TORSP,0.493
2025-01-31,2025-01-31,TRMK,105.58
2025-01-31,2025-01-31,TRNFP,1156
2025-01-31,2025-01-31,TTLK,0.7835
2025-01-31,2025-01-31,TUZA,220
2025-01-31,2025-01-31,UGLD,0.8567
2025-01-31,2025-01-31,UKUZ,1168
2025-01-31,2025-01-31,UNAC,0.595
2025-01-31,2025-01-31,UNKL,6150
2025-01-31,2025-01-31,UPRO,2.048
2025-01-31,2025-01-31,URKZ,33500
2025-01-31,2025-01-31,USBN,0.1734
2025-01-31,2025-01-31,UTAR,13.45
2025-01-31,2025-01-31,UWGN,48.05
2025-01-31,2025-01-31,VEON-RX,51.2
2025-01-31,2025-01-31,VGSB,13.38
2025-01-31,2025-01-31,VGSBP,10.7
2025-01-31,2025-01-31,VJGZ,2745
2025-01-31,2025-01-31,VJGZP,1910
2025-01-31,2025-01-31,VKCO,335
2025-01-31,2025-01-31,VLHZ,194
2025-01-31,2025-01-31,VRSB,489
2025-01-31,2025-01-31,VRSBP,156.6
2025-01-31,2025-01-31,VSEH,89.85
2025-01-31,2025-01-31,VSMO,27660
2025-01-31,2025-01-31,VSYD,14100
2025-01-31,2025-01-31,VSYDP,10050
2025-01-31,2025-01-31,VTBR,83.89
2025-01-31,2025-01-31,WTCM,13.76
2025-01-31,2025-01-31,WTCMP,10.78
2025-01-31,2025-01-31,WUSH,188.28
2025-01-31,2025-01-31,X5,3232
2025-01-31,2025-01-31,YAKG,59.85
2025-01-31,2025-01-31,YDEX,4092
2025-01-31,2025-01-31,YKEN,0.521
2025-01-31,2025-01-31,YKENP,0.459
2025-01-31,2025-01-31,YRSB,860
2025-01-31,2025-01-31,YRSBP,218
2025-01-31,2025-01-31,ZAYM,140
2025-01-31,2025-01-31,ZILL,3610
2025-01-31,2025-01-31,ZVEZ,8.3
2025-02-28,2025-02-28,ABIO,96.64
2025-02-28,2025-02-28,ABRD,197.6
2025-02-28,2025-02-28,ACKO,3.58
2025-02-28,2025-02-28,AFKS,17.48
2025-02-28,2025-02-28,AFLT,73.59
2025-02-28,2025-02-28,AGRO,1085.2
2025-02-28,2025-02-28,AKRN,16850
2025-02-28,2025-02-28,ALRS,61.76
2025-02-28,2025-02-28,AMEZ,69.35
2025-02-28,2025-02-28,APRI,13.99
2025-02-28,2025-02-28,APTK,11.87
2025-02-28,2025-02-28,AQUA,717
2025-02-28,2025-02-28,ARSA,11.29
2025-02-28,2025-02-28,ASSB,1.895
2025-02-28,2025-02-28,ASTR,442.5
2025-02-28,2025-02-28,AVAN,779
2025-02-28,2025-02-28,BANE,2637.5
2025-02-28,2025-02-28,BANEP,1273
2025-02-28,2025-02-28,BELU,538
2025-02-28,2025-02-28,BISVP,10.58
2025-02-28,2025-02-28,BLNG,18.04
2025-02-28,2025-02-28,BRZL,2000
2025-02-28,2025-02-28,BSPB,386.6
2025-02-28,2025-02-28,BSPBP,87.05
2025-02-28,2025-02-28,CARM,1.8445
2025-02-28,2025-02-28,CBOM,10.414
2025-02-28,2025-02-28,CHGZ,115
2025-02-28,2025-02-28,CHKZ,18850
2025-02-28,2025-02-28,CHMF,1350.2
2025-02-28,2025-02-28,CHMK,6810
2025-02-28,2025-02-28,CIAN,575
2025-02-28,2025-02-28,CNTL,11.86
2025-02-28,2025-02-28,CNTLP,7.84
2025-02-28,2025-02-28,DATA,143.24
2025-02-28,2025-02-28,DELI,206.5
2025-02-28,2025-02-28,DIAS,3877
2025-02-28,2025-02-28,DIOD,12.14
2025-02-28,2025-02-28,DVEC,2.451
2025-02-28,2025-02-28,DZRD,4300
2025-02-28,2025-02-28,DZRDP,3120
2025-02-28,2025-02-28,EELT,13.94
2025-02-28,2025-02-28,ELFV,0.5496
2025-02-28,2025-02-28,ELMT,0.1486
2025-02-28,2025-02-28,ENPG,483.35
2025-02-28,2025-02-28,ETLN,68.96
2025-02-28,2025-02-28,EUTR,125.8
2025-02-28,2025-02-28,FEES,0.08156
2025-02-28,2025-02-28,FESH,68.84
2025-02-28,2025-02-28,FIXP,181.5
2025-02-28,2025-02-28,FLOT,101.15
2025-02-28,2025-02-28,GAZA,705
2025-02-28,2025-02-28,GAZAP,425.5
2025-02-28,2025-02-28,GAZC,659
2025-02-28,2025-02-28,GAZP,170.87
2025-02-28,2025-02-28,GAZS,839
2025-02-28,2025-02-28,GAZT,1739
2025-02-28,2025-02-28,GCHE,4118
2025-02-28,2025-02-28,GECO,31.71
2025-02-28,2025-02-28,GEMA,137.5
2025-02-28,2025-02-28,GEMC,850.4
2025-02-28,2025-02-28,GMKN,140.32
2025-02-28,2025-02-28,GTRK,322.4
2025-02-28,2025-02-28,HEAD,3810
2025-02-28,2025-02-28,HIMCP,26.48
2025-02-28,2025-02-28,HNFG,686.3
2025-02-28,2025-02-28,HYDR,0.5433
2025-02-28,2025-02-28,IGST,7400
2025-02-28,2025-02-28,IGSTP,5510
2025-02-28,2025-02-28,INGR,1756
2025-02-28,2025-02-28,IRAO,3.7765
2025-02-28,2025-02-28,IRKT,40.6
2025-02-28,2025-02-28,IVAT,197
2025-02-28,2025-02-28,JNOS,19.9
2025-02-28,2025-02-28,JNOSP,12.76
2025-02-28,2025-02-28,KAZT,543.4
2025-02-28,2025-02-28,KAZTP,544.5
2025-02-28,2025-02-28,KBSB,511
2025-02-28,2025-02-28,KCHE,0.537
2025-02-28,2025-02-28,KCHEP,0.945
2025-02-28,2025-02-28,KGKC,47.4
2025-02-28,2025-02-28,KGKCP,53.2
2025-02-28,2025-02-28,KLSB,25.08
2025-02-28,2025-02-28,KLVZ,4.292
2025-02-28,2025-02-28,KMAZ,126.6
2025-02-28,2025-02-28,KMEZ,1380
2025-02-28,2025-02-28,KOGK,41000
2025-02-28,2025-02-28,KRKN,9150
2025-02-28,2025-02-28,KRKNP,8700
2025-02-28,2025-02-28,KRKOP,14.1
2025-02-28,2025-02-28,KROT,1722
2025-02-28,2025-02-28,KROTP,520
2025-02-28,2025-02-28,KRSB,16.12
2025-02-28,2025-02-28,KRSBP,16.22
2025-02-28,2025-02-28,KUZB,0.03995
2025-02-28,2025-02-28,KZOS,88.4
2025-02-28,2025-02-28,KZOSP,23.38
2025-02-28,2025-02-28,LEAS,747.1
2025-02-28,2025-02-28,LENT,1351
2025-02-28,2025-02-28,LIFE,4.315
2025-02-28,2025-02-28,LKOH,7546.5
2025-02-28,2025-02-28,LMBZ,457
2025-02-28,2025-02-28,LNZL,14100
2025-02-28,2025-02-28,LNZLP,1945
2025-02-28,2025-02-28,LPSB,72.9
2025-02-28,2025-02-28,LSNG,16.69
2025-02-28,2025-02-28,LSNGP,203.45
2025-02-28,2025-02-28,LSRG,845
2025-02-28,2025-02-28,LVHK,33.6
2025-02-28,2025-02-28,MAGE,3.57
2025-02-28,2025-02-28,MAGEP,2.77
2025-02-28,2025-02-28,MAGN,39.315
2025-02-28,2025-02-28,MBNK,1509.5
2025-02-28,2025-02-28,MDMG,1019
2025-02-28,2025-02-28,MFGS,398
2025-02-28,2025-02-28,MFGSP,260.5
2025-02-28,2025-02-28,MGKL,2.5715
2025-02-28,2025-02-28,MGNT,4950
2025-02-28,2025-02-28,MGNZ,7440
2025-02-28,2025-02-28,MGTS,1285
2025-02-28,2025-02-28,MGTSP,920
2025-02-28,2025-02-28,MISB,60.6
2025-02-28,2025-02-28,MISBP,51.8
2025-02-28,2025-02-28,MOEX,219.2
2025-02-28,2025-02-28,MRKC,0.6162
2025-02-28,2025-02-28,MRKK,18.64
2025-02-28,2025-02-28,MRKP,0.3631
2025-02-28,2025-02-28,MRKS,0.626
2025-02-28,2025-02-28,MRKU,0.432
2025-02-28,2025-02-28,MRKV,0.0751
2025-02-28,2025-02-28,MRKY,0.0745
2025-02-28,2025-02-28,MRKZ,0.0712
2025-02-28,2025-02-28,MRSB,0.77
2025-02-28,2025-02-28,MSNG,2.644
2025-02-28,2025-02-28,MSRS,1.294
2025-02-28,2025-02-28,MSTT,158.6
2025-02-28,2025-02-28,MTLR,114.45
2025-02-28,2025-02-28,MTLRP,124.8
2025-02-28,2025-02-28,MTSS,249.05
2025-02-28,2025-02-28,MVID,112.8
2025-02-28,2025-02-28,NAUK,570.5
2025-02-28,2025-02-28,NFAZ,314
2025-02-28,2025-02-28,NKHP,753
2025-02-28,2025-02-28,NKNC,97.5
2025-02-28,2025-02-28,NKNCP,78.24
2025-02-28,2025-02-28,NKSH,48.4
2025-02-28,2025-02-28,NLMK,158.3
2025-02-28,2025-02-28,NMTP,10.645
2025-02-28,2025-02-28,NNSB,4230
2025-02-28,2025-02-28,NNSBP,1406
2025-02-28,2025-02-28,NSVZ,348
2025-02-28,2025-02-28,NVTK,1285.2
2025-02-28,2025-02-28,OGKB,0.4018
2025-02-28,2025-02-28,OKEY,28.75
2025-02-28,2025-02-28,OMZZP,12400
2025-02-28,2025-02-28,OZON,3949.5
2025-02-28,2025-02-28,OZPH,55.12
2025-02-28,2025-02-28,PAZA,9120
2025-02-28,2025-02-28,PHOR,6775
2025-02-28,2025-02-28,PIKK,658.6
2025-02-28,2025-02-28,PLZL,19313
2025-02-28,2025-02-28,PMSB,253.5
2025-02-28,2025-02-28,PMSBP,288
2025-02-28,2025-02-28,POSI,1587.4
2025-02-28,2025-02-28,PRFN,4.988
2025-02-28,2025-02-28,PRMB,31400
2025-02-28,2025-02-28,PRMD,434
2025-02-28,2025-02-28,QIWI,216.8
2025-02-28,2025-02-28,RAGR,229.8
2025-02-28,2025-02-28,RASP,277.35
2025-02-28,2025-02-28,RBCM,15.17
2025-02-28,2025-02-28,RDRB,156
2025-02-28,2025-02-28,RENI,136.5
2025-02-28,2025-02-28,RGSS,0.248
2025-02-28,2025-02-28,RKKE,20240
2025-02-28,2025-02-28,RNFT,152.8
2025-02-28,2025-02-28,ROLO,0.7688
2025-02-28,2025-02-28,ROSN,556.05
2025-02-28,2025-02-28,ROST,132.2
2025-02-28,2025-02-28,RTGZ,51200
2025-02-28,2025-02-28,RTKM,72.12
2025-02-28,2025-02-28,RTKMP,64
2025-02-28,2025-02-28,RTSB,3.59
2025-02-28,2025-02-28,RTSBP,1.56
2025-02-28,2025-02-28,RUAL,39.565
2025-02-28,2025-02-28,RUSI,75.5
2025-02-28,2025-02-28,RZSB,33.08
2025-02-28,2025-02-28,SAGO,3.16
2025-02-28,2025-02-28,SAGOP,3.28
2025-02-28,2025-02-28,SARE,0.544
2025-02-28,2025-02-28,SAREP,0.278
2025-02-28,2025-02-28,SBER,309.63
2025-02-28,2025-02-28,SBERP,307.47
2025-02-28,2025-02-28,SELG,50.4
2025-02-28,2025-02-28,SFIN,1579.8
2025-02-28,2025-02-28,SGZH,1.931
2025-02-28,2025-02-28,SIBN,642.95
2025-02-28,2025-02-28,SLEN,3.91
2025-02-28,2025-02-28,SMLT,1418.5
2025-02-28,2025-02-28,SNGS,27.8
2025-02-28,2025-02-28,SNGSP,57.07
2025-02-28,2025-02-28,SOFL,125.54
2025-02-28,2025-02-28,SPBE,303.9
2025-02-28,2025-02-28,STSB,3.74
2025-02-28,2025-02-28,STSBP,4.11
2025-02-28,2025-02-28,SVAV,788.5
2025-02-28,2025-02-28,SVCB,16.625
2025-02-28,2025-02-28,SVET,18.05
2025-02-28,2025-02-28,SVETP,23.1
2025-02-28,2025-02-28,T,3287.6
2025-02-28,2025-02-28,TASB,1.608
2025-02-28,2025-02-28,TASBP,1.112
2025-02-28,2025-02-28,TATN,732.4
2025-02-28,2025-02-28,TATNP,694.2
2025-02-28,2025-02-28,TGKA,0.00809
2025-02-28,2025-02-28,TGKB,0.008035
2025-02-28,2025-02-28,TGKBP,0.01342
2025-02-28,2025-02-28,TGKN,0.00892
2025-02-28,2025-02-28,TNSE,2625
2025-02-28,2025-02-28,TORS,0.672
2025-02-28,2025-02-28,TORSP,0.469
2025-02-28,2025-02-28,TRMK,132.1
2025-02-28,2025-02-28,TRNFP,1178.4
2025-02-28,2025-02-28,TTLK,0.8125
2025-02-28,2025-02-28,TUZA,190
2025-02-28,2025-02-28,UGLD,0.7274
2025-02-28,2025-02-28,UKUZ,1202
2025-02-28,2025-02-28,UNAC,0.6805
2025-02-28,2025-02-28,UNKL,6410
2025-02-28,2025-02-28,UPRO,2.51
2025-02-28,2025-02-28,URKZ,39600
2025-02-28,2025-02-28,USBN,0.1791
2025-02-28,2025-02-28,UTAR,14.1
2025-02-28,2025-02-28,UWGN,59.5
2025-02-28,2025-02-28,VEON-RX,96.35
2025-02-28,2025-02-28,VGSB,12.85
2025-02-28,2025-02-28,VGSBP,11.42
2025-02-28,2025-02-28,VJGZ,3015
2025-02-28,2025-02-28,VJGZP,1950
2025-02-28,2025-02-28,VKCO,333.6
2025-02-28,2025-02-28,VLHZ,195.8
2025-02-28,2025-02-28,VRSB,472
2025-02-28,2025-02-28,VRSBP,159.6
2025-02-28,2025-02-28,VSEH,105.1
2025-02-28,2025-02-28,VSMO,38120
2025-02-28,2025-02-28,VSYD,12950
2025-02-28,2025-02-28,VSYDP,9600
2025-02-28,2025-02-28,VTBR,91.7
2025-02-28,2025-02-28,WTCM,14.06
2025-02-28,2025-02-28,WTCMP,11.94
2025-02-28,2025-02-28,WUSH,215.58
2025-02-28,2025-02-28,X5,3334
2025-02-28,2025-02-28,YAKG,63.9
2025-02-28,2025-02-28,YDEX,4423
2025-02-28,2025-02-28,YKEN,0.535
2025-02-28,2025-02-28,YKENP,0.453
2025-02-28,2025-02-28,YRSB,860
2025-02-28,2025-02-28,YRSBP,221
2025-02-28,2025-02-28,ZAYM,154.3
2025-02-28,2025-02-28,ZILL,4085
2025-02-28,2025-02-28,ZVEZ,8.66
2025-03-31,2025-03-31,ABIO,92.1
2025-03-31,2025-03-31,ABRD,207.6
2025-03-31,2025-03-31,AFKS,16.384
2025-03-31,2025-03-31,AFLT,69.63
2025-03-31,2025-03-31,AGRO,1085.2
2025-03-31,2025-03-31,AKRN,16294
2025-03-31,2025-03-31,ALRS,54.34
2025-03-31,2025-03-31,AMEZ,68.05
2025-03-31,2025-03-31,APRI,13.83
2025-03-31,2025-03-31,APTK,11.388
2025-03-31,2025-03-31,AQUA,688
2025-03-31,2025-03-31,ARSA,11.2
2025-03-31,2025-03-31,ASSB,1.91
2025-03-31,2025-03-31,ASTR,424.05
2025-03-31,2025-03-31,AVAN,785
2025-03-31,2025-03-31,BANE,2326
2025-03-31,2025-03-31,BANEP,1204
2025-03-31,2025-03-31,BELU,537
2025-03-31,2025-03-31,BISVP,9.47
2025-03-31,2025-03-31,BLNG,16.69
2025-03-31,2025-03-31,BRZL,2060
2025-03-31,2025-03-31,BSPB,401.95
2025-03-31,2025-03-31,BSPBP,74.35
2025-03-31,2025-03-31,CARM,1.6005
2025-03-31,2025-03-31,CBOM,9.231
2025-03-31,2025-03-31,CHGZ,107.4
2025-03-31,2025-03-31,CHKZ,19250
2025-03-31,2025-03-31,CHMF,1188
2025-03-31,2025-03-31,CHMK,5580
2025-03-31,2025-03-31,CIAN,575
2025-03-31,2025-03-31,CNTL,10.64
2025-03-31,2025-03-31,CNTLP,7.4
2025-03-31,2025-03-31,DATA,140.68
2025-03-31,2025-03-31,DELI,200.2
2025-03-31,2025-03-31,DIAS,3452
2025-03-31,2025-03-31,DIOD,11.49
2025-03-31,2025-03-31,DVEC,2.32
2025-03-31,2025-03-31,DZRD,3990
2025-03-31,2025-03-31,DZRDP,2950
2025-03-31,2025-03-31,EELT,13.96
2025-03-31,2025-03-31,ELFV,0.4986
2025-03-31,2025-03-31,ELMT,0.1466
2025-03-31,2025-03-31,ENPG,524
2025-03-31,2025-03-31,ETLN,68.84
2025-03-31,2025-03-31,EUTR,125.95
2025-03-31,2025-03-31,FEES,0.0757
2025-03-31,2025-03-31,FESH,60.71
2025-03-31,2025-03-31,FIXP,170.3
2025-03-31,2025-03-31,FLOT,91.37
2025-03-31,2025-03-31,GAZA,774
2025-03-31,2025-03-31,GAZAP,477.5
2025-03-31,2025-03-31,GAZC,659
2025-03-31,2025-03-31,GAZP,145.69
2025-03-31,2025-03-31,GAZS,839
2025-03-31,2025-03-31,GAZT,1739
2025-03-31,2025-03-31,GCHE,4256
2025-03-31,2025-03-31,GECO,30.31
2025-03-31,2025-03-31,GEMA,133.9
2025-03-31,2025-03-31,GEMC,833
2025-03-31,2025-03-31,GMKN,123.3
2025-03-31,2025-03-31,GTRK,268.1
2025-03-31,2025-03-31,HEAD,3358
2025-03-31,2025-03-31,HIMCP,23.58
2025-03-31,2025-03-31,HNFG,642.8
2025-03-31,2025-03-31,HYDR,0.497
2025-03-31,2025-03-31,IGST,6860
2025-03-31,2025-03-31,IGSTP,4770
2025-03-31,2025-03-31,INGR,1750
2025-03-31,2025-03-31,IRAO,3.655
2025-03-31,2025-03-31,IRKT,34.92
2025-03-31,2025-03-31,IVAT,175.85
2025-03-31,2025-03-31,JNOS,18.7
2025-03-31,2025-03-31,JNOSP,11.6
2025-03-31,2025-03-31,KAZT,513
2025-03-31,2025-03-31,KAZTP,522
2025-03-31,2025-03-31,KBSB,484.5
2025-03-31,2025-03-31,KCHE,0.487
2025-03-31,2025-03-31,KCHEP,0.92
2025-03-31,2025-03-31,KGKC,43.6
2025-03-31,2025-03-31,KGKCP,51.4
2025-03-31,2025-03-31,KLSB,22.57
2025-03-31,2025-03-31,KLVZ,3.93
2025-03-31,2025-03-31,KMAZ,114.1
2025-03-31,2025-03-31,KMEZ,1282
2025-03-31,2025-03-31,KOGK,40200
2025-03-31,2025-03-31,KRKN,9350
2025-03-31,2025-03-31,KRKNP,8300
2025-03-31,2025-03-31,KRKOP,14.2
2025-03-31,2025-03-31,KROT,1598
2025-03-31,2025-03-31,KROTP,504
2025-03-31,2025-03-31,KRSB,16.48
2025-03-31,2025-03-31,KRSBP,16.48
2025-03-31,2025-03-31,KUZB,0.03715
2025-03-31,2025-03-31,KZOS,85
2025-03-31,2025-03-31,KZOSP,23.1
2025-03-31,2025-03-31,LEAS,698.4
2025-03-31,2025-03-31,LENT,1455
2025-03-31,2025-03-31,LIFE,3.905
2025-03-31,2025-03-31,LKOH,7026.5
2025-03-31,2025-03-31,LMBZ,508
2025-03-31,2025-03-31,LNZL,13320
2025-03-31,2025-03-31,LNZLP,1890
2025-03-31,2025-03-31,LPSB,67.9
2025-03-31,2025-03-31,LSNG,14.81
2025-03-31,2025-03-31,LSNGP,204.5
2025-03-31,2025-03-31,LSRG,865.2
2025-03-31,2025-03-31,LVHK,31
2025-03-31,2025-03-31,MAGE,3.36
2025-03-31,2025-03-31,MAGEP,2.54
2025-03-31,2025-03-31,MAGN,35.34
2025-03-31,2025-03-31,MBNK,1508.5
2025-03-31,2025-03-31,MDMG,1025
2025-03-31,2025-03-31,MFGS,385
2025-03-31,2025-03-31,MFGSP,253.5
2025-03-31,2025-03-31,MGKL,2.59
2025-03-31,2025-03-31,MGNT,4417.5
2025-03-31,2025-03-31,MGNZ,7440
2025-03-31,2025-03-31,MGTS,1240
2025-03-31,2025-03-31,MGTSP,866
2025-03-31,2025-03-31,MISB,53.3
2025-03-31,2025-03-31,MISBP,47.9
2025-03-31,2025-03-31,MOEX,199.55
2025-03-31,2025-03-31,MRKC,0.5806
2025-03-31,2025-03-31,MRKK,18.96
2025-03-31,2025-03-31,MRKP,0.3753
2025-03-31,2025-03-31,MRKS,0.5835
2025-03-31,2025-03-31,MRKU,0.416
2025-03-31,2025-03-31,MRKV,0.0708
2025-03-31,2025-03-31,MRKY,0.0753
2025-03-31,2025-03-31,MRKZ,0.06415
2025-03-31,2025-03-31,MRSB,0.758
2025-03-31,2025-03-31,MSNG,2.366
2025-03-31,2025-03-31,MSRS,1.177
2025-03-31,2025-03-31,MSTT,148.35
2025-03-31,2025-03-31,MTLR,111.65
2025-03-31,2025-03-31,MTLRP,114.65
2025-03-31,2025-03-31,MTSS,227.2
2025-03-31,2025-03-31,MVID,118.15
2025-03-31,2025-03-31,NAUK,561
2025-03-31,2025-03-31,NFAZ,390.5
2025-03-31,2025-03-31,NKHP,873
2025-03-31,2025-03-31,NKNC,95.05
2025-03-31,2025-03-31,NKNCP,75.4
2025-03-31,2025-03-31,NKSH,49.7
2025-03-31,2025-03-31,NLMK,144.58
2025-03-31,2025-03-31,NMTP,9.41
2025-03-31,2025-03-31,NNSB,3680
2025-03-31,2025-03-31,NNSBP,1254
2025-03-31,2025-03-31,NSVZ,337.5
2025-03-31,2025-03-31,NVTK,1216.6
2025-03-31,2025-03-31,OGKB,0.3648
2025-03-31,2025-03-31,OKEY,29.61
2025-03-31,2025-03-31,OMZZP,13960
2025-03-31,2025-03-31,OZON,3773.5
2025-03-31,2025-03-31,OZPH,52.05
2025-03-31,2025-03-31,PAZA,11820
2025-03-31,2025-03-31,PHOR,6393
2025-03-31,2025-03-31,PIKK,534.1
2025-03-31,2025-03-31,PLZL,1863.6
2025-03-31,2025-03-31,PMSB,248.7
2025-03-31,2025-03-31,PMSBP,264.4
2025-03-31,2025-03-31,POSI,1320
2025-03-31,2025-03-31,PRFN,4.658
2025-03-31,2025-03-31,PRMB,32200
2025-03-31,2025-03-31,PRMD,420.6
2025-03-31,2025-03-31,QIWI,179.6
2025-03-31,2025-03-31,RAGR,147.02
2025-03-31,2025-03-31,RASP,270
2025-03-31,2025-03-31,RBCM,14.66
2025-03-31,2025-03-31,RDRB,152
2025-03-31,2025-03-31,RENI,125.46
2025-03-31,2025-03-31,RGSS,0.249
2025-03-31,2025-03-31,RKKE,26050
2025-03-31,2025-03-31,RNFT,147.3
2025-03-31,2025-03-31,ROLO,0.7174
2025-03-31,2025-03-31,ROSN,490.5
2025-03-31,2025-03-31,ROST,125
2025-03-31,2025-03-31,RTGZ,58400
2025-03-31,2025-03-31,RTKM,66.11
2025-03-31,2025-03-31,RTKMP,58.05
2025-03-31,2025-03-31,RTSB,2.995
2025-03-31,2025-03-31,RTSBP,1.442
2025-03-31,2025-03-31,RUAL,38.28
2025-03-31,2025-03-31,RUSI,84.3
2025-03-31,2025-03-31,RZSB,31.84
2025-03-31,2025-03-31,SAGO,2.965
2025-03-31,2025-03-31,SAGOP,3.09
2025-03-31,2025-03-31,SARE,0.465
2025-03-31,2025-03-31,SAREP,0.2595
2025-03-31,2025-03-31,SBER,309.72
2025-03-31,2025-03-31,SBERP,307.59
2025-03-31,2025-03-31,SELG,50.29
2025-03-31,2025-03-31,SFIN,1465.2
2025-03-31,2025-03-31,SGZH,1.664
2025-03-31,2025-03-31,SIBN,578.65
2025-03-31,2025-03-31,SLEN,3.705
2025-03-31,2025-03-31,SMLT,1264.5
2025-03-31,2025-03-31,SNGS,25.535
2025-03-31,2025-03-31,SNGSP,53.745
2025-03-31,2025-03-31,SOFL,111.1
2025-03-31,2025-03-31,SPBE,257.7
2025-03-31,2025-03-31,STSB,3.885
2025-03-31,2025-03-31,STSBP,4.41
2025-03-31,2025-03-31,SVAV,709
2025-03-31,2025-03-31,SVCB,16.97
2025-03-31,2025-03-31,SVET,16.65
2025-03-31,2025-03-31,SVETP,24
2025-03-31,2025-03-31,T,3365.4
2025-03-31,2025-03-31,TASB,1.404
2025-03-31,2025-03-31,TASBP,0.966
2025-03-31,2025-03-31,TATN,673.3
2025-03-31,2025-03-31,TATNP,628.6
2025-03-31,2025-03-31,TGKA,0.00749
2025-03-31,2025-03-31,TGKB,0.0075
2025-03-31,2025-03-31,TGKBP,0.01182
2025-03-31,2025-03-31,TGKN,0.0085
2025-03-31,2025-03-31,TNSE,2350
2025-03-31,2025-03-31,TORS,0.636
2025-03-31,2025-03-31,TORSP,0.448
2025-03-31,2025-03-31,TRMK,121.6
2025-03-31,2025-03-31,TRNFP,1257.4
2025-03-31,2025-03-31,TTLK,0.7555
2025-03-31,2025-03-31,TUZA,189
2025-03-31,2025-03-31,UGLD,0.7304
2025-03-31,2025-03-31,UKUZ,1122
2025-03-31,2025-03-31,UNAC,0.622
2025-03-31,2025-03-31,UNKL,5770
2025-03-31,2025-03-31,UPRO,1.806
2025-03-31,2025-03-31,URKZ,37000
2025-03-31,2025-03-31,USBN,0.1784
2025-03-31,2025-03-31,UTAR,13.21
2025-03-31,2025-03-31,UWGN,47.66
2025-03-31,2025-03-31,VEON-RX,93.85
2025-03-31,2025-03-31,VGSB,12.25
2025-03-31,2025-03-31,VGSBP,10.98
2025-03-31,2025-03-31,VJGZ,2675
2025-03-31,2025-03-31,VJGZP,1865
2025-03-31,2025-03-31,VKCO,282
2025-03-31,2025-03-31,VLHZ,203.4
2025-03-31,2025-03-31,VRSB,435
2025-03-31,2025-03-31,VRSBP,142
2025-03-31,2025-03-31,VSEH,103.5
2025-03-31,2025-03-31,VSMO,35540
2025-03-31,2025-03-31,VSYD,12400
2025-03-31,2025-03-31,VSYDP,9300
2025-03-31,2025-03-31,VTBR,81.96
2025-03-31,2025-03-31,WTCM,13.66
2025-03-31,2025-03-31,WTCMP,11.54
2025-03-31,2025-03-31,WUSH,210.1
2025-03-31,2025-03-31,X5,3507.5
2025-03-31,2025-03-31,YAKG,61.55
2025-03-31,2025-03-31,YDEX,4476
2025-03-31,2025-03-31,YKEN,0.515
2025-03-31,2025-03-31,YKENP,0.414
2025-03-31,2025-03-31,YRSB,786
2025-03-31,2025-03-31,YRSBP,196.5
2025-03-31,2025-03-31,ZAYM,156
2025-03-31,2025-03-31,ZILL,3830
2025-03-31,2025-03-31,ZVEZ,8.22
2025-04-30,2025-04-30,ABIO,82.64
2025-04-30,2025-04-30,ABRD,185.6
2025-04-30,2025-04-30,AFKS,15.21
2025-04-30,2025-04-30,AFLT,71.12
2025-04-30,2025-04-30,AGRO,1085.2
2025-04-30,2025-04-30,AKRN,15992
2025-04-30,2025-04-30,ALRS,50.1
2025-04-30,2025-04-30,AMEZ,68.05
2025-04-30,2025-04-30,APRI,12.934
2025-04-30,2025-04-30,APTK,10.256
2025-04-30,2025-04-30,AQUA,656
2025-04-30,2025-04-30,ARSA,10.86
2025-04-30,2025-04-30,ASSB,1.875
2025-04-30,2025-04-30,ASTR,397.9
2025-04-30,2025-04-30,AVAN,710
2025-04-30,2025-04-30,BANE,2001
2025-04-30,2025-04-30,BANEP,1178
2025-04-30,2025-04-30,BELU,480.5
2025-04-30,2025-04-30,BISVP,9.09
2025-04-30,2025-04-30,BLNG,14.73
2025-04-30,2025-04-30,BRZL,1785
2025-04-30,2025-04-30,BSPB,407.55
2025-04-30,2025-04-30,BSPBP,65.25
2025-04-30,2025-04-30,CARM,1.4935
2025-04-30,2025-04-30,CBOM,7.735
2025-04-30,2025-04-30,CHGZ,91
2025-04-30,2025-04-30,CHKZ,17150
2025-04-30,2025-04-30,CHMF,1054
2025-04-30,2025-04-30,CHMK,5095
2025-04-30,2025-04-30,CNRU,539.2
2025-04-30,2025-04-30,CNTL,10.44
2025-04-30,2025-04-30,CNTLP,7.34
2025-04-30,2025-04-30,DATA,130.14
2025-04-30,2025-04-30,DELI,169.1
2025-04-30,2025-04-30,DIAS,3300
2025-04-30,2025-04-30,DIOD,11.18
2025-04-30,2025-04-30,DVEC,2.139
2025-04-30,2025-04-30,DZRD,3870
2025-04-30,2025-04-30,DZRDP,2600
2025-04-30,2025-04-30,EELT,11.3
2025-04-30,2025-04-30,ELFV,0.5016
2025-04-30,2025-04-30,ELMT,0.13345
2025-04-30,2025-04-30,ENPG,408.85
2025-04-30,2025-04-30,ETLN,60.38
2025-04-30,2025-04-30,EUTR,122.75
2025-04-30,2025-04-30,FEES,0.06964
2025-04-30,2025-04-30,FESH,63.81
2025-04-30,2025-04-30,FIXP,156
2025-04-30,2025-04-30,FLOT,87.01
2025-04-30,2025-04-30,GAZA,670
2025-04-30,2025-04-30,GAZAP,424
2025-04-30,2025-04-30,GAZC,659
2025-04-30,2025-04-30,GAZP,149.89
2025-04-30,2025-04-30,GAZS,839
2025-04-30,2025-04-30,GAZT,1739
2025-04-30,2025-04-30,GCHE,3795
2025-04-30,2025-04-30,GECO,27.85
2025-04-30,2025-04-30,GEMA,123.9
2025-04-30,2025-04-30,GEMC,732.2
2025-04-30,2025-04-30,GMKN,114.38
2025-04-30,2025-04-30,GTRK,224.3
2025-04-30,2025-04-30,HEAD,3204
2025-04-30,2025-04-30,HIMCP,22.62
2025-04-30,2025-04-30,HNFG,624.6
2025-04-30,2025-04-30,HYDR,0.4744
2025-04-30,2025-04-30,IGST,5860
2025-04-30,2025-04-30,IGSTP,4490
2025-04-30,2025-04-30,INGR,1762
2025-04-30,2025-04-30,IRAO,3.527
2025-04-30,2025-04-30,IRKT,32.34
2025-04-30,2025-04-30,IVAT,145.8
2025-04-30,2025-04-30,JNOS,16.45
2025-04-30,2025-04-30,JNOSP,10.8
2025-04-30,2025-04-30,KAZT,478
2025-04-30,2025-04-30,KAZTP,486.5
2025-04-30,2025-04-30,KBSB,445
2025-04-30,2025-04-30,KCHE,0.433
2025-04-30,2025-04-30,KCHEP,0.725
2025-04-30,2025-04-30,KGKC,41
2025-04-30,2025-04-30,KGKCP,50
2025-04-30,2025-04-30,KLSB,22.61
2025-04-30,2025-04-30,KLVZ,3.758
2025-04-30,2025-04-30,KMAZ,108.3
2025-04-30,2025-04-30,KMEZ,1170
2025-04-30,2025-04-30,KOGK,39600
2025-04-30,2025-04-30,KRKN,9050
2025-04-30,2025-04-30,KRKNP,8080
2025-04-30,2025-04-30,KRKOP,12.92
2025-04-30,2025-04-30,KROT,1554
2025-04-30,2025-04-30,KROTP,490
2025-04-30,2025-04-30,KRSB,16.26
2025-04-30,2025-04-30,KRSBP,15.84
2025-04-30,2025-04-30,KUZB,0.0342
2025-04-30,2025-04-30,KZOS,79.3
2025-04-30,2025-04-30,KZOSP,20.51
2025-04-30,2025-04-30,LEAS,618.4
2025-04-30,2025-04-30,LENT,1479
2025-04-30,2025-04-30,LIFE,3.65
2025-04-30,2025-04-30,LKOH,6684
2025-04-30,2025-04-30,LMBZ,492.5
2025-04-30,2025-04-30,LNZL,12450
2025-04-30,2025-04-30,LNZLP,1775
2025-04-30,2025-04-30,LPSB,60.4
2025-04-30,2025-04-30,LSNG,14.01
2025-04-30,2025-04-30,LSNGP,207.3
2025-04-30,2025-04-30,LSRG,777.2
2025-04-30,2025-04-30,LVHK,29.2
2025-04-30,2025-04-30,MAGE,3.08
2025-04-30,2025-04-30,MAGEP,2.2
2025-04-30,2025-04-30,MAGN,32.815
2025-04-30,2025-04-30,MBNK,1250.5
2025-04-30,2025-04-30,MDMG,974.9
2025-04-30,2025-04-30,MFGS,354
2025-04-30,2025-04-30,MFGSP,232
2025-04-30,2025-04-30,MGKL,2.48
2025-04-30,2025-04-30,MGNT,4434.5
2025-04-30,2025-04-30,MGNZ,7440
2025-04-30,2025-04-30,MGTS,1145
2025-04-30,2025-04-30,MGTSP,836
2025-04-30,2025-04-30,MISB,47
2025-04-30,2025-04-30,MISBP,43.8
2025-04-30,2025-04-30,MOEX,199.17
2025-04-30,2025-04-30,MRKC,0.5336
2025-04-30,2025-04-30,MRKK,16.78
2025-04-30,2025-04-30,MRKP,0.3807
2025-04-30,2025-04-30,MRKS,0.508
2025-04-30,2025-04-30,MRKU,0.3902
2025-04-30,2025-04-30,MRKV,0.07755
2025-04-30,2025-04-30,MRKY,0.0676
2025-04-30,2025-04-30,MRKZ,0.061
2025-04-30,2025-04-30,MRSB,0.742
2025-04-30,2025-04-30,MSNG,2.1875
2025-04-30,2025-04-30,MSRS,1.1645
2025-04-30,2025-04-30,MSTT,131.4
2025-04-30,2025-04-30,MTLR,92.13
2025-04-30,2025-04-30,MTLRP,93.4
2025-04-30,2025-04-30,MTSS,216.3
2025-04-30,2025-04-30,MVID,105.3
2025-04-30,2025-04-30,NAUK,489.5
2025-04-30,2025-04-30,NFAZ,322
2025-04-30,2025-04-30,NKHP,780
2025-04-30,2025-04-30,NKNC,89.3
2025-04-30,2025-04-30,NKNCP,69.64
2025-04-30,2025-04-30,NKSH,45.6
2025-04-30,2025-04-30,NLMK,130.28
2025-04-30,2025-04-30,NMTP,9.275
2025-04-30,2025-04-30,NNSB,3600
2025-04-30,2025-04-30,NNSBP,1200
2025-04-30,2025-04-30,NSVZ,302.5
2025-04-30,2025-04-30,NVTK,1186.8
2025-04-30,2025-04-30,OGKB,0.3506
2025-04-30,2025-04-30,OKEY,29.63
2025-04-30,2025-04-30,OMZZP,11220
2025-04-30,2025-04-30,OZON,3749.5
2025-04-30,2025-04-30,OZPH,53.15
2025-04-30,2025-04-30,PAZA,10320
2025-04-30,2025-04-30,PHOR,6150
2025-04-30,2025-04-30,PIKK,477.3
2025-04-30,2025-04-30,PLZL,1751.4
2025-04-30,2025-04-30,PMSB,292.2
2025-04-30,2025-04-30,PMSBP,294.6
2025-04-30,2025-04-30,POSI,1251.2
2025-04-30,2025-04-30,PRFN,4.22
2025-04-30,2025-04-30,PRMB,30400
2025-04-30,2025-04-30,PRMD,399.75
2025-04-30,2025-04-30,QIWI,163.6
2025-04-30,2025-04-30,RAGR,133.72
2025-04-30,2025-04-30,RASP,243.05
2025-04-30,2025-04-30,RBCM,13
2025-04-30,2025-04-30,RDRB,142
2025-04-30,2025-04-30,RENI,114.42
2025-04-30,2025-04-30,RGSS,0.245
2025-04-30,2025-04-30,RKKE,18810
2025-04-30,2025-04-30,RNFT,123.65
2025-04-30,2025-04-30,ROLO,0.6474
2025-04-30,2025-04-30,ROSN,454.5
2025-04-30,2025-04-30,ROST,118.8
2025-04-30,2025-04-30,RTGZ,54600
2025-04-30,2025-04-30,RTKM,57.7
2025-04-30,2025-04-30,RTKMP,55.4
2025-04-30,2025-04-30,RTSB,2.68
2025-04-30,2025-04-30,RTSBP,1.35
2025-04-30,2025-04-30,RUAL,33.89
2025-04-30,2025-04-30,RUSI,74.8
2025-04-30,2025-04-30,RZSB,32.5
2025-04-30,2025-04-30,SAGO,2.8
2025-04-30,2025-04-30,SAGOP,2.91
2025-04-30,2025-04-30,SARE,0.429
2025-04-30,2025-04-30,SAREP,0.2355
2025-04-30,2025-04-30,SBER,307.8
2025-04-30,2025-04-30,SBERP,305.5
2025-04-30,2025-04-30,SELG,49.32
2025-04-30,2025-04-30,SFIN,1359.6
2025-04-30,2025-04-30,SGZH,1.487
2025-04-30,2025-04-30,SIBN,561.05
2025-04-30,2025-04-30,SLEN,3.305
2025-04-30,2025-04-30,SMLT,1194.5
2025-04-30,2025-04-30,SNGS,23.455
2025-04-30,2025-04-30,SNGSP,53.465
2025-04-30,2025-04-30,SOFL,102.42
2025-04-30,2025-04-30,SPBE,265
2025-04-30,2025-04-30,STSB,3.875
2025-04-30,2025-04-30,STSBP,4.82
2025-04-30,2025-04-30,SVAV,690.5
2025-04-30,2025-04-30,SVCB,15.385
2025-04-30,2025-04-30,SVET,16
2025-04-30,2025-04-30,SVETP,22.15
2025-04-30,2025-04-30,T,3169.8
2025-04-30,2025-04-30,TASB,1.358
2025-04-30,2025-04-30,TASBP,0.848
2025-04-30,2025-04-30,TATN,714.9
2025-04-30,2025-04-30,TATNP,672.7
2025-04-30,2025-04-30,TGKA,0.006586
2025-04-30,2025-04-30,TGKB,0.00655
2025-04-30,2025-04-30,TGKBP,0.01013
2025-04-30,2025-04-30,TGKN,0.00809
2025-04-30,2025-04-30,TNSE,2255
2025-04-30,2025-04-30,TORS,0.576
2025-04-30,2025-04-30,TORSP,0.409
2025-04-30,2025-04-30,TRMK,110.28
2025-04-30,2025-04-30,TRNFP,1273.4
2025-04-30,2025-04-30,TTLK,0.766
2025-04-30,2025-04-30,TUZA,170
2025-04-30,2025-04-30,UGLD,0.6554
2025-04-30,2025-04-30,UKUZ,1028
2025-04-30,2025-04-30,UNAC,0.6095
2025-04-30,2025-04-30,UNKL,5370
2025-04-30,2025-04-30,UPRO,1.718
2025-04-30,2025-04-30,URKZ,33900
2025-04-30,2025-04-30,USBN,0.1595
2025-04-30,2025-04-30,UTAR,12.74
2025-04-30,2025-04-30,UWGN,41.4
2025-04-30,2025-04-30,VEON-RX,82
2025-04-30,2025-04-30,VGSB,10.8
2025-04-30,2025-04-30,VGSBP,10.62
2025-04-30,2025-04-30,VJGZ,2555
2025-04-30,2025-04-30,VJGZP,1550
2025-04-30,2025-04-30,VKCO,268.4
2025-04-30,2025-04-30,VLHZ,174
2025-04-30,2025-04-30,VRSB,391
2025-04-30,2025-04-30,VRSBP,126.8
2025-04-30,2025-04-30,VSEH,91.3
2025-04-30,2025-04-30,VSMO,33280
2025-04-30,2025-04-30,VSYD,11400
2025-04-30,2025-04-30,VSYDP,8200
2025-04-30,2025-04-30,VTBR,98.1
2025-04-30,2025-04-30,WTCM,12.86
2025-04-30,2025-04-30,WTCMP,10.18
2025-04-30,2025-04-30,WUSH,174.9
2025-04-30,2025-04-30,X5,3341
2025-04-30,2025-04-30,YAKG,57.85
2025-04-30,2025-04-30,YDEX,4106
2025-04-30,2025-04-30,YKEN,0.481
2025-04-30,2025-04-30,YKENP,0.375
2025-04-30,2025-04-30,YRSB,724
2025-04-30,2025-04-30,YRSBP,188
2025-04-30,2025-04-30,ZAYM,144.8
2025-04-30,2025-04-30,ZILL,4085
2025-04-30,2025-04-30,ZVEZ,7.52
2025-05-30,2025-05-30,ABIO,79.4
2025-05-30,2025-05-30,ABRD,181.2
2025-05-30,2025-05-30,AFKS,15.651
2025-05-30,2025-05-30,AFLT,68.53
2025-05-30,2025-05-30,AGRO,1085.2
2025-05-30,2025-05-30,AKRN,16174
2025-05-30,2025-05-30,ALRS,46.03
2025-05-30,2025-05-30,AMEZ,68.05
2025-05-30,2025-05-30,APRI,13.352
2025-05-30,2025-05-30,APTK,9.698
2025-05-30,2025-05-30,AQUA,612
2025-05-30,2025-05-30,ARSA,10.77
2025-05-30,2025-05-30,ASSB,1.49
2025-05-30,2025-05-30,ASTR,395
2025-05-30,2025-05-30,AVAN,666
2025-05-30,2025-05-30,BANE,1820.5
2025-05-30,2025-05-30,BANEP,1132.5
2025-05-30,2025-05-30,BELU,460
2025-05-30,2025-05-30,BISVP,8.93
2025-05-30,2025-05-30,BLNG,14.31
2025-05-30,2025-05-30,BRZL,1743
2025-05-30,2025-05-30,BSPB,378.93
2025-05-30,2025-05-30,BSPBP,62.35
2025-05-30,2025-05-30,CARM,1.4145
2025-05-30,2025-05-30,CBOM,6.163
2025-05-30,2025-05-30,CHGZ,81.8
2025-05-30,2025-05-30,CHKZ,16650
2025-05-30,2025-05-30,CHMF,1004.8
2025-05-30,2025-05-30,CHMK,4905
2025-05-30,2025-05-30,CNRU,544.2
2025-05-30,2025-05-30,CNTL,10.08
2025-05-30,2025-05-30,CNTLP,7.1
2025-05-30,2025-05-30,DATA,124.4
2025-05-30,2025-05-30,DELI,164.55
2025-05-30,2025-05-30,DIAS,3150
2025-05-30,2025-05-30,DIOD,11.18
2025-05-30,2025-05-30,DVEC,2.121
2025-05-30,2025-05-30,DZRD,3785
2025-05-30,2025-05-30,DZRDP,2380
2025-05-30,2025-05-30,EELT,9.9
2025-05-30,2025-05-30,ELFV,0.485
2025-05-30,2025-05-30,ELMT,0.1271
2025-05-30,2025-05-30,ENPG,358.55
2025-05-30,2025-05-30,ETLN,55
2025-05-30,2025-05-30,EUTR,120.2
2025-05-30,2025-05-30,FEES,0.06534
2025-05-30,2025-05-30,FESH,59.31
2025-05-30,2025-05-30,FIXP,146.6
2025-05-30,2025-05-30,FLOT,76.9
2025-05-30,2025-05-30,GAZA,611
2025-05-30,2025-05-30,GAZAP,403.5
2025-05-30,2025-05-30,GAZC,659
2025-05-30,2025-05-30,GAZP,132.26
2025-05-30,2025-05-30,GAZS,839
2025-05-30,2025-05-30,GAZT,1739
2025-05-30,2025-05-30,GCHE,3532
2025-05-30,2025-05-30,GECO,26.47
2025-05-30,2025-05-30,GEMA,116
2025-05-30,2025-05-30,GEMC,669.8
2025-05-30,2025-05-30,GMKN,106.42
2025-05-30,2025-05-30,GTRK,211.4
2025-05-30,2025-05-30,HEAD,3058
2025-05-30,2025-05-30,HIMCP,20.34
2025-05-30,2025-05-30,HNFG,611
2025-05-30,2025-05-30,HYDR,0.4584
2025-05-30,2025-05-30,IGST,5360
2025-05-30,2025-05-30,IGSTP,4270
2025-05-30,2025-05-30,INGR,1746
2025-05-30,2025-05-30,IRAO,3.548
2025-05-30,2025-05-30,IRKT,28.34
2025-05-30,2025-05-30,IVAT,123.5
2025-05-30,2025-05-30,JNOS,16
2025-05-30,2025-05-30,JNOSP,9.88
2025-05-30,2025-05-30,KAZT,464
2025-05-30,2025-05-30,KAZTP,468
2025-05-30,2025-05-30,KBSB,499
2025-05-30,2025-05-30,KCHE,0.416
2025-05-30,2025-05-30,KCHEP,0.62
2025-05-30,2025-05-30,KGKC,39.8
2025-05-30,2025-05-30,KGKCP,52.6
2025-05-30,2025-05-30,KLSB,23
2025-05-30,2025-05-30,KLVZ,3.618
2025-05-30,2025-05-30,KMAZ,98.8
2025-05-30,2025-05-30,KMEZ,1200
2025-05-30,2025-05-30,KOGK,36200
2025-05-30,2025-05-30,KRKN,8650
2025-05-30,2025-05-30,KRKNP,8080
2025-05-30,2025-05-30,KRKOP,12.72
2025-05-30,2025-05-30,KROT,1463
2025-05-30,2025-05-30,KROTP,453
2025-05-30,2025-05-30,KRSB,19.58
2025-05-30,2025-05-30,KRSBP,19.76
2025-05-30,2025-05-30,KUZB,0.03435
2025-05-30,2025-05-30,KZOS,76.7
2025-05-30,2025-05-30,KZOSP,19.34
2025-05-30,2025-05-30,LEAS,599
2025-05-30,2025-05-30,LENT,1448.5
2025-05-30,2025-05-30,LIFE,3.41
2025-05-30,2025-05-30,LKOH,6749
2025-05-30,2025-05-30,LMBZ,494
2025-05-30,2025-05-30,LNZL,11780
2025-05-30,2025-05-30,LNZLP,1660
2025-05-30,2025-05-30,LPSB,56.45
2025-05-30,2025-05-30,LSNG,13.26
2025-05-30,2025-05-30,LSNGP,218.1
2025-05-30,2025-05-30,LSRG,764.8
2025-05-30,2025-05-30,LVHK,28.45
2025-05-30,2025-05-30,MAGE,3.08
2025-05-30,2025-05-30,MAGEP,2.26
2025-05-30,2025-05-30,MAGN,30.93
2025-05-30,2025-05-30,MBNK,1234.5
2025-05-30,2025-05-30,MDMG,968.6
2025-05-30,2025-05-30,MFGS,336
2025-05-30,2025-05-30,MFGSP,249.5
2025-05-30,2025-05-30,MGKL,2.369
2025-05-30,2025-05-30,MGNT,3788
2025-05-30,2025-05-30,MGNZ,7440
2025-05-30,2025-05-30,MGTS,1060
2025-05-30,2025-05-30,MGTSP,764
2025-05-30,2025-05-30,MISB,48.5
2025-05-30,2025-05-30,MISBP,48.5
2025-05-30,2025-05-30,MOEX,188.66
2025-05-30,2025-05-30,MRKC,0.6356
2025-05-30,2025-05-30,MRKK,15.1
2025-05-30,2025-05-30,MRKP,0.4007
2025-05-30,2025-05-30,MRKS,0.5365
2025-05-30,2025-05-30,MRKU,0.3666
2025-05-30,2025-05-30,MRKV,0.0899
2025-05-30,2025-05-30,MRKY,0.06975
2025-05-30,2025-05-30,MRKZ,0.06775
2025-05-30,2025-05-30,MRSB,0.704
2025-05-30,2025-05-30,MSNG,2.179
2025-05-30,2025-05-30,MSRS,1.232
2025-05-30,2025-05-30,MSTT,129.1
2025-05-30,2025-05-30,MTLR,85.02
2025-05-30,2025-05-30,MTLRP,82.75
2025-05-30,2025-05-30,MTSS,216.95
2025-05-30,2025-05-30,MVID,92.55
2025-05-30,2025-05-30,NAUK,451.5
2025-05-30,2025-05-30,NFAZ,313.5
2025-05-30,2025-05-30,NKHP,759
2025-05-30,2025-05-30,NKNC,85.65
2025-05-30,2025-05-30,NKNCP,70.44
2025-05-30,2025-05-30,NKSH,42.9
2025-05-30,2025-05-30,NLMK,117.18
2025-05-30,2025-05-30,NMTP,9.33
2025-05-30,2025-05-30,NNSB,3440
2025-05-30,2025-05-30,NNSBP,1208
2025-05-30,2025-05-30,NSVZ,263
2025-05-30,2025-05-30,NVTK,1101.8
2025-05-30,2025-05-30,OGKB,0.3996
2025-05-30,2025-05-30,OKEY,28.02
2025-05-30,2025-05-30,OMZZP,10240
2025-05-30,2025-05-30,OZON,3696
2025-05-30,2025-05-30,OZPH,50.2
2025-05-30,2025-05-30,PAZA,10080
2025-05-30,2025-05-30,PHOR,6373
2025-05-30,2025-05-30,PIKK,534.5
2025-05-30,2025-05-30,PLZL,1687
2025-05-30,2025-05-30,PMSB,317.6
2025-05-30,2025-05-30,PMSBP,315.2
2025-05-30,2025-05-30,POSI,1111.8
2025-05-30,2025-05-30,PRFN,3.918
2025-05-30,2025-05-30,PRMB,29000
2025-05-30,2025-05-30,PRMD,408.5
2025-05-30,2025-05-30,QIWI,203.6
2025-05-30,2025-05-30,RAGR,110.12
2025-05-30,2025-05-30,RASP,231.25
2025-05-30,2025-05-30,RBCM,12.78
2025-05-30,2025-05-30,RDRB,145
2025-05-30,2025-05-30,RENI,110.1
2025-05-30,2025-05-30,RGSS,0.2274
2025-05-30,2025-05-30,RKKE,16280
2025-05-30,2025-05-30,RNFT,119.9
2025-05-30,2025-05-30,ROLO,0.5964
2025-05-30,2025-05-30,ROSN,427.15
2025-05-30,2025-05-30,ROST,112.8
2025-05-30,2025-05-30,RTGZ,52200
2025-05-30,2025-05-30,RTKM,57.87
2025-05-30,2025-05-30,RTKMP,55.5
2025-05-30,2025-05-30,RTSB,2.775
2025-05-30,2025-05-30,RTSBP,1.29
2025-05-30,2025-05-30,RUAL,30.96
2025-05-30,2025-05-30,RUSI,69.1
2025-05-30,2025-05-30,RZSB,34.02
2025-05-30,2025-05-30,SAGO,2.47
2025-05-30,2025-05-30,SAGOP,2.605
2025-05-30,2025-05-30,SARE,0.401
2025-05-30,2025-05-30,SAREP,0.2265
2025-05-30,2025-05-30,SBER,309.3
2025-05-30,2025-05-30,SBERP,306.6
2025-05-30,2025-05-30,SELG,43.41
2025-05-30,2025-05-30,SFIN,1306.6
2025-05-30,2025-05-30,SGZH,1.612
2025-05-30,2025-05-30,SIBN,526.55
2025-05-30,2025-05-30,SLEN,3.35
2025-05-30,2025-05-30,SMLT,1197
2025-05-30,2025-05-30,SNGS,21.965
2025-05-30,2025-05-30,SNGSP,51.4
2025-05-30,2025-05-30,SOFL,104.2
2025-05-30,2025-05-30,SPBE,251.5
2025-05-30,2025-05-30,STSB,3.065
2025-05-30,2025-05-30,STSBP,4.91
2025-05-30,2025-05-30,SVAV,709
2025-05-30,2025-05-30,SVCB,15.585
2025-05-30,2025-05-30,SVET,14.7
2025-05-30,2025-05-30,SVETP,21.75
2025-05-30,2025-05-30,T,3191.8
2025-05-30,2025-05-30,TASB,1.266
2025-05-30,2025-05-30,TASBP,0.756
2025-05-30,2025-05-30,TATN,704.8
2025-05-30,2025-05-30,TATNP,677
2025-05-30,2025-05-30,TGKA,0.006458
2025-05-30,2025-05-30,TGKB,0.00612
2025-05-30,2025-05-30,TGKBP,0.00904
2025-05-30,2025-05-30,TGKN,0.00577
2025-05-30,2025-05-30,TNSE,2330
2025-05-30,2025-05-30,TORS,0.564
2025-05-30,2025-05-30,TORSP,0.383
2025-05-30,2025-05-30,TRMK,100.4
2025-05-30,2025-05-30,TRNFP,1293.6
2025-05-30,2025-05-30,TTLK,0.61
2025-05-30,2025-05-30,TUZA,146.5
2025-05-30,2025-05-30,UGLD,0.6221
2025-05-30,2025-05-30,UKUZ,980
2025-05-30,2025-05-30,UNAC,0.5425
2025-05-30,2025-05-30,UNKL,5130
2025-05-30,2025-05-30,UPRO,1.574
2025-05-30,2025-05-30,URKZ,32300
2025-05-30,2025-05-30,USBN,0.117
2025-05-30,2025-05-30,UTAR,11.37
2025-05-30,2025-05-30,UWGN,39.06
2025-05-30,2025-05-30,VEON-RX,78.1
2025-05-30,2025-05-30,VGSB,10.25
2025-05-30,2025-05-30,VGSBP,9.3
2025-05-30,2025-05-30,VJGZ,2235
2025-05-30,2025-05-30,VJGZP,1295
2025-05-30,2025-05-30,VKCO,260.8
2025-05-30,2025-05-30,VLHZ,171.8
2025-05-30,2025-05-30,VRSB,358.5
2025-05-30,2025-05-30,VRSBP,125
2025-05-30,2025-05-30,VSEH,79.25
2025-05-30,2025-05-30,VSMO,30860
2025-05-30,2025-05-30,VSYD,10500
2025-05-30,2025-05-30,VSYDP,8000
2025-05-30,2025-05-30,VTBR,93.9
2025-05-30,2025-05-30,WTCM,12.38
2025-05-30,2025-05-30,WTCMP,10.12
2025-05-30,2025-05-30,WUSH,161
2025-05-30,2025-05-30,X5,3251.5
2025-05-30,2025-05-30,YAKG,51.3
2025-05-30,2025-05-30,YDEX,4172
2025-05-30,2025-05-30,YKEN,0.44
2025-05-30,2025-05-30,YKENP,0.37
2025-05-30,2025-05-30,YRSB,738
2025-05-30,2025-05-30,YRSBP,194.5
2025-05-30,2025-05-30,ZAYM,152.2
2025-05-30,2025-05-30,ZILL,3960
2025-05-30,2025-05-30,ZVEZ,7.15
2025-05-31,2025-05-30,ABIO,79.4
2025-05-31,2025-05-30,ABRD,181.2
2025-05-31,2025-05-30,AFKS,15.651
2025-05-31,2025-05-30,AFLT,68.53
2025-05-31,2025-05-30,AGRO,1085.2
2025-05-31,2025-05-30,AKRN,16174
2025-05-31,2025-05-30,ALRS,46.03
2025-05-31,2025-05-30,AMEZ,68.05
2025-05-31,2025-05-30,APRI,13.352
2025-05-31,2025-05-30,APTK,9.698
2025-05-31,2025-05-30,AQUA,612
2025-05-31,2025-05-30,ARSA,10.77
2025-05-31,2025-05-30,ASSB,1.49
2025-05-31,2025-05-30,ASTR,395
2025-05-31,2025-05-30,AVAN,666
2025-05-31,2025-05-30,BANE,1820.5
2025-05-31,2025-05-30,BANEP,1132.5
2025-05-31,2025-05-30,BELU,460
2025-05-31,2025-05-30,BISVP,8.93
2025-05-31,2025-05-30,BLNG,14.31
2025-05-31,2025-05-30,BRZL,1743
2025-05-31,2025-05-30,BSPB,378.93
2025-05-31,2025-05-30,BSPBP,62.35
2025-05-31,2025-05-30,CARM,1.4145
2025-05-31,2025-05-30,CBOM,6.163
2025-05-31,2025-05-30,CHGZ,81.8
2025-05-31,2025-05-30,CHKZ,16650
2025-05-31,2025-05-30,CHMF,1004.8
2025-05-31,2025-05-30,CHMK,4905
2025-05-31,2025-05-30,CNRU,544.2
2025-05-31,2025-05-30,CNTL,10.08
2025-05-31,2025-05-30,CNTLP,7.1
2025-05-31,2025-05-30,DATA,124.4
2025-05-31,2025-05-30,DELI,164.55
2025-05-31,2025-05-30,DIAS,3150
2025-05-31,2025-05-30,DIOD,11.18
2025-05-31,2025-05-30,DVEC,2.121
2025-05-31,2025-05-30,DZRD,3785
2025-05-31,2025-05-30,DZRDP,2380
2025-05-31,2025-05-30,EELT,9.9
2025-05-31,2025-05-30,ELFV,0.485
2025-05-31,2025-05-30,ELMT,0.1271
2025-05-31,2025-05-30,ENPG,358.55
2025-05-31,2025-05-30,ETLN,55
2025-05-31,2025-05-30,EUTR,120.2
2025-05-31,2025-05-30,FEES,0.06534
2025-05-31,2025-05-30,FESH,59.31
2025-05-31,2025-05-30,FIXP,146.6
2025-05-31,2025-05-30,FLOT,76.9
2025-05-31,2025-05-30,GAZA,611
2025-05-31,2025-05-30,GAZAP,403.5
2025-05-31,2025-05-30,GAZC,659
2025-05-31,2025-05-30,GAZP,132.26
2025-05-31,2025-05-30,GAZS,839
2025-05-31,2025-05-30,GAZT,1739
2025-05-31,2025-05-30,GCHE,3532
2025-05-31,2025-05-30,GECO,26.47
2025-05-31,2025-05-30,GEMA,116
2025-05-31,2025-05-30,GEMC,669.8
2025-05-31,2025-05-30,GMKN,106.42
2025-05-31,2025-05-30,GTRK,211.4
2025-05-31,2025-05-30,HEAD,3058
2025-05-31,2025-05-30,HIMCP,20.34
2025-05-31,2025-05-30,HNFG,611
2025-05-31,2025-05-30,HYDR,0.4584
2025-05-31,2025-05-30,IGST,5360
2025-05-31,2025-05-30,IGSTP,4270
2025-05-31,2025-05-30,INGR,1746
2025-05-31,2025-05-30,IRAO,3.548
2025-05-31,2025-05-30,IRKT,28.34
2025-05-31,2025-05-30,IVAT,123.5
2025-05-31,2025-05-30,JNOS,16
2025-05-31,2025-05-30,JNOSP,9.88
2025-05-31,2025-05-30,KAZT,464
2025-05-31,2025-05-30,KAZTP,468
2025-05-31,2025-05-30,KBSB,499
2025-05-31,2025-05-30,KCHE,0.416
2025-05-31,2025-05-30,KCHEP,0.62
2025-05-31,2025-05-30,KGKC,39.8
2025-05-31,2025-05-30,KGKCP,52.6
2025-05-31,2025-05-30,KLSB,23
2025-05-31,2025-05-30,KLVZ,3.618
2025-05-31,2025-05-30,KMAZ,98.8
2025-05-31,2025-05-30,KMEZ,1200
2025-05-31,2025-05-30,KOGK,36200
2025-05-31,2025-05-30,KRKN,8650
2025-05-31,2025-05-30,KRKNP,8080
2025-05-31,2025-05-30,KRKOP,12.72
2025-05-31,2025-05-30,KROT,1463
2025-05-31,2025-05-30,KROTP,453
2025-05-31,2025-05-30,KRSB,19.58
2025-05-31,2025-05-30,KRSBP,19.76
2025-05-31,2025-05-30,KUZB,0.03435
2025-05-31,2025-05-30,KZOS,76.7
2025-05-31,2025-05-30,KZOSP,19.34
2025-05-31,2025-05-30,LEAS,599
2025-05-31,2025-05-30,LENT,1448.5
2025-05-31,2025-05-30,LIFE,3.41
2025-05-31,2025-05-30,LKOH,6749
2025-05-31,2025-05-30,LMBZ,494
2025-05-31,2025-05-30,LNZL,11780
2025-05-31,2025-05-30,LNZLP,1660
2025-05-31,2025-05-30,LPSB,56.45
2025-05-31,2025-05-30,LSNG,13.26
2025-05-31,2025-05-30,LSNGP,218.1
2025-05-31,2025-05-30,LSRG,764.8
2025-05-31,2025-05-30,LVHK,28.45
2025-05-31,2025-05-30,MAGE,3.08
2025-05-31,2025-05-30,MAGEP,2.26
2025-05-31,2025-05-30,MAGN,30.93
2025-05-31,2025-05-30,MBNK,1234.5
2025-05-31,2025-05-30,MDMG,968.6
2025-05-31,2025-05-30,MFGS,336
2025-05-31,2025-05-30,MFGSP,249.5
2025-05-31,2025-05-30,MGKL,2.369
2025-05-31,2025-05-30,MGNT,3788
2025-05-31,2025-05-30,MGNZ,7440
2025-05-31,2025-05-30,MGTS,1060
2025-05-31,2025-05-30,MGTSP,764
2025-05-31,2025-05-30,MISB,48.5
2025-05-31,2025-05-30,MISBP,48.5
2025-05-31,2025-05-30,MOEX,188.66
2025-05-31,2025-05-30,MRKC,0.6356
2025-05-31,2025-05-30,MRKK,15.1
2025-05-31,2025-05-30,MRKP,0.4007
2025-05-31,2025-05-30,MRKS,0.5365
2025-05-31,2025-05-30,MRKU,0.3666
2025-05-31,2025-05-30,MRKV,0.0899
2025-05-31,2025-05-30,MRKY,0.06975
2025-05-31,2025-05-30,MRKZ,0.06775
2025-05-31,2025-05-30,MRSB,0.704
2025-05-31,2025-05-30,MSNG,2.179
2025-05-31,2025-05-30,MSRS,1.232
2025-05-31,2025-05-30,MSTT,129.1
2025-05-31,2025-05-30,MTLR,85.02
2025-05-31,2025-05-30,MTLRP,82.75
2025-05-31,2025-05-30,MTSS,216.95
2025-05-31,2025-05-30,MVID,92.55
2025-05-31,2025-05-30,NAUK,451.5
2025-05-31,2025-05-30,NFAZ,313.5
2025-05-31,2025-05-30,NKHP,759
2025-05-31,2025-05-30,NKNC,85.65
2025-05-31,2025-05-30,NKNCP,70.44
2025-05-31,2025-05-30,NKSH,42.9
2025-05-31,2025-05-30,NLMK,117.18
2025-05-31,2025-05-30,NMTP,9.33
2025-05-31,2025-05-30,NNSB,3440
2025-05-31,2025-05-30,NNSBP,1208
2025-05-31,2025-05-30,NSVZ,263
2025-05-31,2025-05-30,NVTK,1101.8
2025-05-31,2025-05-30,OGKB,0.3996
2025-05-31,2025-05-30,OKEY,28.02
2025-05-31,2025-05-30,OMZZP,10240
2025-05-31,2025-05-30,OZON,3696
2025-05-31,2025-05-30,OZPH,50.2
2025-05-31,2025-05-30,PAZA,10080
2025-05-31,2025-05-30,PHOR,6373
2025-05-31,2025-05-30,PIKK,534.5
2025-05-31,2025-05-30,PLZL,1687
2025-05-31,2025-05-30,PMSB,317.6
2025-05-31,2025-05-30,PMSBP,315.2
2025-05-31,2025-05-30,POSI,1111.8
2025-05-31,2025-05-30,PRFN,3.918
2025-05-31,2025-05-30,PRMB,29000
2025-05-31,2025-05-30,PRMD,408.5
2025-05-31,2025-05-30,QIWI,203.6
2025-05-31,2025-05-30,RAGR,110.12
2025-05-31,2025-05-30,RASP,231.25
2025-05-31,2025-05-30,RBCM,12.78
2025-05-31,2025-05-30,RDRB,145
2025-05-31,2025-05-30,RENI,110.1
2025-05-31,2025-05-30,RGSS,0.2274
2025-05-31,2025-05-30,RKKE,16280
2025-05-31,2025-05-30,RNFT,119.9
2025-05-31,2025-05-30,ROLO,0.5964
2025-05-31,2025-05-30,ROSN,427.15
2025-05-31,2025-05-30,ROST,112.8
2025-05-31,2025-05-30,RTGZ,52200
2025-05-31,2025-05-30,RTKM,57.87
2025-05-31,2025-05-30,RTKMP,55.5
2025-05-31,2025-05-30,RTSB,2.775
2025-05-31,2025-05-30,RTSBP,1.29
2025-05-31,2025-05-30,RUAL,30.96
2025-05-31,2025-05-30,RUSI,69.1
2025-05-31,2025-05-30,RZSB,34.02
2025-05-31,2025-05-30,SAGO,2.47
2025-05-31,2025-05-30,SAGOP,2.605
2025-05-31,2025-05-30,SARE,0.401
2025-05-31,2025-05-30,SAREP,0.2265
2025-05-31,2025-05-30,SBER,309.3
2025-05-31,2025-05-30,SBERP,306.6
2025-05-31,2025-05-30,SELG,43.41
2025-05-31,2025-05-30,SFIN,1306.6
2025-05-31,2025-05-30,SGZH,1.612
2025-05-31,2025-05-30,SIBN,526.55
2025-05-31,2025-05-30,SLEN,3.35
2025-05-31,2025-05-30,SMLT,1197
2025-05-31,2025-05-30,SNGS,21.965
2025-05-31,2025-05-30,SNGSP,51.4
2025-05-31,2025-05-30,SOFL,104.2
2025-05-31,2025-05-30,SPBE,251.5
2025-05-31,2025-05-30,STSB,3.065
2025-05-31,2025-05-30,STSBP,4.91
2025-05-31,2025-05-30,SVAV,709
2025-05-31,2025-05-30,SVCB,15.585
2025-05-31,2025-05-30,SVET,14.7
2025-05-31,2025-05-30,SVETP,21.75
2025-05-31,2025-05-30,T,3191.8
2025-05-31,2025-05-30,TASB,1.266
2025-05-31,2025-05-30,TASBP,0.756
2025-05-31,2025-05-30,TATN,704.8
2025-05-31,2025-05-30,TATNP,677
2025-05-31,2025-05-30,TGKA,0.006458
2025-05-31,2025-05-30,TGKB,0.00612
2025-05-31,2025-05-30,TGKBP,0.00904
2025-05-31,2025-05-30,TGKN,0.00577
2025-05-31,2025-05-30,TNSE,2330
2025-05-31,2025-05-30,TORS,0.564
2025-05-31,2025-05-30,TORSP,0.383
2025-05-31,2025-05-30,TRMK,100.4
2025-05-31,2025-05-30,TRNFP,1293.6
2025-05-31,2025-05-30,TTLK,0.61
2025-05-31,2025-05-30,TUZA,146.5
2025-05-31,2025-05-30,UGLD,0.6221
2025-05-31,2025-05-30,UKUZ,980
2025-05-31,2025-05-30,UNAC,0.5425
2025-05-31,2025-05-30,UNKL,5130
2025-05-31,2025-05-30,UPRO,1.574
2025-05-31,2025-05-30,URKZ,32300
2025-05-31,2025-05-30,USBN,0.117
2025-05-31,2025-05-30,UTAR,11.37
2025-05-31,2025-05-30,UWGN,39.06
2025-05-31,2025-05-30,VEON-RX,78.1
2025-05-31,2025-05-30,VGSB,10.25
2025-05-31,2025-05-30,VGSBP,9.3
2025-05-31,2025-05-30,VJGZ,2235
2025-05-31,2025-05-30,VJGZP,1295
2025-05-31,2025-05-30,VKCO,260.8
2025-05-31,2025-05-30,VLHZ,171.8
2025-05-31,2025-05-30,VRSB,358.5
2025-05-31,2025-05-30,VRSBP,125
2025-05-31,2025-05-30,VSEH,79.25
2025-05-31,2025-05-30,VSMO,30860
2025-05-31,2025-05-30,VSYD,10500
2025-05-31,2025-05-30,VSYDP,8000
2025-05-31,2025-05-30,VTBR,93.9
2025-05-31,2025-05-30,WTCM,12.38
2025-05-31,2025-05-30,WTCMP,10.12
2025-05-31,2025-05-30,WUSH,161
2025-05-31,2025-05-30,X5,3251.5
2025-05-31,2025-05-30,YAKG,51.3
2025-05-31,2025-05-30,YDEX,4172
2025-05-31,2025-05-30,YKEN,0.44
2025-05-31,2025-05-30,YKENP,0.37
2025-05-31,2025-05-30,YRSB,738
2025-05-31,2025-05-30,YRSBP,194.5
2025-05-31,2025-05-30,ZAYM,152.2
2025-05-31,2025-05-30,ZILL,3960
2025-05-31,2025-05-30,ZVEZ,7.15
2025-06-30,2025-06-30,ABIO,78.16
2025-06-30,2025-06-30,ABRD,180.6
2025-06-30,2025-06-30,AFKS,15.062
2025-06-30,2025-06-30,AFLT,66.33
2025-06-30,2025-06-30,AGRO,1085.2
2025-06-30,2025-06-30,AKRN,15830
2025-06-30,2025-06-30,ALRS,47.94
2025-06-30,2025-06-30,AMEZ,68.05
2025-06-30,2025-06-30,APRI,13.788
2025-06-30,2025-06-30,APTK,9.7
2025-06-30,2025-06-30,AQUA,602.5
2025-06-30,2025-06-30,ARSA,10.27
2025-06-30,2025-06-30,ASSB,1.495
2025-06-30,2025-06-30,ASTR,394.4
2025-06-30,2025-06-30,AVAN,675
2025-06-30,2025-06-30,BANE,1832.5
2025-06-30,2025-06-30,BANEP,1164.5
2025-06-30,2025-06-30,BELU,429.5
2025-06-30,2025-06-30,BISVP,9.73
2025-06-30,2025-06-30,BLNG,14.51
2025-06-30,2025-06-30,BRZL,1733
2025-06-30,2025-06-30,BSPB,378.39
2025-06-30,2025-06-30,BSPBP,62.4
2025-06-30,2025-06-30,CARM,1.747
2025-06-30,2025-06-30,CBOM,6.712
2025-06-30,2025-06-30,CHGZ,82.4
2025-06-30,2025-06-30,CHKZ,16900
2025-06-30,2025-06-30,CHMF,1055.6
2025-06-30,2025-06-30,CHMK,4805
2025-06-30,2025-06-30,CNRU,568.8
2025-06-30,2025-06-30,CNTL,10.06
2025-06-30,2025-06-30,CNTLP,7.06
2025-06-30,2025-06-30,DATA,120.78
2025-06-30,2025-06-30,DELI,167.55
2025-06-30,2025-06-30,DIAS,3033
2025-06-30,2025-06-30,DIOD,11.6
2025-06-30,2025-06-30,DVEC,2.143
2025-06-30,2025-06-30,DZRD,3560
2025-06-30,2025-06-30,DZRDP,2240
2025-06-30,2025-06-30,EELT,10.2
2025-06-30,2025-06-30,ELFV,0.5008
2025-06-30,2025-06-30,ELMT,0.1383
2025-06-30,2025-06-30,ENPG,403.2
2025-06-30,2025-06-30,ETLN,58.68
2025-06-30,2025-06-30,EUTR,132
2025-06-30,2025-06-30,FEES,0.06672
2025-06-30,2025-06-30,FESH,61.03
2025-06-30,2025-06-30,FIXP,137.2
2025-06-30,2025-06-30,FLOT,76.45
2025-06-30,2025-06-30,GAZA,580
2025-06-30,2025-06-30,GAZAP,380
2025-06-30,2025-06-30,GAZC,659
2025-06-30,2025-06-30,GAZP,129.89
2025-06-30,2025-06-30,GAZS,839
2025-06-30,2025-06-30,GAZT,1739
2025-06-30,2025-06-30,GCHE,3455
2025-06-30,2025-06-30,GECO,26.29
2025-06-30,2025-06-30,GEMA,117.5
2025-06-30,2025-06-30,GEMC,720.8
2025-06-30,2025-06-30,GMKN,111.22
2025-06-30,2025-06-30,GTRK,218.4
2025-06-30,2025-06-30,HEAD,3233
2025-06-30,2025-06-30,HIMCP,19.72
2025-06-30,2025-06-30,HNFG,590.8
2025-06-30,2025-06-30,HYDR,0.4741
2025-06-30,2025-06-30,IGST,4660
2025-06-30,2025-06-30,IGSTP,4050
2025-06-30,2025-06-30,IRAO,3.2805
2025-06-30,2025-06-30,IRKT,30.36
2025-06-30,2025-06-30,IVAT,136
2025-06-30,2025-06-30,JNOS,16.15
2025-06-30,2025-06-30,JNOSP,10.04
2025-06-30,2025-06-30,KAZT,458.2
2025-06-30,2025-06-30,KAZTP,462
2025-06-30,2025-06-30,KBSB,539
2025-06-30,2025-06-30,KCHE,0.411
2025-06-30,2025-06-30,KCHEP,0.6
2025-06-30,2025-06-30,KFBA,1706
2025-06-30,2025-06-30,KGKC,40
2025-06-30,2025-06-30,KGKCP,56
2025-06-30,2025-06-30,KLSB,22.06
2025-06-30,2025-06-30,KLVZ,3.412
2025-06-30,2025-06-30,KMAZ,97.5
2025-06-30,2025-06-30,KMEZ,1206
2025-06-30,2025-06-30,KOGK,36400
2025-06-30,2025-06-30,KRKN,8400
2025-06-30,2025-06-30,KRKNP,7860
2025-06-30,2025-06-30,KRKOP,12.12
2025-06-30,2025-06-30,KROT,1226
2025-06-30,2025-06-30,KROTP,440
2025-06-30,2025-06-30,KRSB,16.46
2025-06-30,2025-06-30,KRSBP,17.12
2025-06-30,2025-06-30,KUZB,0.03495
2025-06-30,2025-06-30,KZOS,77.3
2025-06-30,2025-06-30,KZOSP,18.17
2025-06-30,2025-06-30,LEAS,623.6
2025-06-30,2025-06-30,LENT,1432
2025-06-30,2025-06-30,LIFE,3.29
2025-06-30,2025-06-30,LKOH,6307.5
2025-06-30,2025-06-30,LMBZ,488
2025-06-30,2025-06-30,LNZL,11650
2025-06-30,2025-06-30,LNZLP,1555
2025-06-30,2025-06-30,LPSB,57
2025-06-30,2025-06-30,LSNG,13.34
2025-06-30,2025-06-30,LSNGP,234.95
2025-06-30,2025-06-30,LSRG,775.8
2025-06-30,2025-06-30,LVHK,26.95
2025-06-30,2025-06-30,MAGE,3.03
2025-06-30,2025-06-30,MAGEP,2.22
2025-06-30,2025-06-30,MAGN,34.33
2025-06-30,2025-06-30,MBNK,1229
2025-06-30,2025-06-30,MDMG,1029.2
2025-06-30,2025-06-30,MFGS,329
2025-06-30,2025-06-30,MFGSP,214.5
2025-06-30,2025-06-30,MGKL,2.4525
2025-06-30,2025-06-30,MGNT,3632.5
2025-06-30,2025-06-30,MGNZ,7440
2025-06-30,2025-06-30,MGTS,1075
2025-06-30,2025-06-30,MGTSP,802
2025-06-30,2025-06-30,MISB,49.8
2025-06-30,2025-06-30,MISBP,47.2
2025-06-30,2025-06-30,MOEX,200.7
2025-06-30,2025-06-30,MRKC,0.5994
2025-06-30,2025-06-30,MRKK,15.06
2025-06-30,2025-06-30,MRKP,0.4663
2025-06-30,2025-06-30,MRKS,0.536
2025-06-30,2025-06-30,MRKU,0.3974
2025-06-30,2025-06-30,MRKV,0.099
2025-06-30,2025-06-30,MRKY,0.06865
2025-06-30,2025-06-30,MRKZ,0.08965
2025-06-30,2025-06-30,MRSB,0.682
2025-06-30,2025-06-30,MSNG,2.203
2025-06-30,2025-06-30,MSRS,1.381
2025-06-30,2025-06-30,MSTT,129.3
2025-06-30,2025-06-30,MTLR,86.06
2025-06-30,2025-06-30,MTLRP,82.3
2025-06-30,2025-06-30,MTSS,237.9
2025-06-30,2025-06-30,MVID,95.2
2025-06-30,2025-06-30,NAUK,440
2025-06-30,2025-06-30,NFAZ,285
2025-06-30,2025-06-30,NKHP,655.5
2025-06-30,2025-06-30,NKNC,85.35
2025-06-30,2025-06-30,NKNCP,71.92
2025-06-30,2025-06-30,NKSH,40.8
2025-06-30,2025-06-30,NLMK,112.8
2025-06-30,2025-06-30,NMTP,9.35
2025-06-30,2025-06-30,NNSB,3230
2025-06-30,2025-06-30,NNSBP,1182
2025-06-30,2025-06-30,NSVZ,263
2025-06-30,2025-06-30,NVTK,1097.6
2025-06-30,2025-06-30,OGKB,0.3877
2025-06-30,2025-06-30,OKEY,27.52
2025-06-30,2025-06-30,OMZZP,9460
2025-06-30,2025-06-30,OZON,3967
2025-06-30,2025-06-30,OZPH,44.87
2025-06-30,2025-06-30,PAZA,9340
2025-06-30,2025-06-30,PHOR,6319
2025-06-30,2025-06-30,PIKK,598.8
2025-06-30,2025-06-30,PLZL,1817.4
2025-06-30,2025-06-30,PMSB,274.4
2025-06-30,2025-06-30,PMSBP,269.8
2025-06-30,2025-06-30,POSI,1240
2025-06-30,2025-06-30,PRFN,3.884
2025-06-30,2025-06-30,PRMB,27000
2025-06-30,2025-06-30,PRMD,416
2025-06-30,2025-06-30,QIWI,200
2025-06-30,2025-06-30,RAGR,111.76
2025-06-30,2025-06-30,RASP,229.35
2025-06-30,2025-06-30,RBCM,12.455
2025-06-30,2025-06-30,RDRB,152
2025-06-30,2025-06-30,RENI,121.72
2025-06-30,2025-06-30,RGSS,0.2076
2025-06-30,2025-06-30,RKKE,16220
2025-06-30,2025-06-30,RNFT,125.85
2025-06-30,2025-06-30,ROLO,0.5932
2025-06-30,2025-06-30,ROSN,442.3
2025-06-30,2025-06-30,ROST,111.4
2025-06-30,2025-06-30,RTGZ,54000
2025-06-30,2025-06-30,RTKM,57.96
2025-06-30,2025-06-30,RTKMP,62.2
2025-06-30,2025-06-30,RTSB,2.71
2025-06-30,2025-06-30,RTSBP,1.336
2025-06-30,2025-06-30,RUAL,31.085
2025-06-30,2025-06-30,RUSI,68.7
2025-06-30,2025-06-30,RZSB,28.44
2025-06-30,2025-06-30,SAGO,2.49
2025-06-30,2025-06-30,SAGOP,2.45
2025-06-30,2025-06-30,SARE,0.396
2025-06-30,2025-06-30,SAREP,0.253
2025-06-30,2025-06-30,SBER,316.15
2025-06-30,2025-06-30,SBERP,313.82
2025-06-30,2025-06-30,SELG,43.61
2025-06-30,2025-06-30,SFIN,1258
2025-06-30,2025-06-30,SGZH,1.52
2025-06-30,2025-06-30,SIBN,542.45
2025-06-30,2025-06-30,SLEN,3.24
2025-06-30,2025-06-30,SMLT,1224.5
2025-06-30,2025-06-30,SNGS,22.6
2025-06-30,2025-06-30,SNGSP,53.585
2025-06-30,2025-06-30,SOFL,101.6
2025-06-30,2025-06-30,SPBE,223.8
2025-06-30,2025-06-30,STSB,3.035
2025-06-30,2025-06-30,STSBP,4.9
2025-06-30,2025-06-30,SVAV,654
2025-06-30,2025-06-30,SVCB,16.45
2025-06-30,2025-06-30,SVET,12.4
2025-06-30,2025-06-30,SVETP,24.9
2025-06-30,2025-06-30,T,3268
2025-06-30,2025-06-30,TASB,1.174
2025-06-30,2025-06-30,TASBP,0.7
2025-06-30,2025-06-30,TATN,670.1
2025-06-30,2025-06-30,TATNP,629.9
2025-06-30,2025-06-30,TGKA,0.006462
2025-06-30,2025-06-30,TGKB,0.006415
2025-06-30,2025-06-30,TGKBP,0.00931
2025-06-30,2025-06-30,TGKN,0.00638
2025-06-30,2025-06-30,TNSE,2400
2025-06-30,2025-06-30,TORS,0.54
2025-06-30,2025-06-30,TORSP,0.33
2025-06-30,2025-06-30,TRMK,107.36
2025-06-30,2025-06-30,TRNFP,1382.6
2025-06-30,2025-06-30,TTLK,0.6235
2025-06-30,2025-06-30,TUZA,140
2025-06-30,2025-06-30,UGLD,0.6459
2025-06-30,2025-06-30,UKUZ,934
2025-06-30,2025-06-30,UNAC,0.564
2025-06-30,2025-06-30,UNKL,4990
2025-06-30,2025-06-30,UPRO,1.547
2025-06-30,2025-06-30,URKZ,31100
2025-06-30,2025-06-30,USBN,0.1145
2025-06-30,2025-06-30,UTAR,11.94
2025-06-30,2025-06-30,UWGN,38.84
2025-06-30,2025-06-30,VEON-RX,76
2025-06-30,2025-06-30,VGSB,10
2025-06-30,2025-06-30,VGSBP,9.02
2025-06-30,2025-06-30,VJGZ,2210
2025-06-30,2025-06-30,VJGZP,1230
2025-06-30,2025-06-30,VKCO,280
2025-06-30,2025-06-30,VLHZ,147.6
2025-06-30,2025-06-30,VRSB,358
2025-06-30,2025-06-30,VRSBP,125.4
2025-06-30,2025-06-30,VSEH,79.55
2025-06-30,2025-06-30,VSMO,28800
2025-06-30,2025-06-30,VSYD,10300
2025-06-30,2025-06-30,VSYDP,7950
2025-06-30,2025-06-30,VTBR,106.22
2025-06-30,2025-06-30,WTCM,12.52
2025-06-30,2025-06-30,WTCMP,9.88
2025-06-30,2025-06-30,WUSH,164.69
2025-06-30,2025-06-30,X5,3520
2025-06-30,2025-06-30,YAKG,50.7
2025-06-30,2025-06-30,YDEX,4167
2025-06-30,2025-06-30,YKEN,0.421
2025-06-30,2025-06-30,YKENP,0.351
2025-06-30,2025-06-30,YRSB,668
2025-06-30,2025-06-30,YRSBP,184
2025-06-30,2025-06-30,ZAYM,146.6
2025-06-30,2025-06-30,ZILL,3800
2025-06-30,2025-06-30,ZVEZ,7.15
2025-07-31,2025-07-31,ABIO,74.84
2025-07-31,2025-07-31,ABRD,171
2025-07-31,2025-07-31,AFKS,15.39
2025-07-31,2025-07-31,AFLT,56.98
2025-07-31,2025-07-31,AGRO,1085.2
2025-07-31,2025-07-31,AKRN,15830
2025-07-31,2025-07-31,ALRS,45.78
2025-07-31,2025-07-31,AMEZ,68.05
2025-07-31,2025-07-31,APRI,13.38
2025-07-31,2025-07-31,APTK,9.232
2025-07-31,2025-07-31,AQUA,600
2025-07-31,2025-07-31,ARSA,10.66
2025-07-31,2025-07-31,ASSB,1.73
2025-07-31,2025-07-31,ASTR,405.7
2025-07-31,2025-07-31,AVAN,673
2025-07-31,2025-07-31,BANE,1624
2025-07-31,2025-07-31,BANEP,1010
2025-07-31,2025-07-31,BELU,432.5
2025-07-31,2025-07-31,BISVP,9.01
2025-07-31,2025-07-31,BLNG,13.6
2025-07-31,2025-07-31,BRZL,1546
2025-07-31,2025-07-31,BSPB,398.15
2025-07-31,2025-07-31,BSPBP,61.95
2025-07-31,2025-07-31,CARM,1.7835
2025-07-31,2025-07-31,CBOM,7.334
2025-07-31,2025-07-31,CHGZ,84
2025-07-31,2025-07-31,CHKZ,18200
2025-07-31,2025-07-31,CHMF,998.2
2025-07-31,2025-07-31,CHMK,4885
2025-07-31,2025-07-31,CNRU,575.6
2025-07-31,2025-07-31,CNTL,10
2025-07-31,2025-07-31,CNTLP,6.66
2025-07-31,2025-07-31,DATA,119.78
2025-07-31,2025-07-31,DELI,157.1
2025-07-31,2025-07-31,DIAS,2645
2025-07-31,2025-07-31,DIOD,9.97
2025-07-31,2025-07-31,DVEC,2.065
2025-07-31,2025-07-31,DZRD,3440
2025-07-31,2025-07-31,DZRDP,2210
2025-07-31,2025-07-31,EELT,9.92
2025-07-31,2025-07-31,ELFV,0.4596
2025-07-31,2025-07-31,ELMT,0.14495
2025-07-31,2025-07-31,ENPG,428.4
2025-07-31,2025-07-31,ETLN,58.68
2025-07-31,2025-07-31,EUTR,122.5
2025-07-31,2025-07-31,FEES,0.0659
2025-07-31,2025-07-31,FESH,58.85
2025-07-31,2025-07-31,FIXP,137.2
2025-07-31,2025-07-31,FLOT,80.87
2025-07-31,2025-07-31,GAZA,613
2025-07-31,2025-07-31,GAZAP,382
2025-07-31,2025-07-31,GAZC,659
2025-07-31,2025-07-31,GAZP,122.57
2025-07-31,2025-07-31,GAZS,839
2025-07-31,2025-07-31,GAZT,1739
2025-07-31,2025-07-31,GCHE,3345
2025-07-31,2025-07-31,GECO,25.65
2025-07-31,2025-07-31,GEMA,112.2
2025-07-31,2025-07-31,GEMC,735
2025-07-31,2025-07-31,GMKN,120.86
2025-07-31,2025-07-31,GTRK,209.3
2025-07-31,2025-07-31,HEAD,3405
2025-07-31,2025-07-31,HIMCP,20.22
2025-07-31,2025-07-31,HNFG,554.1
2025-07-31,2025-07-31,HYDR,0.4358
2025-07-31,2025-07-31,IGST,4580
2025-07-31,2025-07-31,IGSTP,3830
2025-07-31,2025-07-31,IRAO,3.0935
2025-07-31,2025-07-31,IRKT,27.32
2025-07-31,2025-07-31,IVAT,182.6
2025-07-31,2025-07-31,JNOS,17.55
2025-07-31,2025-07-31,JNOSP,10.84
2025-07-31,2025-07-31,KAZT,461
2025-07-31,2025-07-31,KAZTP,470.5
2025-07-31,2025-07-31,KBSB,627.5
2025-07-31,2025-07-31,KCHE,0.413
2025-07-31,2025-07-31,KCHEP,0.655
2025-07-31,2025-07-31,KFBA,1606
2025-07-31,2025-07-31,KGKC,39.8
2025-07-31,2025-07-31,KGKCP,50.2
2025-07-31,2025-07-31,KLSB,20.21
2025-07-31,2025-07-31,KLVZ,3.618
2025-07-31,2025-07-31,KMAZ,96.9
2025-07-31,2025-07-31,KMEZ,1178
2025-07-31,2025-07-31,KOGK,33600
2025-07-31,2025-07-31,KRKN,8550
2025-07-31,2025-07-31,KRKNP,7940
2025-07-31,2025-07-31,KRKOP,13.18
2025-07-31,2025-07-31,KROT,1387
2025-07-31,2025-07-31,KROTP,433
2025-07-31,2025-07-31,KRSB,19.56
2025-07-31,2025-07-31,KRSBP,19.48
2025-07-31,2025-07-31,KUZB,0.03445
2025-07-31,2025-07-31,KZOS,75.6
2025-07-31,2025-07-31,KZOSP,18.17
2025-07-31,2025-07-31,LEAS,632
2025-07-31,2025-07-31,LENT,1550
2025-07-31,2025-07-31,LIFE,3.255
2025-07-31,2025-07-31,LKOH,5922
2025-07-31,2025-07-31,LMBZ,503
2025-07-31,2025-07-31,LNZL,8990
2025-07-31,2025-07-31,LNZLP,1150
2025-07-31,2025-07-31,LPSB,65.2
2025-07-31,2025-07-31,LSNG,14.44
2025-07-31,2025-07-31,LSNGP,234.65
2025-07-31,2025-07-31,LSRG,773.4
2025-07-31,2025-07-31,LVHK,23.6
2025-07-31,2025-07-31,MAGE,3.08
2025-07-31,2025-07-31,MAGEP,2.22
2025-07-31,2025-07-31,MAGN,32.89
2025-07-31,2025-07-31,MBNK,1238.5
2025-07-31,2025-07-31,MDMG,1129.5
2025-07-31,2025-07-31,MFGS,309
2025-07-31,2025-07-31,MFGSP,216.5
2025-07-31,2025-07-31,MGKL,2.459
2025-07-31,2025-07-31,MGNT,3525.5
2025-07-31,2025-07-31,MGNZ,7440
2025-07-31,2025-07-31,MGTS,1090
2025-07-31,2025-07-31,MGTSP,798
2025-07-31,2025-07-31,MISB,49.6
2025-07-31,2025-07-31,MISBP,44.6
2025-07-31,2025-07-31,MOEX,174.3
2025-07-31,2025-07-31,MRKC,0.6934
2025-07-31,2025-07-31,MRKK,15.46
2025-07-31,2025-07-31,MRKP,0.4739
2025-07-31,2025-07-31,MRKS,0.484
2025-07-31,2025-07-31,MRKU,0.3568
2025-07-31,2025-07-31,MRKV,0.11405
2025-07-31,2025-07-31,MRKY,0.0755
2025-07-31,2025-07-31,MRKZ,0.08335
2025-07-31,2025-07-31,MRSB,0.808
2025-07-31,2025-07-31,MSNG,2.074
2025-07-31,2025-07-31,MSRS,1.47
2025-07-31,2025-07-31,MSTT,125.9
2025-07-31,2025-07-31,MTLR,84.79
2025-07-31,2025-07-31,MTLRP,79
2025-07-31,2025-07-31,MTSS,209.75
2025-07-31,2025-07-31,MVID,88.2
2025-07-31,2025-07-31,NAUK,440
2025-07-31,2025-07-31,NFAZ,333.5
2025-07-31,2025-07-31,NKHP,565.5
2025-07-31,2025-07-31,NKNC,83.25
2025-07-31,2025-07-31,NKNCP,68.72
2025-07-31,2025-07-31,NKSH,39.5
2025-07-31,2025-07-31,NLMK,110.34
2025-07-31,2025-07-31,NMTP,8.51
2025-07-31,2025-07-31,NNSB,3230
2025-07-31,2025-07-31,NNSBP,1122
2025-07-31,2025-07-31,NSVZ,269.5
2025-07-31,2025-07-31,NVTK,1014.2
2025-07-31,2025-07-31,OGKB,0.3351
2025-07-31,2025-07-31,OKEY,28.16
2025-07-31,2025-07-31,OMZZP,9380
2025-07-31,2025-07-31,OZON,4178
2025-07-31,2025-07-31,OZPH,50.45
2025-07-31,2025-07-31,PAZA,9480
2025-07-31,2025-07-31,PHOR,6408
2025-07-31,2025-07-31,PIKK,616.6
2025-07-31,2025-07-31,PLZL,1967.2
2025-07-31,2025-07-31,PMSB,295.8
2025-07-31,2025-07-31,PMSBP,293.2
2025-07-31,2025-07-31,POSI,1388.8
2025-07-31,2025-07-31,PRFN,3.906
2025-07-31,2025-07-31,PRMB,26000
2025-07-31,2025-07-31,PRMD,410.5
2025-07-31,2025-07-31,QIWI,220.8
2025-07-31,2025-07-31,RAGR,104.76
2025-07-31,2025-07-31,RASP,213.05
2025-07-31,2025-07-31,RBCM,12.835
2025-07-31,2025-07-31,RDRB,139
2025-07-31,2025-07-31,RENI,125.76
2025-07-31,2025-07-31,RGSS,0.209
2025-07-31,2025-07-31,RKKE,16900
2025-07-31,2025-07-31,RNFT,118.15
2025-07-31,2025-07-31,ROLO,0.556
2025-07-31,2025-07-31,ROSN,419.65
2025-07-31,2025-07-31,ROST,110.4
2025-07-31,2025-07-31,RTGZ,50600
2025-07-31,2025-07-31,RTKM,61.87
2025-07-31,2025-07-31,RTKMP,70.65
2025-07-31,2025-07-31,RTSB,2.55
2025-07-31,2025-07-31,RTSBP,1.26
2025-07-31,2025-07-31,RUAL,31.08
2025-07-31,2025-07-31,RUSI,63
2025-07-31,2025-07-31,RZSB,31.24
2025-07-31,2025-07-31,SAGO,2.7
2025-07-31,2025-07-31,SAGOP,2.675
2025-07-31,2025-07-31,SARE,0.405
2025-07-31,2025-07-31,SAREP,0.2535
2025-07-31,2025-07-31,SBER,304.95
2025-07-31,2025-07-31,SBERP,301.69
2025-07-31,2025-07-31,SELG,47.71
2025-07-31,2025-07-31,SFIN,1205.8
2025-07-31,2025-07-31,SGZH,1.47
2025-07-31,2025-07-31,SIBN,505.35
2025-07-31,2025-07-31,SLEN,3.24
2025-07-31,2025-07-31,SMLT,1198
2025-07-31,2025-07-31,SNGS,22.14
2025-07-31,2025-07-31,SNGSP,44.625
2025-07-31,2025-07-31,SOFL,105.58
2025-07-31,2025-07-31,SPBE,194.1
2025-07-31,2025-07-31,STSB,3.56
2025-07-31,2025-07-31,STSBP,4.69
2025-07-31,2025-07-31,SVAV,618.5
2025-07-31,2025-07-31,SVCB,17.065
2025-07-31,2025-07-31,SVET,13.3
2025-07-31,2025-07-31,SVETP,26.3
2025-07-31,2025-07-31,T,3156.6
2025-07-31,2025-07-31,TASB,1.278
2025-07-31,2025-07-31,TASBP,0.76
2025-07-31,2025-07-31,TATN,647
2025-07-31,2025-07-31,TATNP,608.1
2025-07-31,2025-07-31,TGKA,0.006278
2025-07-31,2025-07-31,TGKB,0.006305
2025-07-31,2025-07-31,TGKBP,0.00868
2025-07-31,2025-07-31,TGKN,0.00611
2025-07-31,2025-07-31,TNSE,2695
2025-07-31,2025-07-31,TORS,0.542
2025-07-31,2025-07-31,TORSP,0.316
2025-07-31,2025-07-31,TRMK,101.54
2025-07-31,2025-07-31,TRNFP,1285.2
2025-07-31,2025-07-31,TTLK,0.6545
2025-07-31,2025-07-31,TUZA,137.5
2025-07-31,2025-07-31,UGLD,0.5633
2025-07-31,2025-07-31,UKUZ,928
2025-07-31,2025-07-31,UNAC,0.525
2025-07-31,2025-07-31,UNKL,4700
2025-07-31,2025-07-31,UPRO,1.482
2025-07-31,2025-07-31,URKZ,30100
2025-07-31,2025-07-31,USBN,0.1163
2025-07-31,2025-07-31,UTAR,11.33
2025-07-31,2025-07-31,UWGN,36.88
2025-07-31,2025-07-31,VEON-RX,79
2025-07-31,2025-07-31,VGSB,10.6
2025-07-31,2025-07-31,VGSBP,9.5
2025-07-31,2025-07-31,VJGZ,2340
2025-07-31,2025-07-31,VJGZP,1340
2025-07-31,2025-07-31,VKCO,323.9
2025-07-31,2025-07-31,VLHZ,153.6
2025-07-31,2025-07-31,VRSB,349
2025-07-31,2025-07-31,VRSBP,129.2
2025-07-31,2025-07-31,VSEH,75.15
2025-07-31,2025-07-31,VSMO,27320
2025-07-31,2025-07-31,VSYD,9500
2025-07-31,2025-07-31,VSYDP,7950
2025-07-31,2025-07-31,VTBR,77.77
2025-07-31,2025-07-31,WTCM,12.4
2025-07-31,2025-07-31,WTCMP,10.08
2025-07-31,2025-07-31,WUSH,137.13
2025-07-31,2025-07-31,X5,2883.5
2025-07-31,2025-07-31,YAKG,50.2
2025-07-31,2025-07-31,YDEX,4181
2025-07-31,2025-07-31,YKEN,0.415
2025-07-31,2025-07-31,YKENP,0.34
2025-07-31,2025-07-31,YRSB,662
2025-07-31,2025-07-31,YRSBP,167
2025-07-31,2025-07-31,ZAYM,146.9
2025-07-31,2025-07-31,ZILL,3985
2025-07-31,2025-07-31,ZVEZ,7.16
2025-08-29,2025-08-29,ABIO,76.84
2025-08-29,2025-08-29,ABRD,179.8
2025-08-29,2025-08-29,AFKS,16.453
2025-08-29,2025-08-29,AFLT,62.21
2025-08-29,2025-08-29,AKRN,16384
2025-08-29,2025-08-29,ALRS,46.98
2025-08-29,2025-08-29,AMEZ,68.05
2025-08-29,2025-08-29,APRI,13.106
2025-08-29,2025-08-29,APTK,9.544
2025-08-29,2025-08-29,AQUA,604.5
2025-08-29,2025-08-29,ARSA,11.35
2025-08-29,2025-08-29,ASSB,2.115
2025-08-29,2025-08-29,ASTR,397.8
2025-08-29,2025-08-29,AVAN,750
2025-08-29,2025-08-29,BANE,1659.5
2025-08-29,2025-08-29,BANEP,1009
2025-08-29,2025-08-29,BELU,444.4
2025-08-29,2025-08-29,BISVP,9.4
2025-08-29,2025-08-29,BLNG,13.72
2025-08-29,2025-08-29,BRZL,1538
2025-08-29,2025-08-29,BSPB,367.8
2025-08-29,2025-08-29,BSPBP,63.7
2025-08-29,2025-08-29,CARM,1.8
2025-08-29,2025-08-29,CBOM,8.038
2025-08-29,2025-08-29,CHGZ,85.4
2025-08-29,2025-08-29,CHKZ,18400
2025-08-29,2025-08-29,CHMF,1061
2025-08-29,2025-08-29,CHMK,5000
2025-08-29,2025-08-29,CNRU,605.8
2025-08-29,2025-08-29,CNTL,10.12
2025-08-29,2025-08-29,CNTLP,6.94
2025-08-29,2025-08-29,DATA,110.88
2025-08-29,2025-08-29,DELI,145.55
2025-08-29,2025-08-29,DIAS,2562
2025-08-29,2025-08-29,DIOD,10.06
2025-08-29,2025-08-29,DVEC,2.135
2025-08-29,2025-08-29,DZRD,4790
2025-08-29,2025-08-29,DZRDP,2890
2025-08-29,2025-08-29,EELT,9.82
2025-08-29,2025-08-29,ELFV,0.5584
2025-08-29,2025-08-29,ELMT,0.1388
2025-08-29,2025-08-29,ENPG,447.15
2025-08-29,2025-08-29,ETLN,58.68
2025-08-29,2025-08-29,EUTR,135.1
2025-08-29,2025-08-29,FEES,0.0736
2025-08-29,2025-08-29,FESH,64.89
2025-08-29,2025-08-29,FIXR,0.8367
2025-08-29,2025-08-29,FLOT,87.68
2025-08-29,2025-08-29,GAZA,614
2025-08-29,2025-08-29,GAZAP,386.5
2025-08-29,2025-08-29,GAZC,659
2025-08-29,2025-08-29,GAZP,135.88
2025-08-29,2025-08-29,GAZS,839
2025-08-29,2025-08-29,GAZT,1739
2025-08-29,2025-08-29,GCHE,3560
2025-08-29,2025-08-29,GECO,27.58
2025-08-29,2025-08-29,GEMA,126
2025-08-29,2025-08-29,GEMC,816.9
2025-08-29,2025-08-29,GMKN,125.44
2025-08-29,2025-08-29,GTRK,214.1
2025-08-29,2025-08-29,HEAD,3591
2025-08-29,2025-08-29,HIMCP,21.46
2025-08-29,2025-08-29,HNFG,555.2
2025-08-29,2025-08-29,HYDR,0.4688
2025-08-29,2025-08-29,IGST,4900
2025-08-29,2025-08-29,IGSTP,3920
2025-08-29,2025-08-29,IRAO,3.1635
2025-08-29,2025-08-29,IRKT,28.38
2025-08-29,2025-08-29,IVAT,159.55
2025-08-29,2025-08-29,JNOS,17.6
2025-08-29,2025-08-29,JNOSP,11.04
2025-08-29,2025-08-29,KAZT,486.8
2025-08-29,2025-08-29,KAZTP,491.5
2025-08-29,2025-08-29,KBSB,706
2025-08-29,2025-08-29,KCHE,0.458
2025-08-29,2025-08-29,KCHEP,0.85
2025-08-29,2025-08-29,KFBA,1606
2025-08-29,2025-08-29,KGKC,43
2025-08-29,2025-08-29,KGKCP,53.8
2025-08-29,2025-08-29,KLSB,20.3
2025-08-29,2025-08-29,KLVZ,3.67
2025-08-29,2025-08-29,KMAZ,94.7
2025-08-29,2025-08-29,KMEZ,1274
2025-08-29,2025-08-29,KOGK,376.6
2025-08-29,2025-08-29,KRKN,8550
2025-08-29,2025-08-29,KRKNP,7700
2025-08-29,2025-08-29,KRKOP,13.64
2025-08-29,2025-08-29,KROT,1341
2025-08-29,2025-08-29,KROTP,445
2025-08-29,2025-08-29,KRSB,20.02
2025-08-29,2025-08-29,KRSBP,20.04
2025-08-29,2025-08-29,KUZB,0.03625
2025-08-29,2025-08-29,KZOS,76.2
2025-08-29,2025-08-29,KZOSP,18.77
2025-08-29,2025-08-29,LEAS,620.2
2025-08-29,2025-08-29,LENT,1831
2025-08-29,2025-08-29,LIFE,3.48
2025-08-29,2025-08-29,LKOH,6430.5
2025-08-29,2025-08-29,LMBZ,473
2025-08-29,2025-08-29,LNZL,6760
2025-08-29,2025-08-29,LNZLP,910
2025-08-29,2025-08-29,LPSB,69.15
2025-08-29,2025-08-29,LSNG,16.72
2025-08-29,2025-08-29,LSNGP,264.65
2025-08-29,2025-08-29,LSRG,797.2
2025-08-29,2025-08-29,LVHK,25.4
2025-08-29,2025-08-29,MAGE,3.14
2025-08-29,2025-08-29,MAGEP,2.24
2025-08-29,2025-08-29,MAGN,33.525
2025-08-29,2025-08-29,MBNK,1395
2025-08-29,2025-08-29,MDMG,1248.9
2025-08-29,2025-08-29,MFGS,332
2025-08-29,2025-08-29,MFGSP,215.5
2025-08-29,2025-08-29,MGKL,2.696
2025-08-29,2025-08-29,MGNT,3670
2025-08-29,2025-08-29,MGNZ,7440
2025-08-29,2025-08-29,MGTS,1060
2025-08-29,2025-08-29,MGTSP,832
2025-08-29,2025-08-29,MISB,53.5
2025-08-29,2025-08-29,MISBP,49.4
2025-08-29,2025-08-29,MOEX,179
2025-08-29,2025-08-29,MRKC,0.7282
2025-08-29,2025-08-29,MRKK,17.98
2025-08-29,2025-08-29,MRKP,0.5097
2025-08-29,2025-08-29,MRKS,0.528
2025-08-29,2025-08-29,MRKU,0.416
2025-08-29,2025-08-29,MRKV,0.1273
2025-08-29,2025-08-29,MRKY,0.09275
2025-08-29,2025-08-29,MRKZ,0.0923
2025-08-29,2025-08-29,MRSB,0.836
2025-08-29,2025-08-29,MSNG,2.214
2025-08-29,2025-08-29,MSRS,1.495
2025-08-29,2025-08-29,MSTT,127.75
2025-08-29,2025-08-29,MTLR,81.58
2025-08-29,2025-08-29,MTLRP,79.45
2025-08-29,2025-08-29,MTSS,217.95
2025-08-29,2025-08-29,MVID,92.7
2025-08-29,2025-08-29,NAUK,497.5
2025-08-29,2025-08-29,NFAZ,334.5
2025-08-29,2025-08-29,NKHP,582
2025-08-29,2025-08-29,NKNC,89.6
2025-08-29,2025-08-29,NKNCP,71.6
2025-08-29,2025-08-29,NKSH,44
2025-08-29,2025-08-29,NLMK,118.8
2025-08-29,2025-08-29,NMTP,8.75
2025-08-29,2025-08-29,NNSB,3590
2025-08-29,2025-08-29,NNSBP,1236
2025-08-29,2025-08-29,NSVZ,298.5
2025-08-29,2025-08-29,NVTK,1238.4
2025-08-29,2025-08-29,OGKB,0.3891
2025-08-29,2025-08-29,OKEY,30.12
2025-08-29,2025-08-29,OMZZP,11460
2025-08-29,2025-08-29,OZON,4392.5
2025-08-29,2025-08-29,OZPH,56.65
2025-08-29,2025-08-29,PAZA,10620
2025-08-29,2025-08-29,PHOR,6995
2025-08-29,2025-08-29,PIKK,659
2025-08-29,2025-08-29,PLZL,2138.2
2025-08-29,2025-08-29,PMSB,310.5
2025-08-29,2025-08-29,PMSBP,315
2025-08-29,2025-08-29,POSI,1374
2025-08-29,2025-08-29,PRFN,4.396
2025-08-29,2025-08-29,PRMB,25200
2025-08-29,2025-08-29,PRMD,428.5
2025-08-29,2025-08-29,QIWI,238.2
2025-08-29,2025-08-29,RAGR,136.2
2025-08-29,2025-08-29,RASP,215.15
2025-08-29,2025-08-29,RBCM,13.75
2025-08-29,2025-08-29,RDRB,138.5
2025-08-29,2025-08-29,RENI,126.02
2025-08-29,2025-08-29,RGSS,0.2328
2025-08-29,2025-08-29,RKKE,17280
2025-08-29,2025-08-29,RNFT,120.9
2025-08-29,2025-08-29,ROLO,0.6064
2025-08-29,2025-08-29,ROSN,459.75
2025-08-29,2025-08-29,ROST,118
2025-08-29,2025-08-29,RTGZ,52000
2025-08-29,2025-08-29,RTKM,72.16
2025-08-29,2025-08-29,RTKMP,65.9
2025-08-29,2025-08-29,RTSB,3.22
2025-08-29,2025-08-29,RTSBP,1.54
2025-08-29,2025-08-29,RUAL,33.81
2025-08-29,2025-08-29,RUSI,65.5
2025-08-29,2025-08-29,RZSB,34.7
2025-08-29,2025-08-29,SAGO,3.22
2025-08-29,2025-08-29,SAGOP,3.155
2025-08-29,2025-08-29,SARE,0.493
2025-08-29,2025-08-29,SAREP,0.2735
2025-08-29,2025-08-29,SBER,310.04
2025-08-29,2025-08-29,SBERP,308.1
2025-08-29,2025-08-29,SELG,48.13
2025-08-29,2025-08-29,SFIN,1225
2025-08-29,2025-08-29,SGZH,1.596
2025-08-29,2025-08-29,SIBN,529.25
2025-08-29,2025-08-29,SLEN,3.64
2025-08-29,2025-08-29,SMLT,1196.5
2025-08-29,2025-08-29,SNGS,22.785
2025-08-29,2025-08-29,SNGSP,43.37
2025-08-29,2025-08-29,SOFL,105.98
2025-08-29,2025-08-29,SPBE,263.1
2025-08-29,2025-08-29,STSB,3.425
2025-08-29,2025-08-29,STSBP,4.7
2025-08-29,2025-08-29,SVAV,614
2025-08-29,2025-08-29,SVCB,15.11
2025-08-29,2025-08-29,SVET,18.78
2025-08-29,2025-08-29,SVETP,39.2
2025-08-29,2025-08-29,T,3334.8
2025-08-29,2025-08-29,TASB,1.374
2025-08-29,2025-08-29,TASBP,0.928
2025-08-29,2025-08-29,TATN,651.3
2025-08-29,2025-08-29,TATNP,617.7
2025-08-29,2025-08-29,TGKA,0.006516
2025-08-29,2025-08-29,TGKB,0.007615
2025-08-29,2025-08-29,TGKBP,0.01079
2025-08-29,2025-08-29,TGKN,0.00639
2025-08-29,2025-08-29,TNSE,2955
2025-08-29,2025-08-29,TORS,0.6
2025-08-29,2025-08-29,TORSP,0.418
2025-08-29,2025-08-29,TRMK,107.74
2025-08-29,2025-08-29,TRNFP,1314.6
2025-08-29,2025-08-29,TTLK,0.647
2025-08-29,2025-08-29,TUZA,148.5
2025-08-29,2025-08-29,UGLD,0.5684
2025-08-29,2025-08-29,UKUZ,970
2025-08-29,2025-08-29,UNAC,0.566
2025-08-29,2025-08-29,UNKL,5160
2025-08-29,2025-08-29,UPRO,1.709
2025-08-29,2025-08-29,URKZ,297.95
2025-08-29,2025-08-29,USBN,0.1277
2025-08-29,2025-08-29,UTAR,12.03
2025-08-29,2025-08-29,UWGN,39.16
2025-08-29,2025-08-29,VEON-RX,98.6
2025-08-29,2025-08-29,VGSB,13.15
2025-08-29,2025-08-29,VGSBP,11.3
2025-08-29,2025-08-29,VJGZ,2365
2025-08-29,2025-08-29,VJGZP,1430
2025-08-29,2025-08-29,VKCO,337.5
2025-08-29,2025-08-29,VLHZ,158.8
2025-08-29,2025-08-29,VRSB,374
2025-08-29,2025-08-29,VRSBP,133.6
2025-08-29,2025-08-29,VSEH,79
2025-08-29,2025-08-29,VSMO,35120
2025-08-29,2025-08-29,VSYD,10650
2025-08-29,2025-08-29,VSYDP,8100
2025-08-29,2025-08-29,VTBR,75.15
2025-08-29,2025-08-29,WTCM,13.06
2025-08-29,2025-08-29,WTCMP,11.8
2025-08-29,2025-08-29,WUSH,127
2025-08-29,2025-08-29,X5,2909
2025-08-29,2025-08-29,YAKG,52.35
2025-08-29,2025-08-29,YDEX,4282.5
2025-08-29,2025-08-29,YKEN,0.452
2025-08-29,2025-08-29,YKENP,0.372
2025-08-29,2025-08-29,YRSB,712
2025-08-29,2025-08-29,YRSBP,182.5
2025-08-29,2025-08-29,ZAYM,148.4
2025-08-29,2025-08-29,ZILL,4060
2025-08-29,2025-08-29,ZVEZ,7.98
2025-08-31,2025-08-29,ABIO,76.84
2025-08-31,2025-08-29,ABRD,179.8
2025-08-31,2025-08-29,AFKS,16.453
2025-08-31,2025-08-29,AFLT,62.21
2025-08-31,2025-08-29,AKRN,16384
2025-08-31,2025-08-29,ALRS,46.98
2025-08-31,2025-08-29,AMEZ,68.05
2025-08-31,2025-08-29,APRI,13.106
2025-08-31,2025-08-29,APTK,9.544
2025-08-31,2025-08-29,AQUA,604.5
2025-08-31,2025-08-29,ARSA,11.35
2025-08-31,2025-08-29,ASSB,2.115
2025-08-31,2025-08-29,ASTR,397.8
2025-08-31,2025-08-29,AVAN,750
2025-08-31,2025-08-29,BANE,1659.5
2025-08-31,2025-08-29,BANEP,1009
2025-08-31,2025-08-29,BELU,444.4
2025-08-31,2025-08-29,BISVP,9.4
2025-08-31,2025-08-29,BLNG,13.72
2025-08-31,2025-08-29,BRZL,1538
2025-08-31,2025-08-29,BSPB,367.8
2025-08-31,2025-08-29,BSPBP,63.7
2025-08-31,2025-08-29,CARM,1.8
2025-08-31,2025-08-29,CBOM,8.038
2025-08-31,2025-08-29,CHGZ,85.4
2025-08-31,2025-08-29,CHKZ,18400
2025-08-31,2025-08-29,CHMF,1061
2025-08-31,2025-08-29,CHMK,5000
2025-08-31,2025-08-29,CNRU,605.8
2025-08-31,2025-08-29,CNTL,10.12
2025-08-31,2025-08-29,CNTLP,6.94
2025-08-31,2025-08-29,DATA,110.88
2025-08-31,2025-08-29,DELI,145.55
2025-08-31,2025-08-29,DIAS,2562
2025-08-31,2025-08-29,DIOD,10.06
2025-08-31,2025-08-29,DVEC,2.135
2025-08-31,2025-08-29,DZRD,4790
2025-08-31,2025-08-29,DZRDP,2890
2025-08-31,2025-08-29,EELT,9.82
2025-08-31,2025-08-29,ELFV,0.5584
2025-08-31,2025-08-29,ELMT,0.1388
2025-08-31,2025-08-29,ENPG,447.15
2025-08-31,2025-08-29,ETLN,58.68
2025-08-31,2025-08-29,EUTR,135.1
2025-08-31,2025-08-29,FEES,0.0736
2025-08-31,2025-08-29,FESH,64.89
2025-08-31,2025-08-29,FIXR,0.8367
2025-08-31,2025-08-29,FLOT,87.68
2025-08-31,2025-08-29,GAZA,614
2025-08-31,2025-08-29,GAZAP,386.5
2025-08-31,2025-08-29,GAZC,659
2025-08-31,2025-08-29,GAZP,135.88
2025-08-31,2025-08-29,GAZS,839
2025-08-31,2025-08-29,GAZT,1739
2025-08-31,2025-08-29,GCHE,3560
2025-08-31,2025-08-29,GECO,27.58
2025-08-31,2025-08-29,GEMA,126
2025-08-31,2025-08-29,GEMC,816.9
2025-08-31,2025-08-29,GMKN,125.44
2025-08-31,2025-08-29,GTRK,214.1
2025-08-31,2025-08-29,HEAD,3591
2025-08-31,2025-08-29,HIMCP,21.46
2025-08-31,2025-08-29,HNFG,555.2
2025-08-31,2025-08-29,HYDR,0.4688
2025-08-31,2025-08-29,IGST,4900
2025-08-31,2025-08-29,IGSTP,3920
2025-08-31,2025-08-29,IRAO,3.1635
2025-08-31,2025-08-29,IRKT,28.38
2025-08-31,2025-08-29,IVAT,159.55
2025-08-31,2025-08-29,JNOS,17.6
2025-08-31,2025-08-29,JNOSP,11.04
2025-08-31,2025-08-29,KAZT,486.8
2025-08-31,2025-08-29,KAZTP,491.5
2025-08-31,2025-08-29,KBSB,706
2025-08-31,2025-08-29,KCHE,0.458
2025-08-31,2025-08-29,KCHEP,0.85
2025-08-31,2025-08-29,KFBA,1606
2025-08-31,2025-08-29,KGKC,43
2025-08-31,2025-08-29,KGKCP,53.8
2025-08-31,2025-08-29,KLSB,20.3
2025-08-31,2025-08-29,KLVZ,3.67
2025-08-31,2025-08-29,KMAZ,94.7
2025-08-31,2025-08-29,KMEZ,1274
2025-08-31,2025-08-29,KOGK,376.6
2025-08-31,2025-08-29,KRKN,8550
2025-08-31,2025-08-29,KRKNP,7700
2025-08-31,2025-08-29,KRKOP,13.64
2025-08-31,2025-08-29,KROT,1341
2025-08-31,2025-08-29,KROTP,445
2025-08-31,2025-08-29,KRSB,20.02
2025-08-31,2025-08-29,KRSBP,20.04
2025-08-31,2025-08-29,KUZB,0.03625
2025-08-31,2025-08-29,KZOS,76.2
2025-08-31,2025-08-29,KZOSP,18.77
2025-08-31,2025-08-29,LEAS,620.2
2025-08-31,2025-08-29,LENT,1831
2025-08-31,2025-08-29,LIFE,3.48
2025-08-31,2025-08-29,LKOH,6430.5
2025-08-31,2025-08-29,LMBZ,473
2025-08-31,2025-08-29,LNZL,6760
2025-08-31,2025-08-29,LNZLP,910
2025-08-31,2025-08-29,LPSB,69.15
2025-08-31,2025-08-29,LSNG,16.72
2025-08-31,2025-08-29,LSNGP,264.65
2025-08-31,2025-08-29,LSRG,797.2
2025-08-31,2025-08-29,LVHK,25.4
2025-08-31,2025-08-29,MAGE,3.14
2025-08-31,2025-08-29,MAGEP,2.24
2025-08-31,2025-08-29,MAGN,33.525
2025-08-31,2025-08-29,MBNK,1395
2025-08-31,2025-08-29,MDMG,1248.9
2025-08-31,2025-08-29,MFGS,332
2025-08-31,2025-08-29,MFGSP,215.5
2025-08-31,2025-08-29,MGKL,2.696
2025-08-31,2025-08-29,MGNT,3670
2025-08-31,2025-08-29,MGNZ,7440
2025-08-31,2025-08-29,MGTS,1060
2025-08-31,2025-08-29,MGTSP,832
2025-08-31,2025-08-29,MISB,53.5
2025-08-31,2025-08-29,MISBP,49.4
2025-08-31,2025-08-29,MOEX,179
2025-08-31,2025-08-29,MRKC,0.7282
2025-08-31,2025-08-29,MRKK,17.98
2025-08-31,2025-08-29,MRKP,0.5097
2025-08-31,2025-08-29,MRKS,0.528
2025-08-31,2025-08-29,MRKU,0.416
2025-08-31,2025-08-29,MRKV,0.1273
2025-08-31,2025-08-29,MRKY,0.09275
2025-08-31,2025-08-29,MRKZ,0.0923
2025-08-31,2025-08-29,MRSB,0.836
2025-08-31,2025-08-29,MSNG,2.214
2025-08-31,2025-08-29,MSRS,1.495
2025-08-31,2025-08-29,MSTT,127.75
2025-08-31,2025-08-29,MTLR,81.58
2025-08-31,2025-08-29,MTLRP,79.45
2025-08-31,2025-08-29,MTSS,217.95
2025-08-31,2025-08-29,MVID,92.7
2025-08-31,2025-08-29,NAUK,497.5
2025-08-31,2025-08-29,NFAZ,334.5
2025-08-31,2025-08-29,NKHP,582
2025-08-31,2025-08-29,NKNC,89.6
2025-08-31,2025-08-29,NKNCP,71.6
2025-08-31,2025-08-29,NKSH,44
2025-08-31,2025-08-29,NLMK,118.8
2025-08-31,2025-08-29,NMTP,8.75
2025-08-31,2025-08-29,NNSB,3590
2025-08-31,2025-08-29,NNSBP,1236
2025-08-31,2025-08-29,NSVZ,298.5
2025-08-31,2025-08-29,NVTK,1238.4
2025-08-31,2025-08-29,OGKB,0.3891
2025-08-31,2025-08-29,OKEY,30.12
2025-08-31,2025-08-29,OMZZP,11460
2025-08-31,2025-08-29,OZON,4392.5
2025-08-31,2025-08-29,OZPH,56.65
2025-08-31,2025-08-29,PAZA,10620
2025-08-31,2025-08-29,PHOR,6995
2025-08-31,2025-08-29,PIKK,659
2025-08-31,2025-08-29,PLZL,2138.2
2025-08-31,2025-08-29,PMSB,310.5
2025-08-31,2025-08-29,PMSBP,315
2025-08-31,2025-08-29,POSI,1374
2025-08-31,2025-08-29,PRFN,4.396
2025-08-31,2025-08-29,PRMB,25200
2025-08-31,2025-08-29,PRMD,428.5
2025-08-31,2025-08-29,QIWI,238.2
2025-08-31,2025-08-29,RAGR,136.2
2025-08-31,2025-08-29,RASP,215.15
2025-08-31,2025-08-29,RBCM,13.75
2025-08-31,2025-08-29,RDRB,138.5
2025-08-31,2025-08-29,RENI,126.02
2025-08-31,2025-08-29,RGSS,0.2328
2025-08-31,2025-08-29,RKKE,17280
2025-08-31,2025-08-29,RNFT,120.9
2025-08-31,2025-08-29,ROLO,0.6064
2025-08-31,2025-08-29,ROSN,459.75
2025-08-31,2025-08-29,ROST,118
2025-08-31,2025-08-29,RTGZ,52000
2025-08-31,2025-08-29,RTKM,72.16
2025-08-31,2025-08-29,RTKMP,65.9
2025-08-31,2025-08-29,RTSB,3.22
2025-08-31,2025-08-29,RTSBP,1.54
2025-08-31,2025-08-29,RUAL,33.81
2025-08-31,2025-08-29,RUSI,65.5
2025-08-31,2025-08-29,RZSB,34.7
2025-08-31,2025-08-29,SAGO,3.22
2025-08-31,2025-08-29,SAGOP,3.155
2025-08-31,2025-08-29,SARE,0.493
2025-08-31,2025-08-29,SAREP,0.2735
2025-08-31,2025-08-29,SBER,310.04
2025-08-31,2025-08-29,SBERP,308.1
2025-08-31,2025-08-29,SELG,48.13
2025-08-31,2025-08-29,SFIN,1225
2025-08-31,2025-08-29,SGZH,1.596
2025-08-31,2025-08-29,SIBN,529.25
2025-08-31,2025-08-29,SLEN,3.64
2025-08-31,2025-08-29,SMLT,1196.5
2025-08-31,2025-08-29,SNGS,22.785
2025-08-31,2025-08-29,SNGSP,43.37
2025-08-31,2025-08-29,SOFL,105.98
2025-08-31,2025-08-29,SPBE,263.1
2025-08-31,2025-08-29,STSB,3.425
2025-08-31,2025-08-29,STSBP,4.7
2025-08-31,2025-08-29,SVAV,614
2025-08-31,2025-08-29,SVCB,15.11
2025-08-31,2025-08-29,SVET,18.78
2025-08-31,2025-08-29,SVETP,39.2
2025-08-31,2025-08-29,T,3334.8
2025-08-31,2025-08-29,TASB,1.374
2025-08-31,2025-08-29,TASBP,0.928
2025-08-31,2025-08-29,TATN,651.3
2025-08-31,2025-08-29,TATNP,617.7
2025-08-31,2025-08-29,TGKA,0.006516
2025-08-31,2025-08-29,TGKB,0.007615
2025-08-31,2025-08-29,TGKBP,0.01079
2025-08-31,2025-08-29,TGKN,0.00639
2025-08-31,2025-08-29,TNSE,2955
2025-08-31,2025-08-29,TORS,0.6
2025-08-31,2025-08-29,TORSP,0.418
2025-08-31,2025-08-29,TRMK,107.74
2025-08-31,2025-08-29,TRNFP,1314.6
2025-08-31,2025-08-29,TTLK,0.647
2025-08-31,2025-08-29,TUZA,148.5
2025-08-31,2025-08-29,UGLD,0.5684
2025-08-31,2025-08-29,UKUZ,970
2025-08-31,2025-08-29,UNAC,0.566
2025-08-31,2025-08-29,UNKL,5160
2025-08-31,2025-08-29,UPRO,1.709
2025-08-31,2025-08-29,URKZ,297.95
2025-08-31,2025-08-29,USBN,0.1277
2025-08-31,2025-08-29,UTAR,12.03
2025-08-31,2025-08-29,UWGN,39.16
2025-08-31,2025-08-29,VEON-RX,98.6
2025-08-31,2025-08-29,VGSB,13.15
2025-08-31,2025-08-29,VGSBP,11.3
2025-08-31,2025-08-29,VJGZ,2365
2025-08-31,2025-08-29,VJGZP,1430
2025-08-31,2025-08-29,VKCO,337.5
2025-08-31,2025-08-29,VLHZ,158.8
2025-08-31,2025-08-29,VRSB,374
2025-08-31,2025-08-29,VRSBP,133.6
2025-08-31,2025-08-29,VSEH,79
2025-08-31,2025-08-29,VSMO,35120
2025-08-31,2025-08-29,VSYD,10650
2025-08-31,2025-08-29,VSYDP,8100
2025-08-31,2025-08-29,VTBR,75.15
2025-08-31,2025-08-29,WTCM,13.06
2025-08-31,2025-08-29,WTCMP,11.8
2025-08-31,2025-08-29,WUSH,127
2025-08-31,2025-08-29,X5,2909
2025-08-31,2025-08-29,YAKG,52.35
2025-08-31,2025-08-29,YDEX,4282.5
2025-08-31,2025-08-29,YKEN,0.452
2025-08-31,2025-08-29,YKENP,0.372
2025-08-31,2025-08-29,YRSB,712
2025-08-31,2025-08-29,YRSBP,182.5
2025-08-31,2025-08-29,ZAYM,148.4
2025-08-31,2025-08-29,ZILL,4060
2025-08-31,2025-08-29,ZVEZ,7.98
2025-09-30,2025-09-30,ABIO,71.1
2025-09-30,2025-09-30,ABRD,161
2025-09-30,2025-09-30,AFKS,13.491
2025-09-30,2025-09-30,AFLT,54.34
2025-09-30,2025-09-30,AKRN,16816
2025-09-30,2025-09-30,ALRS,42.96
2025-09-30,2025-09-30,AMEZ,68.05
2025-09-30,2025-09-30,APRI,12.718
2025-09-30,2025-09-30,APTK,8.858
2025-09-30,2025-09-30,AQUA,542
2025-09-30,2025-09-30,ARSA,9.76
2025-09-30,2025-09-30,ASSB,2.81
2025-09-30,2025-09-30,ASTR,309.15
2025-09-30,2025-09-30,AVAN,714
2025-09-30,2025-09-30,BANE,1505
2025-09-30,2025-09-30,BANEP,942
2025-09-30,2025-09-30,BELU,388
2025-09-30,2025-09-30,BISVP,9.09
2025-09-30,2025-09-30,BLNG,11.98
2025-09-30,2025-09-30,BRZL,1596
2025-09-30,2025-09-30,BSPB,338.25
2025-09-30,2025-09-30,BSPBP,57.1
2025-09-30,2025-09-30,CARM,1.834
2025-09-30,2025-09-30,CBOM,7.188
2025-09-30,2025-09-30,CHGZ,82.8
2025-09-30,2025-09-30,CHKZ,17700
2025-09-30,2025-09-30,CHMF,943.2
2025-09-30,2025-09-30,CHMK,4530
2025-09-30,2025-09-30,CNRU,672.6
2025-09-30,2025-09-30,CNTL,9.54
2025-09-30,2025-09-30,CNTLP,6.36
2025-09-30,2025-09-30,DATA,99.1
2025-09-30,2025-09-30,DELI,109.35
2025-09-30,2025-09-30,DIAS,2078.5
2025-09-30,2025-09-30,DIOD,8.95
2025-09-30,2025-09-30,DVEC,1.953
2025-09-30,2025-09-30,DZRD,5145
2025-09-30,2025-09-30,DZRDP,2960
2025-09-30,2025-09-30,EELT,8.86
2025-09-30,2025-09-30,ELFV,0.4838
2025-09-30,2025-09-30,ELMT,0.1259
2025-09-30,2025-09-30,ENPG,404.95
2025-09-30,2025-09-30,ETLN,40.34
2025-09-30,2025-09-30,EUTR,134.85
2025-09-30,2025-09-30,FEES,0.06446
2025-09-30,2025-09-30,FESH,49.04
2025-09-30,2025-09-30,FIXR,0.597
2025-09-30,2025-09-30,FLOT,79.49
2025-09-30,2025-09-30,GAZA,605
2025-09-30,2025-09-30,GAZAP,390
2025-09-30,2025-09-30,GAZC,659
2025-09-30,2025-09-30,GAZP,118.19
2025-09-30,2025-09-30,GAZS,839
2025-09-30,2025-09-30,GAZT,1739
2025-09-30,2025-09-30,GCHE,3159
2025-09-30,2025-09-30,GECO,24.74
2025-09-30,2025-09-30,GEMA,114.2
2025-09-30,2025-09-30,GEMC,790.2
2025-09-30,2025-09-30,GMKN,123.88
2025-09-30,2025-09-30,GTRK,179.9
2025-09-30,2025-09-30,HEAD,3318
2025-09-30,2025-09-30,HIMCP,19.66
2025-09-30,2025-09-30,HNFG,519.8
2025-09-30,2025-09-30,HYDR,0.4084
2025-09-30,2025-09-30,IGST,4380
2025-09-30,2025-09-30,IGSTP,3660
2025-09-30,2025-09-30,IRAO,3.0255
2025-09-30,2025-09-30,IRKT,25.18
2025-09-30,2025-09-30,IVAT,167.6
2025-09-30,2025-09-30,JNOS,17.45
2025-09-30,2025-09-30,JNOSP,10.16
2025-09-30,2025-09-30,KAZT,448
2025-09-30,2025-09-30,KAZTP,458.5
2025-09-30,2025-09-30,KBSB,713.5
2025-09-30,2025-09-30,KCHE,0.485
2025-09-30,2025-09-30,KCHEP,0.83
2025-09-30,2025-09-30,KFBA,1640
2025-09-30,2025-09-30,KGKC,43.2
2025-09-30,2025-09-30,KGKCP,51.2
2025-09-30,2025-09-30,KLSB,21.18
2025-09-30,2025-09-30,KLVZ,3.12
2025-09-30,2025-09-30,KMAZ,86.1
2025-09-30,2025-09-30,KMEZ,1180
2025-09-30,2025-09-30,KOGK,345.15
2025-09-30,2025-09-30,KRKN,8700
2025-09-30,2025-09-30,KRKNP,7520
2025-09-30,2025-09-30,KRKOP,13.66
2025-09-30,2025-09-30,KROT,1208
2025-09-30,2025-09-30,KROTP,442
2025-09-30,2025-09-30,KRSB,19.82
2025-09-30,2025-09-30,KRSBP,19.9
2025-09-30,2025-09-30,KUZB,0.03425
2025-09-30,2025-09-30,KZOS,71.2
2025-09-30,2025-09-30,KZOSP,17.41
2025-09-30,2025-09-30,LEAS,514
2025-09-30,2025-09-30,LENT,1867.5
2025-09-30,2025-09-30,LIFE,3.16
2025-09-30,2025-09-30,LKOH,6082.5
2025-09-30,2025-09-30,LMBZ,477.5
2025-09-30,2025-09-30,LNZL,6020
2025-09-30,2025-09-30,LNZLP,750
2025-09-30,2025-09-30,LPSB,74.45
2025-09-30,2025-09-30,LSNG,15.5
2025-09-30,2025-09-30,LSNGP,268.4
2025-09-30,2025-09-30,LSRG,734
2025-09-30,2025-09-30,LVHK,26.45
2025-09-30,2025-09-30,MAGE,3.04
2025-09-30,2025-09-30,MAGEP,2.18
2025-09-30,2025-09-30,MAGN,27.62
2025-09-30,2025-09-30,MBNK,1233.5
2025-09-30,2025-09-30,MDMG,1237.6
2025-09-30,2025-09-30,MFGS,302
2025-09-30,2025-09-30,MFGSP,202.5
2025-09-30,2025-09-30,MGKL,2.4105
2025-09-30,2025-09-30,MGNT,3087
2025-09-30,2025-09-30,MGNZ,7440
2025-09-30,2025-09-30,MGTS,1100
2025-09-30,2025-09-30,MGTSP,762
2025-09-30,2025-09-30,MISB,52.1
2025-09-30,2025-09-30,MISBP,48
2025-09-30,2025-09-30,MOEX,164.52
2025-09-30,2025-09-30,MRKC,0.8086
2025-09-30,2025-09-30,MRKK,17.32
2025-09-30,2025-09-30,MRKP,0.5217
2025-09-30,2025-09-30,MRKS,0.478
2025-09-30,2025-09-30,MRKU,0.4162
2025-09-30,2025-09-30,MRKV,0.12665
2025-09-30,2025-09-30,MRKY,0.08355
2025-09-30,2025-09-30,MRKZ,0.09385
2025-09-30,2025-09-30,MRSB,0.842
2025-09-30,2025-09-30,MSNG,2.0125
2025-09-30,2025-09-30,MSRS,1.394
2025-09-30,2025-09-30,MSTT,111.95
2025-09-30,2025-09-30,MTLR,72.46
2025-09-30,2025-09-30,MTLRP,67.7
2025-09-30,2025-09-30,MTSS,205.05
2025-09-30,2025-09-30,MVID,75.9
2025-09-30,2025-09-30,NAUK,457
2025-09-30,2025-09-30,NFAZ,305.5
2025-09-30,2025-09-30,NKHP,482
2025-09-30,2025-09-30,NKNC,83.15
2025-09-30,2025-09-30,NKNCP,63.04
2025-09-30,2025-09-30,NKSH,40.2
2025-09-30,2025-09-30,NLMK,104.12
2025-09-30,2025-09-30,NMTP,8.245
2025-09-30,2025-09-30,NNSB,3980
2025-09-30,2025-09-30,NNSBP,1204
2025-09-30,2025-09-30,NSVZ,256.5
2025-09-30,2025-09-30,NVTK,1101.8
2025-09-30,2025-09-30,OGKB,0.4207
2025-09-30,2025-09-30,OKEY,30.25
2025-09-30,2025-09-30,OMZZP,11360
2025-09-30,2025-09-30,OZON,4135
2025-09-30,2025-09-30,OZPH,50.14
2025-09-30,2025-09-30,PAZA,10780
2025-09-30,2025-09-30,PHOR,7182
2025-09-30,2025-09-30,PIKK,535.2
2025-09-30,2025-09-30,PLZL,2362.4
2025-09-30,2025-09-30,PMSB,327.4
2025-09-30,2025-09-30,PMSBP,342.6
2025-09-30,2025-09-30,POSI,1109
2025-09-30,2025-09-30,PRFN,3.984
2025-09-30,2025-09-30,PRMB,27200
2025-09-30,2025-09-30,PRMD,382.4
2025-09-30,2025-09-30,QIWI,208.2
2025-09-30,2025-09-30,RAGR,121.28
2025-09-30,2025-09-30,RASP,187.2
2025-09-30,2025-09-30,RBCM,11.475
2025-09-30,2025-09-30,RDRB,135.5
2025-09-30,2025-09-30,RENI,101.08
2025-09-30,2025-09-30,RGSS,0.2118
2025-09-30,2025-09-30,RKKE,15240
2025-09-30,2025-09-30,RNFT,106.45
2025-09-30,2025-09-30,ROLO,0.524
2025-09-30,2025-09-30,ROSN,411.4
2025-09-30,2025-09-30,ROST,113.4
2025-09-30,2025-09-30,RTGZ,49200
2025-09-30,2025-09-30,RTKM,58.4
2025-09-30,2025-09-30,RTKMP,56.25
2025-09-30,2025-09-30,RTSB,3.365
2025-09-30,2025-09-30,RTSBP,1.532
2025-09-30,2025-09-30,RUAL,30.605
2025-09-30,2025-09-30,RUSI,78
2025-09-30,2025-09-30,RZSB,35.42
2025-09-30,2025-09-30,SAGO,3.205
2025-09-30,2025-09-30,SAGOP,3.18
2025-09-30,2025-09-30,SARE,0.562
2025-09-30,2025-09-30,SAREP,0.332
2025-09-30,2025-09-30,SBER,288.36
2025-09-30,2025-09-30,SBERP,287.61
2025-09-30,2025-09-30,SELG,43.54
2025-09-30,2025-09-30,SFIN,1049.4
2025-09-30,2025-09-30,SGZH,1.365
2025-09-30,2025-09-30,SIBN,499.1
2025-09-30,2025-09-30,SLEN,3.27
2025-09-30,2025-09-30,SMLT,997
2025-09-30,2025-09-30,SNGS,21.205
2025-09-30,2025-09-30,SNGSP,39.08
2025-09-30,2025-09-30,SOFL,94.6
2025-09-30,2025-09-30,SPBE,216.8
2025-09-30,2025-09-30,STSB,3.67
2025-09-30,2025-09-30,STSBP,4.635
2025-09-30,2025-09-30,SVAV,520
2025-09-30,2025-09-30,SVCB,12.635
2025-09-30,2025-09-30,SVET,15.86
2025-09-30,2025-09-30,SVETP,42.05
2025-09-30,2025-09-30,T,3078
2025-09-30,2025-09-30,TASB,1.36
2025-09-30,2025-09-30,TASBP,0.916
2025-09-30,2025-09-30,TATN,630
2025-09-30,2025-09-30,TATNP,590
2025-09-30,2025-09-30,TGKA,0.005986
2025-09-30,2025-09-30,TGKB,0.006305
2025-09-30,2025-09-30,TGKBP,0.00857
2025-09-30,2025-09-30,TGKN,0.00588
2025-09-30,2025-09-30,TNSE,3260
2025-09-30,2025-09-30,TORS,0.66
2025-09-30,2025-09-30,TORSP,0.483
2025-09-30,2025-09-30,TRMK,117.36
2025-09-30,2025-09-30,TRNFP,1231.8
2025-09-30,2025-09-30,TTLK,0.599
2025-09-30,2025-09-30,TUZA,130
2025-09-30,2025-09-30,UGLD,0.5788
2025-09-30,2025-09-30,UKUZ,960
2025-09-30,2025-09-30,UNAC,0.529
2025-09-30,2025-09-30,UNKL,4740
2025-09-30,2025-09-30,UPRO,1.409
2025-09-30,2025-09-30,URKZ,265
2025-09-30,2025-09-30,USBN,0.1166
2025-09-30,2025-09-30,UTAR,11.18
2025-09-30,2025-09-30,UWGN,34.64
2025-09-30,2025-09-30,VEON-RX,82.6
2025-09-30,2025-09-30,VGSB,13.4
2025-09-30,2025-09-30,VGSBP,11.6
2025-09-30,2025-09-30,VJGZ,2325
2025-09-30,2025-09-30,VJGZP,1400
2025-09-30,2025-09-30,VKCO,277.6
2025-09-30,2025-09-30,VLHZ,162
2025-09-30,2025-09-30,VRSB,334
2025-09-30,2025-09-30,VRSBP,134
2025-09-30,2025-09-30,VSEH,67.03
2025-09-30,2025-09-30,VSMO,30200
2025-09-30,2025-09-30,VSYD,10100
2025-09-30,2025-09-30,VSYDP,8100
2025-09-30,2025-09-30,VTBR,68.16
2025-09-30,2025-09-30,WTCM,13.5
2025-09-30,2025-09-30,WTCMP,11.16
2025-09-30,2025-09-30,WUSH,102.08
2025-09-30,2025-09-30,X5,2849.5
2025-09-30,2025-09-30,YAKG,45.9
2025-09-30,2025-09-30,YDEX,3926.5
2025-09-30,2025-09-30,YKEN,0.482
2025-09-30,2025-09-30,YKENP,0.41
2025-09-30,2025-09-30,YRSB,828
2025-09-30,2025-09-30,YRSBP,188.5
2025-09-30,2025-09-30,ZAYM,141.05
2025-09-30,2025-09-30,ZILL,4075
2025-09-30,2025-09-30,ZVEZ,7.36
2025-10-31,2025-10-31,ABIO,65.5
2025-10-31,2025-10-31,ABRD,154
2025-10-31,2025-10-31,AFKS,12.345
2025-10-31,2025-10-31,AFLT,50.45
2025-10-31,2025-10-31,AKRN,17796
2025-10-31,2025-10-31,ALRS,39.17
2025-10-31,2025-10-31,AMEZ,68.05
2025-10-31,2025-10-31,APRI,12.206
2025-10-31,2025-10-31,APTK,8.156
2025-10-31,2025-10-31,AQUA,493.5
2025-10-31,2025-10-31,ARSA,9.14
2025-10-31,2025-10-31,ASSB,2.94
2025-10-31,2025-10-31,ASTR,285.7
2025-10-31,2025-10-31,AVAN,674
2025-10-31,2025-10-31,BANE,1453.5
2025-10-31,2025-10-31,BANEP,889
2025-10-31,2025-10-31,BELU,377.4
2025-10-31,2025-10-31,BISVP,9.09
2025-10-31,2025-10-31,BLNG,10.83
2025-10-31,2025-10-31,BRZL,1448
2025-10-31,2025-10-31,BSPB,331.37
2025-10-31,2025-10-31,BSPBP,51.5
2025-10-31,2025-10-31,CARM,1.842
2025-10-31,2025-10-31,CBOM,6.532
2025-10-31,2025-10-31,CHGZ,76.8
2025-10-31,2025-10-31,CHKZ,16800
2025-10-31,2025-10-31,CHMF,853.4
2025-10-31,2025-10-31,CHMK,4220
2025-10-31,2025-10-31,CNRU,616.8
2025-10-31,2025-10-31,CNTL,9.54
2025-10-31,2025-10-31,CNTLP,5.96
2025-10-31,2025-10-31,DATA,91.68
2025-10-31,2025-10-31,DELI,119.05
2025-10-31,2025-10-31,DIAS,1960.5
2025-10-31,2025-10-31,DIOD,9.06
2025-10-31,2025-10-31,DVEC,1.643
2025-10-31,2025-10-31,DZRD,4955
2025-10-31,2025-10-31,DZRDP,2800
2025-10-31,2025-10-31,EELT,8.42
2025-10-31,2025-10-31,ELFV,0.4652
2025-10-31,2025-10-31,ELMT,0.10865
2025-10-31,2025-10-31,ENPG,376.85
2025-10-31,2025-10-31,ETLN,38.36
2025-10-31,2025-10-31,EUTR,124.15
2025-10-31,2025-10-31,FEES,0.06272
2025-10-31,2025-10-31,FESH,47.45
2025-10-31,2025-10-31,FIXR,0.5892
2025-10-31,2025-10-31,FLOT,73.56
2025-10-31,2025-10-31,GAZA,573
2025-10-31,2025-10-31,GAZAP,398.5
2025-10-31,2025-10-31,GAZC,659
2025-10-31,2025-10-31,GAZP,116.11
2025-10-31,2025-10-31,GAZS,839
2025-10-31,2025-10-31,GAZT,1739
2025-10-31,2025-10-31,GCHE,3009
2025-10-31,2025-10-31,GECO,23.5
2025-10-31,2025-10-31,GEMA,106.3
2025-10-31,2025-10-31,GEMC,756.1
2025-10-31,2025-10-31,GLRX,63.49
2025-10-31,2025-10-31,GMKN,123.94
2025-10-31,2025-10-31,GTRK,159
2025-10-31,2025-10-31,HEAD,2807
2025-10-31,2025-10-31,HIMCP,17.54
2025-10-31,2025-10-31,HNFG,527
2025-10-31,2025-10-31,HYDR,0.3813
2025-10-31,2025-10-31,IGST,4040
2025-10-31,2025-10-31,IGSTP,3240
2025-10-31,2025-10-31,IRAO,2.7385
2025-10-31,2025-10-31,IRKT,23.48
2025-10-31,2025-10-31,IVAT,169
2025-10-31,2025-10-31,JNOS,17.15
2025-10-31,2025-10-31,JNOSP,9.56
2025-10-31,2025-10-31,KAZT,420
2025-10-31,2025-10-31,KAZTP,431.5
2025-10-31,2025-10-31,KBSB,685
2025-10-31,2025-10-31,KCHE,0.442
2025-10-31,2025-10-31,KCHEP,0.84
2025-10-31,2025-10-31,KFBA,1756
2025-10-31,2025-10-31,KGKC,43.2
2025-10-31,2025-10-31,KGKCP,51.2
2025-10-31,2025-10-31,KLSB,18.08
2025-10-31,2025-10-31,KLVZ,3.276
2025-10-31,2025-10-31,KMAZ,80.5
2025-10-31,2025-10-31,KMEZ,1130
2025-10-31,2025-10-31,KOGK,306.35
2025-10-31,2025-10-31,KRKN,8800
2025-10-31,2025-10-31,KRKNP,7080
2025-10-31,2025-10-31,KRKOP,13.2
2025-10-31,2025-10-31,KROT,1000
2025-10-31,2025-10-31,KROTP,457
2025-10-31,2025-10-31,KRSB,19.74
2025-10-31,2025-10-31,KRSBP,19.92
2025-10-31,2025-10-31,KUZB,0.0313
2025-10-31,2025-10-31,KZOS,64.2
2025-10-31,2025-10-31,KZOSP,16.21
2025-10-31,2025-10-31,LEAS,546.5
2025-10-31,2025-10-31,LENT,1709.5
2025-10-31,2025-10-31,LIFE,2.94
2025-10-31,2025-10-31,LKOH,5443
2025-10-31,2025-10-31,LMBZ,454
2025-10-31,2025-10-31,LNZL,5890
2025-10-31,2025-10-31,LNZLP,610
2025-10-31,2025-10-31,LPSB,62
2025-10-31,2025-10-31,LSNG,13.55
2025-10-31,2025-10-31,LSNGP,249.25
2025-10-31,2025-10-31,LSRG,705
2025-10-31,2025-10-31,LVHK,23.65
2025-10-31,2025-10-31,MAGE,2.91
2025-10-31,2025-10-31,MAGEP,2.04
2025-10-31,2025-10-31,MAGN,24.635
2025-10-31,2025-10-31,MBNK,1256.5
2025-10-31,2025-10-31,MDMG,1238.6
2025-10-31,2025-10-31,MFGS,343
2025-10-31,2025-10-31,MFGSP,212.5
2025-10-31,2025-10-31,MGKL,2.44
2025-10-31,2025-10-31,MGNT,2871
2025-10-31,2025-10-31,MGNZ,7440
2025-10-31,2025-10-31,MGTS,1020
2025-10-31,2025-10-31,MGTSP,710
2025-10-31,2025-10-31,MISB,44.4
2025-10-31,2025-10-31,MISBP,46.5
2025-10-31,2025-10-31,MOEX,161.43
2025-10-31,2025-10-31,MRKC,0.6772
2025-10-31,2025-10-31,MRKK,17.34
2025-10-31,2025-10-31,MRKP,0.444
2025-10-31,2025-10-31,MRKS,0.4295
2025-10-31,2025-10-31,MRKU,0.3574
2025-10-31,2025-10-31,MRKV,0.11535
2025-10-31,2025-10-31,MRKY,0.0711
2025-10-31,2025-10-31,MRKZ,0.08395
2025-10-31,2025-10-31,MRSB,0.872
2025-10-31,2025-10-31,MSNG,1.8605
2025-10-31,2025-10-31,MSRS,1.3035
2025-10-31,2025-10-31,MSTT,102.5
2025-10-31,2025-10-31,MTLR,64.34
2025-10-31,2025-10-31,MTLRP,57.9
2025-10-31,2025-10-31,MTSS,202.55
2025-10-31,2025-10-31,MVID,62.45
2025-10-31,2025-10-31,NAUK,428
2025-10-31,2025-10-31,NFAZ,294.5
2025-10-31,2025-10-31,NKHP,409.5
2025-10-31,2025-10-31,NKNC,79.55
2025-10-31,2025-10-31,NKNCP,63.54
2025-10-31,2025-10-31,NKSH,36.2
2025-10-31,2025-10-31,NLMK,97.84
2025-10-31,2025-10-31,NMTP,8.385
2025-10-31,2025-10-31,NNSB,3320
2025-10-31,2025-10-31,NNSBP,1200
2025-10-31,2025-10-31,NSVZ,223
2025-10-31,2025-10-31,NVTK,1044.8
2025-10-31,2025-10-31,OGKB,0.4171
2025-10-31,2025-10-31,OKEY,31.06
2025-10-31,2025-10-31,OMZZP,11560
2025-10-31,2025-10-31,OZON,4135
2025-10-31,2025-10-31,OZPH,51.4
2025-10-31,2025-10-31,PAZA,9600
2025-10-31,2025-10-31,PHOR,6726
2025-10-31,2025-10-31,PIKK,382.8
2025-10-31,2025-10-31,PLZL,2052.8
2025-10-31,2025-10-31,PMSB,317.4
2025-10-31,2025-10-31,PMSBP,322.6
2025-10-31,2025-10-31,POSI,1113.8
2025-10-31,2025-10-31,PRFN,3.694
2025-10-31,2025-10-31,PRMB,27000
2025-10-31,2025-10-31,PRMD,372.2
2025-10-31,2025-10-31,QIWI,204.8
2025-10-31,2025-10-31,RAGR,109.3
2025-10-31,2025-10-31,RASP,157.5
2025-10-31,2025-10-31,RBCM,10.6
2025-10-31,2025-10-31,RDRB,121
2025-10-31,2025-10-31,RENI,96.62
2025-10-31,2025-10-31,RGSS,0.198
2025-10-31,2025-10-31,RKKE,13930
2025-10-31,2025-10-31,RNFT,92.45
2025-10-31,2025-10-31,ROLO,0.4892
2025-10-31,2025-10-31,ROSN,382.45
2025-10-31,2025-10-31,ROST,105
2025-10-31,2025-10-31,RTGZ,43800
2025-10-31,2025-10-31,RTKM,58.95
2025-10-31,2025-10-31,RTKMP,57.05
2025-10-31,2025-10-31,RTSB,2.69
2025-10-31,2025-10-31,RTSBP,1.416
2025-10-31,2025-10-31,RUAL,29.105
2025-10-31,2025-10-31,RUSI,63.3
2025-10-31,2025-10-31,RZSB,32.7
2025-10-31,2025-10-31,SAGO,2.7
2025-10-31,2025-10-31,SAGOP,2.65
2025-10-31,2025-10-31,SARE,0.509
2025-10-31,2025-10-31,SAREP,0.299
2025-10-31,2025-10-31,SBER,291.89
2025-10-31,2025-10-31,SBERP,288.03
2025-10-31,2025-10-31,SELG,42.49
2025-10-31,2025-10-31,SFIN,1185
2025-10-31,2025-10-31,SGZH,1.149
2025-10-31,2025-10-31,SIBN,473.65
2025-10-31,2025-10-31,SLEN,3.245
2025-10-31,2025-10-31,SMLT,859
2025-10-31,2025-10-31,SNGS,19.775
2025-10-31,2025-10-31,SNGSP,37.755
2025-10-31,2025-10-31,SOFL,79.72
2025-10-31,2025-10-31,SPBE,223.4
2025-10-31,2025-10-31,STSB,3.3
2025-10-31,2025-10-31,STSBP,4.355
2025-10-31,2025-10-31,SVAV,492
2025-10-31,2025-10-31,SVCB,12.2
2025-10-31,2025-10-31,SVET,14.72
2025-10-31,2025-10-31,SVETP,31.75
2025-10-31,2025-10-31,T,2940
2025-10-31,2025-10-31,TASB,1.348
2025-10-31,2025-10-31,TASBP,0.822
2025-10-31,2025-10-31,TATN,531.9
2025-10-31,2025-10-31,TATNP,501.8
2025-10-31,2025-10-31,TGKA,0.005846
2025-10-31,2025-10-31,TGKB,0.005605
2025-10-31,2025-10-31,TGKBP,0.00814
2025-10-31,2025-10-31,TGKN,0.00507
2025-10-31,2025-10-31,TNSE,2735
2025-10-31,2025-10-31,TORS,0.612
2025-10-31,2025-10-31,TORSP,0.413
2025-10-31,2025-10-31,TRMK,107.42
2025-10-31,2025-10-31,TRNFP,1219.4
2025-10-31,2025-10-31,TTLK,0.55
2025-10-31,2025-10-31,TUZA,117.5
2025-10-31,2025-10-31,UGLD,0.4828
2025-10-31,2025-10-31,UKUZ,868
2025-10-31,2025-10-31,UNAC,0.499
2025-10-31,2025-10-31,UNKL,4040
2025-10-31,2025-10-31,UPRO,1.39
2025-10-31,2025-10-31,URKZ,247.25
2025-10-31,2025-10-31,USBN,0.114
2025-10-31,2025-10-31,UTAR,10.5
2025-10-31,2025-10-31,UWGN,29.6
2025-10-31,2025-10-31,VEON-RX,72.4
2025-10-31,2025-10-31,VGSB,13.55
2025-10-31,2025-10-31,VGSBP,12.05
2025-10-31,2025-10-31,VJGZ,2230
2025-10-31,2025-10-31,VJGZP,1255
2025-10-31,2025-10-31,VKCO,259.7
2025-10-31,2025-10-31,VLHZ,132
2025-10-31,2025-10-31,VRSB,306.5
2025-10-31,2025-10-31,VRSBP,131.2
2025-10-31,2025-10-31,VSEH,62.33
2025-10-31,2025-10-31,VSMO,28280
2025-10-31,2025-10-31,VSYD,9200
2025-10-31,2025-10-31,VSYDP,8000
2025-10-31,2025-10-31,VTBR,68.02
2025-10-31,2025-10-31,WTCM,13.02
2025-10-31,2025-10-31,WTCMP,11.24
2025-10-31,2025-10-31,WUSH,93.44
2025-10-31,2025-10-31,X5,2492
2025-10-31,2025-10-31,YAKG,42.5
2025-10-31,2025-10-31,YDEX,3978.5
2025-10-31,2025-10-31,YKEN,0.422
2025-10-31,2025-10-31,YKENP,0.346
2025-10-31,2025-10-31,YRSB,748
2025-10-31,2025-10-31,YRSBP,179.5
2025-10-31,2025-10-31,ZAYM,144.95
2025-10-31,2025-10-31,ZILL,4195
2025-10-31,2025-10-31,ZVEZ,6.87
2025-11-28,2025-11-28,ABIO,69.8
2025-11-28,2025-11-28,ABRD,158.4
2025-11-28,2025-11-28,AFKS,13.236
2025-11-28,2025-11-28,AFLT,57.32
2025-11-28,2025-11-28,AKRN,18278
2025-11-28,2025-11-28,ALRS,39.73
2025-11-28,2025-11-28,AMEZ,68.05
2025-11-28,2025-11-28,APRI,12.8
2025-11-28,2025-11-28,APTK,8.348
2025-11-28,2025-11-28,AQUA,474
2025-11-28,2025-11-28,ARSA,8.96
2025-11-28,2025-11-28,ASSB,2.58
2025-11-28,2025-11-28,ASTR,274.8
2025-11-28,2025-11-28,AVAN,675
2025-11-28,2025-11-28,BANE,1472.5
2025-11-28,2025-11-28,BANEP,925
2025-11-28,2025-11-28,BELU,433.8
2025-11-28,2025-11-28,BISVP,9.32
2025-11-28,2025-11-28,BLNG,11.41
2025-11-28,2025-11-28,BRZL,1430
2025-11-28,2025-11-28,BSPB,334.64
2025-11-28,2025-11-28,BSPBP,54.2
2025-11-28,2025-11-28,CARM,1.794
2025-11-28,2025-11-28,CBOM,8.197
2025-11-28,2025-11-28,CHGZ,76.6
2025-11-28,2025-11-28,CHKZ,16850
2025-11-28,2025-11-28,CHMF,938.2
2025-11-28,2025-11-28,CHMK,4375
2025-11-28,2025-11-28,CNRU,681.4
2025-11-28,2025-11-28,CNTL,9.32
2025-11-28,2025-11-28,CNTLP,5.98
2025-11-28,2025-11-28,DATA,90.98
2025-11-28,2025-11-28,DELI,122.7
2025-11-28,2025-11-28,DIAS,1865.5
2025-11-28,2025-11-28,DIOD,9.15
2025-11-28,2025-11-28,DOMRF,1734
2025-11-28,2025-11-28,DVEC,1.777
2025-11-28,2025-11-28,DZRD,4015
2025-11-28,2025-11-28,DZRDP,2390
2025-11-28,2025-11-28,EELT,8.76
2025-11-28,2025-11-28,ELFV,0.5044
2025-11-28,2025-11-28,ELMT,0.11285
2025-11-28,2025-11-28,ENPG,418.4
2025-11-28,2025-11-28,ETLN,39.62
2025-11-28,2025-11-28,EUTR,132.55
2025-11-28,2025-11-28,FEES,0.06498
2025-11-28,2025-11-28,FESH,51.35
2025-11-28,2025-11-28,FIXR,0.6121
2025-11-28,2025-11-28,FLOT,78.76
2025-11-28,2025-11-28,GAZA,554
2025-11-28,2025-11-28,GAZAP,411
2025-11-28,2025-11-28,GAZC,659
2025-11-28,2025-11-28,GAZP,127.7
2025-11-28,2025-11-28,GAZS,839
2025-11-28,2025-11-28,GAZT,1739
2025-11-28,2025-11-28,GCHE,3344
2025-11-28,2025-11-28,GECO,24.32
2025-11-28,2025-11-28,GEMA,111.2
2025-11-28,2025-11-28,GEMC,737.7
2025-11-28,2025-11-28,GLRX,59.68
2025-11-28,2025-11-28,GMKN,130.96
2025-11-28,2025-11-28,GTRK,169.6
2025-11-28,2025-11-28,HEAD,2894
2025-11-28,2025-11-28,HIMCP,18.42
2025-11-28,2025-11-28,HNFG,528.2
2025-11-28,2025-11-28,HYDR,0.3856
2025-11-28,2025-11-28,IGST,4100
2025-11-28,2025-11-28,IGSTP,3360
2025-11-28,2025-11-28,IRAO,2.8885
2025-11-28,2025-11-28,IRKT,24.72
2025-11-28,2025-11-28,IVAT,169.25
2025-11-28,2025-11-28,JNOS,16.7
2025-11-28,2025-11-28,JNOSP,9.48
2025-11-28,2025-11-28,KAZT,425.2
2025-11-28,2025-11-28,KAZTP,436.5
2025-11-28,2025-11-28,KBSB,664.5
2025-11-28,2025-11-28,KCHE,0.442
2025-11-28,2025-11-28,KCHEP,0.795
2025-11-28,2025-11-28,KFBA,1794
2025-11-28,2025-11-28,KGKC,43.2
2025-11-28,2025-11-28,KGKCP,51.2
2025-11-28,2025-11-28,KLSB,18.73
2025-11-28,2025-11-28,KLVZ,3.188
2025-11-28,2025-11-28,KMAZ,84.6
2025-11-28,2025-11-28,KMEZ,1166
2025-11-28,2025-11-28,KOGK,315.35
2025-11-28,2025-11-28,KRKN,10500
2025-11-28,2025-11-28,KRKNP,7000
2025-11-28,2025-11-28,KRKOP,13.94
2025-11-28,2025-11-28,KROT,1035
2025-11-28,2025-11-28,KROTP,452
2025-11-28,2025-11-28,KRSB,22.26
2025-11-28,2025-11-28,KRSBP,22.44
2025-11-28,2025-11-28,KUZB,0.0328
2025-11-28,2025-11-28,KZOS,65.7
2025-11-28,2025-11-28,KZOSP,16.93
2025-11-28,2025-11-28,LEAS,582.8
2025-11-28,2025-11-28,LENT,1703
2025-11-28,2025-11-28,LIFE,3.01
2025-11-28,2025-11-28,LKOH,5531.5
2025-11-28,2025-11-28,LMBZ,468
2025-11-28,2025-11-28,LNZL,5850
2025-11-28,2025-11-28,LNZLP,630
2025-11-28,2025-11-28,LPSB,66.8
2025-11-28,2025-11-28,LSNG,14.96
2025-11-28,2025-11-28,LSNGP,269.85
2025-11-28,2025-11-28,LSRG,692.2
2025-11-28,2025-11-28,LVHK,24.2
2025-11-28,2025-11-28,MAGE,2.92
2025-11-28,2025-11-28,MAGEP,2.03
2025-11-28,2025-11-28,MAGN,26.575
2025-11-28,2025-11-28,MBNK,1266
2025-11-28,2025-11-28,MDMG,1352.2
2025-11-28,2025-11-28,MFGS,375
2025-11-28,2025-11-28,MFGSP,206
2025-11-28,2025-11-28,MGKL,2.4035
2025-11-28,2025-11-28,MGNT,2942
2025-11-28,2025-11-28,MGNZ,7440
2025-11-28,2025-11-28,MGTS,1205
2025-11-28,2025-11-28,MGTSP,764
2025-11-28,2025-11-28,MISB,46.9
2025-11-28,2025-11-28,MISBP,47
2025-11-28,2025-11-28,MOEX,171.15
2025-11-28,2025-11-28,MRKC,0.704
2025-11-28,2025-11-28,MRKK,16.7
2025-11-28,2025-11-28,MRKP,0.4682
2025-11-28,2025-11-28,MRKS,0.47
2025-11-28,2025-11-28,MRKU,0.4094
2025-11-28,2025-11-28,MRKV,0.1301
2025-11-28,2025-11-28,MRKY,0.07675
2025-11-28,2025-11-28,MRKZ,0.09345
2025-11-28,2025-11-28,MRSB,0.978
2025-11-28,2025-11-28,MSNG,1.962
2025-11-28,2025-11-28,MSRS,1.3995
2025-11-28,2025-11-28,MSTT,107
2025-11-28,2025-11-28,MTLR,71.71
2025-11-28,2025-11-28,MTLRP,68.3
2025-11-28,2025-11-28,MTSS,212.3
2025-11-28,2025-11-28,MVID,66.65
2025-11-28,2025-11-28,NAUK,439.5
2025-11-28,2025-11-28,NFAZ,290.5
2025-11-28,2025-11-28,NKHP,529.5
2025-11-28,2025-11-28,NKNC,80.2
2025-11-28,2025-11-28,NKNCP,62.9
2025-11-28,2025-11-28,NKSH,36.65
2025-11-28,2025-11-28,NLMK,105.66
2025-11-28,2025-11-28,NMTP,8.58
2025-11-28,2025-11-28,NNSB,4450
2025-11-28,2025-11-28,NNSBP,1270
2025-11-28,2025-11-28,NSVZ,235
2025-11-28,2025-11-28,NVTK,1166.4
2025-11-28,2025-11-28,OGKB,0.3225
2025-11-28,2025-11-28,OKEY,32.45
2025-11-28,2025-11-28,OMZZP,12660
2025-11-28,2025-11-28,OZON,3693.5
2025-11-28,2025-11-28,OZPH,50.74
2025-11-28,2025-11-28,PAZA,9680
2025-11-28,2025-11-28,PHOR,6570
2025-11-28,2025-11-28,PIKK,458.1
2025-11-28,2025-11-28,PLZL,2140.4
2025-11-28,2025-11-28,PMSB,401.5
2025-11-28,2025-11-28,PMSBP,433.6
2025-11-28,2025-11-28,POSI,1108
2025-11-28,2025-11-28,PRFN,3.858
2025-11-28,2025-11-28,PRMB,25800
2025-11-28,2025-11-28,PRMD,398.65
2025-11-28,2025-11-28,RAGR,118.4
2025-11-28,2025-11-28,RASP,173.65
2025-11-28,2025-11-28,RBCM,11.325
2025-11-28,2025-11-28,RDRB,121
2025-11-28,2025-11-28,RENI,100.3
2025-11-28,2025-11-28,RGSS,0.2076
2025-11-28,2025-11-28,RKKE,14510
2025-11-28,2025-11-28,RNFT,99.5
2025-11-28,2025-11-28,ROLO,0.5066
2025-11-28,2025-11-28,ROSN,405
2025-11-28,2025-11-28,ROST,104
2025-11-28,2025-11-28,RTGZ,43800
2025-11-28,2025-11-28,RTKM,58.75
2025-11-28,2025-11-28,RTKMP,58.25
2025-11-28,2025-11-28,RTSB,2.89
2025-11-28,2025-11-28,RTSBP,1.39
2025-11-28,2025-11-28,RUAL,31.24
2025-11-28,2025-11-28,RUSI,64
2025-11-28,2025-11-28,RZSB,33.58
2025-11-28,2025-11-28,SAGO,2.685
2025-11-28,2025-11-28,SAGOP,2.65
2025-11-28,2025-11-28,SARE,0.495
2025-11-28,2025-11-28,SAREP,0.34
2025-11-28,2025-11-28,SBER,304.17
2025-11-28,2025-11-28,SBERP,300.44
2025-11-28,2025-11-28,SELG,42.71
2025-11-28,2025-11-28,SFIN,1618.4
2025-11-28,2025-11-28,SGZH,1.221
2025-11-28,2025-11-28,SIBN,491
2025-11-28,2025-11-28,SLEN,3.18
2025-11-28,2025-11-28,SMLT,928
2025-11-28,2025-11-28,SNGS,21.305
2025-11-28,2025-11-28,SNGSP,38.375
2025-11-28,2025-11-28,SOFL,79.4
2025-11-28,2025-11-28,SPBE,258
2025-11-28,2025-11-28,STSB,3.89
2025-11-28,2025-11-28,STSBP,4.675
2025-11-28,2025-11-28,SVAV,593.5
2025-11-28,2025-11-28,SVCB,12.91
2025-11-28,2025-11-28,SVET,15.58
2025-11-28,2025-11-28,SVETP,35.5
2025-11-28,2025-11-28,T,3116.6
2025-11-28,2025-11-28,TASB,1.284
2025-11-28,2025-11-28,TASBP,1
2025-11-28,2025-11-28,TATN,602.5
2025-11-28,2025-11-28,TATNP,561
2025-11-28,2025-11-28,TGKA,0.005896
2025-11-28,2025-11-28,TGKB,0.005765
2025-11-28,2025-11-28,TGKBP,0.00851
2025-11-28,2025-11-28,TGKN,0.00536
2025-11-28,2025-11-28,TNSE,3115
2025-11-28,2025-11-28,TORS,0.628
2025-11-28,2025-11-28,TORSP,0.447
2025-11-28,2025-11-28,TRMK,105.18
2025-11-28,2025-11-28,TRNFP,1318
2025-11-28,2025-11-28,TTLK,0.578
2025-11-28,2025-11-28,TUZA,133
2025-11-28,2025-11-28,UGLD,0.4741
2025-11-28,2025-11-28,UKUZ,874
2025-11-28,2025-11-28,UNAC,0.5
2025-11-28,2025-11-28,UNKL,4810
2025-11-28,2025-11-28,UPRO,1.484
2025-11-28,2025-11-28,URKZ,250.1
2025-11-28,2025-11-28,USBN,0.1154
2025-11-28,2025-11-28,UTAR,11.06
2025-11-28,2025-11-28,UWGN,30.24
2025-11-28,2025-11-28,VEON-RX,79
2025-11-28,2025-11-28,VGSB,12.45
2025-11-28,2025-11-28,VGSBP,11.9
2025-11-28,2025-11-28,VJGZ,2290
2025-11-28,2025-11-28,VJGZP,1225
2025-11-28,2025-11-28,VKCO,272.8
2025-11-28,2025-11-28,VLHZ,130.8
2025-11-28,2025-11-28,VRSB,321.5
2025-11-28,2025-11-28,VRSBP,131.2
2025-11-28,2025-11-28,VSEH,68.76
2025-11-28,2025-11-28,VSMO,31400
2025-11-28,2025-11-28,VSYD,9250
2025-11-28,2025-11-28,VSYDP,7850
2025-11-28,2025-11-28,VTBR,72.85
2025-11-28,2025-11-28,WTCM,13.5
2025-11-28,2025-11-28,WTCMP,11.4
2025-11-28,2025-11-28,WUSH,89.68
2025-11-28,2025-11-28,X5,2707.5
2025-11-28,2025-11-28,YAKG,42.35
2025-11-28,2025-11-28,YDEX,4185.5
2025-11-28,2025-11-28,YKEN,0.428
2025-11-28,2025-11-28,YKENP,0.34
2025-11-28,2025-11-28,YRSB,762
2025-11-28,2025-11-28,YRSBP,181
2025-11-28,2025-11-28,ZAYM,157.05
2025-11-28,2025-11-28,ZILL,4320
2025-11-28,2025-11-28,ZVEZ,6.87
2025-11-30,2025-11-28,ABIO,69.8
2025-11-30,2025-11-28,ABRD,158.4
2025-11-30,2025-11-28,AFKS,13.236
2025-11-30,2025-11-28,AFLT,57.32
2025-11-30,2025-11-28,AKRN,18278
2025-11-30,2025-11-28,ALRS,39.73
2025-11-30,2025-11-28,AMEZ,68.05
2025-11-30,2025-11-28,APRI,12.8
2025-11-30,2025-11-28,APTK,8.348
2025-11-30,2025-11-28,AQUA,474
2025-11-30,2025-11-28,ARSA,8.96
2025-11-30,2025-11-28,ASSB,2.58
2025-11-30,2025-11-28,ASTR,274.8
2025-11-30,2025-11-28,AVAN,675
2025-11-30,2025-11-28,BANE,1472.5
2025-11-30,2025-11-28,BANEP,925
2025-11-30,2025-11-28,BELU,433.8
2025-11-30,2025-11-28,BISVP,9.32
2025-11-30,2025-11-28,BLNG,11.41
2025-11-30,2025-11-28,BRZL,1430
2025-11-30,2025-11-28,BSPB,334.64
2025-11-30,2025-11-28,BSPBP,54.2
2025-11-30,2025-11-28,CARM,1.794
2025-11-30,2025-11-28,CBOM,8.197
2025-11-30,2025-11-28,CHGZ,76.6
2025-11-30,2025-11-28,CHKZ,16850
2025-11-30,2025-11-28,CHMF,938.2
2025-11-30,2025-11-28,CHMK,4375
2025-11-30,2025-11-28,CNRU,681.4
2025-11-30,2025-11-28,CNTL,9.32
2025-11-30,2025-11-28,CNTLP,5.98
2025-11-30,2025-11-28,DATA,90.98
2025-11-30,2025-11-28,DELI,122.7
2025-11-30,2025-11-28,DIAS,1865.5
2025-11-30,2025-11-28,DIOD,9.15
2025-11-30,2025-11-28,DOMRF,1734
2025-11-30,2025-11-28,DVEC,1.777
2025-11-30,2025-11-28,DZRD,4015
2025-11-30,2025-11-28,DZRDP,2390
2025-11-30,2025-11-28,EELT,8.76
2025-11-30,2025-11-28,ELFV,0.5044
2025-11-30,2025-11-28,ELMT,0.11285
2025-11-30,2025-11-28,ENPG,418.4
2025-11-30,2025-11-28,ETLN,39.62
2025-11-30,2025-11-28,EUTR,132.55
2025-11-30,2025-11-28,FEES,0.06498
2025-11-30,2025-11-28,FESH,51.35
2025-11-30,2025-11-28,FIXR,0.6121
2025-11-30,2025-11-28,FLOT,78.76
2025-11-30,2025-11-28,GAZA,554
2025-11-30,2025-11-28,GAZAP,411
2025-11-30,2025-11-28,GAZC,659
2025-11-30,2025-11-28,GAZP,127.7
2025-11-30,2025-11-28,GAZS,839
2025-11-30,2025-11-28,GAZT,1739
2025-11-30,2025-11-28,GCHE,3344
2025-11-30,2025-11-28,GECO,24.32
2025-11-30,2025-11-28,GEMA,111.2
2025-11-30,2025-11-28,GEMC,737.7
2025-11-30,2025-11-28,GLRX,59.68
2025-11-30,2025-11-28,GMKN,130.96
2025-11-30,2025-11-28,GTRK,169.6
2025-11-30,2025-11-28,HEAD,2894
2025-11-30,2025-11-28,HIMCP,18.42
2025-11-30,2025-11-28,HNFG,528.2
2025-11-30,2025-11-28,HYDR,0.3856
2025-11-30,2025-11-28,IGST,4100
2025-11-30,2025-11-28,IGSTP,3360
2025-11-30,2025-11-28,IRAO,2.8885
2025-11-30,2025-11-28,IRKT,24.72
2025-11-30,2025-11-28,IVAT,169.25
2025-11-30,2025-11-28,JNOS,16.7
2025-11-30,2025-11-28,JNOSP,9.48
2025-11-30,2025-11-28,KAZT,425.2
2025-11-30,2025-11-28,KAZTP,436.5
2025-11-30,2025-11-28,KBSB,664.5
2025-11-30,2025-11-28,KCHE,0.442
2025-11-30,2025-11-28,KCHEP,0.795
2025-11-30,2025-11-28,KFBA,1794
2025-11-30,2025-11-28,KGKC,43.2
2025-11-30,2025-11-28,KGKCP,51.2
2025-11-30,2025-11-28,KLSB,18.73
2025-11-30,2025-11-28,KLVZ,3.188
2025-11-30,2025-11-28,KMAZ,84.6
2025-11-30,2025-11-28,KMEZ,1166
2025-11-30,2025-11-28,KOGK,315.35
2025-11-30,2025-11-28,KRKN,10500
2025-11-30,2025-11-28,KRKNP,7000
2025-11-30,2025-11-28,KRKOP,13.94
2025-11-30,2025-11-28,KROT,1035
2025-11-30,2025-11-28,KROTP,452
2025-11-30,2025-11-28,KRSB,22.26
2025-11-30,2025-11-28,KRSBP,22.44
2025-11-30,2025-11-28,KUZB,0.0328
2025-11-30,2025-11-28,KZOS,65.7
2025-11-30,2025-11-28,KZOSP,16.93
2025-11-30,2025-11-28,LEAS,582.8
2025-11-30,2025-11-28,LENT,1703
2025-11-30,2025-11-28,LIFE,3.01
2025-11-30,2025-11-28,LKOH,5531.5
2025-11-30,2025-11-28,LMBZ,468
2025-11-30,2025-11-28,LNZL,5850
2025-11-30,2025-11-28,LNZLP,630
2025-11-30,2025-11-28,LPSB,66.8
2025-11-30,2025-11-28,LSNG,14.96
2025-11-30,2025-11-28,LSNGP,269.85
2025-11-30,2025-11-28,LSRG,692.2
2025-11-30,2025-11-28,LVHK,24.2
2025-11-30,2025-11-28,MAGE,2.92
2025-11-30,2025-11-28,MAGEP,2.03
2025-11-30,2025-11-28,MAGN,26.575
2025-11-30,2025-11-28,MBNK,1266
2025-11-30,2025-11-28,MDMG,1352.2
2025-11-30,2025-11-28,MFGS,375
2025-11-30,2025-11-28,MFGSP,206
2025-11-30,2025-11-28,MGKL,2.4035
2025-11-30,2025-11-28,MGNT,2942
2025-11-30,2025-11-28,MGNZ,7440
2025-11-30,2025-11-28,MGTS,1205
2025-11-30,2025-11-28,MGTSP,764
2025-11-30,2025-11-28,MISB,46.9
2025-11-30,2025-11-28,MISBP,47
2025-11-30,2025-11-28,MOEX,171.15
2025-11-30,2025-11-28,MRKC,0.704
2025-11-30,2025-11-28,MRKK,16.7
2025-11-30,2025-11-28,MRKP,0.4682
2025-11-30,2025-11-28,MRKS,0.47
2025-11-30,2025-11-28,MRKU,0.4094
2025-11-30,2025-11-28,MRKV,0.1301
2025-11-30,2025-11-28,MRKY,0.07675
2025-11-30,2025-11-28,MRKZ,0.09345
2025-11-30,2025-11-28,MRSB,0.978
2025-11-30,2025-11-28,MSNG,1.962
2025-11-30,2025-11-28,MSRS,1.3995
2025-11-30,2025-11-28,MSTT,107
2025-11-30,2025-11-28,MTLR,71.71
2025-11-30,2025-11-28,MTLRP,68.3
2025-11-30,2025-11-28,MTSS,212.3
2025-11-30,2025-11-28,MVID,66.65
2025-11-30,2025-11-28,NAUK,439.5
2025-11-30,2025-11-28,NFAZ,290.5
2025-11-30,2025-11-28,NKHP,529.5
2025-11-30,2025-11-28,NKNC,80.2
2025-11-30,2025-11-28,NKNCP,62.9
2025-11-30,2025-11-28,NKSH,36.65
2025-11-30,2025-11-28,NLMK,105.66
2025-11-30,2025-11-28,NMTP,8.58
2025-11-30,2025-11-28,NNSB,4450
2025-11-30,2025-11-28,NNSBP,1270
2025-11-30,2025-11-28,NSVZ,235
2025-11-30,2025-11-28,NVTK,1166.4
2025-11-30,2025-11-28,OGKB,0.3225
2025-11-30,2025-11-28,OKEY,32.45
2025-11-30,2025-11-28,OMZZP,12660
2025-11-30,2025-11-28,OZON,3693.5
2025-11-30,2025-11-28,OZPH,50.74
2025-11-30,2025-11-28,PAZA,9680
2025-11-30,2025-11-28,PHOR,6570
2025-11-30,2025-11-28,PIKK,458.1
2025-11-30,2025-11-28,PLZL,2140.4
2025-11-30,2025-11-28,PMSB,401.5
2025-11-30,2025-11-28,PMSBP,433.6
2025-11-30,2025-11-28,POSI,1108
2025-11-30,2025-11-28,PRFN,3.858
2025-11-30,2025-11-28,PRMB,25800
2025-11-30,2025-11-28,PRMD,398.65
2025-11-30,2025-11-28,RAGR,118.4
2025-11-30,2025-11-28,RASP,173.65
2025-11-30,2025-11-28,RBCM,11.325
2025-11-30,2025-11-28,RDRB,121
2025-11-30,2025-11-28,RENI,100.3
2025-11-30,2025-11-28,RGSS,0.2076
2025-11-30,2025-11-28,RKKE,14510
2025-11-30,2025-11-28,RNFT,99.5
2025-11-30,2025-11-28,ROLO,0.5066
2025-11-30,2025-11-28,ROSN,405
2025-11-30,2025-11-28,ROST,104
2025-11-30,2025-11-28,RTGZ,43800
2025-11-30,2025-11-28,RTKM,58.75
2025-11-30,2025-11-28,RTKMP,58.25
2025-11-30,2025-11-28,RTSB,2.89
2025-11-30,2025-11-28,RTSBP,1.39
2025-11-30,2025-11-28,RUAL,31.24
2025-11-30,2025-11-28,RUSI,64
2025-11-30,2025-11-28,RZSB,33.58
2025-11-30,2025-11-28,SAGO,2.685
2025-11-30,2025-11-28,SAGOP,2.65
2025-11-30,2025-11-28,SARE,0.495
2025-11-30,2025-11-28,SAREP,0.34
2025-11-30,2025-11-28,SBER,304.17
2025-11-30,2025-11-28,SBERP,300.44
2025-11-30,2025-11-28,SELG,42.71
2025-11-30,2025-11-28,SFIN,1618.4
2025-11-30,2025-11-28,SGZH,1.221
2025-11-30,2025-11-28,SIBN,491
2025-11-30,2025-11-28,SLEN,3.18
2025-11-30,2025-11-28,SMLT,928
2025-11-30,2025-11-28,SNGS,21.305
2025-11-30,2025-11-28,SNGSP,38.375
2025-11-30,2025-11-28,SOFL,79.4
2025-11-30,2025-11-28,SPBE,258
2025-11-30,2025-11-28,STSB,3.89
2025-11-30,2025-11-28,STSBP,4.675
2025-11-30,2025-11-28,SVAV,593.5
2025-11-30,2025-11-28,SVCB,12.91
2025-11-30,2025-11-28,SVET,15.58
2025-11-30,2025-11-28,SVETP,35.5
2025-11-30,2025-11-28,T,3116.6
2025-11-30,2025-11-28,TASB,1.284
2025-11-30,2025-11-28,TASBP,1
2025-11-30,2025-11-28,TATN,602.5
2025-11-30,2025-11-28,TATNP,561
2025-11-30,2025-11-28,TGKA,0.005896
2025-11-30,2025-11-28,TGKB,0.005765
2025-11-30,2025-11-28,TGKBP,0.00851
2025-11-30,2025-11-28,TGKN,0.00536
2025-11-30,2025-11-28,TNSE,3115
2025-11-30,2025-11-28,TORS,0.628
2025-11-30,2025-11-28,TORSP,0.447
2025-11-30,2025-11-28,TRMK,105.18
2025-11-30,2025-11-28,TRNFP,1318
2025-11-30,2025-11-28,TTLK,0.578
2025-11-30,2025-11-28,TUZA,133
2025-11-30,2025-11-28,UGLD,0.4741
2025-11-30,2025-11-28,UKUZ,874
2025-11-30,2025-11-28,UNAC,0.5
2025-11-30,2025-11-28,UNKL,4810
2025-11-30,2025-11-28,UPRO,1.484
2025-11-30,2025-11-28,URKZ,250.1
2025-11-30,2025-11-28,USBN,0.1154
2025-11-30,2025-11-28,UTAR,11.06
2025-11-30,2025-11-28,UWGN,30.24
2025-11-30,2025-11-28,VEON-RX,79
2025-11-30,2025-11-28,VGSB,12.45
2025-11-30,2025-11-28,VGSBP,11.9
2025-11-30,2025-11-28,VJGZ,2290
2025-11-30,2025-11-28,VJGZP,1225
2025-11-30,2025-11-28,VKCO,272.8
2025-11-30,2025-11-28,VLHZ,130.8
2025-11-30,2025-11-28,VRSB,321.5
2025-11-30,2025-11-28,VRSBP,131.2
2025-11-30,2025-11-28,VSEH,68.76
2025-11-30,2025-11-28,VSMO,31400
2025-11-30,2025-11-28,VSYD,9250
2025-11-30,2025-11-28,VSYDP,7850
2025-11-30,2025-11-28,VTBR,72.85
2025-11-30,2025-11-28,WTCM,13.5
2025-11-30,2025-11-28,WTCMP,11.4
2025-11-30,2025-11-28,WUSH,89.68
2025-11-30,2025-11-28,X5,2707.5
2025-11-30,2025-11-28,YAKG,42.35
2025-11-30,2025-11-28,YDEX,4185.5
2025-11-30,2025-11-28,YKEN,0.428
2025-11-30,2025-11-28,YKENP,0.34
2025-11-30,2025-11-28,YRSB,762
2025-11-30,2025-11-28,YRSBP,181
2025-11-30,2025-11-28,ZAYM,157.05
2025-11-30,2025-11-28,ZILL,4320
2025-11-30,2025-11-28,ZVEZ,6.87
2025-12-30,2025-12-30,ABIO,68.48
2025-12-30,2025-12-30,ABRD,165.6
2025-12-30,2025-12-30,AFKS,13.234
2025-12-30,2025-12-30,AFLT,57.95
2025-12-30,2025-12-30,AKRN,18056
2025-12-30,2025-12-30,ALRS,41.38
2025-12-30,2025-12-30,AMEZ,68.05
2025-12-30,2025-12-30,APRI,15
2025-12-30,2025-12-30,APTK,8.468
2025-12-30,2025-12-30,AQUA,492.4
2025-12-30,2025-12-30,ARSA,8.4
2025-12-30,2025-12-30,ASSB,2.6
2025-12-30,2025-12-30,ASTR,252.95
2025-12-30,2025-12-30,AVAN,662
2025-12-30,2025-12-30,BANE,1450.5
2025-12-30,2025-12-30,BANEP,879
2025-12-30,2025-12-30,BAZA,105.8
2025-12-30,2025-12-30,BELU,407.8
2025-12-30,2025-12-30,BISVP,11.59
2025-12-30,2025-12-30,BLNG,11.73
2025-12-30,2025-12-30,BRZL,1588
2025-12-30,2025-12-30,BSPB,308.56
2025-12-30,2025-12-30,BSPBP,51.65
2025-12-30,2025-12-30,CARM,1.5515
2025-12-30,2025-12-30,CBOM,6.065
2025-12-30,2025-12-30,CHGZ,73.4
2025-12-30,2025-12-30,CHKZ,16350
2025-12-30,2025-12-30,CHMF,962.2
2025-12-30,2025-12-30,CHMK,4375
2025-12-30,2025-12-30,CNRU,604.8
2025-12-30,2025-12-30,CNTL,9.26
2025-12-30,2025-12-30,CNTLP,5.96
2025-12-30,2025-12-30,DATA,78.44
2025-12-30,2025-12-30,DELI,109.2
2025-12-30,2025-12-30,DIAS,1693.5
2025-12-30,2025-12-30,DIOD,10.26
2025-12-30,2025-12-30,DOMRF,1864.4
2025-12-30,2025-12-30,DVEC,1.788
2025-12-30,2025-12-30,DZRD,4080
2025-12-30,2025-12-30,DZRDP,2370
2025-12-30,2025-12-30,EELT,9
2025-12-30,2025-12-30,ELFV,0.493
2025-12-30,2025-12-30,ELMT,0.1144
2025-12-30,2025-12-30,ENPG,451.45
2025-12-30,2025-12-30,ETLN,38.8
2025-12-30,2025-12-30,EUTR,147.2
2025-12-30,2025-12-30,FEES,0.07082
2025-12-30,2025-12-30,FESH,52.97
2025-12-30,2025-12-30,FIXR,0.561
2025-12-30,2025-12-30,FLOT,76.19
2025-12-30,2025-12-30,GAZA,529
2025-12-30,2025-12-30,GAZAP,388.5
2025-12-30,2025-12-30,GAZC,659
2025-12-30,2025-12-30,GAZP,125.36
2025-12-30,2025-12-30,GAZS,839
2025-12-30,2025-12-30,GAZT,1739
2025-12-30,2025-12-30,GCHE,3315
2025-12-30,2025-12-30,GECO,24.41
2025-12-30,2025-12-30,GEMA,114.6
2025-12-30,2025-12-30,GEMC,846.5
2025-12-30,2025-12-30,GLRX,58.32
2025-12-30,2025-12-30,GMKN,149.46
2025-12-30,2025-12-30,GTRK,172.8
2025-12-30,2025-12-30,HEAD,2912
2025-12-30,2025-12-30,HIMCP,19.88
2025-12-30,2025-12-30,HNFG,517.2
2025-12-30,2025-12-30,HYDR,0.4143
2025-12-30,2025-12-30,IGST,4160
2025-12-30,2025-12-30,IGSTP,3360
2025-12-30,2025-12-30,IRAO,3.095
2025-12-30,2025-12-30,IRKT,25.86
2025-12-30,2025-12-30,IVAT,167.35
2025-12-30,2025-12-30,JNOS,16.25
2025-12-30,2025-12-30,JNOSP,9.24
2025-12-30,2025-12-30,KAZT,417.4
2025-12-30,2025-12-30,KAZTP,443
2025-12-30,2025-12-30,KBSB,804
2025-12-30,2025-12-30,KCHE,0.424
2025-12-30,2025-12-30,KCHEP,0.79
2025-12-30,2025-12-30,KFBA,1724
2025-12-30,2025-12-30,KGKC,43.2
2025-12-30,2025-12-30,KGKCP,51.2
2025-12-30,2025-12-30,KLSB,20.3
2025-12-30,2025-12-30,KLVZ,3.104
2025-12-30,2025-12-30,KMAZ,84.6
2025-12-30,2025-12-30,KMEZ,1192
2025-12-30,2025-12-30,KOGK,312
2025-12-30,2025-12-30,KRKN,10000
2025-12-30,2025-12-30,KRKNP,7100
2025-12-30,2025-12-30,KRKOP,13.7
2025-12-30,2025-12-30,KROT,1592
2025-12-30,2025-12-30,KROTP,625
2025-12-30,2025-12-30,KRSB,22.14
2025-12-30,2025-12-30,KRSBP,22.16
2025-12-30,2025-12-30,KUZB,0.0331
2025-12-30,2025-12-30,KZOS,66.4
2025-12-30,2025-12-30,KZOSP,17.2
2025-12-30,2025-12-30,LEAS,546.3
2025-12-30,2025-12-30,LENT,1984.5
2025-12-30,2025-12-30,LIFE,3.3
2025-12-30,2025-12-30,LKOH,5908.5
2025-12-30,2025-12-30,LMBZ,442
2025-12-30,2025-12-30,LNZL,6280
2025-12-30,2025-12-30,LNZLP,765
2025-12-30,2025-12-30,LPSB,66.2
2025-12-30,2025-12-30,LSNG,15.29
2025-12-30,2025-12-30,LSNGP,302.15
2025-12-30,2025-12-30,LSRG,644.6
2025-12-30,2025-12-30,LVHK,23.35
2025-12-30,2025-12-30,MAGE,2.95
2025-12-30,2025-12-30,MAGEP,2.14
2025-12-30,2025-12-30,MAGN,28.55
2025-12-30,2025-12-30,MBNK,1322.5
2025-12-30,2025-12-30,MDMG,1519
2025-12-30,2025-12-30,MFGS,349
2025-12-30,2025-12-30,MFGSP,217.5
2025-12-30,2025-12-30,MGKL,2.587
2025-12-30,2025-12-30,MGNT,3012
2025-12-30,2025-12-30,MGNZ,7440
2025-12-30,2025-12-30,MGTS,1185
2025-12-30,2025-12-30,MGTSP,800
2025-12-30,2025-12-30,MISB,56.8
2025-12-30,2025-12-30,MISBP,50.9
2025-12-30,2025-12-30,MOEX,173.3
2025-12-30,2025-12-30,MRKC,0.88
2025-12-30,2025-12-30,MRKK,16
2025-12-30,2025-12-30,MRKP,0.554
2025-12-30,2025-12-30,MRKS,0.5205
2025-12-30,2025-12-30,MRKU,0.4846
2025-12-30,2025-12-30,MRKV,0.15405
2025-12-30,2025-12-30,MRKY,0.0805
2025-12-30,2025-12-30,MRKZ,0.09765
2025-12-30,2025-12-30,MRSB,0.864
2025-12-30,2025-12-30,MSNG,2.085
2025-12-30,2025-12-30,MSRS,1.46
2025-12-30,2025-12-30,MSTT,117.85
2025-12-30,2025-12-30,MTLR,73.57
2025-12-30,2025-12-30,MTLRP,65.3
2025-12-30,2025-12-30,MTSS,213.9
2025-12-30,2025-12-30,MVID,81.05
2025-12-30,2025-12-30,NAUK,469.5
2025-12-30,2025-12-30,NFAZ,276.5
2025-12-30,2025-12-30,NKHP,492
2025-12-30,2025-12-30,NKNC,78.05
2025-12-30,2025-12-30,NKNCP,60.4
2025-12-30,2025-12-30,NKSH,39.75
2025-12-30,2025-12-30,NLMK,106.72
2025-12-30,2025-12-30,NMTP,8.635
2025-12-30,2025-12-30,NNSB,4220
2025-12-30,2025-12-30,NNSBP,1370
2025-12-30,2025-12-30,NSVZ,249
2025-12-30,2025-12-30,NVTK,1188
2025-12-30,2025-12-30,OGKB,0.3316
2025-12-30,2025-12-30,OKEY,33.97
2025-12-30,2025-12-30,OMZZP,11840
2025-12-30,2025-12-30,OZON,4519
2025-12-30,2025-12-30,OZPH,51.44
2025-12-30,2025-12-30,PAZA,9600
2025-12-30,2025-12-30,PHOR,6369
2025-12-30,2025-12-30,PIKK,477.8
2025-12-30,2025-12-30,PLZL,2398.4
2025-12-30,2025-12-30,PMSB,441.2
2025-12-30,2025-12-30,PMSBP,448
2025-12-30,2025-12-30,POSI,991.4
2025-12-30,2025-12-30,PRFN,3.904
2025-12-30,2025-12-30,PRMB,25600
2025-12-30,2025-12-30,PRMD,405.35
2025-12-30,2025-12-30,RAGR,110.52
2025-12-30,2025-12-30,RASP,163.1
2025-12-30,2025-12-30,RBCM,11.385
2025-12-30,2025-12-30,RDRB,123.5
2025-12-30,2025-12-30,RENI,95.72
2025-12-30,2025-12-30,RGSS,0.206
2025-12-30,2025-12-30,RKKE,16350
2025-12-30,2025-12-30,RNFT,97.1
2025-12-30,2025-12-30,ROLO,0.515
2025-12-30,2025-12-30,ROSN,409
2025-12-30,2025-12-30,ROST,102.2
2025-12-30,2025-12-30,RTGZ,42600
2025-12-30,2025-12-30,RTKM,64.24
2025-12-30,2025-12-30,RTKMP,61.9
2025-12-30,2025-12-30,RTSB,3.52
2025-12-30,2025-12-30,RTSBP,1.518
2025-12-30,2025-12-30,RUAL,33.965
2025-12-30,2025-12-30,RUSI,66.5
2025-12-30,2025-12-30,RZSB,34.42
2025-12-30,2025-12-30,SAGO,2.745
2025-12-30,2025-12-30,SAGOP,2.655
2025-12-30,2025-12-30,SARE,0.547
2025-12-30,2025-12-30,SAREP,0.388
2025-12-30,2025-12-30,SBER,299.9
2025-12-30,2025-12-30,SBERP,299.01
2025-12-30,2025-12-30,SELG,42.62
2025-12-30,2025-12-30,SFIN,920.6
2025-12-30,2025-12-30,SGZH,1.189
2025-12-30,2025-12-30,SIBN,488.65
2025-12-30,2025-12-30,SLEN,3.175
2025-12-30,2025-12-30,SMLT,985
2025-12-30,2025-12-30,SNGS,21.715
2025-12-30,2025-12-30,SNGSP,41.97
2025-12-30,2025-12-30,SOFL,79
2025-12-30,2025-12-30,SPBE,255.5
2025-12-30,2025-12-30,STSB,3.855
2025-12-30,2025-12-30,STSBP,5.35
2025-12-30,2025-12-30,SVAV,572
2025-12-30,2025-12-30,SVCB,12.61
2025-12-30,2025-12-30,SVET,15.24
2025-12-30,2025-12-30,SVETP,30.2
2025-12-30,2025-12-30,T,3280
2025-12-30,2025-12-30,TASB,1.326
2025-12-30,2025-12-30,TASBP,0.936
2025-12-30,2025-12-30,TATN,580.7
2025-12-30,2025-12-30,TATNP,541.9
2025-12-30,2025-12-30,TGKA,0.006512
2025-12-30,2025-12-30,TGKB,0.00643
2025-12-30,2025-12-30,TGKBP,0.009
2025-12-30,2025-12-30,TGKN,0.00534
2025-12-30,2025-12-30,TNSE,3630
2025-12-30,2025-12-30,TORS,0.664
2025-12-30,2025-12-30,TORSP,0.468
2025-12-30,2025-12-30,TRMK,102.42
2025-12-30,2025-12-30,TRNFP,1378
2025-12-30,2025-12-30,TTLK,0.6005
2025-12-30,2025-12-30,TUZA,125.5
2025-12-30,2025-12-30,UGLD,0.5429
2025-12-30,2025-12-30,UKUZ,880
2025-12-30,2025-12-30,UNAC,0.489
2025-12-30,2025-12-30,UNKL,4390
2025-12-30,2025-12-30,UPRO,1.488
2025-12-30,2025-12-30,URKZ,260.85
2025-12-30,2025-12-30,USBN,0.1136
2025-12-30,2025-12-30,UTAR,10.87
2025-12-30,2025-12-30,UWGN,30.08
2025-12-30,2025-12-30,VEON-RX,74.6
2025-12-30,2025-12-30,VGSB,13.65
2025-12-30,2025-12-30,VGSBP,12.4
2025-12-30,2025-12-30,VJGZ,2255
2025-12-30,2025-12-30,VJGZP,1130
2025-12-30,2025-12-30,VKCO,302.3
2025-12-30,2025-12-30,VLHZ,202.8
2025-12-30,2025-12-30,VRSB,344.5
2025-12-30,2025-12-30,VRSBP,139.4
2025-12-30,2025-12-30,VSEH,73.95
2025-12-30,2025-12-30,VSMO,31360
2025-12-30,2025-12-30,VSYD,9350
2025-12-30,2025-12-30,VSYDP,7850
2025-12-30,2025-12-30,VTBR,72.22
2025-12-30,2025-12-30,WTCM,14.26
2025-12-30,2025-12-30,WTCMP,12.56
2025-12-30,2025-12-30,WUSH,91.13
2025-12-30,2025-12-30,X5,3010
2025-12-30,2025-12-30,YAKG,43.05
2025-12-30,2025-12-30,YDEX,4567
2025-12-30,2025-12-30,YKEN,0.412
2025-12-30,2025-12-30,YKENP,0.342
2025-12-30,2025-12-30,YRSB,796
2025-12-30,2025-12-30,YRSBP,186
2025-12-30,2025-12-30,ZAYM,154.55
2025-12-30,2025-12-30,ZILL,4105
2025-12-30,2025-12-30,ZVEZ,6.7
2025-12-31,2025-12-30,ABIO,68.48
2025-12-31,2025-12-30,ABRD,165.6
2025-12-31,2025-12-30,AFKS,13.234
2025-12-31,2025-12-30,AFLT,57.95
2025-12-31,2025-12-30,AKRN,18056
2025-12-31,2025-12-30,ALRS,41.38
2025-12-31,2025-12-30,AMEZ,68.05
2025-12-31,2025-12-30,APRI,15
2025-12-31,2025-12-30,APTK,8.468
2025-12-31,2025-12-30,AQUA,492.4
2025-12-31,2025-12-30,ARSA,8.4
2025-12-31,2025-12-30,ASSB,2.6
2025-12-31,2025-12-30,ASTR,252.95
2025-12-31,2025-12-30,AVAN,662
2025-12-31,2025-12-30,BANE,1450.5
2025-12-31,2025-12-30,BANEP,879
2025-12-31,2025-12-30,BAZA,105.8
2025-12-31,2025-12-30,BELU,407.8
2025-12-31,2025-12-30,BISVP,11.59
2025-12-31,2025-12-30,BLNG,11.73
2025-12-31,2025-12-30,BRZL,1588
2025-12-31,2025-12-30,BSPB,308.56
2025-12-31,2025-12-30,BSPBP,51.65
2025-12-31,2025-12-30,CARM,1.5515
2025-12-31,2025-12-30,CBOM,6.065
2025-12-31,2025-12-30,CHGZ,73.4
2025-12-31,2025-12-30,CHKZ,16350
2025-12-31,2025-12-30,CHMF,962.2
2025-12-31,2025-12-30,CHMK,4375
2025-12-31,2025-12-30,CNRU,604.8
2025-12-31,2025-12-30,CNTL,9.26
2025-12-31,2025-12-30,CNTLP,5.96
2025-12-31,2025-12-30,DATA,78.44
2025-12-31,2025-12-30,DELI,109.2
2025-12-31,2025-12-30,DIAS,1693.5
2025-12-31,2025-12-30,DIOD,10.26
2025-12-31,2025-12-30,DOMRF,1864.4
2025-12-31,2025-12-30,DVEC,1.788
2025-12-31,2025-12-30,DZRD,4080
2025-12-31,2025-12-30,DZRDP,2370
2025-12-31,2025-12-30,EELT,9
2025-12-31,2025-12-30,ELFV,0.493
2025-12-31,2025-12-30,ELMT,0.1144
2025-12-31,2025-12-30,ENPG,451.45
2025-12-31,2025-12-30,ETLN,38.8
2025-12-31,2025-12-30,EUTR,147.2
2025-12-31,2025-12-30,FEES,0.07082
2025-12-31,2025-12-30,FESH,52.97
2025-12-31,2025-12-30,FIXR,0.561
2025-12-31,2025-12-30,FLOT,76.19
2025-12-31,2025-12-30,GAZA,529
2025-12-31,2025-12-30,GAZAP,388.5
2025-12-31,2025-12-30,GAZC,659
2025-12-31,2025-12-30,GAZP,125.36
2025-12-31,2025-12-30,GAZS,839
2025-12-31,2025-12-30,GAZT,1739
2025-12-31,2025-12-30,GCHE,3315
2025-12-31,2025-12-30,GECO,24.41
2025-12-31,2025-12-30,GEMA,114.6
2025-12-31,2025-12-30,GEMC,846.5
2025-12-31,2025-12-30,GLRX,58.32
2025-12-31,2025-12-30,GMKN,149.46
2025-12-31,2025-12-30,GTRK,172.8
2025-12-31,2025-12-30,HEAD,2912
2025-12-31,2025-12-30,HIMCP,19.88
2025-12-31,2025-12-30,HNFG,517.2
2025-12-31,2025-12-30,HYDR,0.4143
2025-12-31,2025-12-30,IGST,4160
2025-12-31,2025-12-30,IGSTP,3360
2025-12-31,2025-12-30,IRAO,3.095
2025-12-31,2025-12-30,IRKT,25.86
2025-12-31,2025-12-30,IVAT,167.35
2025-12-31,2025-12-30,JNOS,16.25
2025-12-31,2025-12-30,JNOSP,9.24
2025-12-31,2025-12-30,KAZT,417.4
2025-12-31,2025-12-30,KAZTP,443
2025-12-31,2025-12-30,KBSB,804
2025-12-31,2025-12-30,KCHE,0.424
2025-12-31,2025-12-30,KCHEP,0.79
2025-12-31,2025-12-30,KFBA,1724
2025-12-31,2025-12-30,KGKC,43.2
2025-12-31,2025-12-30,KGKCP,51.2
2025-12-31,2025-12-30,KLSB,20.3
2025-12-31,2025-12-30,KLVZ,3.104
2025-12-31,2025-12-30,KMAZ,84.6
2025-12-31,2025-12-30,KMEZ,1192
2025-12-31,2025-12-30,KOGK,312
2025-12-31,2025-12-30,KRKN,10000
2025-12-31,2025-12-30,KRKNP,7100
2025-12-31,2025-12-30,KRKOP,13.7
2025-12-31,2025-12-30,KROT,1592
2025-12-31,2025-12-30,KROTP,625
2025-12-31,2025-12-30,KRSB,22.14
2025-12-31,2025-12-30,KRSBP,22.16
2025-12-31,2025-12-30,KUZB,0.0331
2025-12-31,2025-12-30,KZOS,66.4
2025-12-31,2025-12-30,KZOSP,17.2
2025-12-31,2025-12-30,LEAS,546.3
2025-12-31,2025-12-30,LENT,1984.5
2025-12-31,2025-12-30,LIFE,3.3
2025-12-31,2025-12-30,LKOH,5908.5
2025-12-31,2025-12-30,LMBZ,442
2025-12-31,2025-12-30,LNZL,6280
2025-12-31,2025-12-30,LNZLP,765
2025-12-31,2025-12-30,LPSB,66.2
2025-12-31,2025-12-30,LSNG,15.29
2025-12-31,2025-12-30,LSNGP,302.15
2025-12-31,2025-12-30,LSRG,644.6
2025-12-31,2025-12-30,LVHK,23.35
2025-12-31,2025-12-30,MAGE,2.95
2025-12-31,2025-12-30,MAGEP,2.14
2025-12-31,2025-12-30,MAGN,28.55
2025-12-31,2025-12-30,MBNK,1322.5
2025-12-31,2025-12-30,MDMG,1519
2025-12-31,2025-12-30,MFGS,349
2025-12-31,2025-12-30,MFGSP,217.5
2025-12-31,2025-12-30,MGKL,2.587
2025-12-31,2025-12-30,MGNT,3012
2025-12-31,2025-12-30,MGNZ,7440
2025-12-31,2025-12-30,MGTS,1185
2025-12-31,2025-12-30,MGTSP,800
2025-12-31,2025-12-30,MISB,56.8
2025-12-31,2025-12-30,MISBP,50.9
2025-12-31,2025-12-30,MOEX,173.3
2025-12-31,2025-12-30,MRKC,0.88
2025-12-31,2025-12-30,MRKK,16
2025-12-31,2025-12-30,MRKP,0.554
2025-12-31,2025-12-30,MRKS,0.5205
2025-12-31,2025-12-30,MRKU,0.4846
2025-12-31,2025-12-30,MRKV,0.15405
2025-12-31,2025-12-30,MRKY,0.0805
2025-12-31,2025-12-30,MRKZ,0.09765
2025-12-31,2025-12-30,MRSB,0.864
2025-12-31,2025-12-30,MSNG,2.085
2025-12-31,2025-12-30,MSRS,1.46
2025-12-31,2025-12-30,MSTT,117.85
2025-12-31,2025-12-30,MTLR,73.57
2025-12-31,2025-12-30,MTLRP,65.3
2025-12-31,2025-12-30,MTSS,213.9
2025-12-31,2025-12-30,MVID,81.05
2025-12-31,2025-12-30,NAUK,469.5
2025-12-31,2025-12-30,NFAZ,276.5
2025-12-31,2025-12-30,NKHP,492
2025-12-31,2025-12-30,NKNC,78.05
2025-12-31,2025-12-30,NKNCP,60.4
2025-12-31,2025-12-30,NKSH,39.75
2025-12-31,2025-12-30,NLMK,106.72
2025-12-31,2025-12-30,NMTP,8.635
2025-12-31,2025-12-30,NNSB,4220
2025-12-31,2025-12-30,NNSBP,1370
2025-12-31,2025-12-30,NSVZ,249
2025-12-31,2025-12-30,NVTK,1188
2025-12-31,2025-12-30,OGKB,0.3316
2025-12-31,2025-12-30,OKEY,33.97
2025-12-31,2025-12-30,OMZZP,11840
2025-12-31,2025-12-30,OZON,4519
2025-12-31,2025-12-30,OZPH,51.44
2025-12-31,2025-12-30,PAZA,9600
2025-12-31,2025-12-30,PHOR,6369
2025-12-31,2025-12-30,PIKK,477.8
2025-12-31,2025-12-30,PLZL,2398.4
2025-12-31,2025-12-30,PMSB,441.2
2025-12-31,2025-12-30,PMSBP,448
2025-12-31,2025-12-30,POSI,991.4
2025-12-31,2025-12-30,PRFN,3.904
2025-12-31,2025-12-30,PRMB,25600
2025-12-31,2025-12-30,PRMD,405.35
2025-12-31,2025-12-30,RAGR,110.52
2025-12-31,2025-12-30,RASP,163.1
2025-12-31,2025-12-30,RBCM,11.385
2025-12-31,2025-12-30,RDRB,123.5
2025-12-31,2025-12-30,RENI,95.72
2025-12-31,2025-12-30,RGSS,0.206
2025-12-31,2025-12-30,RKKE,16350
2025-12-31,2025-12-30,RNFT,97.1
2025-12-31,2025-12-30,ROLO,0.515
2025-12-31,2025-12-30,ROSN,409
2025-12-31,2025-12-30,ROST,102.2
2025-12-31,2025-12-30,RTGZ,42600
2025-12-31,2025-12-30,RTKM,64.24
2025-12-31,2025-12-30,RTKMP,61.9
2025-12-31,2025-12-30,RTSB,3.52
2025-12-31,2025-12-30,RTSBP,1.518
2025-12-31,2025-12-30,RUAL,33.965
2025-12-31,2025-12-30,RUSI,66.5
2025-12-31,2025-12-30,RZSB,34.42
2025-12-31,2025-12-30,SAGO,2.745
2025-12-31,2025-12-30,SAGOP,2.655
2025-12-31,2025-12-30,SARE,0.547
2025-12-31,2025-12-30,SAREP,0.388
2025-12-31,2025-12-30,SBER,299.9
2025-12-31,2025-12-30,SBERP,299.01
2025-12-31,2025-12-30,SELG,42.62
2025-12-31,2025-12-30,SFIN,920.6
2025-12-31,2025-12-30,SGZH,1.189
2025-12-31,2025-12-30,SIBN,488.65
2025-12-31,2025-12-30,SLEN,3.175
2025-12-31,2025-12-30,SMLT,985
2025-12-31,2025-12-30,SNGS,21.715
2025-12-31,2025-12-30,SNGSP,41.97
2025-12-31,2025-12-30,SOFL,79
2025-12-31,2025-12-30,SPBE,255.5
2025-12-31,2025-12-30,STSB,3.855
2025-12-31,2025-12-30,STSBP,5.35
2025-12-31,2025-12-30,SVAV,572
2025-12-31,2025-12-30,SVCB,12.61
2025-12-31,2025-12-30,SVET,15.24
2025-12-31,2025-12-30,SVETP,30.2
2025-12-31,2025-12-30,T,3280
2025-12-31,2025-12-30,TASB,1.326
2025-12-31,2025-12-30,TASBP,0.936
2025-12-31,2025-12-30,TATN,580.7
2025-12-31,2025-12-30,TATNP,541.9
2025-12-31,2025-12-30,TGKA,0.006512
2025-12-31,2025-12-30,TGKB,0.00643
2025-12-31,2025-12-30,TGKBP,0.009
2025-12-31,2025-12-30,TGKN,0.00534
2025-12-31,2025-12-30,TNSE,3630
2025-12-31,2025-12-30,TORS,0.664
2025-12-31,2025-12-30,TORSP,0.468
2025-12-31,2025-12-30,TRMK,102.42
2025-12-31,2025-12-30,TRNFP,1378
2025-12-31,2025-12-30,TTLK,0.6005
2025-12-31,2025-12-30,TUZA,125.5
2025-12-31,2025-12-30,UGLD,0.5429
2025-12-31,2025-12-30,UKUZ,880
2025-12-31,2025-12-30,UNAC,0.489
2025-12-31,2025-12-30,UNKL,4390
2025-12-31,2025-12-30,UPRO,1.488
2025-12-31,2025-12-30,URKZ,260.85
2025-12-31,2025-12-30,USBN,0.1136
2025-12-31,2025-12-30,UTAR,10.87
2025-12-31,2025-12-30,UWGN,30.08
2025-12-31,2025-12-30,VEON-RX,74.6
2025-12-31,2025-12-30,VGSB,13.65
2025-12-31,2025-12-30,VGSBP,12.4
2025-12-31,2025-12-30,VJGZ,2255
2025-12-31,2025-12-30,VJGZP,1130
2025-12-31,2025-12-30,VKCO,302.3
2025-12-31,2025-12-30,VLHZ,202.8
2025-12-31,2025-12-30,VRSB,344.5
2025-12-31,2025-12-30,VRSBP,139.4
2025-12-31,2025-12-30,VSEH,73.95
2025-12-31,2025-12-30,VSMO,31360
2025-12-31,2025-12-30,VSYD,9350
2025-12-31,2025-12-30,VSYDP,7850
2025-12-31,2025-12-30,VTBR,72.22
2025-12-31,2025-12-30,WTCM,14.26
2025-12-31,2025-12-30,WTCMP,12.56
2025-12-31,2025-12-30,WUSH,91.13
2025-12-31,2025-12-30,X5,3010
2025-12-31,2025-12-30,YAKG,43.05
2025-12-31,2025-12-30,YDEX,4567
2025-12-31,2025-12-30,YKEN,0.412
2025-12-31,2025-12-30,YKENP,0.342
2025-12-31,2025-12-30,YRSB,796
2025-12-31,2025-12-30,YRSBP,186
2025-12-31,2025-12-30,ZAYM,154.55
2025-12-31,2025-12-30,ZILL,4105
2025-12-31,2025-12-30,ZVEZ,6.7
2026-01-30,2026-01-30,ABIO,68.36
2026-01-30,2026-01-30,ABRD,164.2
2026-01-30,2026-01-30,AFKS,13.413
2026-01-30,2026-01-30,AFLT,57.26
2026-01-30,2026-01-30,AKRN,18500
2026-01-30,2026-01-30,ALRS,41.32
2026-01-30,2026-01-30,AMEZ,68.05
2026-01-30,2026-01-30,APRI,15.864
2026-01-30,2026-01-30,APTK,8.488
2026-01-30,2026-01-30,AQUA,475.3
2026-01-30,2026-01-30,ARSA,8.41
2026-01-30,2026-01-30,ASSB,3.45
2026-01-30,2026-01-30,ASTR,255.05
2026-01-30,2026-01-30,AVAN,669
2026-01-30,2026-01-30,BANE,1573.5
2026-01-30,2026-01-30,BANEP,936.5
2026-01-30,2026-01-30,BAZA,110.88
2026-01-30,2026-01-30,BELU,445.2
2026-01-30,2026-01-30,BISVP,10.17
2026-01-30,2026-01-30,BLNG,12.74
2026-01-30,2026-01-30,BRZL,1852
2026-01-30,2026-01-30,BSPB,326.26
2026-01-30,2026-01-30,BSPBP,51.35
2026-01-30,2026-01-30,CARM,1.572
2026-01-30,2026-01-30,CBOM,6.1
2026-01-30,2026-01-30,CHGZ,77.8
2026-01-30,2026-01-30,CHKZ,17900
2026-01-30,2026-01-30,CHMF,999.8
2026-01-30,2026-01-30,CHMK,4445
2026-01-30,2026-01-30,CNRU,572.4
2026-01-30,2026-01-30,CNTL,9.46
2026-01-30,2026-01-30,CNTLP,6.14
2026-01-30,2026-01-30,DATA,96.78
2026-01-30,2026-01-30,DELI,106.05
2026-01-30,2026-01-30,DIAS,1710
2026-01-30,2026-01-30,DIOD,11.46
2026-01-30,2026-01-30,DOMRF,2100
2026-01-30,2026-01-30,DVEC,1.863
2026-01-30,2026-01-30,DZRD,4155
2026-01-30,2026-01-30,DZRDP,2460
2026-01-30,2026-01-30,EELT,9.02
2026-01-30,2026-01-30,ELFV,0.5144
2026-01-30,2026-01-30,ELMT,0.12735
2026-01-30,2026-01-30,ENPG,502.95
2026-01-30,2026-01-30,ETLN,40.64
2026-01-30,2026-01-30,EUTR,146.75
2026-01-30,2026-01-30,FEES,0.07576
2026-01-30,2026-01-30,FESH,54.42
2026-01-30,2026-01-30,FIXR,0.5709
2026-01-30,2026-01-30,FLOT,79.25
2026-01-30,2026-01-30,GAZA,532
2026-01-30,2026-01-30,GAZAP,380
2026-01-30,2026-01-30,GAZC,659
2026-01-30,2026-01-30,GAZP,127.6
2026-01-30,2026-01-30,GAZS,839
2026-01-30,2026-01-30,GAZT,1739
2026-01-30,2026-01-30,GCHE,3551
2026-01-30,2026-01-30,GECO,26.11
2026-01-30,2026-01-30,GEMA,117.8
2026-01-30,2026-01-30,GEMC,906.5
2026-01-30,2026-01-30,GLRX,60.85
2026-01-30,2026-01-30,GMKN,160
2026-01-30,2026-01-30,GTRK,161.8
2026-01-30,2026-01-30,HEAD,2944
2026-01-30,2026-01-30,HIMCP,22.3
2026-01-30,2026-01-30,HNFG,509.4
2026-01-30,2026-01-30,HYDR,0.4212
2026-01-30,2026-01-30,IGST,4520
2026-01-30,2026-01-30,IGSTP,3820
2026-01-30,2026-01-30,IRAO,3.515
2026-01-30,2026-01-30,IRKT,26.74
2026-01-30,2026-01-30,IVAT,162.2
2026-01-30,2026-01-30,JNOS,18.6
2026-01-30,2026-01-30,JNOSP,11.74
2026-01-30,2026-01-30,KAZT,411.4
2026-01-30,2026-01-30,KAZTP,443
2026-01-30,2026-01-30,KBSB,992
2026-01-30,2026-01-30,KCHE,0.465
2026-01-30,2026-01-30,KCHEP,0.845
2026-01-30,2026-01-30,KFBA,1882
2026-01-30,2026-01-30,KGKC,43.2
2026-01-30,2026-01-30,KGKCP,51.2
2026-01-30,2026-01-30,KLSB,21.9
2026-01-30,2026-01-30,KLVZ,3.282
2026-01-30,2026-01-30,KMAZ,86
2026-01-30,2026-01-30,KMEZ,1308
2026-01-30,2026-01-30,KOGK,324.35
2026-01-30,2026-01-30,KRKN,13450
2026-01-30,2026-01-30,KRKNP,7480
2026-01-30,2026-01-30,KRKOP,14.26
2026-01-30,2026-01-30,KROT,1498
2026-01-30,2026-01-30,KROTP,575
2026-01-30,2026-01-30,KRSB,24.46
2026-01-30,2026-01-30,KRSBP,25.1
2026-01-30,2026-01-30,KUZB,0.0355
2026-01-30,2026-01-30,KZOS,68.4
2026-01-30,2026-01-30,KZOSP,17.39
2026-01-30,2026-01-30,LEAS,651.7
2026-01-30,2026-01-30,LENT,2143
2026-01-30,2026-01-30,LIFE,3.27
2026-01-30,2026-01-30,LKOH,5298.5
2026-01-30,2026-01-30,LMBZ,469.5
2026-01-30,2026-01-30,LNZL,7100
2026-01-30,2026-01-30,LNZLP,905
2026-01-30,2026-01-30,LPSB,73.6
2026-01-30,2026-01-30,LSNG,16.18
2026-01-30,2026-01-30,LSNGP,301.95
2026-01-30,2026-01-30,LSRG,693.8
2026-01-30,2026-01-30,LVHK,24.45
2026-01-30,2026-01-30,MAGE,3.12
2026-01-30,2026-01-30,MAGEP,2.53
2026-01-30,2026-01-30,MAGN,30.43
2026-01-30,2026-01-30,MBNK,1395
2026-01-30,2026-01-30,MDMG,1503.5
2026-01-30,2026-01-30,MFGS,368
2026-01-30,2026-01-30,MFGSP,260
2026-01-30,2026-01-30,MGKL,2.759
2026-01-30,2026-01-30,MGNT,3251.5
2026-01-30,2026-01-30,MGNZ,7440
2026-01-30,2026-01-30,MGTS,1180
2026-01-30,2026-01-30,MGTSP,802
2026-01-30,2026-01-30,MISB,59
2026-01-30,2026-01-30,MISBP,56.1
2026-01-30,2026-01-30,MOEX,181.98
2026-01-30,2026-01-30,MRKC,0.8868
2026-01-30,2026-01-30,MRKK,17.4
2026-01-30,2026-01-30,MRKP,0.567
2026-01-30,2026-01-30,MRKS,0.5215
2026-01-30,2026-01-30,MRKU,0.5026
2026-01-30,2026-01-30,MRKV,0.15515
2026-01-30,2026-01-30,MRKY,0.0856
2026-01-30,2026-01-30,MRKZ,0.1173
2026-01-30,2026-01-30,MRSB,0.89
2026-01-30,2026-01-30,MSNG,2.587
2026-01-30,2026-01-30,MSRS,1.657
2026-01-30,2026-01-30,MSTT,120.8
2026-01-30,2026-01-30,MTLR,74.52
2026-01-30,2026-01-30,MTLRP,71.85
2026-01-30,2026-01-30,MTSS,226.75
2026-01-30,2026-01-30,MVID,80.65
2026-01-30,2026-01-30,NAUK,556
2026-01-30,2026-01-30,NFAZ,284.5
2026-01-30,2026-01-30,NKHP,559.5
2026-01-30,2026-01-30,NKNC,79.7
2026-01-30,2026-01-30,NKNCP,62.98
2026-01-30,2026-01-30,NKSH,41.75
2026-01-30,2026-01-30,NLMK,113.48
2026-01-30,2026-01-30,NMTP,8.685
2026-01-30,2026-01-30,NNSB,4270
2026-01-30,2026-01-30,NNSBP,1496
2026-01-30,2026-01-30,NSVZ,278.5
2026-01-30,2026-01-30,NVTK,1178
2026-01-30,2026-01-30,OGKB,0.3508
2026-01-30,2026-01-30,OKEY,36.12
2026-01-30,2026-01-30,OMZZP,12040
2026-01-30,2026-01-30,OZON,4652
2026-01-30,2026-01-30,OZPH,51.9
2026-01-30,2026-01-30,PAZA,10200
2026-01-30,2026-01-30,PHOR,6440
2026-01-30,2026-01-30,PIKK,471.9
2026-01-30,2026-01-30,PLZL,2601.2
2026-01-30,2026-01-30,PMSB,620.3
2026-01-30,2026-01-30,PMSBP,749.6
2026-01-30,2026-01-30,POSI,1089.8
2026-01-30,2026-01-30,PRFN,4.608
2026-01-30,2026-01-30,PRMB,28600
2026-01-30,2026-01-30,PRMD,400.45
2026-01-30,2026-01-30,RAGR,130.44
2026-01-30,2026-01-30,RASP,171
2026-01-30,2026-01-30,RBCM,11.385
2026-01-30,2026-01-30,RDRB,125
2026-01-30,2026-01-30,RENI,92.76
2026-01-30,2026-01-30,RGSS,0.213
2026-01-30,2026-01-30,RKKE,16810
2026-01-30,2026-01-30,RNFT,121
2026-01-30,2026-01-30,ROLO,0.642
2026-01-30,2026-01-30,ROSN,407.75
2026-01-30,2026-01-30,ROST,105.6
2026-01-30,2026-01-30,RTGZ,46800
2026-01-30,2026-01-30,RTKM,65.02
2026-01-30,2026-01-30,RTKMP,62.25
2026-01-30,2026-01-30,RTSB,3.67
2026-01-30,2026-01-30,RTSBP,1.69
2026-01-30,2026-01-30,RUAL,39.28
2026-01-30,2026-01-30,RUSI,68.5
2026-01-30,2026-01-30,RZSB,38.76
2026-01-30,2026-01-30,SAGO,2.925
2026-01-30,2026-01-30,SAGOP,2.78
2026-01-30,2026-01-30,SARE,0.573
2026-01-30,2026-01-30,SAREP,0.4455
2026-01-30,2026-01-30,SBER,305.62
2026-01-30,2026-01-30,SBERP,304.82
2026-01-30,2026-01-30,SELG,57.31
2026-01-30,2026-01-30,SFIN,977.6
2026-01-30,2026-01-30,SGZH,1.233
2026-01-30,2026-01-30,SIBN,504.1
2026-01-30,2026-01-30,SLEN,3.6
2026-01-30,2026-01-30,SMLT,948
2026-01-30,2026-01-30,SNGS,22.04
2026-01-30,2026-01-30,SNGSP,43.99
2026-01-30,2026-01-30,SOFL,78.4
2026-01-30,2026-01-30,SPBE,257.3
2026-01-30,2026-01-30,STSB,5.09
2026-01-30,2026-01-30,STSBP,6.5
2026-01-30,2026-01-30,SVAV,561
2026-01-30,2026-01-30,SVCB,12.595
2026-01-30,2026-01-30,SVET,15.14
2026-01-30,2026-01-30,SVETP,27.9
2026-01-30,2026-01-30,T,3331.8
2026-01-30,2026-01-30,TASB,1.646
2026-01-30,2026-01-30,TASBP,1.056
2026-01-30,2026-01-30,TATN,574.1
2026-01-30,2026-01-30,TATNP,545.3
2026-01-30,2026-01-30,TGKA,0.00797
2026-01-30,2026-01-30,TGKB,0.00764
2026-01-30,2026-01-30,TGKBP,0.01019
2026-01-30,2026-01-30,TGKN,0.00754
2026-01-30,2026-01-30,TNSE,3660
2026-01-30,2026-01-30,TORS,0.816
2026-01-30,2026-01-30,TORSP,0.513
2026-01-30,2026-01-30,TRMK,103.18
2026-01-30,2026-01-30,TRNFP,1411.4
2026-01-30,2026-01-30,TTLK,0.6165
2026-01-30,2026-01-30,TUZA,128.5
2026-01-30,2026-01-30,UGLD,0.7229
2026-01-30,2026-01-30,UKUZ,916
2026-01-30,2026-01-30,UNAC,0.487
2026-01-30,2026-01-30,UNKL,4950
2026-01-30,2026-01-30,UPRO,1.645
2026-01-30,2026-01-30,URKZ,260.3
2026-01-30,2026-01-30,USBN,0.1215
2026-01-30,2026-01-30,UTAR,11.78
2026-01-30,2026-01-30,UWGN,31.3
2026-01-30,2026-01-30,VEON-RX,83.1
2026-01-30,2026-01-30,VGSB,16.3
2026-01-30,2026-01-30,VGSBP,13.55
2026-01-30,2026-01-30,VJGZ,2215
2026-01-30,2026-01-30,VJGZP,1160
2026-01-30,2026-01-30,VKCO,302.8
2026-01-30,2026-01-30,VLHZ,204
2026-01-30,2026-01-30,VRSB,381.5
2026-01-30,2026-01-30,VRSBP,158.8
2026-01-30,2026-01-30,VSEH,76.51
2026-01-30,2026-01-30,VSMO,31580
2026-01-30,2026-01-30,VSYD,10250
2026-01-30,2026-01-30,VSYDP,9100
2026-01-30,2026-01-30,VTBR,77.47
2026-01-30,2026-01-30,WTCM,15.84
2026-01-30,2026-01-30,WTCMP,12.96
2026-01-30,2026-01-30,WUSH,91.6
2026-01-30,2026-01-30,X5,2514
2026-01-30,2026-01-30,YAKG,47.95
2026-01-30,2026-01-30,YDEX,4735
2026-01-30,2026-01-30,YKEN,0.443
2026-01-30,2026-01-30,YKENP,0.356
2026-01-30,2026-01-30,YRSB,840
2026-01-30,2026-01-30,YRSBP,209.5
2026-01-30,2026-01-30,ZAYM,148.25
2026-01-30,2026-01-30,ZILL,4380
2026-01-30,2026-01-30,ZVEZ,7.29
2026-01-31,2026-01-30,ABIO,68.36
2026-01-31,2026-01-30,ABRD,164.2
2026-01-31,2026-01-30,AFKS,13.413
2026-01-31,2026-01-30,AFLT,57.26
2026-01-31,2026-01-30,AKRN,18500
2026-01-31,2026-01-30,ALRS,41.32
2026-01-31,2026-01-30,AMEZ,68.05
2026-01-31,2026-01-30,APRI,15.864
2026-01-31,2026-01-30,APTK,8.488
2026-01-31,2026-01-30,AQUA,475.3
2026-01-31,2026-01-30,ARSA,8.41
2026-01-31,2026-01-30,ASSB,3.45
2026-01-31,2026-01-30,ASTR,255.05
2026-01-31,2026-01-30,AVAN,669
2026-01-31,2026-01-30,BANE,1573.5
2026-01-31,2026-01-30,BANEP,936.5
2026-01-31,2026-01-30,BAZA,110.88
2026-01-31,2026-01-30,BELU,445.2
2026-01-31,2026-01-30,BISVP,10.17
2026-01-31,2026-01-30,BLNG,12.74
2026-01-31,2026-01-30,BRZL,1852
2026-01-31,2026-01-30,BSPB,326.26
2026-01-31,2026-01-30,BSPBP,51.35
2026-01-31,2026-01-30,CARM,1.572
2026-01-31,2026-01-30,CBOM,6.1
2026-01-31,2026-01-30,CHGZ,77.8
2026-01-31,2026-01-30,CHKZ,17900
2026-01-31,2026-01-30,CHMF,999.8
2026-01-31,2026-01-30,CHMK,4445
2026-01-31,2026-01-30,CNRU,572.4
2026-01-31,2026-01-30,CNTL,9.46
2026-01-31,2026-01-30,CNTLP,6.14
2026-01-31,2026-01-30,DATA,96.78
2026-01-31,2026-01-30,DELI,106.05
2026-01-31,2026-01-30,DIAS,1710
2026-01-31,2026-01-30,DIOD,11.46
2026-01-31,2026-01-30,DOMRF,2100
2026-01-31,2026-01-30,DVEC,1.863
2026-01-31,2026-01-30,DZRD,4155
2026-01-31,2026-01-30,DZRDP,2460
2026-01-31,2026-01-30,EELT,9.02
2026-01-31,2026-01-30,ELFV,0.5144
2026-01-31,2026-01-30,ELMT,0.12735
2026-01-31,2026-01-30,ENPG,502.95
2026-01-31,2026-01-30,ETLN,40.64
2026-01-31,2026-01-30,EUTR,146.75
2026-01-31,2026-01-30,FEES,0.07576
2026-01-31,2026-01-30,FESH,54.42
2026-01-31,2026-01-30,FIXR,0.5709
2026-01-31,2026-01-30,FLOT,79.25
2026-01-31,2026-01-30,GAZA,532
2026-01-31,2026-01-30,GAZAP,380
2026-01-31,2026-01-30,GAZC,659
2026-01-31,2026-01-30,GAZP,127.6
2026-01-31,2026-01-30,GAZS,839
2026-01-31,2026-01-30,GAZT,1739
2026-01-31,2026-01-30,GCHE,3551
2026-01-31,2026-01-30,GECO,26.11
2026-01-31,2026-01-30,GEMA,117.8
2026-01-31,2026-01-30,GEMC,906.5
2026-01-31,2026-01-30,GLRX,60.85
2026-01-31,2026-01-30,GMKN,160
2026-01-31,2026-01-30,GTRK,161.8
2026-01-31,2026-01-30,HEAD,2944
2026-01-31,2026-01-30,HIMCP,22.3
2026-01-31,2026-01-30,HNFG,509.4
2026-01-31,2026-01-30,HYDR,0.4212
2026-01-31,2026-01-30,IGST,4520
2026-01-31,2026-01-30,IGSTP,3820
2026-01-31,2026-01-30,IRAO,3.515
2026-01-31,2026-01-30,IRKT,26.74
2026-01-31,2026-01-30,IVAT,162.2
2026-01-31,2026-01-30,JNOS,18.6
2026-01-31,2026-01-30,JNOSP,11.74
2026-01-31,2026-01-30,KAZT,411.4
2026-01-31,2026-01-30,KAZTP,443
2026-01-31,2026-01-30,KBSB,992
2026-01-31,2026-01-30,KCHE,0.465
2026-01-31,2026-01-30,KCHEP,0.845
2026-01-31,2026-01-30,KFBA,1882
2026-01-31,2026-01-30,KGKC,43.2
2026-01-31,2026-01-30,KGKCP,51.2
2026-01-31,2026-01-30,KLSB,21.9
2026-01-31,2026-01-30,KLVZ,3.282
2026-01-31,2026-01-30,KMAZ,86
2026-01-31,2026-01-30,KMEZ,1308
2026-01-31,2026-01-30,KOGK,324.35
2026-01-31,2026-01-30,KRKN,13450
2026-01-31,2026-01-30,KRKNP,7480
2026-01-31,2026-01-30,KRKOP,14.26
2026-01-31,2026-01-30,KROT,1498
2026-01-31,2026-01-30,KROTP,575
2026-01-31,2026-01-30,KRSB,24.46
2026-01-31,2026-01-30,KRSBP,25.1
2026-01-31,2026-01-30,KUZB,0.0355
2026-01-31,2026-01-30,KZOS,68.4
2026-01-31,2026-01-30,KZOSP,17.39
2026-01-31,2026-01-30,LEAS,651.7
2026-01-31,2026-01-30,LENT,2143
2026-01-31,2026-01-30,LIFE,3.27
2026-01-31,2026-01-30,LKOH,5298.5
2026-01-31,2026-01-30,LMBZ,469.5
2026-01-31,2026-01-30,LNZL,7100
2026-01-31,2026-01-30,LNZLP,905
2026-01-31,2026-01-30,LPSB,73.6
2026-01-31,2026-01-30,LSNG,16.18
2026-01-31,2026-01-30,LSNGP,301.95
2026-01-31,2026-01-30,LSRG,693.8
2026-01-31,2026-01-30,LVHK,24.45
2026-01-31,2026-01-30,MAGE,3.12
2026-01-31,2026-01-30,MAGEP,2.53
2026-01-31,2026-01-30,MAGN,30.43
2026-01-31,2026-01-30,MBNK,1395
2026-01-31,2026-01-30,MDMG,1503.5
2026-01-31,2026-01-30,MFGS,368
2026-01-31,2026-01-30,MFGSP,260
2026-01-31,2026-01-30,MGKL,2.759
2026-01-31,2026-01-30,MGNT,3251.5
2026-01-31,2026-01-30,MGNZ,7440
2026-01-31,2026-01-30,MGTS,1180
2026-01-31,2026-01-30,MGTSP,802
2026-01-31,2026-01-30,MISB,59
2026-01-31,2026-01-30,MISBP,56.1
2026-01-31,2026-01-30,MOEX,181.98
2026-01-31,2026-01-30,MRKC,0.8868
2026-01-31,2026-01-30,MRKK,17.4
2026-01-31,2026-01-30,MRKP,0.567
2026-01-31,2026-01-30,MRKS,0.5215
2026-01-31,2026-01-30,MRKU,0.5026
2026-01-31,2026-01-30,MRKV,0.15515
2026-01-31,2026-01-30,MRKY,0.0856
2026-01-31,2026-01-30,MRKZ,0.1173
2026-01-31,2026-01-30,MRSB,0.89
2026-01-31,2026-01-30,MSNG,2.587
2026-01-31,2026-01-30,MSRS,1.657
2026-01-31,2026-01-30,MSTT,120.8
2026-01-31,2026-01-30,MTLR,74.52
2026-01-31,2026-01-30,MTLRP,71.85
2026-01-31,2026-01-30,MTSS,226.75
2026-01-31,2026-01-30,MVID,80.65
2026-01-31,2026-01-30,NAUK,556
2026-01-31,2026-01-30,NFAZ,284.5
2026-01-31,2026-01-30,NKHP,559.5
2026-01-31,2026-01-30,NKNC,79.7
2026-01-31,2026-01-30,NKNCP,62.98
2026-01-31,2026-01-30,NKSH,41.75
2026-01-31,2026-01-30,NLMK,113.48
2026-01-31,2026-01-30,NMTP,8.685
2026-01-31,2026-01-30,NNSB,4270
2026-01-31,2026-01-30,NNSBP,1496
2026-01-31,2026-01-30,NSVZ,278.5
2026-01-31,2026-01-30,NVTK,1178
2026-01-31,2026-01-30,OGKB,0.3508
2026-01-31,2026-01-30,OKEY,36.12
2026-01-31,2026-01-30,OMZZP,12040
2026-01-31,2026-01-30,OZON,4652
2026-01-31,2026-01-30,OZPH,51.9
2026-01-31,2026-01-30,PAZA,10200
2026-01-31,2026-01-30,PHOR,6440
2026-01-31,2026-01-30,PIKK,471.9
2026-01-31,2026-01-30,PLZL,2601.2
2026-01-31,2026-01-30,PMSB,620.3
2026-01-31,2026-01-30,PMSBP,749.6
2026-01-31,2026-01-30,POSI,1089.8
2026-01-31,2026-01-30,PRFN,4.608
2026-01-31,2026-01-30,PRMB,28600
2026-01-31,2026-01-30,PRMD,400.45
2026-01-31,2026-01-30,RAGR,130.44
2026-01-31,2026-01-30,RASP,171
2026-01-31,2026-01-30,RBCM,11.385
2026-01-31,2026-01-30,RDRB,125
2026-01-31,2026-01-30,RENI,92.76
2026-01-31,2026-01-30,RGSS,0.213
2026-01-31,2026-01-30,RKKE,16810
2026-01-31,2026-01-30,RNFT,121
2026-01-31,2026-01-30,ROLO,0.642
2026-01-31,2026-01-30,ROSN,407.75
2026-01-31,2026-01-30,ROST,105.6
2026-01-31,2026-01-30,RTGZ,46800
2026-01-31,2026-01-30,RTKM,65.02
2026-01-31,2026-01-30,RTKMP,62.25
2026-01-31,2026-01-30,RTSB,3.67
2026-01-31,2026-01-30,RTSBP,1.69
2026-01-31,2026-01-30,RUAL,39.28
2026-01-31,2026-01-30,RUSI,68.5
2026-01-31,2026-01-30,RZSB,38.76
2026-01-31,2026-01-30,SAGO,2.925
2026-01-31,2026-01-30,SAGOP,2.78
2026-01-31,2026-01-30,SARE,0.573
2026-01-31,2026-01-30,SAREP,0.4455
2026-01-31,2026-01-30,SBER,305.62
2026-01-31,2026-01-30,SBERP,304.82
2026-01-31,2026-01-30,SELG,57.31
2026-01-31,2026-01-30,SFIN,977.6
2026-01-31,2026-01-30,SGZH,1.233
2026-01-31,2026-01-30,SIBN,504.1
2026-01-31,2026-01-30,SLEN,3.6
2026-01-31,2026-01-30,SMLT,948
2026-01-31,2026-01-30,SNGS,22.04
2026-01-31,2026-01-30,SNGSP,43.99
2026-01-31,2026-01-30,SOFL,78.4
2026-01-31,2026-01-30,SPBE,257.3
2026-01-31,2026-01-30,STSB,5.09
2026-01-31,2026-01-30,STSBP,6.5
2026-01-31,2026-01-30,SVAV,561
2026-01-31,2026-01-30,SVCB,12.595
2026-01-31,2026-01-30,SVET,15.14
2026-01-31,2026-01-30,SVETP,27.9
2026-01-31,2026-01-30,T,3331.8
2026-01-31,2026-01-30,TASB,1.646
2026-01-31,2026-01-30,TASBP,1.056
2026-01-31,2026-01-30,TATN,574.1
2026-01-31,2026-01-30,TATNP,545.3
2026-01-31,2026-01-30,TGKA,0.00797
2026-01-31,2026-01-30,TGKB,0.00764
2026-01-31,2026-01-30,TGKBP,0.01019
2026-01-31,2026-01-30,TGKN,0.00754
2026-01-31,2026-01-30,TNSE,3660
2026-01-31,2026-01-30,TORS,0.816
2026-01-31,2026-01-30,TORSP,0.513
2026-01-31,2026-01-30,TRMK,103.18
2026-01-31,2026-01-30,TRNFP,1411.4
2026-01-31,2026-01-30,TTLK,0.6165
2026-01-31,2026-01-30,TUZA,128.5
2026-01-31,2026-01-30,UGLD,0.7229
2026-01-31,2026-01-30,UKUZ,916
2026-01-31,2026-01-30,UNAC,0.487
2026-01-31,2026-01-30,UNKL,4950
2026-01-31,2026-01-30,UPRO,1.645
2026-01-31,2026-01-30,URKZ,260.3
2026-01-31,2026-01-30,USBN,0.1215
2026-01-31,2026-01-30,UTAR,11.78
2026-01-31,2026-01-30,UWGN,31.3
2026-01-31,2026-01-30,VEON-RX,83.1
2026-01-31,2026-01-30,VGSB,16.3
2026-01-31,2026-01-30,VGSBP,13.55
2026-01-31,2026-01-30,VJGZ,2215
2026-01-31,2026-01-30,VJGZP,1160
2026-01-31,2026-01-30,VKCO,302.8
2026-01-31,2026-01-30,VLHZ,204
2026-01-31,2026-01-30,VRSB,381.5
2026-01-31,2026-01-30,VRSBP,158.8
2026-01-31,2026-01-30,VSEH,76.51
2026-01-31,2026-01-30,VSMO,31580
2026-01-31,2026-01-30,VSYD,10250
2026-01-31,2026-01-30,VSYDP,9100
2026-01-31,2026-01-30,VTBR,77.47
2026-01-31,2026-01-30,WTCM,15.84
2026-01-31,2026-01-30,WTCMP,12.96
2026-01-31,2026-01-30,WUSH,91.6
2026-01-31,2026-01-30,X5,2514
2026-01-31,2026-01-30,YAKG,47.95
2026-01-31,2026-01-30,YDEX,4735
2026-01-31,2026-01-30,YKEN,0.443
2026-01-31,2026-01-30,YKENP,0.356
2026-01-31,2026-01-30,YRSB,840
2026-01-31,2026-01-30,YRSBP,209.5
2026-01-31,2026-01-30,ZAYM,148.25
2026-01-31,2026-01-30,ZILL,4380
2026-01-31,2026-01-30,ZVEZ,7.29
2026-02-27,2026-02-27,ABIO,67.38
2026-02-27,2026-02-27,ABRD,162.8
2026-02-27,2026-02-27,AFKS,13.831
2026-02-27,2026-02-27,AFLT,55.87
2026-02-27,2026-02-27,AKRN,19300
2026-02-27,2026-02-27,ALRS,40.22
2026-02-27,2026-02-27,AMEZ,68.05
2026-02-27,2026-02-27,APRI,15.96
2026-02-27,2026-02-27,APTK,8.488
2026-02-27,2026-02-27,AQUA,490.5
2026-02-27,2026-02-27,ARSA,8.25
2026-02-27,2026-02-27,ASSB,3.315
2026-02-27,2026-02-27,ASTR,261.3
2026-02-27,2026-02-27,AVAN,673
2026-02-27,2026-02-27,BANE,1474
2026-02-27,2026-02-27,BANEP,898
2026-02-27,2026-02-27,BAZA,140.28
2026-02-27,2026-02-27,BELU,443.8
2026-02-27,2026-02-27,BISVP,10.44
2026-02-27,2026-02-27,BLNG,12.39
2026-02-27,2026-02-27,BRZL,1770
2026-02-27,2026-02-27,BSPB,341.26
2026-02-27,2026-02-27,BSPBP,60.55
2026-02-27,2026-02-27,CARM,1.5135
2026-02-27,2026-02-27,CBOM,6.055
2026-02-27,2026-02-27,CHGZ,77.8
2026-02-27,2026-02-27,CHKZ,17800
2026-02-27,2026-02-27,CHMF,965.6
2026-02-27,2026-02-27,CHMK,4545
2026-02-27,2026-02-27,CNRU,607
2026-02-27,2026-02-27,CNTL,9.38
2026-02-27,2026-02-27,CNTLP,6.05
2026-02-27,2026-02-27,DATA,111.6
2026-02-27,2026-02-27,DELI,104.15
2026-02-27,2026-02-27,DIAS,1879
2026-02-27,2026-02-27,DIOD,11.81
2026-02-27,2026-02-27,DOMRF,2303.9
2026-02-27,2026-02-27,DVEC,1.813
2026-02-27,2026-02-27,DZRD,4120
2026-02-27,2026-02-27,DZRDP,2490
2026-02-27,2026-02-27,EELT,8.64
2026-02-27,2026-02-27,ELFV,0.5062
2026-02-27,2026-02-27,ELMT,0.13885
2026-02-27,2026-02-27,ENPG,491.3
2026-02-27,2026-02-27,ETLN,41.8
2026-02-27,2026-02-27,EUTR,132.65
2026-02-27,2026-02-27,FEES,0.07384
2026-02-27,2026-02-27,FESH,54.65
2026-02-27,2026-02-27,FIXR,0.5696
2026-02-27,2026-02-27,FLOT,76.32
2026-02-27,2026-02-27,GAZA,579
2026-02-27,2026-02-27,GAZAP,423.5
2026-02-27,2026-02-27,GAZC,659
2026-02-27,2026-02-27,GAZP,127.03
2026-02-27,2026-02-27,GAZS,839
2026-02-27,2026-02-27,GAZT,1739
2026-02-27,2026-02-27,GCHE,3564
2026-02-27,2026-02-27,GECO,25.24
2026-02-27,2026-02-27,GEMA,119.3
2026-02-27,2026-02-27,GEMC,873.7
2026-02-27,2026-02-27,GLRX,62.5
2026-02-27,2026-02-27,GMKN,165.2
2026-02-27,2026-02-27,GTRK,105.5
2026-02-27,2026-02-27,HEAD,3032
2026-02-27,2026-02-27,HIMCP,21.8
2026-02-27,2026-02-27,HNFG,490
2026-02-27,2026-02-27,HYDR,0.4501
2026-02-27,2026-02-27,IGST,4400
2026-02-27,2026-02-27,IGSTP,3760
2026-02-27,2026-02-27,IRAO,3.229
2026-02-27,2026-02-27,IRKT,26.2
2026-02-27,2026-02-27,IVAT,158.2
2026-02-27,2026-02-27,JNOS,23.6
2026-02-27,2026-02-27,JNOSP,13.44
2026-02-27,2026-02-27,KAZT,408.8
2026-02-27,2026-02-27,KAZTP,436
2026-02-27,2026-02-27,KBSB,910
2026-02-27,2026-02-27,KCHE,0.459
2026-02-27,2026-02-27,KCHEP,0.79
2026-02-27,2026-02-27,KFBA,1710
2026-02-27,2026-02-27,KGKC,43.2
2026-02-27,2026-02-27,KGKCP,51.2
2026-02-27,2026-02-27,KLSB,22.01
2026-02-27,2026-02-27,KLVZ,3.25
2026-02-27,2026-02-27,KMAZ,86.2
2026-02-27,2026-02-27,KMEZ,1324
2026-02-27,2026-02-27,KOGK,331
2026-02-27,2026-02-27,KRKN,12650
2026-02-27,2026-02-27,KRKNP,7340
2026-02-27,2026-02-27,KRKOP,14.12
2026-02-27,2026-02-27,KROT,1457
2026-02-27,2026-02-27,KROTP,580
2026-02-27,2026-02-27,KRSB,23.56
2026-02-27,2026-02-27,KRSBP,24.3
2026-02-27,2026-02-27,KUZB,0.03685
2026-02-27,2026-02-27,KZOS,67.9
2026-02-27,2026-02-27,KZOSP,17.52
2026-02-27,2026-02-27,LEAS,663.2
2026-02-27,2026-02-27,LENT,2141
2026-02-27,2026-02-27,LIFE,3.135
2026-02-27,2026-02-27,LKOH,5220.5
2026-02-27,2026-02-27,LMBZ,444.5
2026-02-27,2026-02-27,LNZL,3850
2026-02-27,2026-02-27,LNZLP,486
2026-02-27,2026-02-27,LPSB,76.5
2026-02-27,2026-02-27,LSNG,15.17
2026-02-27,2026-02-27,LSNGP,319.55
2026-02-27,2026-02-27,LSRG,722.2
2026-02-27,2026-02-27,LVHK,24.25
2026-02-27,2026-02-27,MAGE,3.09
2026-02-27,2026-02-27,MAGEP,2.475
2026-02-27,2026-02-27,MAGN,31.51
2026-02-27,2026-02-27,MBNK,1421.5
2026-02-27,2026-02-27,MDMG,1475
2026-02-27,2026-02-27,MFGS,367
2026-02-27,2026-02-27,MFGSP,244.5
2026-02-27,2026-02-27,MGKL,2.681
2026-02-27,2026-02-27,MGNT,3359.5
2026-02-27,2026-02-27,MGNZ,7440
2026-02-27,2026-02-27,MGTS,1190
2026-02-27,2026-02-27,MGTSP,782
2026-02-27,2026-02-27,MISB,56.3
2026-02-27,2026-02-27,MISBP,52.4
2026-02-27,2026-02-27,MOEX,183.96
2026-02-27,2026-02-27,MRKC,0.8268
2026-02-27,2026-02-27,MRKK,19.98
2026-02-27,2026-02-27,MRKP,0.574
2026-02-27,2026-02-27,MRKS,0.5585
2026-02-27,2026-02-27,MRKU,0.5438
2026-02-27,2026-02-27,MRKV,0.1695
2026-02-27,2026-02-27,MRKY,0.08625
2026-02-27,2026-02-27,MRKZ,0.1148
2026-02-27,2026-02-27,MRSB,0.86
2026-02-27,2026-02-27,MSNG,2.271
2026-02-27,2026-02-27,MSRS,1.7165
2026-02-27,2026-02-27,MSTT,117.95
2026-02-27,2026-02-27,MTLR,73.53
2026-02-27,2026-02-27,MTLRP,71.4
2026-02-27,2026-02-27,MTSS,232.5
2026-02-27,2026-02-27,MVID,74.7
2026-02-27,2026-02-27,NAUK,559.5
2026-02-27,2026-02-27,NFAZ,268.5
2026-02-27,2026-02-27,NKHP,554.5
2026-02-27,2026-02-27,NKNC,79.8
2026-02-27,2026-02-27,NKNCP,62.56
2026-02-27,2026-02-27,NKSH,40.15
2026-02-27,2026-02-27,NLMK,111.92
2026-02-27,2026-02-27,NMTP,8.8
2026-02-27,2026-02-27,NNSB,4120
2026-02-27,2026-02-27,NNSBP,1398
2026-02-27,2026-02-27,NSVZ,265.5
2026-02-27,2026-02-27,NVTK,1196
2026-02-27,2026-02-27,OGKB,0.3568
2026-02-27,2026-02-27,OKEY,40.39
2026-02-27,2026-02-27,OMZZP,11800
2026-02-27,2026-02-27,OZON,4735.5
2026-02-27,2026-02-27,OZPH,52.07
2026-02-27,2026-02-27,PAZA,10120
2026-02-27,2026-02-27,PHOR,6920
2026-02-27,2026-02-27,PIKK,473.2
2026-02-27,2026-02-27,PLZL,2505.4
2026-02-27,2026-02-27,PMSB,575.6
2026-02-27,2026-02-27,PMSBP,629.8
2026-02-27,2026-02-27,POSI,1244.2
2026-02-27,2026-02-27,PRFN,4.678
2026-02-27,2026-02-27,PRMB,28600
2026-02-27,2026-02-27,PRMD,426.8
2026-02-27,2026-02-27,RAGR,121.1
2026-02-27,2026-02-27,RASP,171.45
2026-02-27,2026-02-27,RBCM,11.155
2026-02-27,2026-02-27,RDRB,123.4
2026-02-27,2026-02-27,RENI,94.9
2026-02-27,2026-02-27,RGSS,0.22
2026-02-27,2026-02-27,RKKE,19100
2026-02-27,2026-02-27,RNFT,118
2026-02-27,2026-02-27,ROLO,0.5842
2026-02-27,2026-02-27,ROSN,394.25
2026-02-27,2026-02-27,ROST,105.8
2026-02-27,2026-02-27,RTGZ,46400
2026-02-27,2026-02-27,RTKM,64.7
2026-02-27,2026-02-27,RTKMP,62.25
2026-02-27,2026-02-27,RTSB,3.475
2026-02-27,2026-02-27,RTSBP,1.676
2026-02-27,2026-02-27,RUAL,40.445
2026-02-27,2026-02-27,RUSI,66.9
2026-02-27,2026-02-27,RZSB,39.86
2026-02-27,2026-02-27,SAGO,2.795
2026-02-27,2026-02-27,SAGOP,2.72
2026-02-27,2026-02-27,SARE,0.613
2026-02-27,2026-02-27,SAREP,0.447
2026-02-27,2026-02-27,SBER,315.63
2026-02-27,2026-02-27,SBERP,315.64
2026-02-27,2026-02-27,SELG,57.47
2026-02-27,2026-02-27,SFIN,908
2026-02-27,2026-02-27,SGZH,1.295
2026-02-27,2026-02-27,SIBN,506.5
2026-02-27,2026-02-27,SLEN,3.57
2026-02-27,2026-02-27,SMLT,860.6
2026-02-27,2026-02-27,SNGS,22.04
2026-02-27,2026-02-27,SNGSP,45.47
2026-02-27,2026-02-27,SOFL,80.46
2026-02-27,2026-02-27,SPBE,255.4
2026-02-27,2026-02-27,STSB,5.645
2026-02-27,2026-02-27,STSBP,6.49
2026-02-27,2026-02-27,SVAV,548.5
2026-02-27,2026-02-27,SVCB,13.82
2026-02-27,2026-02-27,SVET,14.88
2026-02-27,2026-02-27,SVETP,26.9
2026-02-27,2026-02-27,T,3463.6
2026-02-27,2026-02-27,TASB,1.634
2026-02-27,2026-02-27,TASBP,1.02
2026-02-27,2026-02-27,TATN,543
2026-02-27,2026-02-27,TATNP,519.5
2026-02-27,2026-02-27,TGKA,0.007358
2026-02-27,2026-02-27,TGKB,0.00703
2026-02-27,2026-02-27,TGKBP,0.00921
2026-02-27,2026-02-27,TGKN,0.00643
2026-02-27,2026-02-27,TNSE,3320
2026-02-27,2026-02-27,TORS,0.848
2026-02-27,2026-02-27,TORSP,0.526
2026-02-27,2026-02-27,TRMK,104.64
2026-02-27,2026-02-27,TRNFP,1427.2
2026-02-27,2026-02-27,TTLK,0.612
2026-02-27,2026-02-27,TUZA,121.2
2026-02-27,2026-02-27,UGLD,0.8093
2026-02-27,2026-02-27,UKUZ,898
2026-02-27,2026-02-27,UNAC,0.4495
2026-02-27,2026-02-27,UNKL,4840
2026-02-27,2026-02-27,UPRO,1.624
2026-02-27,2026-02-27,URKZ,266.4
2026-02-27,2026-02-27,USBN,0.1301
2026-02-27,2026-02-27,UTAR,11.33
2026-02-27,2026-02-27,UWGN,30.34
2026-02-27,2026-02-27,VEON-RX,79.7
2026-02-27,2026-02-27,VGSB,16.7
2026-02-27,2026-02-27,VGSBP,14.85
2026-02-27,2026-02-27,VJGZ,2145
2026-02-27,2026-02-27,VJGZP,1150
2026-02-27,2026-02-27,VKCO,312.55
2026-02-27,2026-02-27,VLHZ,208.8
2026-02-27,2026-02-27,VRSB,371
2026-02-27,2026-02-27,VRSBP,147.2
2026-02-27,2026-02-27,VSEH,80.72
2026-02-27,2026-02-27,VSMO,30880
2026-02-27,2026-02-27,VSYD,11300
2026-02-27,2026-02-27,VSYDP,9300
2026-02-27,2026-02-27,VTBR,86.925
2026-02-27,2026-02-27,WTCM,15.84
2026-02-27,2026-02-27,WTCMP,13.2
2026-02-27,2026-02-27,WUSH,105.04
2026-02-27,2026-02-27,X5,2429.5
2026-02-27,2026-02-27,YAKG,44.7
2026-02-27,2026-02-27,YDEX,4796
2026-02-27,2026-02-27,YKEN,0.436
2026-02-27,2026-02-27,YKENP,0.342
2026-02-27,2026-02-27,YRSB,812
2026-02-27,2026-02-27,YRSBP,202
2026-02-27,2026-02-27,ZAYM,148.95
2026-02-27,2026-02-27,ZILL,4460
2026-02-27,2026-02-27,ZVEZ,7.12
2026-02-28,2026-02-27,ABIO,67.38
2026-02-28,2026-02-27,ABRD,162.8
2026-02-28,2026-02-27,AFKS,13.831
2026-02-28,2026-02-27,AFLT,55.87
2026-02-28,2026-02-27,AKRN,19300
2026-02-28,2026-02-27,ALRS,40.22
2026-02-28,2026-02-27,AMEZ,68.05
2026-02-28,2026-02-27,APRI,15.96
2026-02-28,2026-02-27,APTK,8.488
2026-02-28,2026-02-27,AQUA,490.5
2026-02-28,2026-02-27,ARSA,8.25
2026-02-28,2026-02-27,ASSB,3.315
2026-02-28,2026-02-27,ASTR,261.3
2026-02-28,2026-02-27,AVAN,673
2026-02-28,2026-02-27,BANE,1474
2026-02-28,2026-02-27,BANEP,898
2026-02-28,2026-02-27,BAZA,140.28
2026-02-28,2026-02-27,BELU,443.8
2026-02-28,2026-02-27,BISVP,10.44
2026-02-28,2026-02-27,BLNG,12.39
2026-02-28,2026-02-27,BRZL,1770
2026-02-28,2026-02-27,BSPB,341.26
2026-02-28,2026-02-27,BSPBP,60.55
2026-02-28,2026-02-27,CARM,1.5135
2026-02-28,2026-02-27,CBOM,6.055
2026-02-28,2026-02-27,CHGZ,77.8
2026-02-28,2026-02-27,CHKZ,17800
2026-02-28,2026-02-27,CHMF,965.6
2026-02-28,2026-02-27,CHMK,4545
2026-02-28,2026-02-27,CNRU,607
2026-02-28,2026-02-27,CNTL,9.38
2026-02-28,2026-02-27,CNTLP,6.05
2026-02-28,2026-02-27,DATA,111.6
2026-02-28,2026-02-27,DELI,104.15
2026-02-28,2026-02-27,DIAS,1879
2026-02-28,2026-02-27,DIOD,11.81
2026-02-28,2026-02-27,DOMRF,2303.9
2026-02-28,2026-02-27,DVEC,1.813
2026-02-28,2026-02-27,DZRD,4120
2026-02-28,2026-02-27,DZRDP,2490
2026-02-28,2026-02-27,EELT,8.64
2026-02-28,2026-02-27,ELFV,0.5062
2026-02-28,2026-02-27,ELMT,0.13885
2026-02-28,2026-02-27,ENPG,491.3
2026-02-28,2026-02-27,ETLN,41.8
2026-02-28,2026-02-27,EUTR,132.65
2026-02-28,2026-02-27,FEES,0.07384
2026-02-28,2026-02-27,FESH,54.65
2026-02-28,2026-02-27,FIXR,0.5696
2026-02-28,2026-02-27,FLOT,76.32
2026-02-28,2026-02-27,GAZA,579
2026-02-28,2026-02-27,GAZAP,423.5
2026-02-28,2026-02-27,GAZC,659
2026-02-28,2026-02-27,GAZP,127.03
2026-02-28,2026-02-27,GAZS,839
2026-02-28,2026-02-27,GAZT,1739
2026-02-28,2026-02-27,GCHE,3564
2026-02-28,2026-02-27,GECO,25.24
2026-02-28,2026-02-27,GEMA,119.3
2026-02-28,2026-02-27,GEMC,873.7
2026-02-28,2026-02-27,GLRX,62.5
2026-02-28,2026-02-27,GMKN,165.2
2026-02-28,2026-02-27,GTRK,105.5
2026-02-28,2026-02-27,HEAD,3032
2026-02-28,2026-02-27,HIMCP,21.8
2026-02-28,2026-02-27,HNFG,490
2026-02-28,2026-02-27,HYDR,0.4501
2026-02-28,2026-02-27,IGST,4400
2026-02-28,2026-02-27,IGSTP,3760
2026-02-28,2026-02-27,IRAO,3.229
2026-02-28,2026-02-27,IRKT,26.2
2026-02-28,2026-02-27,IVAT,158.2
2026-02-28,2026-02-27,JNOS,23.6
2026-02-28,2026-02-27,JNOSP,13.44
2026-02-28,2026-02-27,KAZT,408.8
2026-02-28,2026-02-27,KAZTP,436
2026-02-28,2026-02-27,KBSB,910
2026-02-28,2026-02-27,KCHE,0.459
2026-02-28,2026-02-27,KCHEP,0.79
2026-02-28,2026-02-27,KFBA,1710
2026-02-28,2026-02-27,KGKC,43.2
2026-02-28,2026-02-27,KGKCP,51.2
2026-02-28,2026-02-27,KLSB,22.01
2026-02-28,2026-02-27,KLVZ,3.25
2026-02-28,2026-02-27,KMAZ,86.2
2026-02-28,2026-02-27,KMEZ,1324
2026-02-28,2026-02-27,KOGK,331
2026-02-28,2026-02-27,KRKN,12650
2026-02-28,2026-02-27,KRKNP,7340
2026-02-28,2026-02-27,KRKOP,14.12
2026-02-28,2026-02-27,KROT,1457
2026-02-28,2026-02-27,KROTP,580
2026-02-28,2026-02-27,KRSB,23.56
2026-02-28,2026-02-27,KRSBP,24.3
2026-02-28,2026-02-27,KUZB,0.03685
2026-02-28,2026-02-27,KZOS,67.9
2026-02-28,2026-02-27,KZOSP,17.52
2026-02-28,2026-02-27,LEAS,663.2
2026-02-28,2026-02-27,LENT,2141
2026-02-28,2026-02-27,LIFE,3.135
2026-02-28,2026-02-27,LKOH,5220.5
2026-02-28,2026-02-27,LMBZ,444.5
2026-02-28,2026-02-27,LNZL,3850
2026-02-28,2026-02-27,LNZLP,486
2026-02-28,2026-02-27,LPSB,76.5
2026-02-28,2026-02-27,LSNG,15.17
2026-02-28,2026-02-27,LSNGP,319.55
2026-02-28,2026-02-27,LSRG,722.2
2026-02-28,2026-02-27,LVHK,24.25
2026-02-28,2026-02-27,MAGE,3.09
2026-02-28,2026-02-27,MAGEP,2.475
2026-02-28,2026-02-27,MAGN,31.51
2026-02-28,2026-02-27,MBNK,1421.5
2026-02-28,2026-02-27,MDMG,1475
2026-02-28,2026-02-27,MFGS,367
2026-02-28,2026-02-27,MFGSP,244.5
2026-02-28,2026-02-27,MGKL,2.681
2026-02-28,2026-02-27,MGNT,3359.5
2026-02-28,2026-02-27,MGNZ,7440
2026-02-28,2026-02-27,MGTS,1190
2026-02-28,2026-02-27,MGTSP,782
2026-02-28,2026-02-27,MISB,56.3
2026-02-28,2026-02-27,MISBP,52.4
2026-02-28,2026-02-27,MOEX,183.96
2026-02-28,2026-02-27,MRKC,0.8268
2026-02-28,2026-02-27,MRKK,19.98
2026-02-28,2026-02-27,MRKP,0.574
2026-02-28,2026-02-27,MRKS,0.5585
2026-02-28,2026-02-27,MRKU,0.5438
2026-02-28,2026-02-27,MRKV,0.1695
2026-02-28,2026-02-27,MRKY,0.08625
2026-02-28,2026-02-27,MRKZ,0.1148
2026-02-28,2026-02-27,MRSB,0.86
2026-02-28,2026-02-27,MSNG,2.271
2026-02-28,2026-02-27,MSRS,1.7165
2026-02-28,2026-02-27,MSTT,117.95
2026-02-28,2026-02-27,MTLR,73.53
2026-02-28,2026-02-27,MTLRP,71.4
2026-02-28,2026-02-27,MTSS,232.5
2026-02-28,2026-02-27,MVID,74.7
2026-02-28,2026-02-27,NAUK,559.5
2026-02-28,2026-02-27,NFAZ,268.5
2026-02-28,2026-02-27,NKHP,554.5
2026-02-28,2026-02-27,NKNC,79.8
2026-02-28,2026-02-27,NKNCP,62.56
2026-02-28,2026-02-27,NKSH,40.15
2026-02-28,2026-02-27,NLMK,111.92
2026-02-28,2026-02-27,NMTP,8.8
2026-02-28,2026-02-27,NNSB,4120
2026-02-28,2026-02-27,NNSBP,1398
2026-02-28,2026-02-27,NSVZ,265.5
2026-02-28,2026-02-27,NVTK,1196
2026-02-28,2026-02-27,OGKB,0.3568
2026-02-28,2026-02-27,OKEY,40.39
2026-02-28,2026-02-27,OMZZP,11800
2026-02-28,2026-02-27,OZON,4735.5
2026-02-28,2026-02-27,OZPH,52.07
2026-02-28,2026-02-27,PAZA,10120
2026-02-28,2026-02-27,PHOR,6920
2026-02-28,2026-02-27,PIKK,473.2
2026-02-28,2026-02-27,PLZL,2505.4
2026-02-28,2026-02-27,PMSB,575.6
2026-02-28,2026-02-27,PMSBP,629.8
2026-02-28,2026-02-27,POSI,1244.2
2026-02-28,2026-02-27,PRFN,4.678
2026-02-28,2026-02-27,PRMB,28600
2026-02-28,2026-02-27,PRMD,426.8
2026-02-28,2026-02-27,RAGR,121.1
2026-02-28,2026-02-27,RASP,171.45
2026-02-28,2026-02-27,RBCM,11.155
2026-02-28,2026-02-27,RDRB,123.4
2026-02-28,2026-02-27,RENI,94.9
2026-02-28,2026-02-27,RGSS,0.22
2026-02-28,2026-02-27,RKKE,19100
2026-02-28,2026-02-27,RNFT,118
2026-02-28,2026-02-27,ROLO,0.5842
2026-02-28,2026-02-27,ROSN,394.25
2026-02-28,2026-02-27,ROST,105.8
2026-02-28,2026-02-27,RTGZ,46400
2026-02-28,2026-02-27,RTKM,64.7
2026-02-28,2026-02-27,RTKMP,62.25
2026-02-28,2026-02-27,RTSB,3.475
2026-02-28,2026-02-27,RTSBP,1.676
2026-02-28,2026-02-27,RUAL,40.445
2026-02-28,2026-02-27,RUSI,66.9
2026-02-28,2026-02-27,RZSB,39.86
2026-02-28,2026-02-27,SAGO,2.795
2026-02-28,2026-02-27,SAGOP,2.72
2026-02-28,2026-02-27,SARE,0.613
2026-02-28,2026-02-27,SAREP,0.447
2026-02-28,2026-02-27,SBER,315.63
2026-02-28,2026-02-27,SBERP,315.64
2026-02-28,2026-02-27,SELG,57.47
2026-02-28,2026-02-27,SFIN,908
2026-02-28,2026-02-27,SGZH,1.295
2026-02-28,2026-02-27,SIBN,506.5
2026-02-28,2026-02-27,SLEN,3.57
2026-02-28,2026-02-27,SMLT,860.6
2026-02-28,2026-02-27,SNGS,22.04
2026-02-28,2026-02-27,SNGSP,45.47
2026-02-28,2026-02-27,SOFL,80.46
2026-02-28,2026-02-27,SPBE,255.4
2026-02-28,2026-02-27,STSB,5.645
2026-02-28,2026-02-27,STSBP,6.49
2026-02-28,2026-02-27,SVAV,548.5
2026-02-28,2026-02-27,SVCB,13.82
2026-02-28,2026-02-27,SVET,14.88
2026-02-28,2026-02-27,SVETP,26.9
2026-02-28,2026-02-27,T,3463.6
2026-02-28,2026-02-27,TASB,1.634
2026-02-28,2026-02-27,TASBP,1.02
2026-02-28,2026-02-27,TATN,543
2026-02-28,2026-02-27,TATNP,519.5
2026-02-28,2026-02-27,TGKA,0.007358
2026-02-28,2026-02-27,TGKB,0.00703
2026-02-28,2026-02-27,TGKBP,0.00921
2026-02-28,2026-02-27,TGKN,0.00643
2026-02-28,2026-02-27,TNSE,3320
2026-02-28,2026-02-27,TORS,0.848
2026-02-28,2026-02-27,TORSP,0.526
2026-02-28,2026-02-27,TRMK,104.64
2026-02-28,2026-02-27,TRNFP,1427.2
2026-02-28,2026-02-27,TTLK,0.612
2026-02-28,2026-02-27,TUZA,121.2
2026-02-28,2026-02-27,UGLD,0.8093
2026-02-28,2026-02-27,UKUZ,898
2026-02-28,2026-02-27,UNAC,0.4495
2026-02-28,2026-02-27,UNKL,4840
2026-02-28,2026-02-27,UPRO,1.624
2026-02-28,2026-02-27,URKZ,266.4
2026-02-28,2026-02-27,USBN,0.1301
2026-02-28,2026-02-27,UTAR,11.33
2026-02-28,2026-02-27,UWGN,30.34
2026-02-28,2026-02-27,VEON-RX,79.7
2026-02-28,2026-02-27,VGSB,16.7
2026-02-28,2026-02-27,VGSBP,14.85
2026-02-28,2026-02-27,VJGZ,2145
2026-02-28,2026-02-27,VJGZP,1150
2026-02-28,2026-02-27,VKCO,312.55
2026-02-28,2026-02-27,VLHZ,208.8
2026-02-28,2026-02-27,VRSB,371
2026-02-28,2026-02-27,VRSBP,147.2
2026-02-28,2026-02-27,VSEH,80.72
2026-02-28,2026-02-27,VSMO,30880
2026-02-28,2026-02-27,VSYD,11300
2026-02-28,2026-02-27,VSYDP,9300
2026-02-28,2026-02-27,VTBR,86.925
2026-02-28,2026-02-27,WTCM,15.84
2026-02-28,2026-02-27,WTCMP,13.2
2026-02-28,2026-02-27,WUSH,105.04
2026-02-28,2026-02-27,X5,2429.5
2026-02-28,2026-02-27,YAKG,44.7
2026-02-28,2026-02-27,YDEX,4796
2026-02-28,2026-02-27,YKEN,0.436
2026-02-28,2026-02-27,YKENP,0.342
2026-02-28,2026-02-27,YRSB,812
2026-02-28,2026-02-27,YRSBP,202
2026-02-28,2026-02-27,ZAYM,148.95
2026-02-28,2026-02-27,ZILL,4460
2026-02-28,2026-02-27,ZVEZ,7.12
2026-03-31,2026-03-31,ABIO,61.76
2026-03-31,2026-03-31,ABRD,151.8
2026-03-31,2026-03-31,AFKS,12.11
2026-03-31,2026-03-31,AFLT,47.45
2026-03-31,2026-03-31,AKRN,20742
2026-03-31,2026-03-31,ALRS,34.28
2026-03-31,2026-03-31,AMEZ,68.05
2026-03-31,2026-03-31,APRI,16.175
2026-03-31,2026-03-31,APTK,7.664
2026-03-31,2026-03-31,AQUA,422.2
2026-03-31,2026-03-31,ARSA,8.17
2026-03-31,2026-03-31,ASSB,3.1
2026-03-31,2026-03-31,ASTR,249.05
2026-03-31,2026-03-31,AVAN,677
2026-03-31,2026-03-31,BANE,1543
2026-03-31,2026-03-31,BANEP,979
2026-03-31,2026-03-31,BAZA,113.4
2026-03-31,2026-03-31,BELU,402
2026-03-31,2026-03-31,BISVP,10.04
2026-03-31,2026-03-31,BLNG,11.07
2026-03-31,2026-03-31,BRZL,1638
2026-03-31,2026-03-31,BSPB,332.52
2026-03-31,2026-03-31,BSPBP,56.7
2026-03-31,2026-03-31,CARM,1.363
2026-03-31,2026-03-31,CBOM,5.432
2026-03-31,2026-03-31,CHGZ,195
2026-03-31,2026-03-31,CHKZ,17850
2026-03-31,2026-03-31,CHMF,842.4
2026-03-31,2026-03-31,CHMK,4235
2026-03-31,2026-03-31,CNRU,616
2026-03-31,2026-03-31,CNTL,9.14
2026-03-31,2026-03-31,CNTLP,5.84
2026-03-31,2026-03-31,DATA,103.04
2026-03-31,2026-03-31,DELI,92.15
2026-03-31,2026-03-31,DIAS,1565
2026-03-31,2026-03-31,DIOD,9.53
2026-03-31,2026-03-31,DOMRF,2192.5
2026-03-31,2026-03-31,DVEC,1.675
2026-03-31,2026-03-31,DZRD,2905
2026-03-31,2026-03-31,DZRDP,2320
2026-03-31,2026-03-31,EELT,8.58
2026-03-31,2026-03-31,ELFV,0.487
2026-03-31,2026-03-31,ELMT,0.14175
2026-03-31,2026-03-31,ENPG,432.75
2026-03-31,2026-03-31,ETLN,36.08
2026-03-31,2026-03-31,EUTR,113.65
2026-03-31,2026-03-31,FEES,0.07246
2026-03-31,2026-03-31,FESH,67.29
2026-03-31,2026-03-31,FIXR,0.5905
2026-03-31,2026-03-31,FLOT,85.25
2026-03-31,2026-03-31,GAZA,542
2026-03-31,2026-03-31,GAZAP,384.5
2026-03-31,2026-03-31,GAZC,659
2026-03-31,2026-03-31,GAZP,133.27
2026-03-31,2026-03-31,GAZS,839
2026-03-31,2026-03-31,GAZT,1739
2026-03-31,2026-03-31,GCHE,4053
2026-03-31,2026-03-31,GECO,22
2026-03-31,2026-03-31,GEMA,118.6
2026-03-31,2026-03-31,GEMC,863.2
2026-03-31,2026-03-31,GLRX,57.65
2026-03-31,2026-03-31,GMKN,139.9
2026-03-31,2026-03-31,GTRK,83.6
2026-03-31,2026-03-31,HEAD,2957
2026-03-31,2026-03-31,HIMCP,19.88
2026-03-31,2026-03-31,HNFG,452
2026-03-31,2026-03-31,HYDR,0.4358
2026-03-31,2026-03-31,IGST,4260
2026-03-31,2026-03-31,IGSTP,3540
2026-03-31,2026-03-31,IRAO,3.1915
2026-03-31,2026-03-31,IRKT,23.98
2026-03-31,2026-03-31,IVAT,150
2026-03-31,2026-03-31,JNOS,56
2026-03-31,2026-03-31,JNOSP,22.12
2026-03-31,2026-03-31,KAZT,425.4
2026-03-31,2026-03-31,KAZTP,443.5
2026-03-31,2026-03-31,KBSB,887
2026-03-31,2026-03-31,KCHE,0.363
2026-03-31,2026-03-31,KCHEP,0.685
2026-03-31,2026-03-31,KFBA,1760
2026-03-31,2026-03-31,KGKC,43.2
2026-03-31,2026-03-31,KGKCP,51.2
2026-03-31,2026-03-31,KLSB,18.5
2026-03-31,2026-03-31,KLVZ,3.04
2026-03-31,2026-03-31,KMAZ,80
2026-03-31,2026-03-31,KMEZ,1210
2026-03-31,2026-03-31,KOGK,322.4
2026-03-31,2026-03-31,KRKN,10700
2026-03-31,2026-03-31,KRKNP,7120
2026-03-31,2026-03-31,KRKOP,14.38
2026-03-31,2026-03-31,KROT,1262
2026-03-31,2026-03-31,KROTP,518
2026-03-31,2026-03-31,KRSB,22.2
2026-03-31,2026-03-31,KRSBP,23.3
2026-03-31,2026-03-31,KUZB,0.03515
2026-03-31,2026-03-31,KZOS,62.4
2026-03-31,2026-03-31,KZOSP,15.61
2026-03-31,2026-03-31,LEAS,604.7
2026-03-31,2026-03-31,LENT,2184.5
2026-03-31,2026-03-31,LIFE,2.935
2026-03-31,2026-03-31,LKOH,5578
2026-03-31,2026-03-31,LMBZ,390
2026-03-31,2026-03-31,LNZL,1260
2026-03-31,2026-03-31,LNZLP,184
2026-03-31,2026-03-31,LPSB,67.2
2026-03-31,2026-03-31,LSNG,14.63
2026-03-31,2026-03-31,LSNGP,324
2026-03-31,2026-03-31,LSRG,666.6
2026-03-31,2026-03-31,LVHK,23.05
2026-03-31,2026-03-31,MAGE,2.755
2026-03-31,2026-03-31,MAGEP,2.165
2026-03-31,2026-03-31,MAGN,25.58
2026-03-31,2026-03-31,MBNK,1335
2026-03-31,2026-03-31,MDMG,1389.3
2026-03-31,2026-03-31,MFGS,572
2026-03-31,2026-03-31,MFGSP,405
2026-03-31,2026-03-31,MGKL,2.4825
2026-03-31,2026-03-31,MGNT,2981
2026-03-31,2026-03-31,MGNZ,7440
2026-03-31,2026-03-31,MGTS,1122
2026-03-31,2026-03-31,MGTSP,732
2026-03-31,2026-03-31,MISB,52.5
2026-03-31,2026-03-31,MISBP,52.8
2026-03-31,2026-03-31,MOEX,169.8
2026-03-31,2026-03-31,MRKC,0.8378
2026-03-31,2026-03-31,MRKK,18
2026-03-31,2026-03-31,MRKP,0.6077
2026-03-31,2026-03-31,MRKS,0.4775
2026-03-31,2026-03-31,MRKU,0.5988
2026-03-31,2026-03-31,MRKV,0.1932
2026-03-31,2026-03-31,MRKY,0.0722
2026-03-31,2026-03-31,MRKZ,0.11045
2026-03-31,2026-03-31,MRSB,0.832
2026-03-31,2026-03-31,MSNG,2.0535
2026-03-31,2026-03-31,MSRS,1.8175
2026-03-31,2026-03-31,MSTT,105.35
2026-03-31,2026-03-31,MTLR,66.63
2026-03-31,2026-03-31,MTLRP,63.65
2026-03-31,2026-03-31,MTSS,224.85
2026-03-31,2026-03-31,MVID,63.5
2026-03-31,2026-03-31,NAUK,511
2026-03-31,2026-03-31,NFAZ,253
2026-03-31,2026-03-31,NKHP,562.5
2026-03-31,2026-03-31,NKNC,76.65
2026-03-31,2026-03-31,NKNCP,56.72
2026-03-31,2026-03-31,NKSH,37.05
2026-03-31,2026-03-31,NLMK,96.14
2026-03-31,2026-03-31,NMTP,8.59
2026-03-31,2026-03-31,NNSB,3990
2026-03-31,2026-03-31,NNSBP,1274
2026-03-31,2026-03-31,NSVZ,243.5
2026-03-31,2026-03-31,NVTK,1276
2026-03-31,2026-03-31,OGKB,0.3137
2026-03-31,2026-03-31,OKEY,38.3
2026-03-31,2026-03-31,OMZZP,11240
2026-03-31,2026-03-31,OZON,4404
2026-03-31,2026-03-31,OZPH,48.85
2026-03-31,2026-03-31,PAZA,9540
2026-03-31,2026-03-31,PHOR,7471
2026-03-31,2026-03-31,PIKK,475.6
2026-03-31,2026-03-31,PLZL,2115.4
2026-03-31,2026-03-31,PMSB,552.3
2026-03-31,2026-03-31,PMSBP,622.6
2026-03-31,2026-03-31,POSI,1092.4
2026-03-31,2026-03-31,PRFN,4.294
2026-03-31,2026-03-31,PRMB,30400
2026-03-31,2026-03-31,PRMD,409.95
2026-03-31,2026-03-31,RAGR,112.54
2026-03-31,2026-03-31,RASP,155.25
2026-03-31,2026-03-31,RBCM,9.61
2026-03-31,2026-03-31,RDRB,122
2026-03-31,2026-03-31,RENI,89.62
2026-03-31,2026-03-31,RGSS,0.203
2026-03-31,2026-03-31,RKKE,17790
2026-03-31,2026-03-31,RNFT,126.15
2026-03-31,2026-03-31,ROLO,0.499
2026-03-31,2026-03-31,ROSN,481.75
2026-03-31,2026-03-31,ROST,98.6
2026-03-31,2026-03-31,RTGZ,43000
2026-03-31,2026-03-31,RTKM,56.9
2026-03-31,2026-03-31,RTKMP,58.7
2026-03-31,2026-03-31,RTSB,3.135
2026-03-31,2026-03-31,RTSBP,1.474
2026-03-31,2026-03-31,RUAL,39.31
2026-03-31,2026-03-31,RUSI,71.4
2026-03-31,2026-03-31,RZSB,37.6
2026-03-31,2026-03-31,SAGO,2.68
2026-03-31,2026-03-31,SAGOP,2.615
2026-03-31,2026-03-31,SARE,0.622
2026-03-31,2026-03-31,SAREP,0.393
2026-03-31,2026-03-31,SBER,314.22
2026-03-31,2026-03-31,SBERP,314.31
2026-03-31,2026-03-31,SELG,51.96
2026-03-31,2026-03-31,SFIN,814.8
2026-03-31,2026-03-31,SGZH,1.1565
2026-03-31,2026-03-31,SIBN,526.6
2026-03-31,2026-03-31,SLEN,3.225
2026-03-31,2026-03-31,SMLT,663.6
2026-03-31,2026-03-31,SNGS,21.145
2026-03-31,2026-03-31,SNGSP,42.71
2026-03-31,2026-03-31,SOFL,73.24
2026-03-31,2026-03-31,SPBE,239
2026-03-31,2026-03-31,STSB,4.675
2026-03-31,2026-03-31,STSBP,5.575
2026-03-31,2026-03-31,SVAV,496
2026-03-31,2026-03-31,SVCB,12.64
2026-03-31,2026-03-31,SVET,14.38
2026-03-31,2026-03-31,SVETP,23.75
2026-03-31,2026-03-31,T,3229.6
2026-03-31,2026-03-31,TASB,1.532
2026-03-31,2026-03-31,TASBP,0.938
2026-03-31,2026-03-31,TATN,664.9
2026-03-31,2026-03-31,TATNP,595.9
2026-03-31,2026-03-31,TGKA,0.006404
2026-03-31,2026-03-31,TGKB,0.006415
2026-03-31,2026-03-31,TGKBP,0.00988
2026-03-31,2026-03-31,TGKN,0.0063
2026-03-31,2026-03-31,TNSE,3300
2026-03-31,2026-03-31,TORS,0.768
2026-03-31,2026-03-31,TORSP,0.509
2026-03-31,2026-03-31,TRMK,92.72
2026-03-31,2026-03-31,TRNFP,1360.6
2026-03-31,2026-03-31,TTLK,0.6615
2026-03-31,2026-03-31,TUZA,117.2
2026-03-31,2026-03-31,UGLD,0.7095
2026-03-31,2026-03-31,UKUZ,844
2026-03-31,2026-03-31,UNAC,0.411
2026-03-31,2026-03-31,UNKL,4360
2026-03-31,2026-03-31,UPRO,1.4385
2026-03-31,2026-03-31,URKZ,287.6
2026-03-31,2026-03-31,USBN,0.1396
2026-03-31,2026-03-31,UTAR,11.6
2026-03-31,2026-03-31,UWGN,26.62
2026-03-31,2026-03-31,VEON-RX,71
2026-03-31,2026-03-31,VGSB,15.25
2026-03-31,2026-03-31,VGSBP,12.9
2026-03-31,2026-03-31,VJGZ,4860
2026-03-31,2026-03-31,VJGZP,2130
2026-03-31,2026-03-31,VKCO,276.6
2026-03-31,2026-03-31,VLHZ,177.4
2026-03-31,2026-03-31,VRSB,356.5
2026-03-31,2026-03-31,VRSBP,139.2
2026-03-31,2026-03-31,VSEH,75
2026-03-31,2026-03-31,VSMO,28760
2026-03-31,2026-03-31,VSYD,10150
2026-03-31,2026-03-31,VSYDP,7700
2026-03-31,2026-03-31,VTBR,86.045
2026-03-31,2026-03-31,WTCM,15.86
2026-03-31,2026-03-31,WTCMP,14.08
2026-03-31,2026-03-31,WUSH,91.89
2026-03-31,2026-03-31,X5,2393
2026-03-31,2026-03-31,YAKG,46.1
2026-03-31,2026-03-31,YDEX,4237
2026-03-31,2026-03-31,YKEN,0.407
2026-03-31,2026-03-31,YKENP,0.326
2026-03-31,2026-03-31,YRSB,720
2026-03-31,2026-03-31,YRSBP,198
2026-03-31,2026-03-31,ZAYM,141.05
2026-03-31,2026-03-31,ZILL,4605
2026-03-31,2026-03-31,ZVEZ,6.83
2026-04-30,2026-04-30,ABIO,57.64
2026-04-30,2026-04-30,ABRD,145.8
2026-04-30,2026-04-30,AFKS,11.426
2026-04-30,2026-04-30,AFLT,47.34
2026-04-30,2026-04-30,AKRN,19616
2026-04-30,2026-04-30,ALRS,28.19
2026-04-30,2026-04-30,AMEZ,68.05
2026-04-30,2026-04-30,APRI,15.3
2026-04-30,2026-04-30,APTK,7.084
2026-04-30,2026-04-30,AQUA,372.9
2026-04-30,2026-04-30,ARSA,7.72
2026-04-30,2026-04-30,ASSB,3.2
2026-04-30,2026-04-30,ASTR,285.1
2026-04-30,2026-04-30,AVAN,647
2026-04-30,2026-04-30,BANE,1455
2026-04-30,2026-04-30,BANEP,998
2026-04-30,2026-04-30,BAZA,117.68
2026-04-30,2026-04-30,BELU,365
2026-04-30,2026-04-30,BISVP,10.46
2026-04-30,2026-04-30,BLNG,10.57
2026-04-30,2026-04-30,BRZL,1622
2026-04-30,2026-04-30,BSPB,338.9
2026-04-30,2026-04-30,BSPBP,49.65
2026-04-30,2026-04-30,BTBR,128.7
2026-04-30,2026-04-30,CARM,1.1895
2026-04-30,2026-04-30,CBOM,6.411
2026-04-30,2026-04-30,CHGZ,108.2
2026-04-30,2026-04-30,CHKZ,16900
2026-04-30,2026-04-30,CHMF,760.4
2026-04-30,2026-04-30,CHMK,3925
2026-04-30,2026-04-30,CNRU,601.4
2026-04-30,2026-04-30,CNTL,9.08
2026-04-30,2026-04-30,CNTLP,5.46
2026-04-30,2026-04-30,DATA,97.34
2026-04-30,2026-04-30,DELI,76.9
2026-04-30,2026-04-30,DIAS,1400
2026-04-30,2026-04-30,DIOD,9.35
2026-04-30,2026-04-30,DOMRF,2240
2026-04-30,2026-04-30,DVEC,1.682
2026-04-30,2026-04-30,DZRD,1835
2026-04-30,2026-04-30,DZRDP,1930
2026-04-30,2026-04-30,EELT,8.44
2026-04-30,2026-04-30,ELFV,0.4788
2026-04-30,2026-04-30,ELMT,0.14385
2026-04-30,2026-04-30,ENPG,411
2026-04-30,2026-04-30,ETLN,29.06
2026-04-30,2026-04-30,EUTR,83.3
2026-04-30,2026-04-30,FEES,0.0664
2026-04-30,2026-04-30,FESH,72.7
2026-04-30,2026-04-30,FIXR,0.6576
2026-04-30,2026-04-30,FLOT,80
2026-04-30,2026-04-30,GAZA,462
2026-04-30,2026-04-30,GAZAP,358
2026-04-30,2026-04-30,GAZC,659
2026-04-30,2026-04-30,GAZP,121.13
2026-04-30,2026-04-30,GAZS,839
2026-04-30,2026-04-30,GAZT,1739
2026-04-30,2026-04-30,GCHE,3397
2026-04-30,2026-04-30,GECO,20
2026-04-30,2026-04-30,GEMA,122.8
2026-04-30,2026-04-30,GEMC,800
2026-04-30,2026-04-30,GLRX,57.72
2026-04-30,2026-04-30,GMKN,129.54
2026-04-30,2026-04-30,GTRK,76.5
2026-04-30,2026-04-30,HEAD,2928
2026-04-30,2026-04-30,HIMCP,17.7
2026-04-30,2026-04-30,HNFG,401.4
2026-04-30,2026-04-30,HYDR,0.3937
2026-04-30,2026-04-30,IGST,4060
2026-04-30,2026-04-30,IGSTP,3270
2026-04-30,2026-04-30,IRAO,3.1315
2026-04-30,2026-04-30,IRKT,21.68
2026-04-30,2026-04-30,IVAT,122.4
2026-04-30,2026-04-30,JNOS,41.9
2026-04-30,2026-04-30,JNOSP,17.16
2026-04-30,2026-04-30,KAZT,391
2026-04-30,2026-04-30,KAZTP,395
2026-04-30,2026-04-30,KBSB,947
2026-04-30,2026-04-30,KCHE,0.371
2026-04-30,2026-04-30,KCHEP,0.7
2026-04-30,2026-04-30,KFBA,1750
2026-04-30,2026-04-30,KGKC,43.2
2026-04-30,2026-04-30,KGKCP,51.2
2026-04-30,2026-04-30,KLSB,20.05
2026-04-30,2026-04-30,KLVZ,2.8
2026-04-30,2026-04-30,KMAZ,72.3
2026-04-30,2026-04-30,KMEZ,1106
2026-04-30,2026-04-30,KOGK,296
2026-04-30,2026-04-30,KRKN,11050
2026-04-30,2026-04-30,KRKNP,6900
2026-04-30,2026-04-30,KRKOP,14.78
2026-04-30,2026-04-30,KROT,1128
2026-04-30,2026-04-30,KROTP,473
2026-04-30,2026-04-30,KRSB,22.72
2026-04-30,2026-04-30,KRSBP,24.32
2026-04-30,2026-04-30,KUZB,0.03095
2026-04-30,2026-04-30,KZOS,57.5
2026-04-30,2026-04-30,KZOSP,14.29
2026-04-30,2026-04-30,LEAS,617.8
2026-04-30,2026-04-30,LENT,1989
2026-04-30,2026-04-30,LIFE,2.865
2026-04-30,2026-04-30,LKOH,5518
2026-04-30,2026-04-30,LMBZ,408
2026-04-30,2026-04-30,LNZL,1260
2026-04-30,2026-04-30,LNZLP,184
2026-04-30,2026-04-30,LPSB,60.65
2026-04-30,2026-04-30,LSNG,14.28
2026-04-30,2026-04-30,LSNGP,354.9
2026-04-30,2026-04-30,LSRG,624.2
2026-04-30,2026-04-30,LVHK,23.2
2026-04-30,2026-04-30,MAGE,2.79
2026-04-30,2026-04-30,MAGEP,2.28
2026-04-30,2026-04-30,MAGN,25.09
2026-04-30,2026-04-30,MBNK,1288
2026-04-30,2026-04-30,MDMG,1328.1
2026-04-30,2026-04-30,MFGS,398
2026-04-30,2026-04-30,MFGSP,286
2026-04-30,2026-04-30,MGKL,2.4595
2026-04-30,2026-04-30,MGNT,2515.5
2026-04-30,2026-04-30,MGNZ,7440
2026-04-30,2026-04-30,MGTS,1058
2026-04-30,2026-04-30,MGTSP,738
2026-04-30,2026-04-30,MISB,51.3
2026-04-30,2026-04-30,MISBP,56.9
2026-04-30,2026-04-30,MOEX,167.54
2026-04-30,2026-04-30,MRKC,0.865
2026-04-30,2026-04-30,MRKK,18.5
2026-04-30,2026-04-30,MRKP,0.6258
2026-04-30,2026-04-30,MRKS,0.4765
2026-04-30,2026-04-30,MRKU,0.6224
2026-04-30,2026-04-30,MRKV,0.18885
2026-04-30,2026-04-30,MRKY,0.07255
2026-04-30,2026-04-30,MRKZ,0.11215
2026-04-30,2026-04-30,MRSB,0.86
2026-04-30,2026-04-30,MSNG,1.9355
2026-04-30,2026-04-30,MSRS,1.9585
2026-04-30,2026-04-30,MSTT,105.85
2026-04-30,2026-04-30,MTLR,58.18
2026-04-30,2026-04-30,MTLRP,55.2
2026-04-30,2026-04-30,MTSS,219.75
2026-04-30,2026-04-30,MVID,61.75
2026-04-30,2026-04-30,NAUK,507.5
2026-04-30,2026-04-30,NFAZ,252.5
2026-04-30,2026-04-30,NKHP,475.5
2026-04-30,2026-04-30,NKNC,72.2
2026-04-30,2026-04-30,NKNCP,50.86
2026-04-30,2026-04-30,NKSH,36.6
2026-04-30,2026-04-30,NLMK,87.2
2026-04-30,2026-04-30,NMTP,8.375
2026-04-30,2026-04-30,NNSB,3780
2026-04-30,2026-04-30,NNSBP,1340
2026-04-30,2026-04-30,NSVZ,238
2026-04-30,2026-04-30,NVTK,1136.2
2026-04-30,2026-04-30,OGKB,0.3033
2026-04-30,2026-04-30,OKEY,42.7
2026-04-30,2026-04-30,OMZZP,10520
2026-04-30,2026-04-30,OZON,4150
2026-04-30,2026-04-30,OZPH,47.68
2026-04-30,2026-04-30,PAZA,9120
2026-04-30,2026-04-30,PHOR,6730
2026-04-30,2026-04-30,PIKK,535.6
2026-04-30,2026-04-30,PLZL,2099
2026-04-30,2026-04-30,PMSB,565.9
2026-04-30,2026-04-30,PMSBP,586.2
2026-04-30,2026-04-30,POSI,998.2
2026-04-30,2026-04-30,PRFN,3.866
2026-04-30,2026-04-30,PRMB,25200
2026-04-30,2026-04-30,PRMD,396.95
2026-04-30,2026-04-30,RAGR,100.88
2026-04-30,2026-04-30,RASP,136.25
2026-04-30,2026-04-30,RBCM,9.13
2026-04-30,2026-04-30,RDRB,119
2026-04-30,2026-04-30,RENI,86.12
2026-04-30,2026-04-30,RGSS,0.1894
2026-04-30,2026-04-30,RKKE,13940
2026-04-30,2026-04-30,RNFT,110.6
2026-04-30,2026-04-30,ROLO,0.3988
2026-04-30,2026-04-30,ROSN,428.25
2026-04-30,2026-04-30,ROST,84
2026-04-30,2026-04-30,RTGZ,40600
2026-04-30,2026-04-30,RTKM,53.87
2026-04-30,2026-04-30,RTKMP,56.5
2026-04-30,2026-04-30,RTSB,3.09
2026-04-30,2026-04-30,RTSBP,1.492
2026-04-30,2026-04-30,RUAL,39.025
2026-04-30,2026-04-30,RUSI,67
2026-04-30,2026-04-30,RZSB,38.12
2026-04-30,2026-04-30,SAGO,2.66
2026-04-30,2026-04-30,SAGOP,2.53
2026-04-30,2026-04-30,SARE,0.716
2026-04-30,2026-04-30,SAREP,0.415
2026-04-30,2026-04-30,SBER,319.81
2026-04-30,2026-04-30,SBERP,319.89
2026-04-30,2026-04-30,SELG,46.21
2026-04-30,2026-04-30,SFIN,990.8
2026-04-30,2026-04-30,SGZH,0.89
2026-04-30,2026-04-30,SIBN,512.25
2026-04-30,2026-04-30,SLEN,3.39
2026-04-30,2026-04-30,SMLT,575.4
2026-04-30,2026-04-30,SNGS,19.775
2026-04-30,2026-04-30,SNGSP,41.79
2026-04-30,2026-04-30,SOFL,67.02
2026-04-30,2026-04-30,SPBE,198.8
2026-04-30,2026-04-30,STSB,3.995
2026-04-30,2026-04-30,STSBP,5.595
2026-04-30,2026-04-30,SVAV,453
2026-04-30,2026-04-30,SVCB,11.93
2026-04-30,2026-04-30,SVET,12.08
2026-04-30,2026-04-30,SVETP,22.9
2026-04-30,2026-04-30,T,305.36
2026-04-30,2026-04-30,TASB,2.038
2026-04-30,2026-04-30,TASBP,0.97
2026-04-30,2026-04-30,TATN,581.6
2026-04-30,2026-04-30,TATNP,549.5
2026-04-30,2026-04-30,TGKA,0.006054
2026-04-30,2026-04-30,TGKB,0.005795
2026-04-30,2026-04-30,TGKBP,0.00901
2026-04-30,2026-04-30,TGKN,0.00522
2026-04-30,2026-04-30,TNSE,3890
2026-04-30,2026-04-30,TORS,0.706
2026-04-30,2026-04-30,TORSP,0.503
2026-04-30,2026-04-30,TRMK,84.58
2026-04-30,2026-04-30,TRNFP,1374.4
2026-04-30,2026-04-30,TTLK,0.714
2026-04-30,2026-04-30,TUZA,109.2
2026-04-30,2026-04-30,UGLD,0.74
2026-04-30,2026-04-30,UKUZ,736
2026-04-30,2026-04-30,UNAC,0.3945
2026-04-30,2026-04-30,UNKL,4240
2026-04-30,2026-04-30,UPRO,1.3755
2026-04-30,2026-04-30,URKZ,263.4
2026-04-30,2026-04-30,USBN,0.123
2026-04-30,2026-04-30,UTAR,10.85
2026-04-30,2026-04-30,UWGN,24.4
2026-04-30,2026-04-30,VEON-RX,67.8
2026-04-30,2026-04-30,VGSB,15
2026-04-30,2026-04-30,VGSBP,12.6
2026-04-30,2026-04-30,VJGZ,3790
2026-04-30,2026-04-30,VJGZP,1594
2026-04-30,2026-04-30,VKCO,241.05
2026-04-30,2026-04-30,VLHZ,164.4
2026-04-30,2026-04-30,VRSB,353.5
2026-04-30,2026-04-30,VRSBP,155.6
2026-04-30,2026-04-30,VSEH,72.56
2026-04-30,2026-04-30,VSMO,24900
2026-04-30,2026-04-30,VSYD,9650
2026-04-30,2026-04-30,VSYDP,7500
2026-04-30,2026-04-30,VTBR,91.3
2026-04-30,2026-04-30,WTCM,13.88
2026-04-30,2026-04-30,WTCMP,12.54
2026-04-30,2026-04-30,WUSH,77.31
2026-04-30,2026-04-30,X5,2329
2026-04-30,2026-04-30,YAKG,43.5
2026-04-30,2026-04-30,YDEX,4060
2026-04-30,2026-04-30,YKEN,0.39
2026-04-30,2026-04-30,YKENP,0.307
2026-04-30,2026-04-30,YRSB,770
2026-04-30,2026-04-30,YRSBP,192.5
2026-04-30,2026-04-30,ZAYM,138.1
2026-04-30,2026-04-30,ZILL,4375
2026-04-30,2026-04-30,ZVEZ,6.42
2026-05-29,2026-05-29,ABIO,47.74
2026-05-29,2026-05-29,ABRD,137.2
2026-05-29,2026-05-29,AFKS,12.059
2026-05-29,2026-05-29,AFLT,48.33
2026-05-29,2026-05-29,AKRN,18322
2026-05-29,2026-05-29,ALRS,24.35
2026-05-29,2026-05-29,AMEZ,68.05
2026-05-29,2026-05-29,APRI,15.9
2026-05-29,2026-05-29,APTK,6.342
2026-05-29,2026-05-29,AQUA,415.2
2026-05-29,2026-05-29,ARSA,7.27
2026-05-29,2026-05-29,ASSB,2.7
2026-05-29,2026-05-29,ASTR,277.65
2026-05-29,2026-05-29,AVAN,597
2026-05-29,2026-05-29,BANE,1388
2026-05-29,2026-05-29,BANEP,991.5
2026-05-29,2026-05-29,BAZA,118.52
2026-05-29,2026-05-29,BELU,310
2026-05-29,2026-05-29,BISVP,11.51
2026-05-29,2026-05-29,BLNG,9.7
2026-05-29,2026-05-29,BRZL,1418
2026-05-29,2026-05-29,BSPB,306.73
2026-05-29,2026-05-29,BSPBP,47.75
2026-05-29,2026-05-29,BTBR,133.87
2026-05-29,2026-05-29,CARM,1.065
2026-05-29,2026-05-29,CBOM,7.339
2026-05-29,2026-05-29,CHGZ,91
2026-05-29,2026-05-29,CHKZ,16150
2026-05-29,2026-05-29,CHMF,687.4
2026-05-29,2026-05-29,CHMK,3715
2026-05-29,2026-05-29,CNRU,633.2
2026-05-29,2026-05-29,CNTL,8.74
2026-05-29,2026-05-29,CNTLP,4.99
2026-05-29,2026-05-29,DATA,91.58
2026-05-29,2026-05-29,DELI,60.65
2026-05-29,2026-05-29,DIAS,1082
2026-05-29,2026-05-29,DIOD,8.88
2026-05-29,2026-05-29,DOMRF,2423
2026-05-29,2026-05-29,DVEC,1.716
2026-05-29,2026-05-29,DZRD,2060
2026-05-29,2026-05-29,DZRDP,1930
2026-05-29,2026-05-29,EELT,7.78
2026-05-29,2026-05-29,ELFV,0.434
2026-05-29,2026-05-29,ELMT,0.11325
2026-05-29,2026-05-29,ENPG,371.35
2026-05-29,2026-05-29,ETLN,25.24
2026-05-29,2026-05-29,EUTR,66.6
2026-05-29,2026-05-29,EVRZ,46.74
2026-05-29,2026-05-29,FEES,0.05814
2026-05-29,2026-05-29,FESH,67.73
2026-05-29,2026-05-29,FIXR,0.4777
2026-05-29,2026-05-29,FLOT,83.06
2026-05-29,2026-05-29,GAZA,412
2026-05-29,2026-05-29,GAZAP,358
2026-05-29,2026-05-29,GAZC,659
2026-05-29,2026-05-29,GAZP,115.52
2026-05-29,2026-05-29,GAZS,839
2026-05-29,2026-05-29,GAZT,1739
2026-05-29,2026-05-29,GCHE,3328
2026-05-29,2026-05-29,GECO,17.22
2026-05-29,2026-05-29,GEMA,124
2026-05-29,2026-05-29,GEMC,762
2026-05-29,2026-05-29,GLRX,51.68
2026-05-29,2026-05-29,GMKN,125.88
2026-05-29,2026-05-29,GTRK,58.4
2026-05-29,2026-05-29,HEAD,2835
2026-05-29,2026-05-29,HIMCP,16.1
2026-05-29,2026-05-29,HNFG,384.6
2026-05-29,2026-05-29,HYDR,0.3901
2026-05-29,2026-05-29,IGST,4060
2026-05-29,2026-05-29,IGSTP,3070
2026-05-29,2026-05-29,IRAO,3.1765
2026-05-29,2026-05-29,IRKT,19.56
2026-05-29,2026-05-29,IVAT,96.65
2026-05-29,2026-05-29,JNOS,24.82
2026-05-29,2026-05-29,JNOSP,11.8
2026-05-29,2026-05-29,KAZT,384
2026-05-29,2026-05-29,KAZTP,380
2026-05-29,2026-05-29,KBSB,814
2026-05-29,2026-05-29,KCHE,0.352
2026-05-29,2026-05-29,KCHEP,0.715
2026-05-29,2026-05-29,KFBA,1770
2026-05-29,2026-05-29,KGKC,43.2
2026-05-29,2026-05-29,KGKCP,51.2
2026-05-29,2026-05-29,KLSB,18.12
2026-05-29,2026-05-29,KLVZ,2.506
2026-05-29,2026-05-29,KMAZ,59.4
2026-05-29,2026-05-29,KMEZ,870
2026-05-29,2026-05-29,KOGK,288.2
2026-05-29,2026-05-29,KRKN,10500
2026-05-29,2026-05-29,KRKNP,6500
2026-05-29,2026-05-29,KRKOP,13.32
2026-05-29,2026-05-29,KROT,1059
2026-05-29,2026-05-29,KROTP,436
2026-05-29,2026-05-29,KRSB,22
2026-05-29,2026-05-29,KRSBP,21.82
2026-05-29,2026-05-29,KUZB,0.02745
2026-05-29,2026-05-29,KZOS,58.9
2026-05-29,2026-05-29,KZOSP,13.06
2026-05-29,2026-05-29,LEAS,663.3
2026-05-29,2026-05-29,LENT,1715.5
2026-05-29,2026-05-29,LIFE,2.615
2026-05-29,2026-05-29,LKOH,4883.5
2026-05-29,2026-05-29,LMBZ,530.5
2026-05-29,2026-05-29,LNZL,1260
2026-05-29,2026-05-29,LNZLP,184
2026-05-29,2026-05-29,LPSB,55.8
2026-05-29,2026-05-29,LSNG,14.99
2026-05-29,2026-05-29,LSNGP,384.6
2026-05-29,2026-05-29,LSRG,640.4
2026-05-29,2026-05-29,LVHK,22.65
2026-05-29,2026-05-29,MAGE,2.49
2026-05-29,2026-05-29,MAGEP,2.13
2026-05-29,2026-05-29,MAGN,22.8
2026-05-29,2026-05-29,MBNK,1205
2026-05-29,2026-05-29,MDMG,1287.5
2026-05-29,2026-05-29,MFGS,349
2026-05-29,2026-05-29,MFGSP,244
2026-05-29,2026-05-29,MGKL,2.474
2026-05-29,2026-05-29,MGNT,2300
2026-05-29,2026-05-29,MGNZ,7440
2026-05-29,2026-05-29,MGTS,1304
2026-05-29,2026-05-29,MGTSP,1292
2026-05-29,2026-05-29,MISB,50.6
2026-05-29,2026-05-29,MISBP,56.7
2026-05-29,2026-05-29,MOEX,174.82
2026-05-29,2026-05-29,MRKC,0.6606
2026-05-29,2026-05-29,MRKK,19.22
2026-05-29,2026-05-29,MRKP,0.5922
2026-05-29,2026-05-29,MRKS,0.467
2026-05-29,2026-05-29,MRKU,0.5878
2026-05-29,2026-05-29,MRKV,0.1857
2026-05-29,2026-05-29,MRKY,0.07705
2026-05-29,2026-05-29,MRKZ,0.15435
2026-05-29,2026-05-29,MRSB,0.85
2026-05-29,2026-05-29,MSNG,1.789
2026-05-29,2026-05-29,MSRS,1.8605
2026-05-29,2026-05-29,MSTT,96.2
2026-05-29,2026-05-29,MTLR,47.86
2026-05-29,2026-05-29,MTLRP,46.05
2026-05-29,2026-05-29,MTSS,227.4
2026-05-29,2026-05-29,MVID,62.05
2026-05-29,2026-05-29,NAUK,494.5
2026-05-29,2026-05-29,NFAZ,206
2026-05-29,2026-05-29,NKHP,492.5
2026-05-29,2026-05-29,NKNC,67.35
2026-05-29,2026-05-29,NKNCP,48.08
2026-05-29,2026-05-29,NKSH,29.95
2026-05-29,2026-05-29,NLMK,78.64
2026-05-29,2026-05-29,NMTP,8.695
2026-05-29,2026-05-29,NNSB,3900
2026-05-29,2026-05-29,NNSBP,1326
2026-05-29,2026-05-29,NSVZ,225
2026-05-29,2026-05-29,NVTK,1071
2026-05-29,2026-05-29,OGKB,0.259
2026-05-29,2026-05-29,OKEY,43.51
2026-05-29,2026-05-29,OMZZP,10160
2026-05-29,2026-05-29,OZON,3989
2026-05-29,2026-05-29,OZPH,47.17
2026-05-29,2026-05-29,PAZA,8560
2026-05-29,2026-05-29,PHOR,6251
2026-05-29,2026-05-29,PIKK,542.9
2026-05-29,2026-05-29,PLZL,2087.2
2026-05-29,2026-05-29,PMSB,495
2026-05-29,2026-05-29,PMSBP,499.2
2026-05-29,2026-05-29,POSI,859.2
2026-05-29,2026-05-29,PRFN,3.502
2026-05-29,2026-05-29,PRMB,22600
2026-05-29,2026-05-29,PRMD,398.55
2026-05-29,2026-05-29,RAGR,101.32
2026-05-29,2026-05-29,RASP,116.9
2026-05-29,2026-05-29,RBCM,7.825
2026-05-29,2026-05-29,RDRB,117.4
2026-05-29,2026-05-29,RENI,84.28
2026-05-29,2026-05-29,RGSS,0.189
2026-05-29,2026-05-29,RKKE,13360
2026-05-29,2026-05-29,RNFT,92.7
2026-05-29,2026-05-29,ROLO,0.3356
2026-05-29,2026-05-29,ROSN,389.35
2026-05-29,2026-05-29,ROST,84.2
2026-05-29,2026-05-29,RTGZ,37400
2026-05-29,2026-05-29,RTKM,50.62
2026-05-29,2026-05-29,RTKMP,52.2
2026-05-29,2026-05-29,RTSB,2.94
2026-05-29,2026-05-29,RTSBP,1.408
2026-05-29,2026-05-29,RUAL,34.56
2026-05-29,2026-05-29,RUSI,62.5
2026-05-29,2026-05-29,RZSB,38.52
2026-05-29,2026-05-29,SAGO,2.39
2026-05-29,2026-05-29,SAGOP,2.28
2026-05-29,2026-05-29,SARE,0.701
2026-05-29,2026-05-29,SAREP,0.4295
2026-05-29,2026-05-29,SBER,320.57
2026-05-29,2026-05-29,SBERP,320.87
2026-05-29,2026-05-29,SELG,42.99
2026-05-29,2026-05-29,SFIN,692.6
2026-05-29,2026-05-29,SGZH,0.826
2026-05-29,2026-05-29,SIBN,501.9
2026-05-29,2026-05-29,SLEN,3.14
2026-05-29,2026-05-29,SMLT,399.6
2026-05-29,2026-05-29,SNGS,18.81
2026-05-29,2026-05-29,SNGSP,39.95
2026-05-29,2026-05-29,SOFL,55.36
2026-05-29,2026-05-29,SPBE,195.7
2026-05-29,2026-05-29,STSB,3.38
2026-05-29,2026-05-29,STSBP,4.48
2026-05-29,2026-05-29,SVAV,445
2026-05-29,2026-05-29,SVCB,11.95
2026-05-29,2026-05-29,SVET,11.06
2026-05-29,2026-05-29,SVETP,19.2
2026-05-29,2026-05-29,T,301.14
2026-05-29,2026-05-29,TASB,1.612
2026-05-29,2026-05-29,TASBP,0.954
2026-05-29,2026-05-29,TATN,602.1
2026-05-29,2026-05-29,TATNP,564
2026-05-29,2026-05-29,TGKA,0.005716
2026-05-29,2026-05-29,TGKB,0.00564
2026-05-29,2026-05-29,TGKBP,0.00865
2026-05-29,2026-05-29,TGKN,0.00476
2026-05-29,2026-05-29,TNSE,3490
2026-05-29,2026-05-29,TORS,0.776
2026-05-29,2026-05-29,TORSP,0.603
2026-05-29,2026-05-29,TRMK,78.22
2026-05-29,2026-05-29,TRNFP,1423.2
2026-05-29,2026-05-29,TTLK,0.5955
2026-05-29,2026-05-29,TUZA,103
2026-05-29,2026-05-29,UGLD,0.5866
2026-05-29,2026-05-29,UKUZ,698
2026-05-29,2026-05-29,UNAC,0.3395
2026-05-29,2026-05-29,UNKL,3790
2026-05-29,2026-05-29,UPRO,1.284
2026-05-29,2026-05-29,URKZ,252.6
2026-05-29,2026-05-29,USBN,0.1428
2026-05-29,2026-05-29,UTAR,9.85
2026-05-29,2026-05-29,UWGN,22.4
2026-05-29,2026-05-29,VEON-RX,57.9
2026-05-29,2026-05-29,VGSB,13.7
2026-05-29,2026-05-29,VGSBP,12.5
2026-05-29,2026-05-29,VJGZ,3030
2026-05-29,2026-05-29,VJGZP,1200
2026-05-29,2026-05-29,VKCO,237.8
2026-05-29,2026-05-29,VLHZ,141.8
2026-05-29,2026-05-29,VRSB,333
2026-05-29,2026-05-29,VRSBP,153.6
2026-05-29,2026-05-29,VSEH,71.41
2026-05-29,2026-05-29,VSMO,24880
2026-05-29,2026-05-29,VSYD,8150
2026-05-29,2026-05-29,VSYDP,7150
2026-05-29,2026-05-29,VTBR,78.965
2026-05-29,2026-05-29,WTCM,13.82
2026-05-29,2026-05-29,WTCMP,12.24
2026-05-29,2026-05-29,WUSH,59.82
2026-05-29,2026-05-29,X5,2447
2026-05-29,2026-05-29,YAKG,39.8
2026-05-29,2026-05-29,YDEX,4002
2026-05-29,2026-05-29,YKEN,0.352
2026-05-29,2026-05-29,YKENP,0.288
2026-05-29,2026-05-29,YRSB,754
2026-05-29,2026-05-29,YRSBP,191.5
2026-05-29,2026-05-29,ZAYM,146.5
2026-05-29,2026-05-29,ZILL,4475
2026-05-29,2026-05-29,ZVEZ,5.93
2026-05-31,2026-05-29,ABIO,47.74
2026-05-31,2026-05-29,ABRD,137.2
2026-05-31,2026-05-29,AFKS,12.059
2026-05-31,2026-05-29,AFLT,48.33
2026-05-31,2026-05-29,AKRN,18322
2026-05-31,2026-05-29,ALRS,24.35
2026-05-31,2026-05-29,AMEZ,68.05
2026-05-31,2026-05-29,APRI,15.9
2026-05-31,2026-05-29,APTK,6.342
2026-05-31,2026-05-29,AQUA,415.2
2026-05-31,2026-05-29,ARSA,7.27
2026-05-31,2026-05-29,ASSB,2.7
2026-05-31,2026-05-29,ASTR,277.65
2026-05-31,2026-05-29,AVAN,597
2026-05-31,2026-05-29,BANE,1388
2026-05-31,2026-05-29,BANEP,991.5
2026-05-31,2026-05-29,BAZA,118.52
2026-05-31,2026-05-29,BELU,310
2026-05-31,2026-05-29,BISVP,11.51
2026-05-31,2026-05-29,BLNG,9.7
2026-05-31,2026-05-29,BRZL,1418
2026-05-31,2026-05-29,BSPB,306.73
2026-05-31,2026-05-29,BSPBP,47.75
2026-05-31,2026-05-29,BTBR,133.87
2026-05-31,2026-05-29,CARM,1.065
2026-05-31,2026-05-29,CBOM,7.339
2026-05-31,2026-05-29,CHGZ,91
2026-05-31,2026-05-29,CHKZ,16150
2026-05-31,2026-05-29,CHMF,687.4
2026-05-31,2026-05-29,CHMK,3715
2026-05-31,2026-05-29,CNRU,633.2
2026-05-31,2026-05-29,CNTL,8.74
2026-05-31,2026-05-29,CNTLP,4.99
2026-05-31,2026-05-29,DATA,91.58
2026-05-31,2026-05-29,DELI,60.65
2026-05-31,2026-05-29,DIAS,1082
2026-05-31,2026-05-29,DIOD,8.88
2026-05-31,2026-05-29,DOMRF,2423
2026-05-31,2026-05-29,DVEC,1.716
2026-05-31,2026-05-29,DZRD,2060
2026-05-31,2026-05-29,DZRDP,1930
2026-05-31,2026-05-29,EELT,7.78
2026-05-31,2026-05-29,ELFV,0.434
2026-05-31,2026-05-29,ELMT,0.11325
2026-05-31,2026-05-29,ENPG,371.35
2026-05-31,2026-05-29,ETLN,25.24
2026-05-31,2026-05-29,EUTR,66.6
2026-05-31,2026-05-29,EVRZ,46.74
2026-05-31,2026-05-29,FEES,0.05814
2026-05-31,2026-05-29,FESH,67.73
2026-05-31,2026-05-29,FIXR,0.4777
2026-05-31,2026-05-29,FLOT,83.06
2026-05-31,2026-05-29,GAZA,412
2026-05-31,2026-05-29,GAZAP,358
2026-05-31,2026-05-29,GAZC,659
2026-05-31,2026-05-29,GAZP,115.52
2026-05-31,2026-05-29,GAZS,839
2026-05-31,2026-05-29,GAZT,1739
2026-05-31,2026-05-29,GCHE,3328
2026-05-31,2026-05-29,GECO,17.22
2026-05-31,2026-05-29,GEMA,124
2026-05-31,2026-05-29,GEMC,762
2026-05-31,2026-05-29,GLRX,51.68
2026-05-31,2026-05-29,GMKN,125.88
2026-05-31,2026-05-29,GTRK,58.4
2026-05-31,2026-05-29,HEAD,2835
2026-05-31,2026-05-29,HIMCP,16.1
2026-05-31,2026-05-29,HNFG,384.6
2026-05-31,2026-05-29,HYDR,0.3901
2026-05-31,2026-05-29,IGST,4060
2026-05-31,2026-05-29,IGSTP,3070
2026-05-31,2026-05-29,IRAO,3.1765
2026-05-31,2026-05-29,IRKT,19.56
2026-05-31,2026-05-29,IVAT,96.65
2026-05-31,2026-05-29,JNOS,24.82
2026-05-31,2026-05-29,JNOSP,11.8
2026-05-31,2026-05-29,KAZT,384
2026-05-31,2026-05-29,KAZTP,380
2026-05-31,2026-05-29,KBSB,814
2026-05-31,2026-05-29,KCHE,0.352
2026-05-31,2026-05-29,KCHEP,0.715
2026-05-31,2026-05-29,KFBA,1770
2026-05-31,2026-05-29,KGKC,43.2
2026-05-31,2026-05-29,KGKCP,51.2
2026-05-31,2026-05-29,KLSB,18.12
2026-05-31,2026-05-29,KLVZ,2.506
2026-05-31,2026-05-29,KMAZ,59.4
2026-05-31,2026-05-29,KMEZ,870
2026-05-31,2026-05-29,KOGK,288.2
2026-05-31,2026-05-29,KRKN,10500
2026-05-31,2026-05-29,KRKNP,6500
2026-05-31,2026-05-29,KRKOP,13.32
2026-05-31,2026-05-29,KROT,1059
2026-05-31,2026-05-29,KROTP,436
2026-05-31,2026-05-29,KRSB,22
2026-05-31,2026-05-29,KRSBP,21.82
2026-05-31,2026-05-29,KUZB,0.02745
2026-05-31,2026-05-29,KZOS,58.9
2026-05-31,2026-05-29,KZOSP,13.06
2026-05-31,2026-05-29,LEAS,663.3
2026-05-31,2026-05-29,LENT,1715.5
2026-05-31,2026-05-29,LIFE,2.615
2026-05-31,2026-05-29,LKOH,4883.5
2026-05-31,2026-05-29,LMBZ,530.5
2026-05-31,2026-05-29,LNZL,1260
2026-05-31,2026-05-29,LNZLP,184
2026-05-31,2026-05-29,LPSB,55.8
2026-05-31,2026-05-29,LSNG,14.99
2026-05-31,2026-05-29,LSNGP,384.6
2026-05-31,2026-05-29,LSRG,640.4
2026-05-31,2026-05-29,LVHK,22.65
2026-05-31,2026-05-29,MAGE,2.49
2026-05-31,2026-05-29,MAGEP,2.13
2026-05-31,2026-05-29,MAGN,22.8
2026-05-31,2026-05-29,MBNK,1205
2026-05-31,2026-05-29,MDMG,1287.5
2026-05-31,2026-05-29,MFGS,349
2026-05-31,2026-05-29,MFGSP,244
2026-05-31,2026-05-29,MGKL,2.474
2026-05-31,2026-05-29,MGNT,2300
2026-05-31,2026-05-29,MGNZ,7440
2026-05-31,2026-05-29,MGTS,1304
2026-05-31,2026-05-29,MGTSP,1292
2026-05-31,2026-05-29,MISB,50.6
2026-05-31,2026-05-29,MISBP,56.7
2026-05-31,2026-05-29,MOEX,174.82
2026-05-31,2026-05-29,MRKC,0.6606
2026-05-31,2026-05-29,MRKK,19.22
2026-05-31,2026-05-29,MRKP,0.5922
2026-05-31,2026-05-29,MRKS,0.467
2026-05-31,2026-05-29,MRKU,0.5878
2026-05-31,2026-05-29,MRKV,0.1857
2026-05-31,2026-05-29,MRKY,0.07705
2026-05-31,2026-05-29,MRKZ,0.15435
2026-05-31,2026-05-29,MRSB,0.85
2026-05-31,2026-05-29,MSNG,1.789
2026-05-31,2026-05-29,MSRS,1.8605
2026-05-31,2026-05-29,MSTT,96.2
2026-05-31,2026-05-29,MTLR,47.86
2026-05-31,2026-05-29,MTLRP,46.05
2026-05-31,2026-05-29,MTSS,227.4
2026-05-31,2026-05-29,MVID,62.05
2026-05-31,2026-05-29,NAUK,494.5
2026-05-31,2026-05-29,NFAZ,206
2026-05-31,2026-05-29,NKHP,492.5
2026-05-31,2026-05-29,NKNC,67.35
2026-05-31,2026-05-29,NKNCP,48.08
2026-05-31,2026-05-29,NKSH,29.95
2026-05-31,2026-05-29,NLMK,78.64
2026-05-31,2026-05-29,NMTP,8.695
2026-05-31,2026-05-29,NNSB,3900
2026-05-31,2026-05-29,NNSBP,1326
2026-05-31,2026-05-29,NSVZ,225
2026-05-31,2026-05-29,NVTK,1071
2026-05-31,2026-05-29,OGKB,0.259
2026-05-31,2026-05-29,OKEY,43.51
2026-05-31,2026-05-29,OMZZP,10160
2026-05-31,2026-05-29,OZON,3989
2026-05-31,2026-05-29,OZPH,47.17
2026-05-31,2026-05-29,PAZA,8560
2026-05-31,2026-05-29,PHOR,6251
2026-05-31,2026-05-29,PIKK,542.9
2026-05-31,2026-05-29,PLZL,2087.2
2026-05-31,2026-05-29,PMSB,495
2026-05-31,2026-05-29,PMSBP,499.2
2026-05-31,2026-05-29,POSI,859.2
2026-05-31,2026-05-29,PRFN,3.502
2026-05-31,2026-05-29,PRMB,22600
2026-05-31,2026-05-29,PRMD,398.55
2026-05-31,2026-05-29,RAGR,101.32
2026-05-31,2026-05-29,RASP,116.9
2026-05-31,2026-05-29,RBCM,7.825
2026-05-31,2026-05-29,RDRB,117.4
2026-05-31,2026-05-29,RENI,84.28
2026-05-31,2026-05-29,RGSS,0.189
2026-05-31,2026-05-29,RKKE,13360
2026-05-31,2026-05-29,RNFT,92.7
2026-05-31,2026-05-29,ROLO,0.3356
2026-05-31,2026-05-29,ROSN,389.35
2026-05-31,2026-05-29,ROST,84.2
2026-05-31,2026-05-29,RTGZ,37400
2026-05-31,2026-05-29,RTKM,50.62
2026-05-31,2026-05-29,RTKMP,52.2
2026-05-31,2026-05-29,RTSB,2.94
2026-05-31,2026-05-29,RTSBP,1.408
2026-05-31,2026-05-29,RUAL,34.56
2026-05-31,2026-05-29,RUSI,62.5
2026-05-31,2026-05-29,RZSB,38.52
2026-05-31,2026-05-29,SAGO,2.39
2026-05-31,2026-05-29,SAGOP,2.28
2026-05-31,2026-05-29,SARE,0.701
2026-05-31,2026-05-29,SAREP,0.4295
2026-05-31,2026-05-29,SBER,320.57
2026-05-31,2026-05-29,SBERP,320.87
2026-05-31,2026-05-29,SELG,42.99
2026-05-31,2026-05-29,SFIN,692.6
2026-05-31,2026-05-29,SGZH,0.826
2026-05-31,2026-05-29,SIBN,501.9
2026-05-31,2026-05-29,SLEN,3.14
2026-05-31,2026-05-29,SMLT,399.6
2026-05-31,2026-05-29,SNGS,18.81
2026-05-31,2026-05-29,SNGSP,39.95
2026-05-31,2026-05-29,SOFL,55.36
2026-05-31,2026-05-29,SPBE,195.7
2026-05-31,2026-05-29,STSB,3.38
2026-05-31,2026-05-29,STSBP,4.48
2026-05-31,2026-05-29,SVAV,445
2026-05-31,2026-05-29,SVCB,11.95
2026-05-31,2026-05-29,SVET,11.06
2026-05-31,2026-05-29,SVETP,19.2
2026-05-31,2026-05-29,T,301.14
2026-05-31,2026-05-29,TASB,1.612
2026-05-31,2026-05-29,TASBP,0.954
2026-05-31,2026-05-29,TATN,602.1
2026-05-31,2026-05-29,TATNP,564
2026-05-31,2026-05-29,TGKA,0.005716
2026-05-31,2026-05-29,TGKB,0.00564
2026-05-31,2026-05-29,TGKBP,0.00865
2026-05-31,2026-05-29,TGKN,0.00476
2026-05-31,2026-05-29,TNSE,3490
2026-05-31,2026-05-29,TORS,0.776
2026-05-31,2026-05-29,TORSP,0.603
2026-05-31,2026-05-29,TRMK,78.22
2026-05-31,2026-05-29,TRNFP,1423.2
2026-05-31,2026-05-29,TTLK,0.5955
2026-05-31,2026-05-29,TUZA,103
2026-05-31,2026-05-29,UGLD,0.5866
2026-05-31,2026-05-29,UKUZ,698
2026-05-31,2026-05-29,UNAC,0.3395
2026-05-31,2026-05-29,UNKL,3790
2026-05-31,2026-05-29,UPRO,1.284
2026-05-31,2026-05-29,URKZ,252.6
2026-05-31,2026-05-29,USBN,0.1428
2026-05-31,2026-05-29,UTAR,9.85
2026-05-31,2026-05-29,UWGN,22.4
2026-05-31,2026-05-29,VEON-RX,57.9
2026-05-31,2026-05-29,VGSB,13.7
2026-05-31,2026-05-29,VGSBP,12.5
2026-05-31,2026-05-29,VJGZ,3030
2026-05-31,2026-05-29,VJGZP,1200
2026-05-31,2026-05-29,VKCO,237.8
2026-05-31,2026-05-29,VLHZ,141.8
2026-05-31,2026-05-29,VRSB,333
2026-05-31,2026-05-29,VRSBP,153.6
2026-05-31,2026-05-29,VSEH,71.41
2026-05-31,2026-05-29,VSMO,24880
2026-05-31,2026-05-29,VSYD,8150
2026-05-31,2026-05-29,VSYDP,7150
2026-05-31,2026-05-29,VTBR,78.965
2026-05-31,2026-05-29,WTCM,13.82
2026-05-31,2026-05-29,WTCMP,12.24
2026-05-31,2026-05-29,WUSH,59.82
2026-05-31,2026-05-29,X5,2447
2026-05-31,2026-05-29,YAKG,39.8
2026-05-31,2026-05-29,YDEX,4002
2026-05-31,2026-05-29,YKEN,0.352
2026-05-31,2026-05-29,YKENP,0.288
2026-05-31,2026-05-29,YRSB,754
2026-05-31,2026-05-29,YRSBP,191.5
2026-05-31,2026-05-29,ZAYM,146.5
2026-05-31,2026-05-29,ZILL,4475
2026-05-31,2026-05-29,ZVEZ,5.93
2026-06-30,2026-06-30,ABIO,38.44
2026-06-30,2026-06-30,ABRD,120.2
2026-06-30,2026-06-30,AFKS,11.6
2026-06-30,2026-06-30,AFLT,39.5
2026-06-30,2026-06-30,AKAI,97.07
2026-06-30,2026-06-30,AKBC,87.7
2026-06-30,2026-06-30,AKCN,76
2026-06-30,2026-06-30,AKFB,136.73
2026-06-30,2026-06-30,AKFN,94.4
2026-06-30,2026-06-30,AKGD,225.85
2026-06-30,2026-06-30,AKGP,1.118
2026-06-30,2026-06-30,AKHT,87.36
2026-06-30,2026-06-30,AKIE,847.89
2026-06-30,2026-06-30,AKMB,1.955
2026-06-30,2026-06-30,AKMC,1225.93
2026-06-30,2026-06-30,AKME,166.2
2026-06-30,2026-06-30,AKMM,172.59
2026-06-30,2026-06-30,AKMP,1.2334
2026-06-30,2026-06-30,AKPP,124.6
2026-06-30,2026-06-30,AKQU,64.16
2026-06-30,2026-06-30,AKRN,16076
2026-06-30,2026-06-30,AKUP,11.95
2026-06-30,2026-06-30,ALRS,21.3
2026-06-30,2026-06-30,AMEZ,68.05
2026-06-30,2026-06-30,AMFL,136.4
2026-06-30,2026-06-30,AMGB,126.1
2026-06-30,2026-06-30,AMGL,122
2026-06-30,2026-06-30,AMIX,94.3
2026-06-30,2026-06-30,AMNR,152.299
2026-06-30,2026-06-30,AMNY,1245.3
2026-06-30,2026-06-30,AMRE,103
2026-06-30,2026-06-30,AMRH,160.8
2026-06-30,2026-06-30,AMVD,784
2026-06-30,2026-06-30,AMVY,1161
2026-06-30,2026-06-30,APRI,16.98
2026-06-30,2026-06-30,APTK,4.89
2026-06-30,2026-06-30,AQUA,339.5
2026-06-30,2026-06-30,ARSA,6.27
2026-06-30,2026-06-30,ASSB,2.51
2026-06-30,2026-06-30,ASTR,172.45
2026-06-30,2026-06-30,AVAN,529
2026-06-30,2026-06-30,BANE,1074
2026-06-30,2026-06-30,BANEP,868
2026-06-30,2026-06-30,BAZA,104.96
2026-06-30,2026-06-30,BCSB,16.518
2026-06-30,2026-06-30,BCSD,13.965
2026-06-30,2026-06-30,BCSE,928
2026-06-30,2026-06-30,BCSG,12.07
2026-06-30,2026-06-30,BCSR,9.96
2026-06-30,2026-06-30,BCSW,10.61
2026-06-30,2026-06-30,BELU,246.2
2026-06-30,2026-06-30,BISVP,9.95
2026-06-30,2026-06-30,BLNG,7.29
2026-06-30,2026-06-30,BNDA,1218.7
2026-06-30,2026-06-30,BNDB,1286.1
2026-06-30,2026-06-30,BNDC,1258.5
2026-06-30,2026-06-30,BOND,1673.2
2026-06-30,2026-06-30,BRZL,1038
2026-06-30,2026-06-30,BSPB,265
2026-06-30,2026-06-30,BSPBP,36.05
2026-06-30,2026-06-30,BTBR,126.64
2026-06-30,2026-06-30,CARM,0.8375
2026-06-30,2026-06-30,CASH,13.304
2026-06-30,2026-06-30,CBOM,8.484
2026-06-30,2026-06-30,CHGZ,91.2
2026-06-30,2026-06-30,CHKZ,14400
2026-06-30,2026-06-30,CHMF,619
2026-06-30,2026-06-30,CHMK,3150
2026-06-30,2026-06-30,CNRU,502.8
2026-06-30,2026-06-30,CNTL,8.2
2026-06-30,2026-06-30,CNTLP,4.3
2026-06-30,2026-06-30,CNYM,132.26
2026-06-30,2026-06-30,DATA,79
2026-06-30,2026-06-30,DELI,45.75
2026-06-30,2026-06-30,DIAS,1050
2026-06-30,2026-06-30,DIOD,7.08
2026-06-30,2026-06-30,DIVD,1028.6
2026-06-30,2026-06-30,DOMRF,2278.6
2026-06-30,2026-06-30,DVEC,1.294
2026-06-30,2026-06-30,DZRD,1040
2026-06-30,2026-06-30,DZRDP,1530
2026-06-30,2026-06-30,EELT,7.02
2026-06-30,2026-06-30,ELFV,0.3658
2026-06-30,2026-06-30,ELMT,0.0907
2026-06-30,2026-06-30,ENPG,327.65
2026-06-30,2026-06-30,EQMX,123.85
2026-06-30,2026-06-30,ESGE,68.79
2026-06-30,2026-06-30,ESGR,1023
2026-06-30,2026-06-30,ETLN,23.8
2026-06-30,2026-06-30,EUTR,60.3
2026-06-30,2026-06-30,EVRZ,51.5
2026-06-30,2026-06-30,FEES,0.04682
2026-06-30,2026-06-30,FESH,55.6
2026-06-30,2026-06-30,FINC,1380.1
2026-06-30,2026-06-30,FIXR,0.4303
2026-06-30,2026-06-30,FLOT,76.73
2026-06-30,2026-06-30,FLOW,1012.8
2026-06-30,2026-06-30,FMBR,11.062
2026-06-30,2026-06-30,FMMM,13.46
2026-06-30,2026-06-30,FMSA,9.775
2026-06-30,2026-06-30,GAZA,403
2026-06-30,2026-06-30,GAZAP,359.5
2026-06-30,2026-06-30,GAZC,659
2026-06-30,2026-06-30,GAZP,100.9
2026-06-30,2026-06-30,GAZS,839
2026-06-30,2026-06-30,GAZT,1739
2026-06-30,2026-06-30,GCHE,3063
2026-06-30,2026-06-30,GECO,13.04
2026-06-30,2026-06-30,GEMA,109.4
2026-06-30,2026-06-30,GEMC,670.4
2026-06-30,2026-06-30,GLRX,37.72
2026-06-30,2026-06-30,GMKN,127.94
2026-06-30,2026-06-30,GOLD,2.601
2026-06-30,2026-06-30,GOOD,1360
2026-06-30,2026-06-30,GROD,731
2026-06-30,2026-06-30,GTRK,56.6
2026-06-30,2026-06-30,HEAD,2624
2026-06-30,2026-06-30,HIMCP,12.34
2026-06-30,2026-06-30,HNFG,279.8
2026-06-30,2026-06-30,HYDR,0.3285
2026-06-30,2026-06-30,IGST,4060
2026-06-30,2026-06-30,IGSTP,2820
2026-06-30,2026-06-30,INCB,94.4
2026-06-30,2026-06-30,INFL,142.86
2026-06-30,2026-06-30,INGO,162.7
2026-06-30,2026-06-30,IRAO,2.6005
2026-06-30,2026-06-30,IRKT,15.84
2026-06-30,2026-06-30,IVAT,59.5
2026-06-30,2026-06-30,JNOS,23.08
2026-06-30,2026-06-30,JNOSP,11.04
2026-06-30,2026-06-30,KAZT,284.4
2026-06-30,2026-06-30,KAZTP,295.5
2026-06-30,2026-06-30,KBSB,792
2026-06-30,2026-06-30,KCHE,0.257
2026-06-30,2026-06-30,KCHEP,0.56
2026-06-30,2026-06-30,KFBA,1755
2026-06-30,2026-06-30,KGKC,43.2
2026-06-30,2026-06-30,KGKCP,51.2
2026-06-30,2026-06-30,KLSB,17.32
2026-06-30,2026-06-30,KLVZ,1.902
2026-06-30,2026-06-30,KMAZ,45.3
2026-06-30,2026-06-30,KMEZ,762
2026-06-30,2026-06-30,KOGK,205.4
2026-06-30,2026-06-30,KRKN,10500
2026-06-30,2026-06-30,KRKNP,5680
2026-06-30,2026-06-30,KRKOP,11.14
2026-06-30,2026-06-30,KROT,939
2026-06-30,2026-06-30,KROTP,417
2026-06-30,2026-06-30,KRSB,19.42
2026-06-30,2026-06-30,KRSBP,20.28
2026-06-30,2026-06-30,KUZB,0.0279
2026-06-30,2026-06-30,KZOS,49.6
2026-06-30,2026-06-30,KZOSP,10.19
2026-06-30,2026-06-30,LEAS,667.5
2026-06-30,2026-06-30,LENT,1819.5
2026-06-30,2026-06-30,LIFE,1.59
2026-06-30,2026-06-30,LKOH,4552.5
2026-06-30,2026-06-30,LMBZ,507.5
2026-06-30,2026-06-30,LNZL,1260
2026-06-30,2026-06-30,LNZLP,184
2026-06-30,2026-06-30,LPSB,46
2026-06-30,2026-06-30,LQDT,2.0258
2026-06-30,2026-06-30,LSNG,12.45
2026-06-30,2026-06-30,LSNGP,336.15
2026-06-30,2026-06-30,LSRG,614.4
2026-06-30,2026-06-30,LVHK,17.5
2026-06-30,2026-06-30,MAGE,1.98
2026-06-30,2026-06-30,MAGEP,1.74
2026-06-30,2026-06-30,MAGN,19.405
2026-06-30,2026-06-30,MBNK,1053.5
2026-06-30,2026-06-30,MDMG,1281.6
2026-06-30,2026-06-30,MFGS,287
2026-06-30,2026-06-30,MFGSP,184.5
2026-06-30,2026-06-30,MGKL,2.4605
2026-06-30,2026-06-30,MGNT,1916.5
2026-06-30,2026-06-30,MGNZ,7440
2026-06-30,2026-06-30,MGTS,1180
2026-06-30,2026-06-30,MGTSP,1286
2026-06-30,2026-06-30,MISB,39.4
2026-06-30,2026-06-30,MISBP,42
2026-06-30,2026-06-30,MKBD,912
2026-06-30,2026-06-30,MOEX,167.89
2026-06-30,2026-06-30,MONY,129.15
2026-06-30,2026-06-30,MRKC,0.579
2026-06-30,2026-06-30,MRKK,15.52
2026-06-30,2026-06-30,MRKP,0.5215
2026-06-30,2026-06-30,MRKS,0.376
2026-06-30,2026-06-30,MRKU,0.594
2026-06-30,2026-06-30,MRKV,0.21635
2026-06-30,2026-06-30,MRKY,0.0694
2026-06-30,2026-06-30,MRKZ,0.12315
2026-06-30,2026-06-30,MRSB,0.908
2026-06-30,2026-06-30,MSNG,1.936
2026-06-30,2026-06-30,MSRS,1.766
2026-06-30,2026-06-30,MSTT,67.9
2026-06-30,2026-06-30,MTLR,40.39
2026-06-30,2026-06-30,MTLRP,37.7
2026-06-30,2026-06-30,MTSS,218.9
2026-06-30,2026-06-30,MVID,57.65
2026-06-30,2026-06-30,NAUK,485
2026-06-30,2026-06-30,NFAZ,178
2026-06-30,2026-06-30,NFKL,100.19
2026-06-30,2026-06-30,NKHP,379
2026-06-30,2026-06-30,NKNC,49.85
2026-06-30,2026-06-30,NKNCP,40.8
2026-06-30,2026-06-30,NKSH,28.55
2026-06-30,2026-06-30,NLMK,64.56
2026-06-30,2026-06-30,NMTP,8.4
2026-06-30,2026-06-30,NNSB,3440
2026-06-30,2026-06-30,NNSBP,1106
2026-06-30,2026-06-30,NSVZ,225.5
2026-06-30,2026-06-30,NVTK,973.1
2026-06-30,2026-06-30,OBLG,204.66
2026-06-30,2026-06-30,OGKB,0.2065
2026-06-30,2026-06-30,OKEY,42.81
2026-06-30,2026-06-30,OLIQ,100.23
2026-06-30,2026-06-30,OMZZP,9880
2026-06-30,2026-06-30,OZON,3428
2026-06-30,2026-06-30,OZPH,42.64
2026-06-30,2026-06-30,PAZA,8160
2026-06-30,2026-06-30,PHOR,5250
2026-06-30,2026-06-30,PIKK,567.7
2026-06-30,2026-06-30,PLZL,1980.4
2026-06-30,2026-06-30,PMSB,412.1
2026-06-30,2026-06-30,PMSBP,434.2
2026-06-30,2026-06-30,POSI,804.4
2026-06-30,2026-06-30,PRFN,2.52
2026-06-30,2026-06-30,PRIE,894
2026-06-30,2026-06-30,PRMB,19200
2026-06-30,2026-06-30,PRMD,387.35
2026-06-30,2026-06-30,PSGM,11.755
2026-06-30,2026-06-30,PSMM,14.26
2026-06-30,2026-06-30,PSRB,13.496
2026-06-30,2026-06-30,PSRE,8.838
2026-06-30,2026-06-30,RAGR,83.18
2026-06-30,2026-06-30,RASP,112.75
2026-06-30,2026-06-30,RBCM,7.155
2026-06-30,2026-06-30,RDRB,101.8
2026-06-30,2026-06-30,RENI,79.22
2026-06-30,2026-06-30,RGSS,0.1722
2026-06-30,2026-06-30,RKKE,10690
2026-06-30,2026-06-30,RNFT,72.8
2026-06-30,2026-06-30,ROLO,0.2362
2026-06-30,2026-06-30,ROSN,328.95
2026-06-30,2026-06-30,ROST,69.6
2026-06-30,2026-06-30,RSHU,125.5
2026-06-30,2026-06-30,RTGZ,33200
2026-06-30,2026-06-30,RTKM,43.75
2026-06-30,2026-06-30,RTKMP,44.6
2026-06-30,2026-06-30,RTSB,2.49
2026-06-30,2026-06-30,RTSBP,1.28
2026-06-30,2026-06-30,RU0005418747,198.5
2026-06-30,2026-06-30,RU0006922010,119.7
2026-06-30,2026-06-30,RU0006922044,144.4
2026-06-30,2026-06-30,RU000A0HGNG6,12500
2026-06-30,2026-06-30,RU000A0HGNH4,10128
2026-06-30,2026-06-30,RU000A0JP773,4.44
2026-06-30,2026-06-30,RU000A0JP799,4.26
2026-06-30,2026-06-30,RU000A0JPMD2,10230
2026-06-30,2026-06-30,RU000A0JPZP8,6640000
2026-06-30,2026-06-30,RU000A0JR282,47.45
2026-06-30,2026-06-30,RU000A0JR290,8015
2026-06-30,2026-06-30,RU000A0JR2A5,14.55
2026-06-30,2026-06-30,RU000A0JR2C1,108.85
2026-06-30,2026-06-30,RU000A0JRHC0,2995
2026-06-30,2026-06-30,RU000A0JRUQ3,8650
2026-06-30,2026-06-30,RU000A0JUR61,2550
2026-06-30,2026-06-30,RU000A0JUYB1,1459000
2026-06-30,2026-06-30,RU000A0JVJ29,274
2026-06-30,2026-06-30,RU000A0JWCE7,1265
2026-06-30,2026-06-30,RU000A0JXP78,14600
2026-06-30,2026-06-30,RU000A0JXWF0,2897
2026-06-30,2026-06-30,RU000A0ZYC64,205000
2026-06-30,2026-06-30,RU000A0ZZ422,120000
2026-06-30,2026-06-30,RU000A0ZZ5R2,916
2026-06-30,2026-06-30,RU000A0ZZCD8,2940
2026-06-30,2026-06-30,RU000A0ZZMD7,3295
2026-06-30,2026-06-30,RU000A0ZZML0,3065
2026-06-30,2026-06-30,RU000A0ZZMN6,4050
2026-06-30,2026-06-30,RU000A0ZZVH9,1690
2026-06-30,2026-06-30,RU000A1000W4,3570
2026-06-30,2026-06-30,RU000A1000Y0,14300000
2026-06-30,2026-06-30,RU000A100EQ2,12.68
2026-06-30,2026-06-30,RU000A100WZ5,1419
2026-06-30,2026-06-30,RU000A101NK4,733
2026-06-30,2026-06-30,RU000A101UK9,8400
2026-06-30,2026-06-30,RU000A101UY0,1405
2026-06-30,2026-06-30,RU000A1022Z1,9251
2026-06-30,2026-06-30,RU000A1027E5,15100
2026-06-30,2026-06-30,RU000A102AH5,340000
2026-06-30,2026-06-30,RU000A102N77,125750
2026-06-30,2026-06-30,RU000A102PE0,9950
2026-06-30,2026-06-30,RU000A102PF7,11000
2026-06-30,2026-06-30,RU000A102PQ4,13200
2026-06-30,2026-06-30,RU000A1034U7,94600
2026-06-30,2026-06-30,RU000A103B62,1525
2026-06-30,2026-06-30,RU000A103HD7,103340
2026-06-30,2026-06-30,RU000A104172,1720
2026-06-30,2026-06-30,RU000A104FB3,2025
2026-06-30,2026-06-30,RU000A104KU3,1306
2026-06-30,2026-06-30,RU000A104M43,21200
2026-06-30,2026-06-30,RU000A104YX8,916
2026-06-30,2026-06-30,RU000A105153,2178
2026-06-30,2026-06-30,RU000A105328,1319
2026-06-30,2026-06-30,RU000A105GY0,100000
2026-06-30,2026-06-30,RU000A105R70,22200
2026-06-30,2026-06-30,RU000A105RJ8,1535
2026-06-30,2026-06-30,RU000A105TU1,469.4
2026-06-30,2026-06-30,RU000A1068X9,1120
2026-06-30,2026-06-30,RU000A106G80,844.5
2026-06-30,2026-06-30,RU000A106LB6,1330
2026-06-30,2026-06-30,RU000A106LC4,1000
2026-06-30,2026-06-30,RU000A106MG3,1284
2026-06-30,2026-06-30,RU000A106N57,1045
2026-06-30,2026-06-30,RU000A106SA3,7160
2026-06-30,2026-06-30,RU000A106XE5,125.6
2026-06-30,2026-06-30,RU000A107860,1482
2026-06-30,2026-06-30,RU000A1079J5,1065
2026-06-30,2026-06-30,RU000A107RE5,100000
2026-06-30,2026-06-30,RU000A107U08,825
2026-06-30,2026-06-30,RU000A108751,46000
2026-06-30,2026-06-30,RU000A108KP4,1410
2026-06-30,2026-06-30,RU000A108TT7,68.86
2026-06-30,2026-06-30,RU000A108UH0,871
2026-06-30,2026-06-30,RU000A108VR7,1474
2026-06-30,2026-06-30,RU000A108ZB2,136550
2026-06-30,2026-06-30,RU000A1092L4,79500
2026-06-30,2026-06-30,RU000A1095D4,1260
2026-06-30,2026-06-30,RU000A1099U0,6.56
2026-06-30,2026-06-30,RU000A109G79,4140
2026-06-30,2026-06-30,RU000A109GQ8,995
2026-06-30,2026-06-30,RU000A109NL5,1244
2026-06-30,2026-06-30,RU000A109QR5,2810
2026-06-30,2026-06-30,RU000A109R27,606.5
2026-06-30,2026-06-30,RU000A10A489,985
2026-06-30,2026-06-30,RU000A10AN72,119900
2026-06-30,2026-06-30,RU000A10AQT4,12.298
2026-06-30,2026-06-30,RU000A10ATA8,118000
2026-06-30,2026-06-30,RU000A10BBS6,899
2026-06-30,2026-06-30,RU000A10BM31,10385
2026-06-30,2026-06-30,RU000A10BQP0,97.78
2026-06-30,2026-06-30,RU000A10BQQ8,1500
2026-06-30,2026-06-30,RU000A10BT42,1182.3
2026-06-30,2026-06-30,RU000A10CFM8,837
2026-06-30,2026-06-30,RU000A10CKQ9,124200
2026-06-30,2026-06-30,RU000A10CLY1,165000
2026-06-30,2026-06-30,RU000A10D7W9,106700
2026-06-30,2026-06-30,RU000A10D814,1000
2026-06-30,2026-06-30,RU000A10E3R7,134000
2026-06-30,2026-06-30,RU000A10ECF5,1001.4
2026-06-30,2026-06-30,RU000A10EVE8,900
2026-06-30,2026-06-30,RUAL,28.835
2026-06-30,2026-06-30,RUSI,52.2
2026-06-30,2026-06-30,RZSB,33.28
2026-06-30,2026-06-30,SAFE,17.885
2026-06-30,2026-06-30,SAGO,2.2
2026-06-30,2026-06-30,SAGOP,2.155
2026-06-30,2026-06-30,SARE,0.711
2026-06-30,2026-06-30,SAREP,0.3915
2026-06-30,2026-06-30,SBBC,9.039
2026-06-30,2026-06-30,SBBY,11.036
2026-06-30,2026-06-30,SBCB,1381.5
2026-06-30,2026-06-30,SBCN,12.585
2026-06-30,2026-06-30,SBDS,3.25
2026-06-30,2026-06-30,SBER,308.09
2026-06-30,2026-06-30,SBERP,308.44
2026-06-30,2026-06-30,SBFR,15.074
2026-06-30,2026-06-30,SBGB,15.149
2026-06-30,2026-06-30,SBGD,30.04
2026-06-30,2026-06-30,SBHI,6.102
2026-06-30,2026-06-30,SBLB,12.076
2026-06-30,2026-06-30,SBMM,18.8355
2026-06-30,2026-06-30,SBMX,16.141
2026-06-30,2026-06-30,SBPS,2.74
2026-06-30,2026-06-30,SBRB,18.771
2026-06-30,2026-06-30,SBRI,9.966
2026-06-30,2026-06-30,SBRS,13.96
2026-06-30,2026-06-30,SBSC,6.448
2026-06-30,2026-06-30,SCFT,3.96
2026-06-30,2026-06-30,SCLI,6.986
2026-06-30,2026-06-30,SELG,34.97
2026-06-30,2026-06-30,SFIN,564.8
2026-06-30,2026-06-30,SGZH,0.584
2026-06-30,2026-06-30,SIBN,459.95
2026-06-30,2026-06-30,SILA,109.35
2026-06-30,2026-06-30,SIPO,6.595
2026-06-30,2026-06-30,SLEN,3.02
2026-06-30,2026-06-30,SMCF,1012.8
2026-06-30,2026-06-30,SMLT,306.8
2026-06-30,2026-06-30,SNGS,16.49
2026-06-30,2026-06-30,SNGSP,40.89
2026-06-30,2026-06-30,SOFL,45.36
2026-06-30,2026-06-30,SPBE,137.9
2026-06-30,2026-06-30,SPRN,9.307
2026-06-30,2026-06-30,STME,3.815
2026-06-30,2026-06-30,STSB,5.475
2026-06-30,2026-06-30,STSBP,5.695
2026-06-30,2026-06-30,SUGB,1504
2026-06-30,2026-06-30,SVAV,300.5
2026-06-30,2026-06-30,SVCB,10.995
2026-06-30,2026-06-30,SVET,10.14
2026-06-30,2026-06-30,SVETP,15.9
2026-06-30,2026-06-30,T,272.34
2026-06-30,2026-06-30,TASB,1.302
2026-06-30,2026-06-30,TASBP,0.788
2026-06-30,2026-06-30,TATN,505.2
2026-06-30,2026-06-30,TATNP,476.9
2026-06-30,2026-06-30,TBEU,11.18
2026-06-30,2026-06-30,TBRU,8.24
2026-06-30,2026-06-30,TDIV,9.65
2026-06-30,2026-06-30,TEUR,6.72
2026-06-30,2026-06-30,TGKA,0.004416
2026-06-30,2026-06-30,TGKB,0.004345
2026-06-30,2026-06-30,TGKBP,0.0068
2026-06-30,2026-06-30,TGKN,0.00311
2026-06-30,2026-06-30,TGLD,12.45
2026-06-30,2026-06-30,TITR,4.44
2026-06-30,2026-06-30,TLCB,10.36
2026-06-30,2026-06-30,TMON,159.92
2026-06-30,2026-06-30,TMOS,5.67
2026-06-30,2026-06-30,TNSE,2915
2026-06-30,2026-06-30,TOFZ,13.62
2026-06-30,2026-06-30,TORS,0.592
2026-06-30,2026-06-30,TORSP,0.513
2026-06-30,2026-06-30,TPAY,101.27
2026-06-30,2026-06-30,TRMK,60.52
2026-06-30,2026-06-30,TRND,8.83
2026-06-30,2026-06-30,TRNFP,1317
2026-06-30,2026-06-30,TRUR,9.57
2026-06-30,2026-06-30,TTLK,0.5195
2026-06-30,2026-06-30,TUSD,6.97
2026-06-30,2026-06-30,TUZA,87.8
2026-06-30,2026-06-30,UGLD,0.5926
2026-06-30,2026-06-30,UKUZ,614
2026-06-30,2026-06-30,UNAC,0.255
2026-06-30,2026-06-30,UNKL,3010
2026-06-30,2026-06-30,UPRO,1.0215
2026-06-30,2026-06-30,URKZ,216
2026-06-30,2026-06-30,USBN,0.1548
2026-06-30,2026-06-30,UTAR,8.23
2026-06-30,2026-06-30,UWGN,16.72
2026-06-30,2026-06-30,VDOR,1031.99
2026-06-30,2026-06-30,VEON-RX,51.6
2026-06-30,2026-06-30,VGSB,11.75
2026-06-30,2026-06-30,VGSBP,10.45
2026-06-30,2026-06-30,VJGZ,2280
2026-06-30,2026-06-30,VJGZP,1002
2026-06-30,2026-06-30,VKCO,190.65
2026-06-30,2026-06-30,VLHZ,126.6
2026-06-30,2026-06-30,VRSB,298.5
2026-06-30,2026-06-30,VRSBP,125
2026-06-30,2026-06-30,VSEH,65.28
2026-06-30,2026-06-30,VSMO,21820
2026-06-30,2026-06-30,VSYD,6800
2026-06-30,2026-06-30,VSYDP,5700
2026-06-30,2026-06-30,VTBR,73.825
2026-06-30,2026-06-30,WILD,900
2026-06-30,2026-06-30,WTCM,12.76
2026-06-30,2026-06-30,WTCMP,11.88
2026-06-30,2026-06-30,WUSH,48.18
2026-06-30,2026-06-30,X5,2262
2026-06-30,2026-06-30,XACCSK,1015
2026-06-30,2026-06-30,XCREDI,852.7
2026-06-30,2026-06-30,XEQTRU,1342
2026-06-30,2026-06-30,XFMAGR,191000
2026-06-30,2026-06-30,XFMAIN,2025000
2026-06-30,2026-06-30,XHEDGE,258.95
2026-06-30,2026-06-30,XHOUSE,833
2026-06-30,2026-06-30,XKLUCH,10.479
2026-06-30,2026-06-30,XNIRUM,1013.8
2026-06-30,2026-06-30,XQUANT,1251
2026-06-30,2026-06-30,XSBORA,6100
2026-06-30,2026-06-30,XSKLAD,108.18
2026-06-30,2026-06-30,XTRIUMF,847
2026-06-30,2026-06-30,XXRONE,1111
2026-06-30,2026-06-30,XXXXXX,955.7
2026-06-30,2026-06-30,YAKG,31.9
2026-06-30,2026-06-30,YDEX,3639
2026-06-30,2026-06-30,YKEN,0.296
2026-06-30,2026-06-30,YKENP,0.205
2026-06-30,2026-06-30,YRSB,628
2026-06-30,2026-06-30,YRSBP,156.5
2026-06-30,2026-06-30,YUAN,122.85
2026-06-30,2026-06-30,ZAYM,134.45
2026-06-30,2026-06-30,ZILL,4465
2026-06-30,2026-06-30,ZVEZ,4.53
2026-07-31,2026-07-31,ABIO,44.74
2026-07-31,2026-07-31,ABRD,117.4
2026-07-31,2026-07-31,AFKS,8.805
2026-07-31,2026-07-31,AFLT,33.11
2026-07-31,2026-07-31,AKAI,96.04
2026-07-31,2026-07-31,AKBC,84.9
2026-07-31,2026-07-31,AKCN,78.6
2026-07-31,2026-07-31,AKFB,138.52
2026-07-31,2026-07-31,AKFN,95.9
2026-07-31,2026-07-31,AKGD,229.1
2026-07-31,2026-07-31,AKGP,1.113
2026-07-31,2026-07-31,AKHT,90.6
2026-07-31,2026-07-31,AKIE,849.55
2026-07-31,2026-07-31,AKMB,1.9882
2026-07-31,2026-07-31,AKMC,1241.46
2026-07-31,2026-07-31,AKME,167.82
2026-07-31,2026-07-31,AKMM,174.68
2026-07-31,2026-07-31,AKMP,1.2467
2026-07-31,2026-07-31,AKPP,128.68
2026-07-31,2026-07-31,AKQU,62.8
2026-07-31,2026-07-31,AKRN,18092
2026-07-31,2026-07-31,AKUP,11.85
2026-07-31,2026-07-31,ALRS,20.6
2026-07-31,2026-07-31,AMEZ,68.05
2026-07-31,2026-07-31,AMFL,138.5
2026-07-31,2026-07-31,AMGB,130.3
2026-07-31,2026-07-31,AMGL,123.2
2026-07-31,2026-07-31,AMIX,92.5
2026-07-31,2026-07-31,AMNR,154.241
2026-07-31,2026-07-31,AMNY,1253.58
2026-07-31,2026-07-31,AMRE,99.6
2026-07-31,2026-07-31,AMRH,163.3
2026-07-31,2026-07-31,AMVD,770
2026-07-31,2026-07-31,AMVY,1161
2026-07-31,2026-07-31,APRI,16.49
2026-07-31,2026-07-31,APTK,5.872
2026-07-31,2026-07-31,AQUA,320
2026-07-31,2026-07-31,ARSA,7.25
2026-07-31,2026-07-31,ASSB,2.74
2026-07-31,2026-07-31,ASTR,175.75
2026-07-31,2026-07-31,AVAN,545
2026-07-31,2026-07-31,BANE,1191.5
2026-07-31,2026-07-31,BANEP,1000.5
2026-07-31,2026-07-31,BAZA,113.92
2026-07-31,2026-07-31,BCSB,16.822
2026-07-31,2026-07-31,BCSD,14.142
2026-07-31,2026-07-31,BCSE,913
2026-07-31,2026-07-31,BCSG,12.16
2026-07-31,2026-07-31,BCSR,9.89
2026-07-31,2026-07-31,BCSW,10.56
2026-07-31,2026-07-31,BELU,268.2
2026-07-31,2026-07-31,BISVP,9.37
2026-07-31,2026-07-31,BLNG,7.86
2026-07-31,2026-07-31,BNDA,1240.9
2026-07-31,2026-07-31,BNDB,1308.8
2026-07-31,2026-07-31,BNDC,1287.9
2026-07-31,2026-07-31,BOND,1707.2
2026-07-31,2026-07-31,BRZL,1370
2026-07-31,2026-07-31,BSPB,262.8
2026-07-31,2026-07-31,BSPBP,36.7
2026-07-31,2026-07-31,BTBR,120.63
2026-07-31,2026-07-31,CARM,0.7395
2026-07-31,2026-07-31,CASH,13.472
2026-07-31,2026-07-31,CBOM,9.349
2026-07-31,2026-07-31,CHGZ,133.4
2026-07-31,2026-07-31,CHKZ,16150
2026-07-31,2026-07-31,CHMF,638.4
2026-07-31,2026-07-31,CHMK,3100
2026-07-31,2026-07-31,CNRU,609.2
2026-07-31,2026-07-31,CNTL,8.48
2026-07-31,2026-07-31,CNTLP,4.58
2026-07-31,2026-07-31,CNYM,133.66
2026-07-31,2026-07-31,CORP,101.83
2026-07-31,2026-07-31,DATA,85.2
2026-07-31,2026-07-31,DELI,48.7
2026-07-31,2026-07-31,DIAS,1063
2026-07-31,2026-07-31,DIOD,9.03
2026-07-31,2026-07-31,DIVD,1057.8
2026-07-31,2026-07-31,DOMRF,2231.2
2026-07-31,2026-07-31,DVEC,1.39
2026-07-31,2026-07-31,DZRD,1230
2026-07-31,2026-07-31,DZRDP,1330
2026-07-31,2026-07-31,EELT,7.26
2026-07-31,2026-07-31,ELFV,0.3606
2026-07-31,2026-07-31,ELMT,0.1121
2026-07-31,2026-07-31,ENPG,304.9
2026-07-31,2026-07-31,EQMX,122.35
2026-07-31,2026-07-31,ESGE,67.88
2026-07-31,2026-07-31,ESGR,1014
2026-07-31,2026-07-31,ETLN,23.36
2026-07-31,2026-07-31,EUTR,43.8
2026-07-31,2026-07-31,EVRZ,50.07
2026-07-31,2026-07-31,FEES,0.05186
2026-07-31,2026-07-31,FESH,63.5
2026-07-31,2026-07-31,FINC,1399.8
2026-07-31,2026-07-31,FIXR,0.4135
2026-07-31,2026-07-31,FLOT,77.98
2026-07-31,2026-07-31,FLOW,1014.1
2026-07-31,2026-07-31,FMBR,11.255
2026-07-31,2026-07-31,FMMM,13.623
2026-07-31,2026-07-31,FMSA,10
2026-07-31,2026-07-31,GAZA,413
2026-07-31,2026-07-31,GAZAP,312.5
2026-07-31,2026-07-31,GAZC,659
2026-07-31,2026-07-31,GAZP,92.06
2026-07-31,2026-07-31,GAZS,839
2026-07-31,2026-07-31,GAZT,1739
2026-07-31,2026-07-31,GCHE,3123
2026-07-31,2026-07-31,GECO,14.4
2026-07-31,2026-07-31,GEMA,107.5
2026-07-31,2026-07-31,GEMC,657.8
2026-07-31,2026-07-31,GLRX,35.81
2026-07-31,2026-07-31,GMKN,119.98
2026-07-31,2026-07-31,GOLD,2.618
2026-07-31,2026-07-31,GOOD,1389.7
2026-07-31,2026-07-31,GROD,711
2026-07-31,2026-07-31,GTRK,59
2026-07-31,2026-07-31,HEAD,2697
2026-07-31,2026-07-31,HIMCP,13.98
2026-07-31,2026-07-31,HNFG,320.8
2026-07-31,2026-07-31,HYDR,0.3202
2026-07-31,2026-07-31,IGST,3720
2026-07-31,2026-07-31,IGSTP,2970
2026-07-31,2026-07-31,INCB,72.08
2026-07-31,2026-07-31,INFL,145
2026-07-31,2026-07-31,INGO,165.3
2026-07-31,2026-07-31,IRAO,2.575
2026-07-31,2026-07-31,IRKT,18.52
2026-07-31,2026-07-31,IVAT,68.35
2026-07-31,2026-07-31,JNOS,32.78
2026-07-31,2026-07-31,JNOSP,13.68
2026-07-31,2026-07-31,KAZT,369
2026-07-31,2026-07-31,KAZTP,376.5
2026-07-31,2026-07-31,KBSB,824
2026-07-31,2026-07-31,KCHE,0.278
2026-07-31,2026-07-31,KCHEP,0.55
2026-07-31,2026-07-31,KFBA,1705
2026-07-31,2026-07-31,KGKC,35.4
2026-07-31,2026-07-31,KGKCP,35.8
2026-07-31,2026-07-31,KLSB,19.18
2026-07-31,2026-07-31,KLVZ,2.152
2026-07-31,2026-07-31,KMAZ,50.9
2026-07-31,2026-07-31,KMEZ,1034
2026-07-31,2026-07-31,KOGK,220
2026-07-31,2026-07-31,KRKN,9600
2026-07-31,2026-07-31,KRKNP,5680
2026-07-31,2026-07-31,KRKOP,11.56
2026-07-31,2026-07-31,KROT,969
2026-07-31,2026-07-31,KROTP,445
2026-07-31,2026-07-31,KRSB,20.02
2026-07-31,2026-07-31,KRSBP,19.98
2026-07-31,2026-07-31,KUZB,0.0284
2026-07-31,2026-07-31,KZOS,49.9
2026-07-31,2026-07-31,KZOSP,16.07
2026-07-31,2026-07-31,LEAS,669.4
2026-07-31,2026-07-31,LENT,1882
2026-07-31,2026-07-31,LIFE,1.545
2026-07-31,2026-07-31,LKOH,4630.5
2026-07-31,2026-07-31,LMBZ,476.5
2026-07-31,2026-07-31,LNZL,1260
2026-07-31,2026-07-31,LNZLP,184
2026-07-31,2026-07-31,LPSB,53.05
2026-07-31,2026-07-31,LQDT,2.0519
2026-07-31,2026-07-31,LSNG,12.83
2026-07-31,2026-07-31,LSNGP,341
2026-07-31,2026-07-31,LSRG,546.8
2026-07-31,2026-07-31,LVHK,20.85
2026-07-31,2026-07-31,MAGE,2.04
2026-07-31,2026-07-31,MAGEP,1.835
2026-07-31,2026-07-31,MAGN,21.165
2026-07-31,2026-07-31,MBNK,898.5
2026-07-31,2026-07-31,MDMG,1308.1
2026-07-31,2026-07-31,MFGS,312
2026-07-31,2026-07-31,MFGSP,200.5
2026-07-31,2026-07-31,MGKL,2.2925
2026-07-31,2026-07-31,MGNT,1802.5
2026-07-31,2026-07-31,MGNZ,7440
2026-07-31,2026-07-31,MGTS,1228
2026-07-31,2026-07-31,MGTSP,1390
2026-07-31,2026-07-31,MISB,50.8
2026-07-31,2026-07-31,MISBP,41.5
2026-07-31,2026-07-31,MKBD,925
2026-07-31,2026-07-31,MOEX,157.71
2026-07-31,2026-07-31,MONY,130.42
2026-07-31,2026-07-31,MRKC,0.6762
2026-07-31,2026-07-31,MRKK,13.62
2026-07-31,2026-07-31,MRKP,0.5254
2026-07-31,2026-07-31,MRKS,0.3855
2026-07-31,2026-07-31,MRKU,0.5992
2026-07-31,2026-07-31,MRKV,0.19915
2026-07-31,2026-07-31,MRKY,0.0722
2026-07-31,2026-07-31,MRKZ,0.1285
2026-07-31,2026-07-31,MRSB,0.9
2026-07-31,2026-07-31,MSNG,1.5955
2026-07-31,2026-07-31,MSRS,1.779
2026-07-31,2026-07-31,MSTT,76.9
2026-07-31,2026-07-31,MTLR,40.32
2026-07-31,2026-07-31,MTLRP,38.7
2026-07-31,2026-07-31,MTSS,183
2026-07-31,2026-07-31,MVID,50.3
2026-07-31,2026-07-31,NAUK,442
2026-07-31,2026-07-31,NFAZ,194
2026-07-31,2026-07-31,NFKL,101.47
2026-07-31,2026-07-31,NKHP,373.5
2026-07-31,2026-07-31,NKNC,48.35
2026-07-31,2026-07-31,NKNCP,38.62
2026-07-31,2026-07-31,NKSH,31
2026-07-31,2026-07-31,NLMK,71.9
2026-07-31,2026-07-31,NMTP,7.385
2026-07-31,2026-07-31,NNSB,3530
2026-07-31,2026-07-31,NNSBP,1168
2026-07-31,2026-07-31,NSVZ,218
2026-07-31,2026-07-31,NVTK,997.9
2026-07-31,2026-07-31,OBLG,207.68
2026-07-31,2026-07-31,OFZS,103.81
2026-07-31,2026-07-31,OGKB,0.205
2026-07-31,2026-07-31,OKEY,40.16
2026-07-31,2026-07-31,OLIQ,101.49
2026-07-31,2026-07-31,OMZZP,9080
2026-07-31,2026-07-31,OZON,2844
2026-07-31,2026-07-31,OZPH,44.19
2026-07-31,2026-07-31,PAZA,8260
2026-07-31,2026-07-31,PHOR,5755
2026-07-31,2026-07-31,PIKK,580
2026-07-31,2026-07-31,PLZL,1286
2026-07-31,2026-07-31,PMSB,410.9
2026-07-31,2026-07-31,PMSBP,459.6
2026-07-31,2026-07-31,POSI,959.4
2026-07-31,2026-07-31,PRFN,2.98
2026-07-31,2026-07-31,PRIE,898
2026-07-31,2026-07-31,PRMB,19000
2026-07-31,2026-07-31,PRMD,369
2026-07-31,2026-07-31,PSGM,11.973
2026-07-31,2026-07-31,PSMM,14.438
2026-07-31,2026-07-31,PSRB,13.649
2026-07-31,2026-07-31,PSRE,8.794
2026-07-31,2026-07-31,RAGR,104
2026-07-31,2026-07-31,RASP,125.85
2026-07-31,2026-07-31,RBCM,7.245
2026-07-31,2026-07-31,RDRB,108.4
2026-07-31,2026-07-31,RENI,76.12
2026-07-31,2026-07-31,RGSS,0.1868
2026-07-31,2026-07-31,RKKE,11390
2026-07-31,2026-07-31,RNFT,83.15
2026-07-31,2026-07-31,ROLO,0.3138
2026-07-31,2026-07-31,ROSN,347.7
2026-07-31,2026-07-31,ROST,76
2026-07-31,2026-07-31,RSHU,126.34
2026-07-31,2026-07-31,RTGZ,34800
2026-07-31,2026-07-31,RTKM,41.44
2026-07-31,2026-07-31,RTKMP,42.85
2026-07-31,2026-07-31,RTSB,2.385
2026-07-31,2026-07-31,RTSBP,1.122
2026-07-31,2026-07-31,RU0005418747,177
2026-07-31,2026-07-31,RU0006922010,121.75
2026-07-31,2026-07-31,RU0006922044,146
2026-07-31,2026-07-31,RU000A0HGNG6,12736
2026-07-31,2026-07-31,RU000A0HGNH4,10092
2026-07-31,2026-07-31,RU000A0JP773,4.35
2026-07-31,2026-07-31,RU000A0JP799,4.33
2026-07-31,2026-07-31,RU000A0JPMD2,10482
2026-07-31,2026-07-31,RU000A0JPZP8,6640000
2026-07-31,2026-07-31,RU000A0JR282,46.05
2026-07-31,2026-07-31,RU000A0JR290,7475
2026-07-31,2026-07-31,RU000A0JR2A5,14.55
2026-07-31,2026-07-31,RU000A0JR2C1,111
2026-07-31,2026-07-31,RU000A0JRHC0,3000
2026-07-31,2026-07-31,RU000A0JRUQ3,8950
2026-07-31,2026-07-31,RU000A0JUR61,2550
2026-07-31,2026-07-31,RU000A0JUYB1,1459000
2026-07-31,2026-07-31,RU000A0JVJ29,279.5
2026-07-31,2026-07-31,RU000A0JWCE7,1400
2026-07-31,2026-07-31,RU000A0JXP78,11750
2026-07-31,2026-07-31,RU000A0JXWF0,2930
2026-07-31,2026-07-31,RU000A0ZYC64,230000
2026-07-31,2026-07-31,RU000A0ZZ422,120000
2026-07-31,2026-07-31,RU000A0ZZ5R2,884
2026-07-31,2026-07-31,RU000A0ZZCD8,2900
2026-07-31,2026-07-31,RU000A0ZZMD7,3285
2026-07-31,2026-07-31,RU000A0ZZME5,3343.71
2026-07-31,2026-07-31,RU000A0ZZML0,3130
2026-07-31,2026-07-31,RU000A0ZZMN6,3900
2026-07-31,2026-07-31,RU000A0ZZVH9,1690
2026-07-31,2026-07-31,RU000A1000W4,3420
2026-07-31,2026-07-31,RU000A1000Y0,14300000
2026-07-31,2026-07-31,RU000A100EQ2,12.25
2026-07-31,2026-07-31,RU000A100WZ5,1415
2026-07-31,2026-07-31,RU000A101NK4,737
2026-07-31,2026-07-31,RU000A101UK9,8600
2026-07-31,2026-07-31,RU000A101UY0,1305
2026-07-31,2026-07-31,RU000A1022Z1,8263
2026-07-31,2026-07-31,RU000A1027E5,14700
2026-07-31,2026-07-31,RU000A102AH5,350000
2026-07-31,2026-07-31,RU000A102N77,118000
2026-07-31,2026-07-31,RU000A102PE0,10100
2026-07-31,2026-07-31,RU000A102PF7,11000
2026-07-31,2026-07-31,RU000A102PQ4,12400
2026-07-31,2026-07-31,RU000A1034U7,90400
2026-07-31,2026-07-31,RU000A103B62,1384.5
2026-07-31,2026-07-31,RU000A103HD7,103340
2026-07-31,2026-07-31,RU000A104172,1584
2026-07-31,2026-07-31,RU000A104KU3,1242
2026-07-31,2026-07-31,RU000A104M43,21400
2026-07-31,2026-07-31,RU000A104YX8,918
2026-07-31,2026-07-31,RU000A105153,1928
2026-07-31,2026-07-31,RU000A105328,1219
2026-07-31,2026-07-31,RU000A105GY0,100000
2026-07-31,2026-07-31,RU000A105R70,20800
2026-07-31,2026-07-31,RU000A105RJ8,1545
2026-07-31,2026-07-31,RU000A105TU1,475.8
2026-07-31,2026-07-31,RU000A1068X9,1134
2026-07-31,2026-07-31,RU000A106G80,873.5
2026-07-31,2026-07-31,RU000A106LB6,1275
2026-07-31,2026-07-31,RU000A106LC4,950
2026-07-31,2026-07-31,RU000A106MG3,1192
2026-07-31,2026-07-31,RU000A106N57,1125
2026-07-31,2026-07-31,RU000A106SA3,7273
2026-07-31,2026-07-31,RU000A106XE5,125.6
2026-07-31,2026-07-31,RU000A107860,1372
2026-07-31,2026-07-31,RU000A1079J5,1015
2026-07-31,2026-07-31,RU000A107RE5,104000
2026-07-31,2026-07-31,RU000A107U08,755
2026-07-31,2026-07-31,RU000A108751,50000
2026-07-31,2026-07-31,RU000A108KP4,1218
2026-07-31,2026-07-31,RU000A108TT7,69.86
2026-07-31,2026-07-31,RU000A108UH0,836
2026-07-31,2026-07-31,RU000A108VR7,1435
2026-07-31,2026-07-31,RU000A108ZB2,144700
2026-07-31,2026-07-31,RU000A1092L4,79500
2026-07-31,2026-07-31,RU000A1095D4,1310
2026-07-31,2026-07-31,RU000A1099U0,6.63
2026-07-31,2026-07-31,RU000A109G79,2630
2026-07-31,2026-07-31,RU000A109GQ8,958
2026-07-31,2026-07-31,RU000A109NL5,1225
2026-07-31,2026-07-31,RU000A109QR5,2930
2026-07-31,2026-07-31,RU000A109R27,562.5
2026-07-31,2026-07-31,RU000A10A489,980
2026-07-31,2026-07-31,RU000A10AN72,123200
2026-07-31,2026-07-31,RU000A10AQT4,12.338
2026-07-31,2026-07-31,RU000A10ATA8,118000
2026-07-31,2026-07-31,RU000A10BBS6,736
2026-07-31,2026-07-31,RU000A10BM31,10210
2026-07-31,2026-07-31,RU000A10BQP0,99.75
2026-07-31,2026-07-31,RU000A10BQQ8,1516
2026-07-31,2026-07-31,RU000A10BT42,1213.3
2026-07-31,2026-07-31,RU000A10CFM8,824
2026-07-31,2026-07-31,RU000A10CKQ9,112000
2026-07-31,2026-07-31,RU000A10CLY1,165000
2026-07-31,2026-07-31,RU000A10D7W9,106200
2026-07-31,2026-07-31,RU000A10D814,999.9
2026-07-31,2026-07-31,RU000A10E3R7,121000
2026-07-31,2026-07-31,RU000A10ECF5,1005
2026-07-31,2026-07-31,RU000A10EVE8,894
2026-07-31,2026-07-31,RUAL,24.9
2026-07-31,2026-07-31,RUFO,104.52
2026-07-31,2026-07-31,RUSI,65.5
2026-07-31,2026-07-31,RZSB,34.14
2026-07-31,2026-07-31,SAFE,18.14
2026-07-31,2026-07-31,SAGO,2.06
2026-07-31,2026-07-31,SAGOP,1.925
2026-07-31,2026-07-31,SARE,0.74
2026-07-31,2026-07-31,SAREP,0.421
2026-07-31,2026-07-31,SBBC,8.757
2026-07-31,2026-07-31,SBBY,11.078
2026-07-31,2026-07-31,SBCB,1379.5
2026-07-31,2026-07-31,SBCN,12.709
2026-07-31,2026-07-31,SBDS,3.18
2026-07-31,2026-07-31,SBER,276.52
2026-07-31,2026-07-31,SBERP,277
2026-07-31,2026-07-31,SBFR,15.246
2026-07-31,2026-07-31,SBGB,15.441
2026-07-31,2026-07-31,SBGD,30.295
2026-07-31,2026-07-31,SBHI,6.21
2026-07-31,2026-07-31,SBLB,12.446
2026-07-31,2026-07-31,SBMM,19.0795
2026-07-31,2026-07-31,SBMX,15.853
2026-07-31,2026-07-31,SBPS,2.685
2026-07-31,2026-07-31,SBRB,18.879
2026-07-31,2026-07-31,SBRI,9.978
2026-07-31,2026-07-31,SBRS,14.245
2026-07-31,2026-07-31,SBSC,6.649
2026-07-31,2026-07-31,SCFT,3.96
2026-07-31,2026-07-31,SCLI,7.074
2026-07-31,2026-07-31,SELG,33.65
2026-07-31,2026-07-31,SFIN,488.4
2026-07-31,2026-07-31,SGZH,0.6565
2026-07-31,2026-07-31,SIBN,454
2026-07-31,2026-07-31,SILA,110.59
2026-07-31,2026-07-31,SIPO,6.719
2026-07-31,2026-07-31,SLEN,2.595
2026-07-31,2026-07-31,SMCF,1017.6
2026-07-31,2026-07-31,SMLT,366.8
2026-07-31,2026-07-31,SNGS,15.185
2026-07-31,2026-07-31,SNGSP,40.445
2026-07-31,2026-07-31,SOFL,53.38
2026-07-31,2026-07-31,SPBE,123.8
2026-07-31,2026-07-31,SPRN,9.344
2026-07-31,2026-07-31,STME,3.86
2026-07-31,2026-07-31,STSB,3.175
2026-07-31,2026-07-31,STSBP,3.7
2026-07-31,2026-07-31,SUGB,1517.5
2026-07-31,2026-07-31,SVAV,376
2026-07-31,2026-07-31,SVCB,10.565
2026-07-31,2026-07-31,SVET,10.44
2026-07-31,2026-07-31,SVETP,14.75
2026-07-31,2026-07-31,T,266.82
2026-07-31,2026-07-31,TASB,1.276
2026-07-31,2026-07-31,TASBP,0.814
2026-07-31,2026-07-31,TATN,525.9
2026-07-31,2026-07-31,TATNP,509.9
2026-07-31,2026-07-31,TBEU,11.22
2026-07-31,2026-07-31,TBRU,8.37
2026-07-31,2026-07-31,TDIV,9.66
2026-07-31,2026-07-31,TEUR,6.78
2026-07-31,2026-07-31,TGKA,0.00473
2026-07-31,2026-07-31,TGKB,0.004615
2026-07-31,2026-07-31,TGKBP,0.00713
2026-07-31,2026-07-31,TGKN,0.00388
2026-07-31,2026-07-31,TGLD,12.57
2026-07-31,2026-07-31,TITR,4.45
2026-07-31,2026-07-31,TLCB,10.4
2026-07-31,2026-07-31,TMON,161.84
2026-07-31,2026-07-31,TMOS,5.57
2026-07-31,2026-07-31,TNSE,3020
2026-07-31,2026-07-31,TOFZ,14.04
2026-07-31,2026-07-31,TOPS,106.09
2026-07-31,2026-07-31,TORS,0.684
2026-07-31,2026-07-31,TORSP,0.56
2026-07-31,2026-07-31,TPAY,101.39
2026-07-31,2026-07-31,TRMK,57.08
2026-07-31,2026-07-31,TRND,8.56
2026-07-31,2026-07-31,TRNFP,1062.2
2026-07-31,2026-07-31,TRUR,9.63
2026-07-31,2026-07-31,TSAV,5.06
2026-07-31,2026-07-31,TTLK,0.556
2026-07-31,2026-07-31,TUSD,7.05
2026-07-31,2026-07-31,TUZA,96.4
2026-07-31,2026-07-31,UGLD,0.6653
2026-07-31,2026-07-31,UKUZ,594
2026-07-31,2026-07-31,UNAC,0.328
2026-07-31,2026-07-31,UNKL,3130
2026-07-31,2026-07-31,UPRO,1.0625
2026-07-31,2026-07-31,URKZ,220.6
2026-07-31,2026-07-31,USBN,0.1179
2026-07-31,2026-07-31,UTAR,9.24
2026-07-31,2026-07-31,UWGN,19.06
2026-07-31,2026-07-31,VDOR,1038.1
2026-07-31,2026-07-31,VEON-RX,52.6
2026-07-31,2026-07-31,VGSB,11.3
2026-07-31,2026-07-31,VGSBP,9.4
2026-07-31,2026-07-31,VJGZ,3195
2026-07-31,2026-07-31,VJGZP,1294
2026-07-31,2026-07-31,VKCO,150
2026-07-31,2026-07-31,VLHZ,130.4
2026-07-31,2026-07-31,VRSB,242
2026-07-31,2026-07-31,VRSBP,122
2026-07-31,2026-07-31,VSEH,73.89
2026-07-31,2026-07-31,VSMO,22860
2026-07-31,2026-07-31,VSYD,9100
2026-07-31,2026-07-31,VSYDP,6750
2026-07-31,2026-07-31,VTBR,56.39
2026-07-31,2026-07-31,WILD,930.8
2026-07-31,2026-07-31,WTCM,13.5
2026-07-31,2026-07-31,WTCMP,11.72
2026-07-31,2026-07-31,WUSH,45.27
2026-07-31,2026-07-31,X5,2043
2026-07-31,2026-07-31,XACCSK,930
2026-07-31,2026-07-31,XAVIUM,850
2026-07-31,2026-07-31,XCREDI,900
2026-07-31,2026-07-31,XEQTRU,1342
2026-07-31,2026-07-31,XFMAGR,191000
2026-07-31,2026-07-31,XFMAIN,2025000
2026-07-31,2026-07-31,XHEDGE,262.85
2026-07-31,2026-07-31,XHOUSE,892
2026-07-31,2026-07-31,XKLUCH,10.613
2026-07-31,2026-07-31,XNIRUM,1022
2026-07-31,2026-07-31,XQUANT,1292
2026-07-31,2026-07-31,XSBORA,6350
2026-07-31,2026-07-31,XSKLAD,108.03
2026-07-31,2026-07-31,XTRIUMF,833
2026-07-31,2026-07-31,XXRONE,1143
2026-07-31,2026-07-31,XXXXXX,930.8
2026-07-31,2026-07-31,YAKG,34.7
2026-07-31,2026-07-31,YDEX,3909.5
2026-07-31,2026-07-31,YKEN,0.31
2026-07-31,2026-07-31,YKENP,0.234
2026-07-31,2026-07-31,YRSB,534
2026-07-31,2026-07-31,YRSBP,171
2026-07-31,2026-07-31,YUAN,123.14
2026-07-31,2026-07-31,ZAYM,132.3
2026-07-31,2026-07-31,ZILL,4515
2026-07-31,2026-07-31,ZVEZ,4.76
2026-08-31,2026-08-31,ABIO,44.74
2026-08-31,2026-08-31,ABRD,115
2026-08-31,2026-08-31,AFKS,7.301
2026-08-31,2026-08-31,AFLT,32.07
2026-08-31,2026-08-31,AKAI,95.65
2026-08-31,2026-08-31,AKBC,82.4
2026-08-31,2026-08-31,AKCN,74.1
2026-08-31,2026-08-31,AKFB,139.98
2026-08-31,2026-08-31,AKFN,92.7
2026-08-31,2026-08-31,AKGD,269.4
2026-08-31,2026-08-31,AKGP,1.192
2026-08-31,2026-08-31,AKHT,87.63
2026-08-31,2026-08-31,AKIE,832.32
2026-08-31,2026-08-31,AKMB,1.9862
2026-08-31,2026-08-31,AKMC,1351.14
2026-08-31,2026-08-31,AKME,162.6
2026-08-31,2026-08-31,AKMM,176.58
2026-08-31,2026-08-31,AKMP,1.2588
2026-08-31,2026-08-31,AKPP,151
2026-08-31,2026-08-31,AKQU,61.75
2026-08-31,2026-08-31,AKRN,18176
2026-08-31,2026-08-31,AKUP,12.07
2026-08-31,2026-08-31,ALRS,19.43
2026-08-31,2026-08-31,AMEZ,68.05
2026-08-31,2026-08-31,AMFL,140
2026-08-31,2026-08-31,AMGB,128.6
2026-08-31,2026-08-31,AMGL,144.5
2026-08-31,2026-08-31,AMIX,90.4
2026-08-31,2026-08-31,AMNR,155.899
2026-08-31,2026-08-31,AMNY,1366.92
2026-08-31,2026-08-31,AMRE,94.9
2026-08-31,2026-08-31,AMRH,164
2026-08-31,2026-08-31,AMVD,814
2026-08-31,2026-08-31,AMVY,1251
2026-08-31,2026-08-31,APRI,16.25
2026-08-31,2026-08-31,APTK,6.1
2026-08-31,2026-08-31,AQUA,336.3
2026-08-31,2026-08-31,ARSA,6.56
2026-08-31,2026-08-31,ASSB,2.52
2026-08-31,2026-08-31,ASTR,213.95
2026-08-31,2026-08-31,AVAN,541
2026-08-31,2026-08-31,BANE,1185
2026-08-31,2026-08-31,BANEP,763.5
2026-08-31,2026-08-31,BAZA,106.84
2026-08-31,2026-08-31,BCSB,16.948
2026-08-31,2026-08-31,BCSD,14.288
2026-08-31,2026-08-31,BCSE,982
2026-08-31,2026-08-31,BCSG,14.34
2026-08-31,2026-08-31,BCSR,9.61
2026-08-31,2026-08-31,BCSW,10.87
2026-08-31,2026-08-31,BELU,247
2026-08-31,2026-08-31,BISVP,9.59
2026-08-31,2026-08-31,BLNG,7.65
2026-08-31,2026-08-31,BNDA,1251.7
2026-08-31,2026-08-31,BNDB,1313.2
2026-08-31,2026-08-31,BNDC,1296
2026-08-31,2026-08-31,BOND,1718
2026-08-31,2026-08-31,BRZL,1308
2026-08-31,2026-08-31,BSPB,236.1
2026-08-31,2026-08-31,BSPBP,35.85
2026-08-31,2026-08-31,BTBR,123.73
2026-08-31,2026-08-31,CARM,0.7255
2026-08-31,2026-08-31,CASH,13.615
2026-08-31,2026-08-31,CBOM,9.815
2026-08-31,2026-08-31,CHGZ,117.2
2026-08-31,2026-08-31,CHKZ,16600
2026-08-31,2026-08-31,CHMF,634.4
2026-08-31,2026-08-31,CHMK,3165
2026-08-31,2026-08-31,CNRU,620.8
2026-08-31,2026-08-31,CNTL,8.38
2026-08-31,2026-08-31,CNTLP,4.27
2026-08-31,2026-08-31,CNYM,145.32
2026-08-31,2026-08-31,CORP,102.66
2026-08-31,2026-08-31,DATA,85.92
2026-08-31,2026-08-31,DELI,47.45
2026-08-31,2026-08-31,DIAS,1179
2026-08-31,2026-08-31,DIOD,8
2026-08-31,2026-08-31,DIVD,1028.6
2026-08-31,2026-08-31,DOMRF,2187.2
2026-08-31,2026-08-31,DVEC,1.415
2026-08-31,2026-08-31,DZRD,1210
2026-08-31,2026-08-31,DZRDP,1830
2026-08-31,2026-08-31,EELT,7.72
2026-08-31,2026-08-31,ELFV,0.3582
2026-08-31,2026-08-31,ELMT,0.1041
2026-08-31,2026-08-31,ENPG,300.25
2026-08-31,2026-08-31,EQMX,118.85
2026-08-31,2026-08-31,ESGE,66.24
2026-08-31,2026-08-31,ESGR,1007
2026-08-31,2026-08-31,ETLN,20.36
2026-08-31,2026-08-31,EUTR,30.25
2026-08-31,2026-08-31,EVRZ,48
2026-08-31,2026-08-31,FEES,0.04904
2026-08-31,2026-08-31,FESH,60.5
2026-08-31,2026-08-31,FINC,1413.8
2026-08-31,2026-08-31,FIXR,0.4136
2026-08-31,2026-08-31,FLOT,77.16
2026-08-31,2026-08-31,FLOW,1014.1
2026-08-31,2026-08-31,FMBR,11.355
2026-08-31,2026-08-31,FMMM,13.768
2026-08-31,2026-08-31,FMSA,9.842
2026-08-31,2026-08-31,GAZA,410
2026-08-31,2026-08-31,GAZAP,301
2026-08-31,2026-08-31,GAZC,659
2026-08-31,2026-08-31,GAZP,88.91
2026-08-31,2026-08-31,GAZS,839
2026-08-31,2026-08-31,GAZT,1739
2026-08-31,2026-08-31,GCHE,3449
2026-08-31,2026-08-31,GECO,14.13
2026-08-31,2026-08-31,GEMA,101.6
2026-08-31,2026-08-31,GEMC,599.7
2026-08-31,2026-08-31,GLRX,44.43
2026-08-31,2026-08-31,GMKN,127.8
2026-08-31,2026-08-31,GOLD,3.062
2026-08-31,2026-08-31,GOOD,1395.7
2026-08-31,2026-08-31,GROD,674.5
2026-08-31,2026-08-31,GTRK,45.9
2026-08-31,2026-08-31,HEAD,2697
2026-08-31,2026-08-31,HIMCP,13.44
2026-08-31,2026-08-31,HNFG,300
2026-08-31,2026-08-31,HYDR,0.3583
2026-08-31,2026-08-31,IGST,3860
2026-08-31,2026-08-31,IGSTP,2940
2026-08-31,2026-08-31,INCB,63.36
2026-08-31,2026-08-31,INFL,147.8
2026-08-31,2026-08-31,INGO,166.55
2026-08-31,2026-08-31,IRAO,2.3115
2026-08-31,2026-08-31,IRKT,19.3
2026-08-31,2026-08-31,IVAT,69.35
2026-08-31,2026-08-31,JNOS,27.62
2026-08-31,2026-08-31,JNOSP,12.54
2026-08-31,2026-08-31,KAZT,370.4
2026-08-31,2026-08-31,KAZTP,372.5
2026-08-31,2026-08-31,KBSB,883
2026-08-31,2026-08-31,KCHE,0.328
2026-08-31,2026-08-31,KCHEP,0.745
2026-08-31,2026-08-31,KFBA,1675
2026-08-31,2026-08-31,KGKC,36.6
2026-08-31,2026-08-31,KGKCP,36.8
2026-08-31,2026-08-31,KLSB,18.38
2026-08-31,2026-08-31,KLVZ,1.84
2026-08-31,2026-08-31,KMAZ,53.4
2026-08-31,2026-08-31,KMEZ,1058
2026-08-31,2026-08-31,KOGK,232.8
2026-08-31,2026-08-31,KRKN,10300
2026-08-31,2026-08-31,KRKNP,6580
2026-08-31,2026-08-31,KRKOP,12.54
2026-08-31,2026-08-31,KROT,940
2026-08-31,2026-08-31,KROTP,445
2026-08-31,2026-08-31,KRSB,20.34
2026-08-31,2026-08-31,KRSBP,20.52
2026-08-31,2026-08-31,KUZB,0.02905
2026-08-31,2026-08-31,KZOS,45.4
2026-08-31,2026-08-31,KZOSP,15.82
2026-08-31,2026-08-31,LEAS,669.5
2026-08-31,2026-08-31,LENT,1855
2026-08-31,2026-08-31,LIFE,1.71
2026-08-31,2026-08-31,LKOH,4711
2026-08-31,2026-08-31,LMBZ,468.5
2026-08-31,2026-08-31,LNZL,1260
2026-08-31,2026-08-31,LNZLP,184
2026-08-31,2026-08-31,LPSB,51.15
2026-08-31,2026-08-31,LQDT,2.0741
2026-08-31,2026-08-31,LSNG,13.69
2026-08-31,2026-08-31,LSNGP,335.1
2026-08-31,2026-08-31,LSRG,504.8
2026-08-31,2026-08-31,LVHK,18.4
2026-08-31,2026-08-31,MAGE,2.02
2026-08-31,2026-08-31,MAGEP,1.93
2026-08-31,2026-08-31,MAGN,22.345
2026-08-31,2026-08-31,MBNK,930
2026-08-31,2026-08-31,MDMG,1319.1
2026-08-31,2026-08-31,MFGS,289
2026-08-31,2026-08-31,MFGSP,178.5
2026-08-31,2026-08-31,MGKL,2.1245
2026-08-31,2026-08-31,MGNT,1579
2026-08-31,2026-08-31,MGNZ,7440
2026-08-31,2026-08-31,MGTS,1582
2026-08-31,2026-08-31,MGTSP,1440
2026-08-31,2026-08-31,MISB,50.7
2026-08-31,2026-08-31,MISBP,41.6
2026-08-31,2026-08-31,MKBD,901
2026-08-31,2026-08-31,MOEX,153.26
2026-08-31,2026-08-31,MONY,131.92
2026-08-31,2026-08-31,MRKC,0.6386
2026-08-31,2026-08-31,MRKK,14.1
2026-08-31,2026-08-31,MRKP,0.4995
2026-08-31,2026-08-31,MRKS,0.3925
2026-08-31,2026-08-31,MRKU,0.6016
2026-08-31,2026-08-31,MRKV,0.1992
2026-08-31,2026-08-31,MRKY,0.06885
2026-08-31,2026-08-31,MRKZ,0.1296
2026-08-31,2026-08-31,MRSB,0.96
2026-08-31,2026-08-31,MSNG,1.425
2026-08-31,2026-08-31,MSRS,1.6825
2026-08-31,2026-08-31,MSTT,69.1
2026-08-31,2026-08-31,MTLR,37.17
2026-08-31,2026-08-31,MTLRP,37.15
2026-08-31,2026-08-31,MTSS,184.95
2026-08-31,2026-08-31,MVID,47.8
2026-08-31,2026-08-31,NAUK,424.5
2026-08-31,2026-08-31,NFAZ,202
2026-08-31,2026-08-31,NFKL,102.45
2026-08-31,2026-08-31,NKHP,382
2026-08-31,2026-08-31,NKNC,45.8
2026-08-31,2026-08-31,NKNCP,35.96
2026-08-31,2026-08-31,NKSH,30.75
2026-08-31,2026-08-31,NLMK,70.56
2026-08-31,2026-08-31,NMTP,7.1
2026-08-31,2026-08-31,NNSB,3750
2026-08-31,2026-08-31,NNSBP,1378
2026-08-31,2026-08-31,NSVZ,198
2026-08-31,2026-08-31,NVTK,965
2026-08-31,2026-08-31,OBLG,208.92
2026-08-31,2026-08-31,OFZS,103.98
2026-08-31,2026-08-31,OGKB,0.2101
2026-08-31,2026-08-31,OKEY,49.12
2026-08-31,2026-08-31,OLIQ,102.54
2026-08-31,2026-08-31,OMZZP,9840
2026-08-31,2026-08-31,OZON,2288
2026-08-31,2026-08-31,OZPH,42.91
2026-08-31,2026-08-31,PAZA,8100
2026-08-31,2026-08-31,PHOR,5397
2026-08-31,2026-08-31,PIKK,575.1
2026-08-31,2026-08-31,PLZL,1043.8
2026-08-31,2026-08-31,PMSB,439
2026-08-31,2026-08-31,PMSBP,463.4
2026-08-31,2026-08-31,POSI,947
2026-08-31,2026-08-31,PRFN,3.188
2026-08-31,2026-08-31,PRIE,958
2026-08-31,2026-08-31,PRMB,18400
2026-08-31,2026-08-31,PRMD,397.4
2026-08-31,2026-08-31,PSGM,14.108
2026-08-31,2026-08-31,PSMM,14.587
2026-08-31,2026-08-31,PSRB,13.873
2026-08-31,2026-08-31,PSRE,8.509
2026-08-31,2026-08-31,RAGR,72.34
2026-08-31,2026-08-31,RASP,125.4
2026-08-31,2026-08-31,RBCM,7.43
2026-08-31,2026-08-31,RDRB,103.8
2026-08-31,2026-08-31,RENI,69.28
2026-08-31,2026-08-31,RGSS,0.189
2026-08-31,2026-08-31,RKKE,11280
2026-08-31,2026-08-31,RNFT,81.35
2026-08-31,2026-08-31,ROLO,0.34
2026-08-31,2026-08-31,ROSN,316.3
2026-08-31,2026-08-31,ROST,67.6
2026-08-31,2026-08-31,RSHU,134.76
2026-08-31,2026-08-31,RTGZ,34200
2026-08-31,2026-08-31,RTKM,40.8
2026-08-31,2026-08-31,RTKMP,41.75
2026-08-31,2026-08-31,RTSB,2.465
2026-08-31,2026-08-31,RTSBP,1.11
2026-08-31,2026-08-31,RU0005418747,173
2026-08-31,2026-08-31,RU0006922010,122.35
2026-08-31,2026-08-31,RU0006922044,141.8
2026-08-31,2026-08-31,RU000A0HGNG6,12048
2026-08-31,2026-08-31,RU000A0HGNH4,9704
2026-08-31,2026-08-31,RU000A0JP773,4.25
2026-08-31,2026-08-31,RU000A0JP799,4.35
2026-08-31,2026-08-31,RU000A0JPMD2,10018
2026-08-31,2026-08-31,RU000A0JPZP8,6640000
2026-08-31,2026-08-31,RU000A0JR282,44.75
2026-08-31,2026-08-31,RU000A0JR290,7580
2026-08-31,2026-08-31,RU000A0JR2A5,14.55
2026-08-31,2026-08-31,RU000A0JR2C1,112.25
2026-08-31,2026-08-31,RU000A0JRHC0,2950
2026-08-31,2026-08-31,RU000A0JRUQ3,8550
2026-08-31,2026-08-31,RU000A0JUR61,2800
2026-08-31,2026-08-31,RU000A0JUYB1,1459000
2026-08-31,2026-08-31,RU000A0JVJ29,325
2026-08-31,2026-08-31,RU000A0JWCE7,1320
2026-08-31,2026-08-31,RU000A0JXP78,14600
2026-08-31,2026-08-31,RU000A0JXWF0,2888.5
2026-08-31,2026-08-31,RU000A0ZYC64,235000
2026-08-31,2026-08-31,RU000A0ZZ422,120000
2026-08-31,2026-08-31,RU000A0ZZ5R2,842
2026-08-31,2026-08-31,RU000A0ZZCD8,3120
2026-08-31,2026-08-31,RU000A0ZZMD7,3275
2026-08-31,2026-08-31,RU000A0ZZME5,3372.75
2026-08-31,2026-08-31,RU000A0ZZML0,3060
2026-08-31,2026-08-31,RU000A0ZZMN6,3760
2026-08-31,2026-08-31,RU000A0ZZVH9,1690
2026-08-31,2026-08-31,RU000A1000W4,3300
2026-08-31,2026-08-31,RU000A1000Y0,14300000
2026-08-31,2026-08-31,RU000A100EQ2,13.17
2026-08-31,2026-08-31,RU000A100WZ5,1412
2026-08-31,2026-08-31,RU000A101NK4,758.5
2026-08-31,2026-08-31,RU000A101UK9,9000
2026-08-31,2026-08-31,RU000A101UY0,1300
2026-08-31,2026-08-31,RU000A1022Z1,7377
2026-08-31,2026-08-31,RU000A1027E5,15180
2026-08-31,2026-08-31,RU000A102AH5,370000
2026-08-31,2026-08-31,RU000A102N77,119900
2026-08-31,2026-08-31,RU000A102PE0,9900
2026-08-31,2026-08-31,RU000A102PF7,10900
2026-08-31,2026-08-31,RU000A102PQ4,12600
2026-08-31,2026-08-31,RU000A1034U7,86600
2026-08-31,2026-08-31,RU000A103B62,1349.5
2026-08-31,2026-08-31,RU000A103HD7,103340
2026-08-31,2026-08-31,RU000A104172,1575
2026-08-31,2026-08-31,RU000A104KU3,1155
2026-08-31,2026-08-31,RU000A104M43,20900
2026-08-31,2026-08-31,RU000A104YX8,854
2026-08-31,2026-08-31,RU000A105153,1829
2026-08-31,2026-08-31,RU000A105328,1140
2026-08-31,2026-08-31,RU000A105GY0,101000
2026-08-31,2026-08-31,RU000A105R70,22900
2026-08-31,2026-08-31,RU000A105RJ8,1680
2026-08-31,2026-08-31,RU000A105TU1,480
2026-08-31,2026-08-31,RU000A1068X9,1140
2026-08-31,2026-08-31,RU000A106CX9,142760
2026-08-31,2026-08-31,RU000A106G80,915.5
2026-08-31,2026-08-31,RU000A106LB6,1275
2026-08-31,2026-08-31,RU000A106LC4,915
2026-08-31,2026-08-31,RU000A106MG3,1302
2026-08-31,2026-08-31,RU000A106N57,1170
2026-08-31,2026-08-31,RU000A106SA3,7275
2026-08-31,2026-08-31,RU000A106XE5,120.1
2026-08-31,2026-08-31,RU000A107860,1446
2026-08-31,2026-08-31,RU000A1079J5,1056
2026-08-31,2026-08-31,RU000A107RE5,100000
2026-08-31,2026-08-31,RU000A107U08,780
2026-08-31,2026-08-31,RU000A108751,53000
2026-08-31,2026-08-31,RU000A108KP4,1240
2026-08-31,2026-08-31,RU000A108TT7,68.58
2026-08-31,2026-08-31,RU000A108UH0,833
2026-08-31,2026-08-31,RU000A108VR7,1331
2026-08-31,2026-08-31,RU000A108ZB2,139600
2026-08-31,2026-08-31,RU000A1092L4,80000
2026-08-31,2026-08-31,RU000A1095D4,1275
2026-08-31,2026-08-31,RU000A1099U0,6.71
2026-08-31,2026-08-31,RU000A109G79,2220
2026-08-31,2026-08-31,RU000A109GQ8,944
2026-08-31,2026-08-31,RU000A109NL5,1160
2026-08-31,2026-08-31,RU000A109QR5,3350
2026-08-31,2026-08-31,RU000A109R27,513
2026-08-31,2026-08-31,RU000A10A489,910
2026-08-31,2026-08-31,RU000A10AN72,116900
2026-08-31,2026-08-31,RU000A10AQT4,12.466
2026-08-31,2026-08-31,RU000A10ATA8,90000
2026-08-31,2026-08-31,RU000A10BBS6,625
2026-08-31,2026-08-31,RU000A10BM31,10475
2026-08-31,2026-08-31,RU000A10BQP0,100.1
2026-08-31,2026-08-31,RU000A10BQQ8,1415
2026-08-31,2026-08-31,RU000A10BT42,1220
2026-08-31,2026-08-31,RU000A10CFM8,727
2026-08-31,2026-08-31,RU000A10CKQ9,124800
2026-08-31,2026-08-31,RU000A10CLY1,165000
2026-08-31,2026-08-31,RU000A10D7W9,113400
2026-08-31,2026-08-31,RU000A10D814,999.5
2026-08-31,2026-08-31,RU000A10E3R7,134000
2026-08-31,2026-08-31,RU000A10ECF5,1000
2026-08-31,2026-08-31,RU000A10EVE8,896
2026-08-31,2026-08-31,RU000A10FQ17,502.7
2026-08-31,2026-08-31,RUAL,26.205
2026-08-31,2026-08-31,RUFO,113.42
2026-08-31,2026-08-31,RUSI,57.6
2026-08-31,2026-08-31,RZSB,34.64
2026-08-31,2026-08-31,SAFE,18.29
2026-08-31,2026-08-31,SAGO,2.09
2026-08-31,2026-08-31,SAGOP,2.13
2026-08-31,2026-08-31,SARE,0.832
2026-08-31,2026-08-31,SAREP,0.428
2026-08-31,2026-08-31,SBBC,8.562
2026-08-31,2026-08-31,SBBY,11.988
2026-08-31,2026-08-31,SBCB,1477.5
2026-08-31,2026-08-31,SBCN,13.805
2026-08-31,2026-08-31,SBDS,3.12
2026-08-31,2026-08-31,SBER,275.85
2026-08-31,2026-08-31,SBERP,276.3
2026-08-31,2026-08-31,SBFR,15.422
2026-08-31,2026-08-31,SBGB,15.417
2026-08-31,2026-08-31,SBGD,35.265
2026-08-31,2026-08-31,SBHI,6.178
2026-08-31,2026-08-31,SBLB,12.288
2026-08-31,2026-08-31,SBMM,19.2885
2026-08-31,2026-08-31,SBMX,15.501
2026-08-31,2026-08-31,SBPS,2.645
2026-08-31,2026-08-31,SBRB,19.016
2026-08-31,2026-08-31,SBRI,9.69
2026-08-31,2026-08-31,SBRS,14.225
2026-08-31,2026-08-31,SBSC,6.47
2026-08-31,2026-08-31,SCFT,3.87
2026-08-31,2026-08-31,SCLI,7.146
2026-08-31,2026-08-31,SELG,37.39
2026-08-31,2026-08-31,SFIN,582
2026-08-31,2026-08-31,SGZH,0.669
2026-08-31,2026-08-31,SIBN,519.8
2026-08-31,2026-08-31,SILA,111.76
2026-08-31,2026-08-31,SIPO,6.762
2026-08-31,2026-08-31,SLEN,2.63
2026-08-31,2026-08-31,SMCF,1002.2
2026-08-31,2026-08-31,SMLT,370
2026-08-31,2026-08-31,SNGS,15.105
2026-08-31,2026-08-31,SNGSP,41.605
2026-08-31,2026-08-31,SOFL,54.1
2026-08-31,2026-08-31,SPBE,133.7
2026-08-31,2026-08-31,SPRN,9.847
2026-08-31,2026-08-31,STME,4.175
2026-08-31,2026-08-31,STSB,3.095
2026-08-31,2026-08-31,STSBP,3.645
2026-08-31,2026-08-31,SUGB,1536
2026-08-31,2026-08-31,SVAV,377.5
2026-08-31,2026-08-31,SVCB,10.045
2026-08-31,2026-08-31,SVET,10.18
2026-08-31,2026-08-31,SVETP,15.55
2026-08-31,2026-08-31,T,255.18
2026-08-31,2026-08-31,TASB,1.23
2026-08-31,2026-08-31,TASBP,0.798
2026-08-31,2026-08-31,TATN,580.1
2026-08-31,2026-08-31,TATNP,559
2026-08-31,2026-08-31,TBEU,11.33
2026-08-31,2026-08-31,TBRU,8.42
2026-08-31,2026-08-31,TDIV,9.49
2026-08-31,2026-08-31,TEUR,6.85
2026-08-31,2026-08-31,TGKA,0.004604
2026-08-31,2026-08-31,TGKB,0.004525
2026-08-31,2026-08-31,TGKBP,0.00719
2026-08-31,2026-08-31,TGKN,0.00368
2026-08-31,2026-08-31,TGLD,14.75
2026-08-31,2026-08-31,TITR,4.33
2026-08-31,2026-08-31,TLCB,11.2
2026-08-31,2026-08-31,TMON,163.42
2026-08-31,2026-08-31,TMOS,5.41
2026-08-31,2026-08-31,TNSE,3400
2026-08-31,2026-08-31,TOFZ,13.98
2026-08-31,2026-08-31,TOPS,102.96
2026-08-31,2026-08-31,TORS,0.742
2026-08-31,2026-08-31,TORSP,0.58
2026-08-31,2026-08-31,TPAY,101.56
2026-08-31,2026-08-31,TRMK,60
2026-08-31,2026-08-31,TRND,8.43
2026-08-31,2026-08-31,TRNFP,1046.4
2026-08-31,2026-08-31,TRUR,10.02
2026-08-31,2026-08-31,TSAV,5.09
2026-08-31,2026-08-31,TTLK,0.5735
2026-08-31,2026-08-31,TUSD,7.11
2026-08-31,2026-08-31,TUZA,90.4
2026-08-31,2026-08-31,UGLD,0.7165
2026-08-31,2026-08-31,UKUZ,534
2026-08-31,2026-08-31,UNAC,0.362
2026-08-31,2026-08-31,UNKL,3160
2026-08-31,2026-08-31,UPRO,1.0405
2026-08-31,2026-08-31,URKZ,214.8
2026-08-31,2026-08-31,USBN,0.113
2026-08-31,2026-08-31,UTAR,8.48
2026-08-31,2026-08-31,UWGN,20.16
2026-08-31,2026-08-31,VDOR,1052.53
2026-08-31,2026-08-31,VEON-RX,58.1
2026-08-31,2026-08-31,VGSB,15.55
2026-08-31,2026-08-31,VGSBP,11.4
2026-08-31,2026-08-31,VJGZ,2750
2026-08-31,2026-08-31,VJGZP,1148
2026-08-31,2026-08-31,VKCO,121.4
2026-08-31,2026-08-31,VLHZ,140
2026-08-31,2026-08-31,VRSB,237
2026-08-31,2026-08-31,VRSBP,120.2
2026-08-31,2026-08-31,VSEH,69.93
2026-08-31,2026-08-31,VSMO,23940
2026-08-31,2026-08-31,VSYD,9600
2026-08-31,2026-08-31,VSYDP,6650
2026-08-31,2026-08-31,VTBR,51.865
2026-08-31,2026-08-31,WILD,900
2026-08-31,2026-08-31,WTCM,14.16
2026-08-31,2026-08-31,WTCMP,13.06
2026-08-31,2026-08-31,WUSH,41.57
2026-08-31,2026-08-31,X5,1793
2026-08-31,2026-08-31,XACCSK,891
2026-08-31,2026-08-31,XAVIUM,950
2026-08-31,2026-08-31,XCREDI,900
2026-08-31,2026-08-31,XEQTRU,1342
2026-08-31,2026-08-31,XFMAGR,191000
2026-08-31,2026-08-31,XFMAIN,2160000
2026-08-31,2026-08-31,XHEDGE,265.75
2026-08-31,2026-08-31,XHOUSE,980
2026-08-31,2026-08-31,XIPKSV,10790
2026-08-31,2026-08-31,XKLUCH,10.729
2026-08-31,2026-08-31,XNIRUM,1034
2026-08-31,2026-08-31,XQUANT,1305
2026-08-31,2026-08-31,XSBORA,6820
2026-08-31,2026-08-31,XSECUR,10.28
2026-08-31,2026-08-31,XSKLAD,107.06
2026-08-31,2026-08-31,XTRIUMF,808
2026-08-31,2026-08-31,XXRONE,1143
2026-08-31,2026-08-31,XXXXXX,891
2026-08-31,2026-08-31,YAKG,32.95
2026-08-31,2026-08-31,YDEX,3566.5
2026-08-31,2026-08-31,YKEN,0.353
2026-08-31,2026-08-31,YKENP,0.242
2026-08-31,2026-08-31,YRSB,570
2026-08-31,2026-08-31,YRSBP,181
2026-08-31,2026-08-31,YUAN,132.19
2026-08-31,2026-08-31,ZAYM,136.35
2026-08-31,2026-08-31,ZILL,4495
2026-08-31,2026-08-31,ZVEZ,5.24
2026-09-30,2026-09-24,ABIO,45
2026-09-30,2026-09-24,ABRD,115.6
2026-09-30,2026-09-24,AFKS,7.351
2026-09-30,2026-09-24,AFLT,32.71
2026-09-30,2026-09-24,AKAI,96.85
2026-09-30,2026-09-24,AKBC,89.2
2026-09-30,2026-09-24,AKCN,73.5
2026-09-30,2026-09-24,AKFB,141.27
2026-09-30,2026-09-24,AKFN,93
2026-09-30,2026-09-24,AKGD,258
2026-09-30,2026-09-24,AKGP,1.18
2026-09-30,2026-09-24,AKHT,90.3
2026-09-30,2026-09-24,AKIE,881.91
2026-09-30,2026-09-24,AKMB,1.9776
2026-09-30,2026-09-24,AKMC,1331.67
2026-09-30,2026-09-24,AKME,173.44
2026-09-30,2026-09-24,AKMM,178.11
2026-09-30,2026-09-24,AKMP,1.2687
2026-09-30,2026-09-24,AKPP,141.06
2026-09-30,2026-09-24,AKQU,65.75
2026-09-30,2026-09-24,AKRN,17906
2026-09-30,2026-09-24,AKUP,12.32
2026-09-30,2026-09-24,ALRS,19.59
2026-09-30,2026-09-24,AMEZ,68.05
2026-09-30,2026-09-24,AMFL,141.4
2026-09-30,2026-09-24,AMGB,127.6
2026-09-30,2026-09-24,AMGL,138.2
2026-09-30,2026-09-24,AMIX,95.9
2026-09-30,2026-09-24,AMNR,157.311
2026-09-30,2026-09-24,AMNY,1347.84
2026-09-30,2026-09-24,AMRE,102.1
2026-09-30,2026-09-24,AMRH,165.3
2026-09-30,2026-09-24,AMVD,801
2026-09-30,2026-09-24,AMVY,1248
2026-09-30,2026-09-24,APRI,15.91
2026-09-30,2026-09-24,APTK,6.436
2026-09-30,2026-09-24,AQUA,315.4
2026-09-30,2026-09-24,ARSA,7.36
2026-09-30,2026-09-24,ASSB,2.57
2026-09-30,2026-09-24,ASTR,216.2
2026-09-30,2026-09-24,AVAN,540
2026-09-30,2026-09-24,BANE,1224.5
2026-09-30,2026-09-24,BANEP,748
2026-09-30,2026-09-24,BAZA,106.34
2026-09-30,2026-09-24,BCSB,16.874
2026-09-30,2026-09-24,BCSD,14.418
2026-09-30,2026-09-24,BCSE,961.5
2026-09-30,2026-09-24,BCSG,13.75
2026-09-30,2026-09-24,BCSR,10.16
2026-09-30,2026-09-24,BCSW,10.97
2026-09-30,2026-09-24,BELU,253.4
2026-09-30,2026-09-24,BISVP,9.92
2026-09-30,2026-09-24,BLNG,7.51
2026-09-30,2026-09-24,BNDA,1250.2
2026-09-30,2026-09-24,BNDB,1333.4
2026-09-30,2026-09-24,BNDC,1292.7
2026-09-30,2026-09-24,BOND,1708
2026-09-30,2026-09-24,BRZL,1226
2026-09-30,2026-09-24,BSPB,262.49
2026-09-30,2026-09-24,BSPBP,33.15
2026-09-30,2026-09-24,BTBR,124.9
2026-09-30,2026-09-24,CARM,0.692
2026-09-30,2026-09-24,CASH,13.737
2026-09-30,2026-09-24,CBOM,9.413
2026-09-30,2026-09-24,CHGZ,117.4
2026-09-30,2026-09-24,CHKZ,16500
2026-09-30,2026-09-24,CHMF,653.8
2026-09-30,2026-09-24,CHMK,3230
2026-09-30,2026-09-24,CNRU,645
2026-09-30,2026-09-24,CNTL,8.84
2026-09-30,2026-09-24,CNTLP,4.63
2026-09-30,2026-09-24,CNYM,143.45
2026-09-30,2026-09-24,CORP,102.51
2026-09-30,2026-09-24,DATA,87.38
2026-09-30,2026-09-24,DELI,44.65
2026-09-30,2026-09-24,DIAS,1137.5
2026-09-30,2026-09-24,DIOD,7.82
2026-09-30,2026-09-24,DIVD,1055.2
2026-09-30,2026-09-24,DOMRF,2085
2026-09-30,2026-09-24,DVEC,1.659
2026-09-30,2026-09-24,DZRD,1180
2026-09-30,2026-09-24,DZRDP,1760
2026-09-30,2026-09-24,EELT,7.64
2026-09-30,2026-09-24,ELFV,0.3798
2026-09-30,2026-09-24,ELMT,0.0971
2026-09-30,2026-09-24,ENPG,293.85
2026-09-30,2026-09-24,EQMX,126.45
2026-09-30,2026-09-24,ESGE,66.41
2026-09-30,2026-09-24,ESGR,1010.5
2026-09-30,2026-09-24,ETLN,19.28
2026-09-30,2026-09-24,EUTR,21.5
2026-09-30,2026-09-24,EVRZ,49.25
2026-09-30,2026-09-24,FEES,0.04904
2026-09-30,2026-09-24,FESH,59.12
2026-09-30,2026-09-24,FINC,1426.9
2026-09-30,2026-09-24,FIXR,0.3942
2026-09-30,2026-09-24,FLOT,82.22
2026-09-30,2026-09-24,FLOW,1022
2026-09-30,2026-09-24,FMBR,11.471
2026-09-30,2026-09-24,FMMM,13.889
2026-09-30,2026-09-24,FMSA,9.783
2026-09-30,2026-09-24,GAZA,409
2026-09-30,2026-09-24,GAZAP,311
2026-09-30,2026-09-24,GAZC,659
2026-09-30,2026-09-24,GAZP,101.16
2026-09-30,2026-09-24,GAZS,839
2026-09-30,2026-09-24,GAZT,1739
2026-09-30,2026-09-24,GCHE,3553
2026-09-30,2026-09-24,GECO,15.09
2026-09-30,2026-09-24,GEMA,101
2026-09-30,2026-09-24,GEMC,601.9
2026-09-30,2026-09-24,GLRX,37.16
2026-09-30,2026-09-24,GMKN,119.68
2026-09-30,2026-09-24,GOLD,2.9545
2026-09-30,2026-09-24,GOOD,1406.3
2026-09-30,2026-09-24,GROD,677
2026-09-30,2026-09-24,GTRK,46.9
2026-09-30,2026-09-24,HEAD,2904
2026-09-30,2026-09-24,HIMCP,13.8
2026-09-30,2026-09-24,HNFG,283
2026-09-30,2026-09-24,HYDR,0.3835
2026-09-30,2026-09-24,IGST,4060
2026-09-30,2026-09-24,IGSTP,2950
2026-09-30,2026-09-24,INCB,62.72
2026-09-30,2026-09-24,INFL,150.5
2026-09-30,2026-09-24,INGO,168.55
2026-09-30,2026-09-24,IRAO,2.402
2026-09-30,2026-09-24,IRKT,18.28
2026-09-30,2026-09-24,IVAT,65
2026-09-30,2026-09-24,JNOS,27.4
2026-09-30,2026-09-24,JNOSP,12.1
2026-09-30,2026-09-24,KAZT,349
2026-09-30,2026-09-24,KAZTP,350.5
2026-09-30,2026-09-24,KBSB,863
2026-09-30,2026-09-24,KCHE,0.53
2026-09-30,2026-09-24,KCHEP,1.19
2026-09-30,2026-09-24,KFBA,1600
2026-09-30,2026-09-24,KGKC,38
2026-09-30,2026-09-24,KGKCP,37
2026-09-30,2026-09-24,KLSB,19.14
2026-09-30,2026-09-24,KLVZ,1.988
2026-09-30,2026-09-24,KMAZ,55.9
2026-09-30,2026-09-24,KMEZ,1048
2026-09-30,2026-09-24,KOGK,225
2026-09-30,2026-09-24,KRKN,10400
2026-09-30,2026-09-24,KRKNP,6040
2026-09-30,2026-09-24,KRKOP,12.98
2026-09-30,2026-09-24,KROT,1045
2026-09-30,2026-09-24,KROTP,496
2026-09-30,2026-09-24,KRSB,19.94
2026-09-30,2026-09-24,KRSBP,20.3
2026-09-30,2026-09-24,KUZB,0.0259
2026-09-30,2026-09-24,KZOS,46.1
2026-09-30,2026-09-24,KZOSP,16.15
2026-09-30,2026-09-24,LEAS,670.2
2026-09-30,2026-09-24,LENT,1713.5
2026-09-30,2026-09-24,LIFE,1.63
2026-09-30,2026-09-24,LKOH,5419.5
2026-09-30,2026-09-24,LMBZ,456.5
2026-09-30,2026-09-24,LNZL,1260
2026-09-30,2026-09-24,LNZLP,184
2026-09-30,2026-09-24,LPSB,48.55
2026-09-30,2026-09-24,LQDT,2.0929
2026-09-30,2026-09-24,LSNG,13.68
2026-09-30,2026-09-24,LSNGP,335.3
2026-09-30,2026-09-24,LSRG,499.2
2026-09-30,2026-09-24,LVHK,19.4
2026-09-30,2026-09-24,MAGE,2.635
2026-09-30,2026-09-24,MAGEP,2.42
2026-09-30,2026-09-24,MAGN,21.55
2026-09-30,2026-09-24,MBNK,929
2026-09-30,2026-09-24,MDMG,1295.2
2026-09-30,2026-09-24,MFGS,305
2026-09-30,2026-09-24,MFGSP,240.5
2026-09-30,2026-09-24,MGKL,1.9545
2026-09-30,2026-09-24,MGNT,1614.5
2026-09-30,2026-09-24,MGNZ,7440
2026-09-30,2026-09-24,MGTS,1490
2026-09-30,2026-09-24,MGTSP,1242
2026-09-30,2026-09-24,MISB,50.9
2026-09-30,2026-09-24,MISBP,48.9
2026-09-30,2026-09-24,MKBD,925
2026-09-30,2026-09-24,MOEX,149.74
2026-09-30,2026-09-24,MONY,133.34
2026-09-30,2026-09-24,MRKC,0.7122
2026-09-30,2026-09-24,MRKK,14.3
2026-09-30,2026-09-24,MRKP,0.5169
2026-09-30,2026-09-24,MRKS,0.478
2026-09-30,2026-09-24,MRKU,0.6224
2026-09-30,2026-09-24,MRKV,0.19975
2026-09-30,2026-09-24,MRKY,0.07095
2026-09-30,2026-09-24,MRKZ,0.12925
2026-09-30,2026-09-24,MRSB,0.982
2026-09-30,2026-09-24,MSNG,1.3535
2026-09-30,2026-09-24,MSRS,1.613
2026-09-30,2026-09-24,MSTT,69.3
2026-09-30,2026-09-24,MTLR,40.95
2026-09-30,2026-09-24,MTLRP,38.3
2026-09-30,2026-09-24,MTSS,175.75
2026-09-30,2026-09-24,MVID,42.4
2026-09-30,2026-09-24,NAUK,412
2026-09-30,2026-09-24,NFAZ,202
2026-09-30,2026-09-24,NFKL,103.29
2026-09-30,2026-09-24,NKHP,388
2026-09-30,2026-09-24,NKNC,45.6
2026-09-30,2026-09-24,NKNCP,35.44
2026-09-30,2026-09-24,NKSH,32.9
2026-09-30,2026-09-24,NLMK,70.42
2026-09-30,2026-09-24,NMTP,6.665
2026-09-30,2026-09-24,NNSB,2700
2026-09-30,2026-09-24,NNSBP,1270
2026-09-30,2026-09-24,NSVZ,190.5
2026-09-30,2026-09-24,NVTK,1083
2026-09-30,2026-09-24,OBLG,210.68
2026-09-30,2026-09-24,OFZS,103.16
2026-09-30,2026-09-24,OGKB,0.2173
2026-09-30,2026-09-24,OKEY,49.05
2026-09-30,2026-09-24,OLIQ,103.45
2026-09-30,2026-09-24,OMZZP,10660
2026-09-30,2026-09-24,OZON,2989
2026-09-30,2026-09-24,OZPH,44.46
2026-09-30,2026-09-24,PAZA,8160
2026-09-30,2026-09-24,PHOR,5070
2026-09-30,2026-09-24,PIKK,537.2
2026-09-30,2026-09-24,PLZL,985.2
2026-09-30,2026-09-24,PMSB,432.7
2026-09-30,2026-09-24,PMSBP,459
2026-09-30,2026-09-24,POSI,1046
2026-09-30,2026-09-24,PRFN,3.052
2026-09-30,2026-09-24,PRIE,939
2026-09-30,2026-09-24,PRMB,17800
2026-09-30,2026-09-24,PRMD,409.4
2026-09-30,2026-09-24,PSGM,13.551
2026-09-30,2026-09-24,PSMM,14.708
2026-09-30,2026-09-24,PSRB,13.882
2026-09-30,2026-09-24,PSRE,9.023
2026-09-30,2026-09-24,RAGR,70.2
2026-09-30,2026-09-24,RASP,131.75
2026-09-30,2026-09-24,RBCM,7.885
2026-09-30,2026-09-24,RDRB,100.4
2026-09-30,2026-09-24,RENI,68.74
2026-09-30,2026-09-24,RGSS,0.1788
2026-09-30,2026-09-24,RKKE,11230
2026-09-30,2026-09-24,RNFT,85.9
2026-09-30,2026-09-24,ROLO,0.3574
2026-09-30,2026-09-24,ROSN,368.1
2026-09-30,2026-09-24,ROST,69.2
2026-09-30,2026-09-24,RSHU,133.14
2026-09-30,2026-09-24,RTGZ,34400
2026-09-30,2026-09-24,RTKM,39.15
2026-09-30,2026-09-24,RTKMP,40.35
2026-09-30,2026-09-24,RTSB,2.935
2026-09-30,2026-09-24,RTSBP,1.334
2026-09-30,2026-09-24,RU0005418747,178.5
2026-09-30,2026-09-24,RU0006922010,123.85
2026-09-30,2026-09-24,RU0006922044,145.8
2026-09-30,2026-09-24,RU000A0HGNG6,12340
2026-09-30,2026-09-24,RU000A0HGNH4,9724
2026-09-30,2026-09-24,RU000A0JP773,4.51
2026-09-30,2026-09-24,RU000A0JP799,4.36
2026-09-30,2026-09-24,RU000A0JPMD2,10030
2026-09-30,2026-09-24,RU000A0JPZP8,6640000
2026-09-30,2026-09-24,RU000A0JR282,46.2
2026-09-30,2026-09-24,RU000A0JR290,8105
2026-09-30,2026-09-24,RU000A0JR2A5,14.55
2026-09-30,2026-09-24,RU000A0JR2C1,112.4
2026-09-30,2026-09-24,RU000A0JRHC0,3070
2026-09-30,2026-09-24,RU000A0JRUQ3,9050
2026-09-30,2026-09-24,RU000A0JUR61,3800
2026-09-30,2026-09-24,RU000A0JUYB1,1459000
2026-09-30,2026-09-24,RU000A0JVJ29,315
2026-09-30,2026-09-24,RU000A0JWCE7,1360
2026-09-30,2026-09-24,RU000A0JXP78,16400
2026-09-30,2026-09-24,RU000A0JXWF0,2852
2026-09-30,2026-09-24,RU000A0ZYC64,240000
2026-09-30,2026-09-24,RU000A0ZZ5R2,858
2026-09-30,2026-09-24,RU000A0ZZCD8,3080
2026-09-30,2026-09-24,RU000A0ZZMD7,3275
2026-09-30,2026-09-24,RU000A0ZZME5,3381.27
2026-09-30,2026-09-24,RU000A0ZZML0,3180
2026-09-30,2026-09-24,RU000A0ZZMN6,3970
2026-09-30,2026-09-24,RU000A0ZZVH9,1845
2026-09-30,2026-09-24,RU000A1000W4,3535
2026-09-30,2026-09-24,RU000A1000Y0,14300000
2026-09-30,2026-09-24,RU000A100EQ2,12.81
2026-09-30,2026-09-24,RU000A100WZ5,1411
2026-09-30,2026-09-24,RU000A101NK4,730
2026-09-30,2026-09-24,RU000A101UK9,9000
2026-09-30,2026-09-24,RU000A101UY0,1800
2026-09-30,2026-09-24,RU000A1022Z1,8275
2026-09-30,2026-09-24,RU000A1027E5,15500
2026-09-30,2026-09-24,RU000A102AH5,390000
2026-09-30,2026-09-24,RU000A102N77,123600
2026-09-30,2026-09-24,RU000A102PE0,10050
2026-09-30,2026-09-24,RU000A102PF7,11100
2026-09-30,2026-09-24,RU000A102PQ4,12800
2026-09-30,2026-09-24,RU000A1034U7,93200
2026-09-30,2026-09-24,RU000A103B62,1468
2026-09-30,2026-09-24,RU000A103HD7,103340
2026-09-30,2026-09-24,RU000A104172,1612
2026-09-30,2026-09-24,RU000A104KU3,1204
2026-09-30,2026-09-24,RU000A104M43,20500
2026-09-30,2026-09-24,RU000A104YX8,876
2026-09-30,2026-09-24,RU000A105153,1821
2026-09-30,2026-09-24,RU000A105328,1142
2026-09-30,2026-09-24,RU000A105GY0,101500
2026-09-30,2026-09-24,RU000A105R70,22900
2026-09-30,2026-09-24,RU000A105RJ8,1620
2026-09-30,2026-09-24,RU000A105TU1,492
2026-09-30,2026-09-24,RU000A1068X9,1150
2026-09-30,2026-09-24,RU000A106CX9,142760
2026-09-30,2026-09-24,RU000A106G80,918.5
2026-09-30,2026-09-24,RU000A106LB6,1275
2026-09-30,2026-09-24,RU000A106LC4,1005
2026-09-30,2026-09-24,RU000A106MG3,1302
2026-09-30,2026-09-24,RU000A106N57,1150
2026-09-30,2026-09-24,RU000A106SA3,7275
2026-09-30,2026-09-24,RU000A106XE5,120.1
2026-09-30,2026-09-24,RU000A107860,1349
2026-09-30,2026-09-24,RU000A1079J5,1056
2026-09-30,2026-09-24,RU000A107RE5,90000
2026-09-30,2026-09-24,RU000A107U08,775
2026-09-30,2026-09-24,RU000A108751,44000
2026-09-30,2026-09-24,RU000A108KP4,1210
2026-09-30,2026-09-24,RU000A108TT7,70.98
2026-09-30,2026-09-24,RU000A108UH0,844
2026-09-30,2026-09-24,RU000A108VR7,1332
2026-09-30,2026-09-24,RU000A108ZB2,135400
2026-09-30,2026-09-24,RU000A1092L4,78000
2026-09-30,2026-09-24,RU000A1095D4,1285
2026-09-30,2026-09-24,RU000A1099U0,6.79
2026-09-30,2026-09-24,RU000A109G79,2970
2026-09-30,2026-09-24,RU000A109GQ8,1008
2026-09-30,2026-09-24,RU000A109NL5,1230
2026-09-30,2026-09-24,RU000A109QR5,3205
2026-09-30,2026-09-24,RU000A109R27,599
2026-09-30,2026-09-24,RU000A10A489,840
2026-09-30,2026-09-24,RU000A10AN72,114000
2026-09-30,2026-09-24,RU000A10AQT4,12.6
2026-09-30,2026-09-24,RU000A10ATA8,86000
2026-09-30,2026-09-24,RU000A10BBS6,715
2026-09-30,2026-09-24,RU000A10BM31,10480
2026-09-30,2026-09-24,RU000A10BQP0,99.23
2026-09-30,2026-09-24,RU000A10BQQ8,1470
2026-09-30,2026-09-24,RU000A10BT42,1242.7
2026-09-30,2026-09-24,RU000A10CFM8,790
2026-09-30,2026-09-24,RU000A10CKQ9,116000
2026-09-30,2026-09-24,RU000A10CLY1,145000
2026-09-30,2026-09-24,RU000A10D7W9,114600
2026-09-30,2026-09-24,RU000A10D814,999.5
2026-09-30,2026-09-24,RU000A10E3R7,109000
2026-09-30,2026-09-24,RU000A10ECF5,1000
2026-09-30,2026-09-24,RU000A10EVE8,897
2026-09-30,2026-09-24,RU000A10FDU9,1027.2
2026-09-30,2026-09-24,RU000A10FQ17,505.4
2026-09-30,2026-09-24,RUAL,23.575
2026-09-30,2026-09-24,RUFO,111.27
2026-09-30,2026-09-24,RUSI,59.9
2026-09-30,2026-09-24,RZSB,34.9
2026-09-30,2026-09-24,SAFE,18.465
2026-09-30,2026-09-24,SAGO,2.105
2026-09-30,2026-09-24,SAGOP,2.14
2026-09-30,2026-09-24,SARE,0.839
2026-09-30,2026-09-24,SAREP,0.4305
2026-09-30,2026-09-24,SBBC,9.223
2026-09-30,2026-09-24,SBBY,11.898
2026-09-30,2026-09-24,SBCB,1449
2026-09-30,2026-09-24,SBCN,13.645
2026-09-30,2026-09-24,SBDS,3.255
2026-09-30,2026-09-24,SBER,279.33
2026-09-30,2026-09-24,SBERP,279.99
2026-09-30,2026-09-24,SBFR,15.568
2026-09-30,2026-09-24,SBGB,15.336
2026-09-30,2026-09-24,SBGD,33.905
2026-09-30,2026-09-24,SBHI,6.452
2026-09-30,2026-09-24,SBLB,12.172
2026-09-30,2026-09-24,SBMM,19.4655
2026-09-30,2026-09-24,SBMX,16.437
2026-09-30,2026-09-24,SBPS,2.765
2026-09-30,2026-09-24,SBRB,19.031
2026-09-30,2026-09-24,SBRI,9.812
2026-09-30,2026-09-24,SBRS,14.28
2026-09-30,2026-09-24,SBSC,6.5
2026-09-30,2026-09-24,SCFT,3.892
2026-09-30,2026-09-24,SCLI,7.2125
2026-09-30,2026-09-24,SELG,36.44
2026-09-30,2026-09-24,SFIN,564.2
2026-09-30,2026-09-24,SGZH,0.67
2026-09-30,2026-09-24,SIBN,559.05
2026-09-30,2026-09-24,SILA,112.66
2026-09-30,2026-09-24,SIPO,6.598
2026-09-30,2026-09-24,SLEN,3.21
2026-09-30,2026-09-24,SMCF,1012
2026-09-30,2026-09-24,SMLT,252.4
2026-09-30,2026-09-24,SNGS,15.585
2026-09-30,2026-09-24,SNGSP,40.475
2026-09-30,2026-09-24,SOFL,48.28
2026-09-30,2026-09-24,SPBE,140.3
2026-09-30,2026-09-24,SPRN,9.898
2026-09-30,2026-09-24,STME,4.16
2026-09-30,2026-09-24,STSB,3.535
2026-09-30,2026-09-24,STSBP,3.88
2026-09-30,2026-09-24,SUGB,1543
2026-09-30,2026-09-24,SVAV,374.5
2026-09-30,2026-09-24,SVCB,9.715
2026-09-30,2026-09-24,SVET,9.8
2026-09-30,2026-09-24,SVETP,15.3
2026-09-30,2026-09-24,T,257.74
2026-09-30,2026-09-24,TASB,1.424
2026-09-30,2026-09-24,TASBP,0.892
2026-09-30,2026-09-24,TATN,639.5
2026-09-30,2026-09-24,TATNP,610.8
2026-09-30,2026-09-24,TBEU,11.42
2026-09-30,2026-09-24,TBRU,8.48
2026-09-30,2026-09-24,TDIV,9.76
2026-09-30,2026-09-24,TEUR,6.9
2026-09-30,2026-09-24,TGKA,0.004424
2026-09-30,2026-09-24,TGKB,0.004735
2026-09-30,2026-09-24,TGKBP,0.00708
2026-09-30,2026-09-24,TGKN,0.00382
2026-09-30,2026-09-24,TGLD,14.17
2026-09-30,2026-09-24,TITR,4.5
2026-09-30,2026-09-24,TLCB,11.19
2026-09-30,2026-09-24,TMON,164.86
2026-09-30,2026-09-24,TMOS,5.78
2026-09-30,2026-09-24,TNSE,3475
2026-09-30,2026-09-24,TOFZ,13.86
2026-09-30,2026-09-24,TOPS,109.15
2026-09-30,2026-09-24,TORS,0.76
2026-09-30,2026-09-24,TORSP,0.521
2026-09-30,2026-09-24,TPAY,101.93
2026-09-30,2026-09-24,TRMK,59.3
2026-09-30,2026-09-24,TRND,8.69
2026-09-30,2026-09-24,TRNFP,1019.4
2026-09-30,2026-09-24,TRUR,10
2026-09-30,2026-09-24,TSAV,5.13
2026-09-30,2026-09-24,TTLK,0.574
2026-09-30,2026-09-24,TUSD,7.16
2026-09-30,2026-09-24,TUZA,87.6
2026-09-30,2026-09-24,UGLD,0.7219
2026-09-30,2026-09-24,UKUZ,596
2026-09-30,2026-09-24,UNAC,0.3785
2026-09-30,2026-09-24,UNKL,3080
2026-09-30,2026-09-24,UPRO,1.005
2026-09-30,2026-09-24,URKZ,185.4
2026-09-30,2026-09-24,USBN,0.1126
2026-09-30,2026-09-24,UTAR,8.49
2026-09-30,2026-09-24,UWGN,19.52
2026-09-30,2026-09-24,VDOR,1055.14
2026-09-30,2026-09-24,VEON-RX,69.7
2026-09-30,2026-09-24,VGSB,16.1
2026-09-30,2026-09-24,VGSBP,11.65
2026-09-30,2026-09-24,VJGZ,2625
2026-09-30,2026-09-24,VJGZP,1166
2026-09-30,2026-09-24,VKCO,113.45
2026-09-30,2026-09-24,VLHZ,131.4
2026-09-30,2026-09-24,VRSB,247
2026-09-30,2026-09-24,VRSBP,120.8
2026-09-30,2026-09-24,VSEH,72.8
2026-09-30,2026-09-24,VSMO,23000
2026-09-30,2026-09-24,VSYD,10850
2026-09-30,2026-09-24,VSYDP,7950
2026-09-30,2026-09-24,VTBR,51.205
2026-09-30,2026-09-24,WILD,932.7
2026-09-30,2026-09-24,WTCM,15.26
2026-09-30,2026-09-24,WTCMP,13.04
2026-09-30,2026-09-24,WUSH,37.17
2026-09-30,2026-09-24,X5,1840
2026-09-30,2026-09-24,XACCSK,866
2026-09-30,2026-09-24,XAVIUM,958
2026-09-30,2026-09-24,XCREDI,900
2026-09-30,2026-09-24,XEQTRU,1342
2026-09-30,2026-09-24,XFMAGR,191000
2026-09-30,2026-09-24,XFMAIN,2160000
2026-09-30,2026-09-24,XHEDGE,269.4
2026-09-30,2026-09-24,XHOUSE,980
2026-09-30,2026-09-24,XIPKSV,10950
2026-09-30,2026-09-24,XKLUCH,10.826
2026-09-30,2026-09-24,XNIRUM,1050
2026-09-30,2026-09-24,XQUANT,1350
2026-09-30,2026-09-24,XSBORA,7040
2026-09-30,2026-09-24,XSECUR,10.35
2026-09-30,2026-09-24,XSKLAD,108.57
2026-09-30,2026-09-24,XTRIUMF,837
2026-09-30,2026-09-24,XXRONE,1143
2026-09-30,2026-09-24,XXXXXX,861.8
2026-09-30,2026-09-24,YAKG,34.8
2026-09-30,2026-09-24,YDEX,3733
2026-09-30,2026-09-24,YKEN,0.434
2026-09-30,2026-09-24,YKENP,0.314
2026-09-30,2026-09-24,YRSB,688
2026-09-30,2026-09-24,YRSBP,188
2026-09-30,2026-09-24,YUAN,131.88
2026-09-30,2026-09-24,ZAYM,127.95
2026-09-30,2026-09-24,ZILL,4750
2026-09-30,2026-09-24,ZVEZ,5.85
